:nominal
FOD_ID, 7405,0,fo
FIRE_YEAR, 6,0,fi
FIRE_SIZE, 1417,0,a
FIRE_SIZE_, 7,0,FS
in_d_l0, 8,1,I0,[99(11,12,21,22,23,24,31,90,95);41(41);42(42);43(43);52(52);71(71);81(81);82(82)]
mid_d_l0, 8,1,M0,[99(11,12,21,22,23,24,31,90,95);41(41);42(42);43(43);52(52);71(71);81(81);82(82)]
out_d_l0, 8,1,O0,[99(11,12,21,22,23,24,31,90,95);41(41);42(42);43(43);52(52);71(71);81(81);82(82)]
in_d_l1, 8,1,I1,[99(11,12,21,22,23,24,31,90,95);41(41);42(42);43(43);52(52);71(71);81(81);82(82)]
mid_d_l1, 8,1,M1,[99(11,12,21,22,23,24,31,90,95);41(41);42(42);43(43);52(52);71(71);81(81);82(82)]
out_d_l1, 8,1,O1,[99(11,12,21,22,23,24,31,90,95);41(41);42(42);43(43);52(52);71(71);81(81);82(82)]
in_d_l2, 8,1,I2,[99(11,12,21,22,23,24,31,90,95);41(41);42(42);43(43);52(52);71(71);81(81);82(82)]
mid_d_l2, 8,1,M2,[99(11,12,21,22,23,24,31,90,95);41(41);42(42);43(43);52(52);71(71);81(81);82(82)]
out_d_l2, 8,1,O2,[99(11,12,21,22,23,24,31,90,95);41(41);42(42);43(43);52(52);71(71);81(81);82(82)]
in_d_l3, 8,1,I3,[99(11,12,21,22,23,24,31,90,95);41(41);42(42);43(43);52(52);71(71);81(81);82(82)]
mid_d_l3, 8,1,M3,[99(11,12,21,22,23,24,31,90,95);41(41);42(42);43(43);52(52);71(71);81(81);82(82)]
out_d_l3, 8,1,O3,[99(11,12,21,22,23,24,31,90,95);41(41);42(42);43(43);52(52);71(71);81(81);82(82)]
in_d_l4, 8,1,I4,[99(11,12,21,22,23,24,31,90,95);41(41);42(42);43(43);52(52);71(71);81(81);82(82)]
mid_d_l4, 8,1,M4,[99(11,12,21,22,23,24,31,90,95);41(41);42(42);43(43);52(52);71(71);81(81);82(82)]
out_d_l4, 8,1,O4,[99(11,12,21,22,23,24,31,90,95);41(41);42(42);43(43);52(52);71(71);81(81);82(82)]
in_d_l5, 8,1,I5,[99(11,12,21,22,23,24,31,90,95);41(41);42(42);43(43);52(52);71(71);81(81);82(82)]
mid_d_l5, 8,1,M5,[99(11,12,21,22,23,24,31,90,95);41(41);42(42);43(43);52(52);71(71);81(81);82(82)]
out_d_l5, 8,1,O5,[99(11,12,21,22,23,24,31,90,95);41(41);42(42);43(43);52(52);71(71);81(81);82(82)]
in_d_l6, 8,1,I6,[99(11,12,21,22,23,24,31,90,95);41(41);42(42);43(43);52(52);71(71);81(81);82(82)]
mid_d_l6, 8,1,M6,[99(11,12,21,22,23,24,31,90,95);41(41);42(42);43(43);52(52);71(71);81(81);82(82)]
out_d_l6, 8,1,O6,[99(11,12,21,22,23,24,31,90,95);41(41);42(42);43(43);52(52);71(71);81(81);82(82)]
PYROME, 19,0,p
Pyrome_cln, 19,0,Pyro
pyrome_sig, 5,0,PyroSig
Season, 4,0,Seas
elev_bin, 6,1,Elev
LARGE_FIRE, 2,2,Z
:no-frequency
:data
400009859	2017	0.50	B	42	42	52	42	42	52	42	52	52	11	11	52	11	11	52	42	42	52	11	42	52	5	Columbia_Plateau	B	Summer	low	0
400128878	2017	0.10	A	21	81	81	22	81	81	22	81	81	22	81	81	21	81	81	22	81	81	22	81	81	5	Columbia_Plateau	B	Fall	mid	0
400029709	2017	6255.10	G	71	71	71	71	71	71	71	71	71	71	71	71	71	71	71	71	71	71	71	71	71	5	Columbia_Plateau	B	Summer	mid	1
300215499	2015	55.00	C	52	52	52	52	52	52	52	52	52	52	52	52	52	52	52	52	52	52	82	82	82	5	Columbia_Plateau	B	Summer	mid	1
300306504	2015	14.00	C	21	43	43	21	43	43	21	43	43	21	43	43	21	43	43	21	43	43	21	43	43	31	North_Central_California_Footh	B	Fall	low	1
400108154	2017	20.30	C	23	22	71	23	22	71	23	22	71	23	22	71	23	22	71	23	22	71	23	22	71	31	North_Central_California_Footh	B	Summer	low	1
400029815	2016	1.00	B	82	82	82	82	82	82	82	82	82	82	82	82	82	82	82	82	82	82	82	82	82	5	Columbia_Plateau	B	Summer	midlow	0
300217344	2015	5.00	B	82	82	82	82	82	82	82	82	82	82	82	82	82	82	82	82	82	82	82	82	82	5	Columbia_Plateau	B	Summer	low	0
400158233	2017	0.01	A	23	23	23	23	23	23	23	23	23	23	23	23	23	23	23	23	23	23	23	23	23	31	North_Central_California_Footh	B	Summer	low	0
400630097	2020	159.40	D	71	71	71	71	71	71	52	52	71	52	52	71	52	52	71	52	52	71	52	52	71	5	Columbia_Plateau	B	Summer	midlow	1
300215434	2015	350.00	E	71	71	71	71	71	71	71	71	71	71	71	71	71	71	71	71	71	71	71	71	71	5	Columbia_Plateau	B	Fall	midlow	1
400629614	2020	22.50	C	71	71	71	22	52	52	22	52	52	22	52	52	22	52	52	22	52	52	22	52	52	31	North_Central_California_Footh	B	Summer	mid	1
400043079	2016	26.00	C	21	71	71	21	71	71	21	71	71	21	71	71	21	71	71	21	71	71	21	71	71	31	North_Central_California_Footh	B	Fall	low	1
300217343	2015	10.80	C	82	82	82	82	82	82	82	82	82	82	82	82	82	82	82	82	82	82	82	82	82	5	Columbia_Plateau	B	Summer	low	1
300217223	2015	0.30	B	22	52	52	22	52	52	22	52	52	22	52	52	22	52	52	22	52	52	22	52	52	5	Columbia_Plateau	B	Summer	mid	0
400601093	2020	0.10	A	23	23	23	23	23	23	23	23	23	23	23	23	23	23	23	23	23	23	23	23	23	31	North_Central_California_Footh	B	Spring	low	0
300306787	2015	2.00	B	22	42	42	22	42	42	22	42	42	22	42	42	22	42	42	22	42	42	22	42	42	31	North_Central_California_Footh	B	Summer	midlow	0
400313636	2018	0.50	B	82	82	82	82	82	82	82	82	82	82	82	82	82	82	82	82	82	82	82	82	82	5	Columbia_Plateau	B	Summer	low	0
400524558	2019	53.00	C	95	52	52	95	52	52	95	52	52	95	52	52	95	52	52	95	52	52	95	52	95	5	Columbia_Plateau	B	Spring	mid	1
400147602	2017	19.40	C	21	52	52	21	52	52	21	52	52	71	52	52	71	52	52	52	52	52	52	52	52	31	North_Central_California_Footh	B	Summer	midlow	1
400041516	2016	0.10	A	21	81	81	21	81	81	21	81	81	21	81	81	21	81	81	21	81	82	21	81	81	31	North_Central_California_Footh	B	Summer	low	0
400114248	2017	0.10	A	42	42	42	42	42	42	42	42	42	42	42	42	42	42	42	42	42	42	42	42	42	5	Columbia_Plateau	B	Summer	mid	0
400313515	2018	21.30	C	52	52	52	52	52	52	52	52	52	52	52	52	52	52	52	52	52	52	52	52	52	5	Columbia_Plateau	B	Summer	low	1
400584786	2020	49.00	C	71	71	71	71	71	71	52	52	52	52	52	52	52	52	52	52	52	52	52	52	52	5	Columbia_Plateau	B	Summer	midlow	1
400382454	2018	0.50	B	22	71	71	22	71	71	22	71	71	22	71	71	22	71	71	22	71	71	22	71	71	31	North_Central_California_Footh	B	Spring	low	0
400099885	2016	0.01	A	21	52	52	21	52	52	21	52	52	21	52	52	21	52	52	21	52	52	21	52	52	31	North_Central_California_Footh	B	Spring	low	0
400029774	2016	0.10	A	22	82	82	22	82	82	22	82	82	22	82	82	22	82	82	22	82	82	22	82	82	5	Columbia_Plateau	B	Summer	low	0
400603434	2020	1.00	B	23	23	23	23	23	23	23	23	23	23	23	23	23	23	23	23	23	11	23	23	23	31	North_Central_California_Footh	B	Fall	midlow	0
400148924	2017	40.00	C	52	52	52	52	52	52	52	52	52	52	52	52	52	52	52	52	52	52	52	52	52	31	North_Central_California_Footh	B	Summer	midlow	1
400099900	2016	1.00	B	42	42	42	42	42	42	42	42	42	42	42	42	42	42	42	42	42	42	42	42	42	31	North_Central_California_Footh	B	Summer	low	0
400105113	2016	0.10	A	22	22	71	22	22	71	22	22	71	22	22	71	22	22	71	22	22	71	22	22	71	31	North_Central_California_Footh	B	Summer	low	0
400603448	2020	0.30	B	22	22	22	22	22	22	22	22	22	22	22	22	22	22	22	22	22	22	22	22	22	31	North_Central_California_Footh	B	Summer	low	0
400042214	2016	0.20	A	21	71	71	21	71	71	21	71	71	21	71	71	21	71	71	21	71	71	71	71	71	31	North_Central_California_Footh	B	Summer	low	0
400512708	2019	15.00	C	23	22	22	23	22	22	23	22	22	23	22	22	23	22	22	23	22	22	23	22	22	5	Columbia_Plateau	B	Summer	midlow	1
400011763	2017	87.00	C	52	52	52	52	52	52	52	52	52	52	52	52	52	52	52	52	52	52	52	52	52	31	North_Central_California_Footh	B	Fall	mid	1
400544669	2019	0.25	A	42	42	42	42	42	42	42	42	42	42	42	42	42	42	42	52	42	42	52	52	52	5	Columbia_Plateau	B	Summer	midlow	0
400005511	2016	0.01	A	42	42	42	42	42	42	42	42	42	42	42	42	42	42	42	42	42	42	42	42	42	5	Columbia_Plateau	B	Summer	mid	0
400315029	2018	0.70	B	52	71	71	52	71	71	52	71	71	52	71	71	52	71	71	52	71	71	52	71	71	5	Columbia_Plateau	B	Spring	mid	0
400538732	2019	0.50	B	23	23	23	23	23	23	23	23	23	23	23	23	23	23	23	23	23	23	23	23	23	31	North_Central_California_Footh	B	Summer	low	0
300215418	2015	9.00	B	52	52	52	52	52	52	52	52	52	52	52	52	52	52	52	71	52	52	71	52	52	5	Columbia_Plateau	B	Summer	mid	0
400513361	2019	22672.00	G	22	82	52	22	52	52	22	52	52	22	52	52	22	52	52	22	52	52	22	82	52	5	Columbia_Plateau	B	Summer	midlow	1
400329560	2018	0.01	A	43	42	42	43	42	42	43	42	42	43	42	42	43	42	42	43	42	42	43	42	42	31	North_Central_California_Footh	B	Fall	low	0
300293788	2015	2424.00	F	22	82	52	52	52	52	52	52	52	52	52	52	52	52	52	52	52	52	22	82	82	5	Columbia_Plateau	B	Summer	mid	1
300217319	2015	0.10	A	22	95	95	22	95	95	22	95	95	22	95	95	22	95	95	22	95	95	22	95	95	5	Columbia_Plateau	B	Summer	midlow	0
400631136	2020	1.72	B	71	42	71	71	42	71	71	42	71	71	42	71	71	42	71	71	42	71	71	42	71	5	Columbia_Plateau	B	Summer	midhigh	0
400595930	2020	21.00	C	22	22	22	22	22	22	22	22	22	22	22	22	22	22	22	22	22	22	22	22	22	31	North_Central_California_Footh	B	Summer	midlow	1
400030000	2017	0.10	A	82	81	81	82	81	81	82	82	82	82	82	82	81	81	81	82	82	82	82	82	82	5	Columbia_Plateau	B	Fall	midlow	0
400512663	2019	15.00	C	82	82	82	82	82	82	82	82	82	82	82	82	82	82	82	82	82	82	82	82	82	5	Columbia_Plateau	B	Summer	midlow	1
400603758	2020	0.15	A	52	52	52	52	52	52	52	52	52	52	52	52	52	52	52	52	52	52	52	52	52	5	Columbia_Plateau	B	Spring	midlow	0
400147589	2017	192.00	D	22	52	52	22	52	52	22	52	52	22	52	52	22	52	52	22	52	52	22	52	52	5	Columbia_Plateau	B	Summer	mid	1
400150270	2017	43.00	C	52	52	52	52	52	52	52	52	52	52	52	52	52	52	52	52	52	52	52	52	52	5	Columbia_Plateau	B	Fall	mid	1
400029901	2017	0.10	A	82	82	82	82	82	82	82	82	82	82	82	82	82	82	82	82	82	82	82	82	82	5	Columbia_Plateau	B	Summer	low	0
400307267	2018	44.00	C	71	71	71	71	71	71	71	71	71	71	71	71	71	71	71	71	71	71	71	71	71	31	North_Central_California_Footh	B	Summer	low	1
400008137	2017	0.10	A	42	42	42	42	42	42	42	42	42	42	42	42	42	42	42	42	42	42	42	42	42	5	Columbia_Plateau	B	Fall	mid	0
400630096	2020	2.00	B	22	52	52	22	52	52	22	52	52	22	52	52	22	52	52	22	52	52	22	52	52	5	Columbia_Plateau	B	Summer	midlow	0
400582165	2020	1.00	B	23	22	22	23	22	22	23	22	22	23	22	22	23	22	22	23	22	22	23	22	22	31	North_Central_California_Footh	B	Fall	low	0
400316925	2018	0.11	A	52	52	52	52	52	52	52	52	52	52	52	52	52	52	52	52	52	52	52	52	52	5	Columbia_Plateau	B	Fall	mid	0
400313625	2018	500.00	E	71	71	71	71	71	71	71	71	71	71	71	71	71	71	71	71	71	71	71	71	71	5	Columbia_Plateau	B	Summer	low	1
400029995	2017	11.00	C	52	52	52	52	52	52	52	52	52	52	52	52	52	52	52	52	52	52	52	52	52	5	Columbia_Plateau	B	Summer	low	1
400629624	2020	305651.20	G	52	52	52	52	52	52	52	52	52	52	52	52	52	52	52	52	52	52	52	52	52	31	North_Central_California_Footh	B	Summer	midlow	1
400512724	2019	0.10	A	22	82	82	22	82	82	82	82	82	82	82	82	82	82	82	82	82	82	82	82	82	5	Columbia_Plateau	B	Summer	low	0
400313693	2018	0.10	A	22	82	82	22	82	82	22	82	82	22	82	82	22	82	82	22	82	82	22	82	82	5	Columbia_Plateau	B	Summer	midlow	0
400026404	2016	73.00	C	52	52	52	52	52	52	52	52	52	52	52	52	52	52	52	52	52	52	52	52	52	5	Columbia_Plateau	B	Spring	low	1
400512754	2019	1.00	B	42	42	42	42	42	42	42	42	42	42	42	42	42	42	42	42	42	42	42	42	42	5	Columbia_Plateau	B	Summer	mid	0
400148438	2017	45.00	C	71	71	71	71	71	71	71	71	71	71	71	71	71	71	71	71	71	71	71	71	71	5	Columbia_Plateau	B	Summer	low	1
400016523	2016	1.00	B	52	52	52	52	52	52	52	52	71	52	52	52	52	52	52	52	52	52	52	52	71	31	North_Central_California_Footh	B	Summer	low	0
400512751	2019	150.00	D	22	52	71	22	52	52	22	52	52	22	52	52	22	52	52	22	52	52	22	52	52	5	Columbia_Plateau	B	Summer	low	1
400353134	2018	0.01	A	22	82	71	22	82	71	22	71	71	22	71	71	22	71	71	22	71	71	22	71	71	31	North_Central_California_Footh	B	Winter	low	0
400110826	2017	10.88	C	71	71	71	71	71	71	71	71	71	71	71	71	71	71	71	71	71	71	71	71	71	31	North_Central_California_Footh	B	Summer	midlow	1
400029845	2016	0.10	A	22	71	71	22	71	71	22	71	71	22	71	71	22	71	82	22	71	52	22	82	82	5	Columbia_Plateau	B	Summer	midlow	0
400561091	2019	0.10	A	42	42	42	42	42	42	42	42	42	42	42	42	42	42	42	42	42	42	42	42	42	5	Columbia_Plateau	B	Fall	midlow	0
400102648	2016	3.50	B	71	52	52	71	52	52	71	52	52	71	52	52	71	52	52	71	52	52	71	52	52	31	North_Central_California_Footh	B	Summer	mid	0
400596358	2020	0.10	A	71	82	82	71	82	82	71	82	82	71	82	82	71	82	82	71	71	52	71	71	71	5	Columbia_Plateau	B	Fall	mid	0
400029701	2017	1400.00	F	52	52	52	52	52	52	52	52	52	52	52	52	52	52	52	52	52	52	52	52	52	5	Columbia_Plateau	B	Summer	mid	1
400146022	2017	60.00	C	52	52	52	52	52	52	52	52	52	52	52	52	52	52	52	52	52	52	52	52	52	31	North_Central_California_Footh	B	Summer	mid	1
400630493	2020	30.00	C	71	71	71	71	71	71	71	71	71	71	71	71	71	71	71	71	71	71	71	71	71	5	Columbia_Plateau	B	Fall	low	1
300306560	2015	26.00	C	21	71	71	21	71	71	21	71	71	21	71	71	21	71	71	21	71	71	21	71	71	31	North_Central_California_Footh	B	Summer	low	1
300217386	2015	1.00	B	82	82	82	82	82	82	82	82	82	82	82	82	82	82	82	82	82	82	82	82	82	5	Columbia_Plateau	B	Summer	low	0
300215481	2015	6707.00	G	71	71	71	71	71	71	71	71	71	71	71	71	71	71	71	71	71	71	71	71	71	5	Columbia_Plateau	B	Summer	mid	1
400029967	2017	34.10	C	11	11	11	11	11	11	11	11	11	11	11	11	11	11	11	11	11	11	11	11	11	5	Columbia_Plateau	B	Summer	low	1
400629540	2020	340.00	E	52	52	52	42	52	52	52	52	52	52	52	52	52	52	52	42	52	52	42	52	52	31	North_Central_California_Footh	B	Summer	mid	1
300217328	2015	0.10	A	82	82	82	82	82	82	82	82	82	82	82	82	82	82	82	82	82	82	82	82	82	5	Columbia_Plateau	B	Summer	midlow	0
400612082	2020	1.10	B	22	22	22	22	22	22	22	22	22	22	22	22	22	22	22	22	22	22	22	22	22	31	North_Central_California_Footh	B	Summer	low	0
400312238	2018	155.00	D	71	71	71	71	71	71	71	71	71	71	71	71	71	71	71	71	71	71	71	71	71	5	Columbia_Plateau	B	Summer	midlow	1
400031012	2016	18.00	C	52	52	52	52	52	52	52	52	52	52	52	52	52	52	52	52	52	52	52	52	52	5	Columbia_Plateau	B	Summer	low	1
400629551	2020	727.00	E	22	71	71	22	71	71	22	71	71	22	71	71	22	71	71	22	71	71	22	71	71	31	North_Central_California_Footh	B	Summer	low	1
400312227	2018	5000.00	G	71	71	71	71	71	71	71	71	71	71	71	71	71	71	71	71	71	71	71	71	71	5	Columbia_Plateau	B	Summer	mid	1
400631159	2020	1038.00	F	71	71	71	71	71	71	71	71	71	71	71	71	71	71	71	71	71	71	71	71	71	5	Columbia_Plateau	B	Spring	low	1
400005504	2016	0.01	A	42	42	42	42	42	42	42	42	42	42	42	42	42	42	42	42	42	42	42	42	42	5	Columbia_Plateau	B	Summer	mid	0
400373184	2018	0.20	A	21	71	71	71	71	71	71	71	71	71	71	71	71	71	71	71	71	71	71	71	71	31	North_Central_California_Footh	B	Fall	low	0
400512642	2019	1.00	B	52	52	52	52	52	52	52	52	52	52	52	52	52	52	52	52	52	52	52	52	52	5	Columbia_Plateau	B	Summer	midlow	0
400345628	2018	0.96	B	42	42	42	42	42	42	42	42	42	42	42	42	42	42	42	42	42	42	42	42	42	5	Columbia_Plateau	B	Spring	mid	0
400511446	2019	150.00	D	71	52	52	71	52	52	71	52	52	71	52	52	71	52	52	71	52	52	71	52	52	5	Columbia_Plateau	B	Summer	low	1
400029966	2017	0.10	A	22	22	52	22	22	52	22	22	52	22	22	52	22	82	82	22	22	52	22	82	82	5	Columbia_Plateau	B	Summer	midlow	0
400041735	2016	99.35	C	71	71	71	71	71	71	71	71	71	71	71	71	71	71	71	71	71	71	71	71	71	5	Columbia_Plateau	B	Summer	low	1
400578335	2020	22.00	C	23	23	23	23	23	23	23	23	23	23	23	23	23	23	23	23	23	23	23	23	23	31	North_Central_California_Footh	B	Summer	midlow	1
400060984	2016	0.10	A	52	52	52	52	52	52	52	52	52	52	52	52	52	52	52	52	52	52	52	52	52	5	Columbia_Plateau	B	Summer	mid	0
400102981	2016	18.78	C	52	52	52	52	52	52	52	52	52	52	52	52	52	52	52	52	52	52	52	52	52	31	North_Central_California_Footh	B	Summer	low	1
400380740	2018	55.00	C	52	52	71	52	71	71	52	71	71	52	52	52	52	52	52	52	52	52	52	52	52	31	North_Central_California_Footh	B	Fall	low	1
400389824	2018	23600.00	G	71	71	71	71	71	71	52	52	71	52	52	71	52	52	71	52	52	71	52	52	71	5	Columbia_Plateau	B	Summer	mid	1
300217428	2015	12.00	C	52	52	52	52	52	52	52	52	52	52	52	52	52	52	52	52	52	52	52	52	52	5	Columbia_Plateau	B	Fall	midlow	1
400482004	2016	3400.00	F	71	71	71	71	71	71	71	71	71	71	71	71	71	71	71	71	71	71	71	71	71	5	Columbia_Plateau	B	Summer	low	1
400015985	2017	87.00	C	52	52	52	52	52	52	52	52	52	52	52	52	52	52	52	52	52	52	52	52	52	31	North_Central_California_Footh	B	Fall	mid	1
400512699	2019	0.30	B	81	81	95	81	81	95	81	81	95	81	81	95	81	81	95	81	81	95	81	81	95	5	Columbia_Plateau	B	Summer	low	0
400314145	2018	0.10	A	22	52	52	22	52	52	22	52	52	22	52	52	22	52	52	22	52	52	22	52	52	5	Columbia_Plateau	B	Summer	low	0
400581960	2020	1.00	B	71	71	71	71	52	52	71	52	52	71	52	52	71	52	52	71	52	52	52	52	52	31	North_Central_California_Footh	B	Summer	midlow	0
400092028	2016	2.00	B	52	43	52	52	52	52	52	52	52	52	52	52	52	52	52	52	52	52	52	52	52	31	North_Central_California_Footh	B	Summer	low	0
400511454	2019	35.40	C	71	71	71	71	71	71	71	71	71	71	71	71	71	71	71	71	71	71	71	71	71	5	Columbia_Plateau	B	Summer	mid	1
400029941	2017	15.00	C	82	82	82	82	82	82	82	82	82	82	82	82	82	82	82	82	82	82	82	82	82	5	Columbia_Plateau	B	Summer	low	1
400029931	2017	21.00	C	21	22	22	22	22	22	21	21	22	21	21	22	21	21	22	21	21	22	21	21	22	5	Columbia_Plateau	B	Summer	midlow	1
400500582	2019	0.10	A	42	42	42	42	42	42	42	42	42	42	42	42	42	42	42	42	42	42	42	42	42	5	Columbia_Plateau	B	Summer	midhigh	0
400026530	2017	9357.00	G	22	71	71	22	71	71	71	71	71	71	71	71	71	71	71	71	71	71	71	71	71	5	Columbia_Plateau	B	Summer	low	1
400105115	2016	0.56	B	21	52	52	21	43	52	43	43	52	43	43	52	43	43	52	43	43	52	71	71	52	31	North_Central_California_Footh	B	Summer	low	0
300307334	2015	0.68	B	71	71	71	71	71	71	71	71	71	71	71	71	71	71	71	71	71	71	71	71	71	31	North_Central_California_Footh	B	Fall	low	0
300227478	2015	46.60	C	82	82	82	82	82	82	82	82	82	82	82	82	82	82	82	82	82	82	82	82	82	5	Columbia_Plateau	B	Summer	mid	1
400503279	2019	900.00	E	71	71	71	71	71	71	71	71	71	71	71	71	71	71	71	71	71	71	71	71	71	5	Columbia_Plateau	B	Summer	low	1
400059226	2016	0.90	B	82	82	82	82	82	82	82	82	82	82	82	82	82	82	82	82	82	82	52	82	71	5	Columbia_Plateau	B	Spring	mid	0
300207089	2015	1182.00	F	42	42	42	42	42	42	42	42	42	42	42	42	42	42	42	42	42	42	42	42	42	5	Columbia_Plateau	B	Fall	midhigh	1
400026538	2017	200.00	D	11	11	11	11	11	11	11	11	11	11	11	11	11	11	11	11	11	11	11	11	11	5	Columbia_Plateau	B	Summer	low	1
300243574	2015	0.10	A	81	81	81	81	81	81	81	81	81	81	81	81	81	81	81	81	81	81	81	81	81	5	Columbia_Plateau	B	Spring	midlow	0
400015989	2017	17357.00	G	52	52	52	52	52	52	52	52	52	52	52	52	52	71	52	71	71	52	71	71	52	31	North_Central_California_Footh	B	Fall	midlow	1
400312275	2018	518.00	E	52	71	71	52	52	52	52	52	52	52	52	52	52	52	52	52	52	52	52	52	52	5	Columbia_Plateau	B	Summer	mid	1
400376346	2018	76.27	C	71	71	71	71	71	71	71	71	71	71	71	71	71	71	71	71	71	71	71	71	71	31	North_Central_California_Footh	B	Summer	midlow	1
400541101	2019	13.00	C	71	71	52	71	71	52	52	52	52	52	52	52	52	52	52	52	52	52	52	52	52	31	North_Central_California_Footh	B	Summer	midlow	1
400313546	2018	20.50	C	71	71	71	71	71	71	71	71	71	71	71	71	71	71	71	71	71	71	71	71	71	5	Columbia_Plateau	B	Summer	midlow	1
400228341	2017	1000.00	F	22	52	52	22	52	52	22	52	52	22	52	52	22	52	52	22	52	52	22	52	52	5	Columbia_Plateau	B	Summer	midlow	1
400512637	2019	76.00	C	23	52	52	23	52	52	23	52	52	23	52	52	23	52	52	23	52	52	23	52	52	5	Columbia_Plateau	B	Summer	low	1
300333550	2015	76067.00	G	52	52	52	52	52	52	52	52	52	52	52	52	52	52	52	52	52	52	52	52	52	31	North_Central_California_Footh	B	Fall	mid	1
400630460	2020	143.30	D	71	22	22	71	22	22	71	22	22	71	22	22	71	22	22	71	82	82	71	82	82	5	Columbia_Plateau	B	Summer	midlow	1
400513836	2020	1464.00	F	11	11	82	11	11	71	11	11	71	11	11	71	11	11	71	11	11	71	11	11	71	5	Columbia_Plateau	B	Fall	low	1
400029683	2016	2771.30	F	71	71	71	71	71	71	71	71	71	71	71	71	71	71	71	71	71	71	71	71	71	5	Columbia_Plateau	B	Fall	midlow	1
400094350	2016	167.00	D	71	71	71	71	71	71	71	71	71	71	71	71	71	71	71	71	71	71	71	71	71	5	Columbia_Plateau	B	Fall	mid	1
400313537	2018	1124.90	F	71	71	71	52	52	52	52	52	52	52	52	52	52	52	52	52	52	71	52	52	71	5	Columbia_Plateau	B	Summer	mid	1
300217388	2015	270.00	D	71	71	71	71	71	71	71	71	71	71	71	71	71	71	71	71	71	71	71	71	71	5	Columbia_Plateau	B	Summer	low	1
400153295	2017	20.25	C	52	52	52	52	52	52	52	52	52	52	52	52	52	52	52	52	52	52	52	52	52	31	North_Central_California_Footh	B	Summer	midlow	1
400346156	2018	0.10	A	22	81	81	22	81	81	22	81	81	22	81	81	22	81	81	22	81	81	22	81	81	5	Columbia_Plateau	B	Summer	low	0
300307465	2015	18.00	C	22	71	71	22	71	71	22	71	71	22	71	71	22	71	71	22	71	71	22	71	71	31	North_Central_California_Footh	B	Summer	low	1
400525338	2019	18.00	C	82	82	82	82	82	82	82	82	82	82	82	82	82	82	82	82	82	82	82	82	82	31	North_Central_California_Footh	B	Fall	low	1
300217410	2015	50.00	C	71	71	52	71	71	52	71	71	52	71	71	52	71	71	52	71	71	52	71	71	52	5	Columbia_Plateau	B	Summer	mid	1
300306774	2015	170.00	D	21	71	71	21	71	71	21	71	71	21	71	71	21	71	71	21	71	71	71	71	71	31	North_Central_California_Footh	B	Summer	low	1
400030007	2017	4.00	B	82	82	82	82	82	82	52	95	95	52	95	95	52	95	95	52	95	95	82	82	95	5	Columbia_Plateau	B	Fall	low	0
300306258	2015	1.00	B	22	11	81	22	81	81	22	11	81	22	11	81	22	11	81	22	11	81	22	11	81	31	North_Central_California_Footh	B	Summer	low	0
400026412	2016	6300.00	G	71	71	71	71	71	71	71	71	71	71	71	71	71	71	71	71	71	71	71	71	71	5	Columbia_Plateau	B	Summer	mid	1
400631083	2020	400.00	E	22	71	71	22	71	71	22	71	71	22	71	71	22	71	71	22	71	71	22	71	71	5	Columbia_Plateau	B	Summer	midlow	1
400312261	2018	78425.00	G	82	82	71	82	82	82	82	82	82	82	82	82	82	82	82	82	82	82	82	82	82	5	Columbia_Plateau	B	Summer	midlow	1
400314409	2018	0.90	B	82	82	82	82	82	82	82	82	82	82	82	82	82	82	82	82	82	82	82	82	82	5	Columbia_Plateau	B	Summer	low	0
300217281	2015	16.00	C	71	71	42	52	52	52	42	42	42	42	42	42	42	42	42	42	42	42	42	42	42	5	Columbia_Plateau	B	Summer	mid	1
400512666	2019	3.00	B	52	52	52	52	52	52	52	52	52	52	52	52	82	82	52	52	82	52	52	52	52	5	Columbia_Plateau	B	Summer	midlow	0
400029699	2017	10.00	C	82	71	71	82	71	71	82	71	71	82	71	71	82	71	71	82	71	71	82	71	71	5	Columbia_Plateau	B	Summer	mid	1
400325692	2018	3.56	B	71	52	52	71	52	52	71	52	52	71	52	52	71	52	52	71	52	52	71	52	52	5	Columbia_Plateau	B	Summer	mid	0
400307069	2018	103.00	D	71	71	71	71	71	71	71	71	71	71	71	71	71	71	71	71	71	71	71	71	71	31	North_Central_California_Footh	B	Summer	midlow	1
400029961	2017	0.50	B	52	52	52	52	52	52	52	52	52	52	52	52	52	52	52	52	52	52	52	52	52	5	Columbia_Plateau	B	Summer	midlow	0
400081850	2016	0.30	B	52	52	52	52	52	52	52	52	52	52	52	52	52	52	52	52	52	52	52	52	52	31	North_Central_California_Footh	B	Summer	mid	0
400312393	2018	600.00	E	52	71	71	52	71	71	52	71	71	82	82	82	82	71	71	71	71	71	71	71	71	5	Columbia_Plateau	B	Spring	mid	1
400512654	2019	2.00	B	52	52	52	52	52	52	52	52	52	52	52	52	52	52	52	52	52	52	52	52	52	5	Columbia_Plateau	B	Summer	midlow	0
400537959	2019	75.00	C	52	71	71	52	71	71	52	71	71	52	71	71	52	71	71	52	71	71	52	71	71	5	Columbia_Plateau	B	Summer	mid	1
400333391	2018	0.10	A	52	52	52	52	52	52	52	52	52	52	52	52	52	52	52	52	52	52	52	52	52	5	Columbia_Plateau	B	Fall	high	0
400578228	2020	13.00	C	22	22	22	22	22	22	22	22	22	22	22	22	22	22	22	22	22	22	22	22	22	31	North_Central_California_Footh	B	Fall	midlow	1
300343294	2015	0.10	A	71	71	52	21	71	52	21	71	52	21	71	52	21	71	52	21	71	52	21	71	52	31	North_Central_California_Footh	B	Fall	low	0
300272878	2015	60.00	C	52	52	42	52	52	52	52	52	52	52	52	52	52	52	52	52	52	52	52	52	52	5	Columbia_Plateau	B	Summer	mid	1
300288035	2015	0.50	B	52	52	52	52	52	52	52	52	52	52	52	52	52	52	52	52	52	52	52	52	52	31	North_Central_California_Footh	B	Summer	midlow	0
400029716	2017	244.10	D	71	71	71	71	71	71	71	71	71	71	71	71	71	71	71	71	71	71	71	71	71	5	Columbia_Plateau	B	Summer	low	1
400302070	2018	56.00	C	71	71	71	71	52	52	71	52	52	71	52	52	71	52	52	71	52	52	71	52	52	5	Columbia_Plateau	B	Fall	mid	1
400029689	2016	3888.30	F	52	52	52	52	52	52	52	52	52	52	52	52	52	52	52	52	52	52	52	52	52	5	Columbia_Plateau	B	Summer	midlow	1
400313528	2018	908.60	E	82	82	82	82	82	82	82	82	82	82	82	82	82	82	82	82	82	82	82	82	82	5	Columbia_Plateau	B	Summer	low	1
400569651	2020	100.00	D	52	52	52	52	52	52	52	52	52	52	52	52	52	52	52	52	52	52	52	52	52	5	Columbia_Plateau	B	Summer	mid	1
300315983	2015	109.00	D	71	71	71	52	52	52	52	52	52	52	52	52	52	52	52	52	52	52	52	52	52	31	North_Central_California_Footh	B	Fall	midlow	1
400630444	2020	0.10	A	22	82	82	22	82	82	22	82	82	22	82	82	22	82	82	22	82	82	22	82	82	5	Columbia_Plateau	B	Summer	mid	0
400584757	2020	9330.00	G	52	52	52	52	52	82	52	52	82	52	52	82	52	52	82	52	52	82	52	52	82	5	Columbia_Plateau	B	Summer	mid	1
400512644	2019	62.00	C	52	52	52	52	52	52	52	52	52	52	52	52	52	52	52	52	52	52	52	52	52	5	Columbia_Plateau	B	Summer	midlow	1
400511472	2019	1107.00	F	71	71	71	71	71	71	71	71	71	71	71	71	71	71	71	71	71	71	71	71	71	5	Columbia_Plateau	B	Summer	midlow	1
400356857	2018	0.39	B	42	42	42	42	42	42	42	42	42	42	42	42	42	42	42	42	42	42	42	42	42	5	Columbia_Plateau	B	Summer	midlow	0
400029663	2016	21.00	C	52	52	52	52	52	52	52	52	52	52	52	52	52	52	52	52	52	52	52	52	52	5	Columbia_Plateau	B	Summer	low	1
400029801	2016	0.10	A	82	82	82	82	82	82	82	82	82	82	82	82	82	82	82	82	82	82	82	82	82	5	Columbia_Plateau	B	Summer	midlow	0
300306160	2015	0.14	A	22	21	21	22	21	21	22	21	21	22	21	21	22	21	21	22	21	21	22	21	21	31	North_Central_California_Footh	B	Summer	low	0
400059248	2016	1.02	B	42	42	42	42	42	42	42	42	42	42	42	42	42	42	42	42	42	42	42	42	42	5	Columbia_Plateau	B	Spring	mid	0
400512640	2019	0.80	B	22	52	52	22	52	52	22	52	52	22	52	52	22	52	52	22	52	52	22	52	52	5	Columbia_Plateau	B	Summer	low	0
400081836	2016	1.00	B	23	24	23	23	24	23	23	24	23	23	24	23	23	24	23	23	24	23	23	21	22	31	North_Central_California_Footh	B	Fall	low	0
400313657	2018	22.00	C	95	95	95	95	95	95	95	95	95	95	95	95	95	95	95	95	95	95	95	95	95	5	Columbia_Plateau	B	Summer	midlow	1
300215435	2015	1100.00	F	71	71	71	52	71	71	52	52	52	52	52	52	52	52	52	52	52	52	52	52	52	5	Columbia_Plateau	B	Fall	midlow	1
400512697	2019	15.00	C	22	52	52	22	52	52	52	52	52	22	52	52	22	52	52	22	52	52	22	52	52	5	Columbia_Plateau	B	Summer	midlow	1
400604705	2020	5.00	B	52	52	52	52	52	52	52	52	52	52	52	52	52	52	52	52	52	52	71	71	52	31	North_Central_California_Footh	B	Summer	midlow	0
400029705	2017	634.30	E	71	71	71	71	71	71	52	52	52	52	52	52	52	52	52	52	52	52	52	52	52	5	Columbia_Plateau	B	Summer	mid	1
400554960	2019	0.01	A	52	52	52	52	52	52	52	52	52	52	52	52	52	52	52	52	52	52	71	71	71	31	North_Central_California_Footh	B	Summer	mid	0
400029858	2016	1.00	B	82	82	82	82	82	82	82	82	82	82	82	82	82	82	82	82	82	82	82	82	82	5	Columbia_Plateau	B	Summer	low	0
400623739	2020	0.40	B	24	24	24	24	24	24	24	24	24	24	24	24	24	24	24	24	24	24	24	24	24	31	North_Central_California_Footh	B	Spring	low	0
400313679	2018	5500.00	G	71	71	71	71	71	71	71	71	71	71	71	71	71	71	71	71	71	71	71	71	71	5	Columbia_Plateau	B	Summer	midlow	1
400512756	2019	0.10	A	71	71	71	71	71	71	71	71	71	71	71	71	71	71	71	71	71	71	71	71	71	5	Columbia_Plateau	B	Summer	mid	0
400008198	2017	0.10	A	42	42	42	42	42	42	42	42	42	42	42	42	42	42	42	42	42	42	42	42	42	5	Columbia_Plateau	B	Summer	midhigh	0
400149001	2017	100.00	D	21	52	71	21	52	52	21	52	52	21	52	52	21	52	52	21	52	52	21	52	52	31	North_Central_California_Footh	B	Summer	low	1
400005526	2016	74.00	C	42	42	42	42	42	42	42	42	42	42	42	42	42	42	42	42	42	42	42	42	42	5	Columbia_Plateau	B	Summer	mid	1
400512658	2019	1456.00	F	71	71	71	71	71	71	71	71	71	52	52	52	52	52	52	52	52	52	52	52	52	5	Columbia_Plateau	B	Summer	mid	1
400631021	2020	100.00	D	71	71	71	71	71	71	71	71	71	71	71	71	71	71	71	71	71	71	71	71	71	5	Columbia_Plateau	B	Summer	midlow	1
400507584	2019	2534.00	F	52	52	52	52	52	52	52	52	52	52	52	52	52	52	52	52	52	52	52	52	52	31	North_Central_California_Footh	B	Fall	midlow	1
400373027	2018	0.75	B	22	52	52	22	52	52	22	52	52	22	52	52	22	52	52	22	52	52	22	52	52	5	Columbia_Plateau	B	Fall	low	0
300217338	2015	15.00	C	22	21	22	22	21	22	22	21	22	21	21	21	21	21	21	21	52	52	52	52	52	5	Columbia_Plateau	B	Summer	low	1
400031662	2017	20.50	C	82	52	52	52	52	52	52	52	52	52	52	52	52	52	52	52	52	52	52	52	52	5	Columbia_Plateau	B	Summer	low	1
400035015	2016	14.50	C	71	71	71	71	71	71	71	71	71	71	71	71	71	71	71	71	71	71	71	71	71	5	Columbia_Plateau	B	Summer	mid	1
400089731	2016	0.50	B	22	52	52	22	52	52	22	52	52	22	52	52	22	52	52	22	52	52	22	52	52	31	North_Central_California_Footh	B	Summer	mid	0
400092965	2016	0.21	A	52	71	71	52	71	71	52	71	71	52	71	71	52	71	71	52	71	71	52	71	71	5	Columbia_Plateau	B	Fall	midlow	0
400029912	2017	0.10	A	22	71	71	22	71	71	22	71	71	22	52	71	22	52	71	22	52	52	22	71	71	5	Columbia_Plateau	B	Summer	midlow	0
400548029	2019	0.10	A	42	42	42	42	42	42	42	42	42	42	42	42	42	42	42	42	42	42	42	42	42	5	Columbia_Plateau	B	Summer	mid	0
400026511	2017	400.00	E	71	71	71	71	71	71	71	71	71	71	71	71	71	71	71	71	71	71	71	71	71	5	Columbia_Plateau	B	Summer	mid	1
400148160	2017	0.53	B	71	42	42	71	42	42	71	42	42	71	42	42	71	42	42	71	42	42	71	42	42	5	Columbia_Plateau	B	Summer	midhigh	0
400031538	2017	387.40	E	82	82	82	82	82	82	82	82	82	82	82	82	82	82	82	82	82	82	82	82	82	5	Columbia_Plateau	B	Summer	midlow	1
400089220	2016	55.00	C	71	71	71	71	71	71	71	71	71	71	71	71	71	71	71	71	71	71	71	71	71	5	Columbia_Plateau	B	Summer	midlow	1
400015797	2016	3929.00	F	71	71	71	71	71	71	71	71	71	71	71	71	71	71	71	71	71	71	71	71	71	31	North_Central_California_Footh	B	Summer	midlow	1
400029674	2016	96.20	C	52	52	52	52	52	52	52	52	52	52	52	52	52	52	52	52	52	52	52	52	52	5	Columbia_Plateau	B	Summer	mid	1
400585809	2020	2.00	B	22	22	21	22	22	21	22	22	21	22	22	21	22	22	21	22	22	21	22	22	21	31	North_Central_California_Footh	B	Spring	low	0
400623479	2020	10.00	C	23	22	22	23	22	22	23	22	22	23	22	23	23	22	23	23	22	23	23	22	21	31	North_Central_California_Footh	B	Summer	low	1
300307477	2015	24.65	C	21	52	52	21	52	52	21	52	52	21	42	52	21	42	52	21	42	52	21	42	52	31	North_Central_California_Footh	B	Summer	mid	1
400049372	2016	0.10	A	71	71	71	71	71	71	71	71	71	71	71	71	71	71	71	71	71	71	71	71	71	5	Columbia_Plateau	B	Summer	mid	0
400369020	2018	1780.00	F	82	82	82	82	82	82	82	82	82	82	82	82	82	82	82	82	82	82	82	82	81	5	Columbia_Plateau	B	Summer	midlow	1
400629613	2020	560.00	E	52	52	52	52	52	52	52	52	52	21	52	52	21	52	52	21	52	52	21	52	52	31	North_Central_California_Footh	B	Summer	midlow	1
400043024	2016	0.25	A	81	81	81	81	81	81	81	81	81	81	81	81	81	81	81	81	81	81	81	81	81	31	North_Central_California_Footh	B	Fall	low	0
400597344	2020	6.00	B	21	42	42	21	42	42	21	42	42	21	42	42	21	42	42	21	42	42	21	42	42	31	North_Central_California_Footh	B	Summer	midlow	0
400116541	2017	0.24	A	52	52	52	52	52	52	52	52	52	52	52	52	52	52	52	52	52	52	52	52	52	31	North_Central_California_Footh	B	Summer	midlow	0
400512710	2019	0.10	A	42	42	42	22	42	42	22	42	42	22	42	42	42	42	42	42	42	42	42	42	42	5	Columbia_Plateau	B	Summer	midhigh	0
400029844	2016	0.10	A	42	42	42	42	42	42	42	42	42	42	42	42	42	42	42	42	42	42	42	42	42	5	Columbia_Plateau	B	Summer	mid	0
400615013	2020	4.66	B	71	71	71	71	71	71	71	71	71	71	71	71	71	71	71	71	71	71	71	71	71	5	Columbia_Plateau	B	Spring	mid	0
400630455	2020	2967.00	F	22	71	71	22	71	71	22	71	71	22	71	71	22	71	71	22	71	71	71	71	71	5	Columbia_Plateau	B	Summer	midlow	1
400158245	2017	20.00	C	82	82	71	82	82	71	21	71	71	21	71	71	21	71	71	21	71	71	21	71	71	31	North_Central_California_Footh	B	Fall	low	1
400313612	2018	0.30	B	22	22	22	22	22	22	22	22	23	23	22	23	23	22	23	23	22	23	23	22	22	5	Columbia_Plateau	B	Summer	midlow	0
400313527	2018	71209.00	G	22	71	52	52	52	52	52	52	52	52	52	52	22	52	52	22	81	52	22	22	71	5	Columbia_Plateau	B	Summer	mid	1
400512753	2019	1000.00	F	42	42	42	42	42	42	42	42	42	42	42	42	42	42	42	42	42	42	42	42	42	5	Columbia_Plateau	B	Summer	mid	1
300217214	2015	0.10	A	52	52	52	52	52	52	52	52	52	52	52	52	52	52	52	52	52	52	52	52	52	5	Columbia_Plateau	B	Winter	midlow	0
400586048	2020	0.01	A	22	22	22	22	22	22	22	22	22	22	22	22	22	22	22	22	22	71	71	21	71	31	North_Central_California_Footh	B	Summer	low	0
400139373	2017	0.01	A	23	23	23	23	23	23	23	23	23	23	23	23	23	23	23	23	23	23	23	23	23	31	North_Central_California_Footh	B	Winter	low	0
400313606	2018	5.00	B	22	22	22	22	22	22	22	22	22	22	22	22	22	22	22	22	22	22	22	22	22	5	Columbia_Plateau	B	Summer	midlow	0
400026505	2017	275.00	D	52	71	71	52	71	71	52	71	71	52	71	71	52	71	71	21	71	71	52	71	71	5	Columbia_Plateau	B	Summer	midlow	1
400029700	2017	200.00	D	71	71	52	71	52	52	71	52	52	71	52	52	71	52	52	71	52	52	71	52	52	5	Columbia_Plateau	B	Summer	mid	1
400531467	2019	0.01	A	71	71	71	71	71	71	71	71	71	71	71	71	71	71	71	71	71	71	71	71	71	31	North_Central_California_Footh	B	Spring	low	0
300217309	2015	0.10	A	22	22	22	22	22	22	22	22	22	22	22	22	22	22	22	22	22	22	22	22	22	5	Columbia_Plateau	B	Summer	midlow	0
400554627	2019	0.10	A	42	42	42	42	42	42	42	42	42	42	42	42	42	42	42	42	42	42	42	42	42	5	Columbia_Plateau	B	Fall	midlow	0
400593615	2020	1.00	B	22	90	95	22	90	95	22	90	95	22	90	95	22	90	95	22	90	95	22	90	95	31	North_Central_California_Footh	B	Spring	low	0
400029803	2016	0.10	A	22	22	22	21	22	22	21	22	22	21	22	22	21	22	22	81	22	22	81	22	22	5	Columbia_Plateau	B	Summer	midlow	0
400554594	2019	2.50	B	22	42	42	22	42	42	22	42	42	22	42	42	22	42	42	22	42	42	22	42	42	5	Columbia_Plateau	B	Spring	mid	0
400631380	2020	13.00	C	52	52	52	52	52	52	52	52	52	52	52	52	52	52	52	52	52	52	52	52	52	5	Columbia_Plateau	B	Spring	mid	1
300307047	2015	0.01	A	21	71	71	21	71	52	21	71	52	21	71	52	21	71	52	21	52	52	21	52	52	31	North_Central_California_Footh	B	Summer	mid	0
400029876	2016	1.00	B	82	82	22	82	82	22	82	82	82	82	82	82	82	82	82	82	82	82	81	82	82	5	Columbia_Plateau	B	Fall	midlow	0
300313167	2015	21.70	C	21	52	52	21	52	52	21	52	52	21	52	52	21	52	52	21	52	52	21	52	52	31	North_Central_California_Footh	B	Summer	midlow	1
400060101	2016	0.10	A	42	71	71	42	42	42	42	42	42	42	42	42	42	42	42	42	42	42	42	42	42	5	Columbia_Plateau	B	Summer	midlow	0
400015796	2016	5731.00	G	52	52	52	52	52	52	52	52	52	52	52	52	52	52	52	52	52	52	52	52	52	31	North_Central_California_Footh	B	Summer	midlow	1
300338214	2015	5.00	B	21	71	71	21	71	71	21	71	71	21	71	71	21	71	71	21	71	71	71	71	71	31	North_Central_California_Footh	B	Summer	low	0
400147611	2017	10.00	C	71	71	71	71	71	71	71	71	71	71	71	71	71	71	71	71	71	71	71	71	71	5	Columbia_Plateau	B	Summer	mid	1
400029972	2017	0.10	A	82	82	82	82	82	82	82	82	82	82	82	82	82	82	82	82	82	82	82	82	82	5	Columbia_Plateau	B	Summer	low	0
400303153	2018	65.00	C	21	21	95	21	21	95	21	21	95	21	21	95	21	21	95	21	22	95	21	22	95	5	Columbia_Plateau	B	Summer	low	1
400505312	2019	10.00	C	42	42	42	42	42	42	42	42	42	42	42	42	42	42	42	42	42	42	42	42	42	5	Columbia_Plateau	B	Summer	high	1
400029854	2016	6500.00	G	71	52	52	71	52	52	71	52	52	71	82	82	71	52	52	71	52	52	71	52	52	5	Columbia_Plateau	B	Summer	midlow	1
400312230	2018	25.00	C	52	71	71	52	71	71	52	71	71	52	71	71	52	71	71	52	71	71	52	71	71	5	Columbia_Plateau	B	Summer	mid	1
400059370	2016	24.30	C	23	23	22	23	23	52	23	23	52	23	23	52	23	52	52	23	52	52	23	52	52	5	Columbia_Plateau	B	Spring	low	1
300243375	2015	0.01	A	21	22	52	21	22	52	21	22	52	21	22	52	21	22	52	21	22	71	21	22	71	5	Columbia_Plateau	B	Spring	low	0
400031196	2016	1141.20	F	71	71	71	71	71	71	71	71	71	71	71	71	71	71	71	71	71	71	71	71	71	5	Columbia_Plateau	B	Summer	low	1
400313700	2018	41.00	C	71	71	71	71	71	71	71	71	71	71	71	71	52	52	52	52	52	52	52	52	52	5	Columbia_Plateau	B	Fall	midhigh	1
400029749	2016	0.10	A	22	22	22	22	22	22	22	22	22	22	22	22	22	22	22	22	22	22	22	22	22	5	Columbia_Plateau	B	Spring	midlow	0
400003386	2016	83.00	C	71	71	71	71	71	71	71	71	71	71	71	71	71	71	71	71	71	71	71	71	71	5	Columbia_Plateau	B	Summer	low	1
400504663	2019	0.10	A	42	42	42	42	42	42	42	42	42	42	42	42	42	42	42	42	42	42	42	42	42	5	Columbia_Plateau	B	Summer	mid	0
300202918	2015	0.10	A	42	42	42	42	42	42	42	42	42	42	42	42	42	42	42	42	42	42	42	42	42	5	Columbia_Plateau	B	Summer	midhigh	0
400157972	2017	100.00	D	22	52	52	22	52	52	22	52	52	22	52	52	22	52	52	22	52	52	22	52	52	31	North_Central_California_Footh	B	Fall	midlow	1
400029811	2016	54.20	C	71	71	71	71	71	71	71	71	71	71	71	71	71	71	71	71	71	71	71	71	71	5	Columbia_Plateau	B	Summer	midlow	1
300306941	2015	0.01	A	22	71	52	22	71	52	22	71	52	22	71	52	22	71	52	22	71	52	22	71	52	31	North_Central_California_Footh	B	Fall	midlow	0
400528133	2019	1.46	B	71	71	71	71	71	71	71	71	71	71	71	71	71	71	71	71	71	71	71	71	71	5	Columbia_Plateau	B	Fall	mid	0
300273324	2015	113.00	D	71	42	71	71	42	71	71	42	71	71	42	71	71	42	71	71	42	71	71	52	71	5	Columbia_Plateau	B	Summer	mid	1
400113962	2017	3.00	B	22	52	52	22	52	52	22	52	52	22	52	52	22	52	52	22	52	52	22	52	52	31	North_Central_California_Footh	B	Summer	midlow	0
400060377	2016	31.00	C	71	52	52	71	52	52	71	52	52	71	52	52	71	52	52	71	52	52	71	82	82	5	Columbia_Plateau	B	Summer	mid	1
400009865	2017	92.00	C	23	11	11	23	11	11	23	11	11	23	11	11	23	11	11	23	11	11	23	11	11	5	Columbia_Plateau	B	Summer	low	1
400313531	2018	8.30	B	52	52	52	52	52	52	52	52	52	52	52	52	52	52	52	52	52	52	52	52	52	5	Columbia_Plateau	B	Summer	midlow	0
400534650	2019	0.58	B	52	42	42	52	42	42	42	42	42	42	42	42	42	42	42	42	42	42	42	42	42	5	Columbia_Plateau	B	Summer	mid	0
400149289	2017	0.10	A	23	71	71	23	71	71	23	71	71	23	71	71	23	71	71	23	71	71	23	71	71	5	Columbia_Plateau	B	Fall	low	0
400153788	2017	10.00	C	52	52	52	52	52	52	52	52	52	52	52	52	52	52	52	52	52	52	52	52	52	31	North_Central_California_Footh	B	Fall	low	1
400577238	2020	1.33	B	52	71	71	52	71	71	52	52	52	52	52	52	52	52	52	52	52	52	52	52	52	5	Columbia_Plateau	B	Fall	midlow	0
400156236	2017	0.10	A	22	52	52	22	52	52	22	52	52	22	52	52	22	52	52	22	52	52	22	52	52	31	North_Central_California_Footh	B	Summer	low	0
400103282	2016	0.25	A	52	52	52	52	52	52	52	52	52	52	52	52	52	52	52	52	52	52	52	52	52	31	North_Central_California_Footh	B	Fall	low	0
400029895	2017	12.00	C	71	71	71	71	71	71	71	71	71	71	71	71	71	71	71	71	71	71	71	71	71	5	Columbia_Plateau	B	Spring	mid	1
400631045	2020	0.10	A	52	52	71	52	52	71	52	52	71	52	52	71	52	52	71	52	52	71	52	52	71	5	Columbia_Plateau	B	Summer	midhigh	0
400383304	2018	10.00	C	52	52	52	52	52	52	52	52	52	52	52	52	52	52	52	52	52	52	52	52	52	31	North_Central_California_Footh	B	Summer	low	1
400371229	2018	12.25	C	42	52	52	42	52	52	42	52	52	42	42	52	42	42	52	42	42	52	42	42	52	5	Columbia_Plateau	B	Summer	mid	1
300217238	2015	486.10	E	52	52	52	52	52	52	52	52	52	82	82	82	52	82	82	71	82	82	82	82	82	5	Columbia_Plateau	B	Summer	midlow	1
400113462	2017	7.40	B	21	71	71	21	71	71	21	71	71	71	71	71	71	71	71	71	71	71	71	71	71	31	North_Central_California_Footh	B	Summer	low	0
300318447	2015	0.41	B	21	42	42	21	42	42	21	42	42	21	42	42	21	42	42	21	42	42	21	42	42	31	North_Central_California_Footh	B	Spring	mid	0
400041496	2016	16.50	C	21	71	71	21	71	71	21	71	71	21	71	71	21	71	71	21	71	71	21	71	71	31	North_Central_California_Footh	B	Summer	midlow	1
300318186	2015	0.10	A	52	52	22	52	52	22	52	52	22	52	52	52	52	52	52	52	52	52	52	52	52	31	North_Central_California_Footh	B	Winter	low	0
400631229	2020	588.00	E	42	42	42	42	42	42	42	42	42	42	42	42	42	42	42	42	42	42	42	42	42	5	Columbia_Plateau	B	Summer	midhigh	1
300340923	2015	30.00	C	21	71	71	21	71	71	21	71	71	21	71	71	21	71	71	21	71	71	21	71	71	31	North_Central_California_Footh	B	Summer	low	1
400147079	2017	0.08	A	71	71	71	71	71	71	71	71	71	71	71	71	71	71	71	71	71	71	71	71	71	5	Columbia_Plateau	B	Summer	mid	0
400312226	2018	100226.00	G	22	71	71	22	52	52	22	52	52	22	52	52	22	52	52	22	52	52	22	52	52	5	Columbia_Plateau	B	Summer	midlow	1
400630548	2020	500.00	E	71	52	52	71	52	52	71	52	52	71	52	52	71	52	52	71	52	52	71	52	52	5	Columbia_Plateau	B	Summer	low	1
400631385	2020	0.10	A	42	42	42	42	42	42	42	42	42	42	42	42	42	42	42	42	42	42	42	42	42	5	Columbia_Plateau	B	Summer	mid	0
400627486	2020	0.10	A	22	22	71	22	71	71	22	71	71	22	71	71	22	71	71	22	71	71	22	71	71	31	North_Central_California_Footh	B	Summer	low	0
400029515	2016	0.10	A	82	82	82	82	82	82	82	82	82	82	82	82	52	82	82	52	52	82	52	71	71	5	Columbia_Plateau	B	Fall	midlow	0
300217413	2015	2.20	B	52	71	71	52	71	71	52	71	71	52	71	71	52	71	71	52	71	71	52	71	71	5	Columbia_Plateau	B	Summer	midlow	0
400081623	2016	22.00	C	21	71	71	21	71	71	21	71	71	21	71	71	21	71	71	21	71	71	21	71	71	31	North_Central_California_Footh	B	Summer	midlow	1
400387860	2018	0.01	A	21	22	22	21	22	22	21	22	21	21	21	21	22	21	21	81	21	21	71	71	71	31	North_Central_California_Footh	B	Summer	low	0
400630501	2020	1083.00	F	71	71	71	71	71	71	71	71	71	71	71	71	71	71	71	71	71	71	71	71	71	5	Columbia_Plateau	B	Summer	midlow	1
400305002	2018	15186.00	G	52	52	52	52	52	52	52	52	52	52	52	52	52	52	52	52	52	52	52	52	52	31	North_Central_California_Footh	B	Summer	midlow	1
300306995	2015	14.00	C	21	71	71	21	71	71	21	71	71	21	71	71	21	71	71	21	71	71	21	71	71	31	North_Central_California_Footh	B	Summer	low	1
400114322	2017	68135.00	G	71	71	71	71	71	71	71	71	71	71	71	71	71	71	71	71	71	71	71	71	71	5	Columbia_Plateau	B	Summer	mid	1
400619755	2020	28.00	C	23	23	22	23	23	22	23	23	22	23	24	22	23	24	22	23	22	22	52	52	52	31	North_Central_California_Footh	B	Summer	midlow	1
400630496	2020	10.00	C	82	82	82	82	82	82	82	82	82	82	82	82	82	82	82	82	82	82	82	82	82	5	Columbia_Plateau	B	Spring	midlow	1
400521888	2019	2.16	B	23	23	23	23	23	23	23	23	23	23	23	23	23	23	23	23	23	23	23	23	23	31	North_Central_California_Footh	B	Fall	low	0
400003389	2016	5.70	B	71	71	71	71	71	71	71	71	71	71	71	71	71	71	71	71	71	71	71	71	71	5	Columbia_Plateau	B	Fall	low	0
400619627	2020	100.00	D	52	52	42	52	52	42	52	52	52	52	52	52	52	52	52	52	52	52	52	52	52	31	North_Central_California_Footh	B	Summer	midlow	1
300307392	2015	0.74	B	71	71	71	71	71	71	71	71	71	71	71	71	71	71	71	71	71	71	71	71	71	31	North_Central_California_Footh	B	Fall	low	0
400313617	2018	4.00	B	82	82	82	82	82	82	82	82	82	82	82	82	82	82	82	82	82	82	82	82	82	5	Columbia_Plateau	B	Summer	low	0
300217192	2015	33103.00	G	52	52	52	52	52	52	52	52	52	52	52	52	52	52	52	52	52	52	52	52	52	5	Columbia_Plateau	B	Summer	low	1
300202724	2015	53523.00	G	52	42	52	52	42	42	71	42	42	42	42	42	42	42	42	42	42	42	42	42	42	5	Columbia_Plateau	B	Summer	midhigh	1
400512674	2019	1122.30	F	71	71	71	71	71	71	71	71	71	71	71	71	71	71	71	71	71	71	71	71	71	5	Columbia_Plateau	B	Fall	midlow	1
400387774	2018	0.01	A	71	52	52	71	52	52	71	52	52	71	52	52	71	52	52	52	52	52	52	52	52	31	North_Central_California_Footh	B	Winter	midlow	0
400029798	2016	0.10	A	22	52	22	52	52	22	52	52	22	52	52	22	52	52	22	52	52	22	52	52	22	5	Columbia_Plateau	B	Summer	midlow	0
400505229	2019	0.10	A	42	42	42	42	42	42	42	42	42	42	42	42	42	42	42	42	42	42	42	42	42	5	Columbia_Plateau	B	Summer	mid	0
300227162	2015	10.00	C	22	71	71	22	71	71	22	71	71	22	71	71	22	71	71	22	71	71	22	71	71	31	North_Central_California_Footh	B	Summer	low	1
400326586	2018	0.10	A	21	52	42	52	52	42	52	52	42	52	52	42	52	52	42	52	52	42	52	42	42	5	Columbia_Plateau	B	Summer	mid	0
400584936	2020	1.00	B	52	52	52	52	52	52	52	52	52	52	52	52	52	52	52	52	52	52	52	52	52	5	Columbia_Plateau	B	Summer	midlow	0
400593460	2020	0.10	A	23	71	71	23	71	71	23	71	71	23	71	71	23	71	21	22	71	21	22	71	21	31	North_Central_California_Footh	B	Summer	low	0
400512671	2019	58.00	C	82	82	82	82	82	82	82	82	82	82	82	82	82	82	82	82	82	82	82	82	82	5	Columbia_Plateau	B	Fall	midlow	1
400631288	2020	0.10	A	22	11	11	22	11	11	22	11	11	22	11	11	22	11	11	22	11	11	22	11	11	5	Columbia_Plateau	B	Summer	mid	0
300218070	2015	69.00	C	95	95	95	95	95	95	95	95	95	95	95	95	95	95	95	95	95	95	95	95	95	5	Columbia_Plateau	B	Summer	mid	1
400029813	2016	46.00	C	22	52	52	22	52	52	22	52	52	22	52	52	22	52	52	22	52	52	22	52	52	5	Columbia_Plateau	B	Summer	midlow	1
400619954	2020	1.00	B	21	22	22	21	22	22	21	22	22	21	22	22	21	22	21	21	22	21	21	22	21	31	North_Central_California_Footh	B	Winter	midlow	0
300306302	2015	150.00	D	52	42	42	52	52	42	52	52	42	52	52	52	52	52	52	52	42	42	52	42	52	31	North_Central_California_Footh	B	Summer	midlow	1
400313557	2018	22.50	C	21	82	82	21	82	82	21	82	82	21	82	82	21	82	82	21	82	82	21	82	82	5	Columbia_Plateau	B	Spring	midlow	1
400149674	2017	2.10	B	52	42	42	52	42	42	52	42	42	52	42	42	52	42	42	52	42	42	52	42	42	5	Columbia_Plateau	B	Summer	mid	0
400119236	2017	0.01	A	42	42	42	42	42	42	42	42	42	42	42	42	42	42	42	42	42	42	42	42	42	5	Columbia_Plateau	B	Summer	midhigh	0
400631113	2020	884.00	E	71	71	71	71	71	71	71	71	71	71	71	71	71	71	71	71	71	71	71	71	71	5	Columbia_Plateau	B	Summer	mid	1
400313542	2018	268.80	D	82	82	82	82	82	82	82	82	82	82	82	82	82	82	82	82	82	82	82	82	82	5	Columbia_Plateau	B	Summer	mid	1
300234411	2015	0.01	A	42	42	42	42	42	42	42	42	42	42	42	42	42	42	42	42	42	42	42	42	42	5	Columbia_Plateau	B	Spring	midlow	0
400056905	2016	2.00	B	52	42	42	52	42	42	52	42	42	52	42	42	52	42	42	52	42	42	52	42	42	5	Columbia_Plateau	B	Spring	mid	0
400521356	2019	0.10	A	52	52	52	52	52	52	52	52	52	52	52	52	52	52	52	52	42	42	52	42	42	5	Columbia_Plateau	B	Summer	midhigh	0
400512641	2019	33.00	C	22	52	52	22	52	52	22	52	52	22	52	52	22	52	52	22	52	52	22	52	52	5	Columbia_Plateau	B	Summer	low	1
400369313	2018	2290.00	F	21	71	71	21	71	71	21	71	71	21	71	71	21	71	71	21	71	71	21	71	71	31	North_Central_California_Footh	B	Summer	low	1
400029776	2016	0.10	A	82	82	82	82	82	82	82	82	82	82	82	82	82	82	82	82	82	82	82	82	82	5	Columbia_Plateau	B	Summer	midlow	0
400029697	2017	37266.80	G	52	52	52	52	52	52	52	52	52	52	52	52	52	52	52	52	52	52	52	52	52	5	Columbia_Plateau	B	Summer	midlow	1
400535232	2019	1.00	B	52	71	71	52	71	71	52	71	71	52	71	71	52	71	71	52	71	71	52	71	71	31	North_Central_California_Footh	B	Summer	low	0
400148931	2017	18.00	C	21	71	71	21	71	71	21	71	71	21	71	71	21	71	71	21	71	71	21	71	71	31	North_Central_California_Footh	B	Summer	low	1
400511540	2019	150.00	D	52	52	52	52	52	52	52	52	52	52	52	52	52	52	52	52	52	52	52	52	52	5	Columbia_Plateau	B	Fall	midlow	1
400578343	2020	27.00	C	21	22	21	21	22	21	21	22	21	21	22	21	21	22	21	21	22	21	21	22	21	31	North_Central_California_Footh	B	Summer	low	1
400313648	2018	15.00	C	22	71	71	22	71	71	22	71	71	22	71	71	22	71	71	22	71	71	22	71	71	5	Columbia_Plateau	B	Summer	midlow	1
400313507	2018	3.30	B	71	71	71	71	71	71	71	71	71	71	71	71	71	71	71	71	71	71	71	71	71	5	Columbia_Plateau	B	Summer	mid	0
400372010	2018	4583.00	F	71	71	71	71	71	71	71	71	71	71	71	71	71	71	71	71	71	71	71	71	71	5	Columbia_Plateau	B	Summer	mid	1
400618898	2020	1.00	B	23	81	81	23	81	81	23	81	81	23	81	81	23	81	81	23	81	81	23	81	82	5	Columbia_Plateau	B	Summer	mid	0
400320390	2018	0.81	B	21	71	71	21	71	71	21	71	71	21	71	71	71	71	71	71	71	71	71	71	71	5	Columbia_Plateau	B	Summer	mid	0
400029692	2016	3.60	B	52	52	11	52	52	52	52	52	52	52	52	52	52	52	52	52	52	52	52	52	52	5	Columbia_Plateau	B	Fall	low	0
400099891	2016	0.01	A	71	71	71	71	71	71	71	71	71	71	71	71	71	71	71	71	71	71	71	71	71	31	North_Central_California_Footh	B	Summer	low	0
300217204	2015	88483.50	G	52	52	52	52	52	52	52	52	52	52	52	52	52	52	52	42	52	52	42	52	52	5	Columbia_Plateau	B	Summer	mid	1
300307091	2015	60.00	C	21	71	71	21	71	71	21	71	71	21	71	71	21	71	71	21	71	71	21	71	71	31	North_Central_California_Footh	B	Summer	low	1
400301806	2018	30.00	C	71	71	71	71	71	71	71	71	71	71	71	71	71	71	71	71	71	71	71	71	71	5	Columbia_Plateau	B	Summer	low	1
400380050	2018	0.01	A	52	52	52	52	52	52	52	52	52	52	52	52	52	52	52	52	52	52	52	52	52	31	North_Central_California_Footh	B	Fall	midlow	0
400619981	2020	1.00	B	52	52	52	52	52	52	52	52	52	52	52	52	52	52	52	52	52	52	71	71	71	31	North_Central_California_Footh	B	Spring	mid	0
300232736	2015	3.70	B	90	90	21	90	90	21	90	90	21	90	90	21	90	90	21	90	90	21	90	90	21	5	Columbia_Plateau	B	Fall	low	0
400312231	2018	15589.00	G	71	71	71	71	71	71	71	71	71	71	71	71	71	71	71	71	71	71	71	71	71	5	Columbia_Plateau	B	Summer	mid	1
300217239	2015	6567.40	G	52	52	52	52	52	52	52	52	52	52	52	52	52	52	52	52	52	52	52	52	52	5	Columbia_Plateau	B	Summer	mid	1
400611077	2020	15.00	C	21	71	71	21	71	71	21	71	71	21	71	71	21	71	71	21	71	71	21	71	71	5	Columbia_Plateau	B	Fall	mid	1
400226970	2017	337.00	E	71	71	71	42	42	42	42	42	42	42	42	42	42	42	42	42	42	42	42	42	42	5	Columbia_Plateau	B	Summer	midlow	1
400313511	2018	15.00	C	52	22	22	52	22	22	52	22	22	52	52	52	52	52	52	82	52	52	52	52	52	5	Columbia_Plateau	B	Summer	low	1
400313530	2018	73.20	C	52	52	52	52	52	52	52	52	52	52	52	52	52	52	52	52	52	52	52	52	52	5	Columbia_Plateau	B	Summer	midlow	1
400599633	2020	1.00	B	23	23	23	23	23	23	23	23	23	23	23	23	23	23	23	23	23	23	23	23	23	31	North_Central_California_Footh	B	Fall	low	0
400005508	2016	0.01	A	42	42	42	42	42	42	42	42	42	42	42	42	42	42	42	42	42	42	42	42	42	5	Columbia_Plateau	B	Summer	midhigh	0
400528102	2019	0.10	A	71	71	71	52	71	71	52	52	52	52	52	52	52	52	52	52	52	52	52	52	52	5	Columbia_Plateau	B	Summer	midhigh	0
400029879	2016	0.30	B	52	52	52	52	52	52	52	52	52	52	52	82	52	52	52	52	52	52	52	52	82	5	Columbia_Plateau	B	Fall	midlow	0
400312439	2018	5.00	B	11	11	11	11	11	11	11	11	11	11	11	11	11	11	11	11	11	11	11	11	11	5	Columbia_Plateau	B	Summer	low	0
400029672	2016	331.40	E	22	52	52	22	52	52	22	52	52	22	52	52	22	52	52	22	52	52	22	52	52	5	Columbia_Plateau	B	Summer	mid	1
400630450	2020	100.00	D	52	52	52	52	52	52	52	52	52	52	52	52	52	52	52	52	52	52	52	52	52	5	Columbia_Plateau	B	Summer	midlow	1
400029704	2017	58.20	C	52	52	52	52	52	52	52	52	52	52	52	52	52	52	52	52	52	52	52	52	52	5	Columbia_Plateau	B	Summer	low	1
400544821	2019	0.15	A	81	81	22	81	81	22	81	81	81	81	81	81	81	81	81	81	81	81	81	81	81	5	Columbia_Plateau	B	Summer	midlow	0
400627306	2020	139.00	D	22	21	21	22	21	21	22	21	21	22	21	21	21	21	21	21	21	21	21	21	21	31	North_Central_California_Footh	B	Summer	midlow	1
400383652	2018	0.01	A	22	21	52	22	21	52	22	21	52	22	21	21	21	21	52	21	21	52	21	71	52	31	North_Central_California_Footh	B	Fall	low	0
400383295	2018	0.50	B	71	71	71	71	71	71	71	71	71	71	71	71	71	71	71	71	71	71	71	71	71	31	North_Central_California_Footh	B	Summer	low	0
400149809	2017	353.83	E	22	71	52	23	52	52	23	52	52	23	52	52	23	52	52	23	71	52	23	71	71	5	Columbia_Plateau	B	Fall	mid	1
400029773	2016	0.10	A	82	82	82	82	82	82	82	82	82	82	82	82	82	82	82	82	82	82	82	82	82	5	Columbia_Plateau	B	Summer	midlow	0
400512660	2019	124.00	D	52	71	52	52	52	52	52	52	52	52	52	52	52	52	52	52	52	52	52	52	52	5	Columbia_Plateau	B	Summer	mid	1
400534539	2019	0.30	B	71	71	71	42	71	71	42	71	71	42	71	71	42	71	71	42	71	71	42	71	71	5	Columbia_Plateau	B	Fall	mid	0
400329562	2018	1.00	B	21	52	71	52	52	71	52	52	71	52	52	71	52	52	71	52	52	71	52	52	71	31	North_Central_California_Footh	B	Summer	low	0
400029748	2016	3.00	B	22	82	82	22	82	81	22	81	81	22	81	81	22	81	81	22	81	81	22	82	82	5	Columbia_Plateau	B	Spring	midlow	0
400313592	2018	3.00	B	82	82	22	82	82	22	82	82	22	82	82	82	82	82	82	82	82	82	82	82	82	5	Columbia_Plateau	B	Spring	midlow	0
400313513	2018	2325.20	F	52	52	52	52	52	52	52	52	52	52	52	52	52	52	52	52	52	52	52	52	52	5	Columbia_Plateau	B	Summer	midlow	1
400312290	2018	54221.00	G	52	82	82	52	82	82	52	82	82	52	82	82	52	82	82	52	82	82	82	82	82	5	Columbia_Plateau	B	Summer	mid	1
400313703	2018	600.00	E	52	52	52	52	52	52	52	52	52	52	52	52	52	52	52	52	52	52	52	52	52	5	Columbia_Plateau	B	Fall	midlow	1
400357168	2018	1.00	B	71	71	71	71	71	71	71	71	71	71	71	71	71	71	71	71	71	71	71	71	71	31	North_Central_California_Footh	B	Fall	low	0
400524936	2019	7.30	B	52	52	71	52	52	71	52	52	71	52	52	71	52	52	71	52	52	71	71	71	71	5	Columbia_Plateau	B	Spring	mid	0
400104077	2016	0.10	A	22	52	52	22	52	52	22	52	52	22	52	52	22	52	42	22	52	42	22	52	42	31	North_Central_California_Footh	B	Winter	midlow	0
400312271	2018	1455.00	F	22	71	71	22	71	71	22	71	71	22	71	71	22	71	71	22	71	71	71	71	71	5	Columbia_Plateau	B	Summer	low	1
400029939	2017	0.70	B	22	22	22	22	22	22	22	22	22	22	22	22	22	22	22	22	22	22	22	22	22	5	Columbia_Plateau	B	Summer	midlow	0
400153793	2017	1.00	B	42	21	21	42	21	21	42	21	21	42	21	21	42	21	21	42	21	21	42	21	21	31	North_Central_California_Footh	B	Winter	midlow	0
400009863	2017	0.10	A	71	71	71	71	71	71	71	71	71	71	71	71	71	71	71	71	71	71	71	71	71	5	Columbia_Plateau	B	Summer	midlow	0
400029827	2016	221.00	D	71	71	71	71	71	71	71	71	71	71	71	71	71	71	71	71	71	71	71	71	71	5	Columbia_Plateau	B	Summer	midlow	1
400512750	2019	1.00	B	42	42	71	42	42	71	42	42	71	42	42	71	42	42	71	42	42	71	42	42	71	5	Columbia_Plateau	B	Summer	mid	0
400512543	2019	25.00	C	71	71	71	71	71	71	71	71	71	71	71	71	71	71	71	71	71	71	71	71	71	5	Columbia_Plateau	B	Summer	midlow	1
400538163	2019	2.05	B	71	71	71	71	71	71	71	71	71	71	71	71	71	71	71	71	71	71	71	71	71	5	Columbia_Plateau	B	Summer	mid	0
400053966	2016	0.25	A	71	71	71	71	71	71	71	71	71	71	71	71	71	71	71	71	71	71	71	71	71	5	Columbia_Plateau	B	Winter	mid	0
400325619	2018	114.00	D	22	71	71	22	52	71	22	52	71	22	52	71	22	52	71	22	52	71	22	52	71	5	Columbia_Plateau	B	Summer	mid	1
400564780	2019	0.01	A	71	71	71	52	52	52	52	52	52	52	52	52	52	52	52	52	52	52	52	52	52	5	Columbia_Plateau	B	Spring	midlow	0
400313512	2018	125.00	D	52	52	52	52	52	52	82	82	52	82	52	52	82	82	52	82	52	52	82	52	52	5	Columbia_Plateau	B	Summer	low	1
400512728	2019	0.20	A	22	82	82	22	82	52	22	81	52	22	81	52	22	81	52	22	81	81	22	81	82	5	Columbia_Plateau	B	Summer	low	0
400370603	2018	39.00	C	21	52	52	21	52	52	21	52	52	21	52	52	21	52	52	21	52	52	21	52	52	31	North_Central_California_Footh	B	Summer	low	1
400631291	2020	13.10	C	52	42	42	52	42	42	52	42	42	42	42	42	42	42	42	42	42	42	42	42	42	5	Columbia_Plateau	B	Summer	mid	1
400610380	2020	100.00	D	52	52	42	52	52	42	52	52	52	52	52	52	52	42	42	52	42	42	42	42	42	5	Columbia_Plateau	B	Summer	mid	1
400029928	2017	2.50	B	22	22	22	22	22	22	22	22	22	22	22	22	22	22	22	22	22	22	22	22	22	5	Columbia_Plateau	B	Summer	low	0
400313677	2018	349.00	E	52	52	52	52	52	52	52	52	52	52	52	52	52	52	52	52	52	52	52	52	52	5	Columbia_Plateau	B	Summer	low	1
400313669	2018	3.00	B	22	52	52	22	52	52	22	52	52	22	52	52	22	52	52	22	52	52	22	52	52	5	Columbia_Plateau	B	Summer	midlow	0
400372738	2018	1.10	B	22	52	52	22	52	52	22	52	52	22	52	52	22	52	52	22	52	52	22	52	52	31	North_Central_California_Footh	B	Summer	low	0
400548004	2019	0.01	A	21	71	71	21	71	71	21	71	71	21	71	71	21	71	71	21	71	71	21	71	71	5	Columbia_Plateau	B	Summer	mid	0
400622216	2020	0.10	A	21	52	52	21	52	52	21	52	22	21	52	52	21	52	52	21	52	52	21	52	52	31	North_Central_California_Footh	B	Summer	midlow	0
400081621	2016	11.00	C	52	52	52	52	52	52	52	52	52	52	52	52	52	52	52	52	52	52	52	52	52	31	North_Central_California_Footh	B	Summer	midlow	1
400128827	2017	0.20	A	71	81	81	71	81	81	71	81	81	21	81	81	21	81	81	21	81	81	21	81	81	31	North_Central_California_Footh	B	Fall	low	0
400512656	2019	120.00	D	23	52	52	23	52	52	23	52	52	23	52	52	23	52	52	23	52	52	23	52	52	5	Columbia_Plateau	B	Summer	low	1
400368061	2018	5.00	B	71	71	71	71	71	71	71	71	71	71	71	71	71	71	71	71	71	71	71	71	71	5	Columbia_Plateau	B	Spring	midlow	0
400098644	2016	11.14	C	52	52	52	52	52	52	52	52	52	52	52	52	52	52	52	52	52	52	52	52	52	31	North_Central_California_Footh	B	Summer	mid	1
400147163	2017	29.00	C	71	52	52	71	52	52	71	52	52	71	52	52	71	52	52	71	52	52	71	52	52	31	North_Central_California_Footh	B	Summer	low	1
300293848	2015	2100.00	F	71	71	71	71	71	71	71	71	71	71	71	71	71	71	71	71	71	71	71	71	71	5	Columbia_Plateau	B	Summer	low	1
400616111	2020	12.00	C	52	52	52	52	52	52	52	52	52	52	52	52	52	52	52	52	52	52	52	52	52	31	North_Central_California_Footh	B	Winter	midlow	1
400581951	2020	0.50	B	23	23	23	23	23	23	23	23	23	23	23	23	23	23	23	23	23	23	23	23	23	31	North_Central_California_Footh	B	Summer	low	0
400015983	2017	20.00	C	52	52	52	52	52	52	52	52	52	52	52	52	52	52	52	52	52	52	52	52	52	31	North_Central_California_Footh	B	Summer	mid	1
400313631	2018	48.00	C	22	81	81	22	81	81	22	81	81	22	81	81	22	81	81	22	81	81	22	81	82	5	Columbia_Plateau	B	Summer	midlow	1
400147366	2017	25.00	C	21	71	71	21	71	71	21	71	71	21	71	71	21	71	71	21	71	71	21	71	71	31	North_Central_California_Footh	B	Summer	low	1
300207074	2015	0.10	A	42	42	42	42	42	42	42	42	42	42	42	42	42	42	42	42	42	42	42	42	42	5	Columbia_Plateau	B	Summer	midhigh	0
400328531	2018	160.00	D	52	52	52	52	52	52	52	52	52	52	52	52	52	52	52	52	52	52	52	52	52	31	North_Central_California_Footh	B	Summer	midlow	1
400351588	2018	0.10	A	22	71	71	22	71	71	22	71	71	22	71	71	22	71	71	22	71	71	22	71	71	31	North_Central_California_Footh	B	Spring	low	0
400631186	2020	17.00	C	71	71	71	71	71	71	71	71	71	71	71	71	71	71	71	71	71	71	71	71	71	5	Columbia_Plateau	B	Summer	mid	1
400029974	2017	0.40	B	22	82	95	22	82	95	22	82	95	22	95	95	22	82	95	22	82	95	22	82	95	5	Columbia_Plateau	B	Summer	low	0
400500585	2019	0.01	A	42	42	42	42	42	42	42	42	42	42	42	42	42	42	42	52	52	42	52	52	42	5	Columbia_Plateau	B	Summer	midhigh	0
400370591	2018	228.00	D	52	52	52	52	52	52	52	52	52	52	52	52	52	52	52	52	52	52	52	52	52	5	Columbia_Plateau	B	Summer	mid	1
400148146	2017	24.00	C	71	71	71	71	71	71	71	71	71	71	71	71	71	71	71	71	71	71	71	71	71	5	Columbia_Plateau	B	Summer	mid	1
400029711	2017	3270.50	F	82	82	82	82	82	82	82	82	82	82	82	82	82	82	82	82	82	82	82	82	82	5	Columbia_Plateau	B	Fall	mid	1
400313583	2018	0.10	A	22	82	82	22	82	82	82	82	82	82	82	82	82	82	82	82	82	82	82	82	82	5	Columbia_Plateau	B	Spring	low	0
400368237	2018	0.50	B	22	22	71	22	22	71	22	22	71	22	22	21	22	22	21	22	22	21	22	22	21	31	North_Central_California_Footh	B	Spring	low	0
400313702	2018	0.20	A	82	82	82	82	82	82	82	82	82	82	82	82	82	82	82	82	82	82	82	82	82	5	Columbia_Plateau	B	Fall	low	0
400081852	2016	0.81	B	52	42	42	52	42	42	52	42	42	52	42	42	52	42	42	52	42	42	52	42	42	31	North_Central_California_Footh	B	Summer	midlow	0
400154303	2017	0.01	A	22	22	22	22	21	22	22	21	22	22	22	22	22	21	71	22	21	71	22	22	71	31	North_Central_California_Footh	B	Fall	low	0
300244575	2015	0.01	A	81	81	52	81	81	52	81	81	52	81	81	52	81	81	52	81	81	52	81	81	52	5	Columbia_Plateau	B	Spring	low	0
400029685	2016	66.20	C	71	71	71	71	71	71	71	71	71	71	71	71	71	71	71	71	71	71	71	71	71	5	Columbia_Plateau	B	Spring	midlow	1
400312300	2018	5056.00	G	71	71	71	71	71	71	71	71	71	71	71	71	71	71	71	71	71	71	71	71	71	5	Columbia_Plateau	B	Summer	midhigh	1
400026547	2017	1.80	B	71	71	71	71	71	71	71	71	71	71	71	71	71	71	71	71	71	71	71	71	71	5	Columbia_Plateau	B	Summer	midlow	0
400156830	2017	0.01	A	22	52	52	22	52	52	22	52	52	22	52	52	22	52	52	22	52	52	22	52	52	31	North_Central_California_Footh	B	Summer	midlow	0
400029731	2016	1.50	B	82	82	82	22	82	82	22	82	82	22	82	82	22	82	82	22	82	82	82	82	82	5	Columbia_Plateau	B	Spring	low	0
400512743	2019	13.50	C	42	42	42	42	42	42	42	42	42	42	42	42	42	42	42	42	42	42	42	42	42	5	Columbia_Plateau	B	Summer	mid	1
400005523	2016	0.29	B	42	42	42	42	42	42	42	42	42	42	42	42	42	42	42	42	42	42	42	42	42	5	Columbia_Plateau	B	Fall	midhigh	0
400630077	2020	0.10	A	21	52	52	21	52	52	21	52	52	21	52	52	21	82	82	21	82	82	21	82	82	5	Columbia_Plateau	B	Summer	midlow	0
400630453	2020	0.70	B	52	52	52	52	52	52	52	52	52	52	52	52	52	52	52	52	52	52	52	52	52	5	Columbia_Plateau	B	Summer	midlow	0
400313653	2018	0.20	A	95	95	95	95	95	95	95	95	95	95	95	95	95	95	95	95	95	95	95	95	95	5	Columbia_Plateau	B	Summer	midlow	0
400029832	2016	59.30	C	82	82	82	82	82	82	82	82	82	82	82	82	82	82	82	82	82	82	82	82	82	5	Columbia_Plateau	B	Summer	midlow	1
400631372	2020	985.00	E	52	52	52	52	52	52	52	52	52	52	52	52	52	52	52	52	52	52	52	52	52	5	Columbia_Plateau	B	Summer	low	1
400326222	2018	11.00	C	21	71	71	21	71	71	21	71	71	21	71	71	21	71	71	21	71	71	21	71	71	31	North_Central_California_Footh	B	Summer	low	1
400302083	2018	0.10	A	42	42	42	42	42	42	42	42	42	42	42	42	42	42	42	42	42	42	42	42	42	5	Columbia_Plateau	B	Fall	midhigh	0
400541182	2019	26.00	C	71	71	71	52	52	52	52	52	52	52	52	52	52	52	52	52	52	52	52	52	52	5	Columbia_Plateau	B	Summer	mid	1
400240001	2017	24650.00	G	71	71	71	71	71	71	71	71	71	71	71	71	71	71	71	71	71	71	71	71	71	5	Columbia_Plateau	B	Summer	midlow	1
300217242	2015	14768.10	G	71	71	52	71	71	52	71	71	52	71	71	52	71	71	52	71	71	52	71	71	52	5	Columbia_Plateau	B	Summer	mid	1
300217275	2015	0.10	A	82	82	82	82	82	82	82	82	82	82	82	82	82	82	82	82	82	82	82	82	82	5	Columbia_Plateau	B	Summer	midlow	0
400158878	2017	0.10	A	52	52	52	52	52	52	52	52	52	52	52	52	52	52	52	52	52	52	52	52	42	31	North_Central_California_Footh	B	Summer	mid	0
300217415	2015	0.10	A	82	82	82	82	82	82	82	82	82	82	82	82	82	82	82	82	82	82	82	82	82	5	Columbia_Plateau	B	Summer	midlow	0
400102952	2016	0.50	B	52	42	42	52	42	42	52	42	42	42	42	42	42	42	42	42	42	42	42	41	42	31	North_Central_California_Footh	B	Summer	midlow	0
400528026	2019	0.10	A	21	42	42	21	42	42	21	42	42	21	42	42	21	42	42	21	42	42	21	42	42	5	Columbia_Plateau	B	Spring	mid	0
400592259	2020	0.10	A	42	52	52	42	52	52	42	52	52	42	52	52	42	52	52	42	42	52	42	42	71	5	Columbia_Plateau	B	Spring	midhigh	0
400629626	2020	67484.00	G	42	43	43	42	43	43	42	43	52	42	43	52	42	43	52	42	43	52	42	43	52	31	North_Central_California_Footh	B	Fall	low	1
400314157	2018	0.10	A	22	52	52	22	52	52	22	52	52	22	52	52	22	52	52	22	52	52	22	52	52	5	Columbia_Plateau	B	Fall	low	0
400541968	2019	53.10	C	21	71	71	21	71	71	21	71	71	21	71	71	21	71	71	21	71	71	21	71	71	31	North_Central_California_Footh	B	Summer	low	1
400538056	2019	0.93	B	82	82	82	82	82	82	82	82	82	71	71	71	82	82	82	82	82	82	82	82	82	5	Columbia_Plateau	B	Summer	midlow	0
400329800	2018	0.01	A	22	22	52	22	22	52	22	22	52	22	22	52	22	22	52	22	22	52	22	22	52	31	North_Central_California_Footh	B	Spring	low	0
400030016	2017	201.00	D	71	71	71	71	71	71	71	71	71	71	71	71	71	71	71	71	71	71	71	71	71	5	Columbia_Plateau	B	Fall	mid	1
400386159	2018	0.24	A	23	11	11	23	11	11	23	11	11	23	11	11	23	11	11	23	11	11	23	11	11	31	North_Central_California_Footh	B	Summer	low	0
300217391	2015	76.00	C	71	71	71	71	71	71	71	71	71	71	71	71	71	71	71	71	71	71	71	71	71	5	Columbia_Plateau	B	Summer	mid	1
400554947	2019	0.01	A	23	23	23	23	23	23	23	23	23	22	23	23	22	23	23	22	23	23	22	23	23	31	North_Central_California_Footh	B	Summer	low	0
400029822	2016	13.00	C	52	52	52	52	52	52	52	52	52	52	52	52	82	82	82	82	82	82	82	82	82	5	Columbia_Plateau	B	Summer	midlow	1
400512703	2019	0.10	A	22	82	82	22	82	82	22	82	82	22	82	82	22	82	82	22	82	82	22	82	82	5	Columbia_Plateau	B	Summer	low	0
400029947	2017	0.10	A	22	82	82	22	82	82	22	82	82	22	82	82	22	82	82	22	82	82	22	82	82	5	Columbia_Plateau	B	Summer	midlow	0
400029922	2017	0.10	A	42	42	42	42	42	42	42	42	42	42	42	42	42	42	42	42	42	42	42	42	42	5	Columbia_Plateau	B	Summer	mid	0
400601257	2020	25.00	C	22	23	22	22	23	22	22	23	22	22	22	22	22	22	22	22	22	22	22	22	22	31	North_Central_California_Footh	B	Fall	midlow	1
400313432	2018	17.60	C	52	52	52	52	52	52	52	52	52	52	52	52	52	52	52	52	52	52	52	52	52	5	Columbia_Plateau	B	Summer	mid	1
400108332	2017	0.75	B	71	71	71	71	71	71	71	71	71	71	71	71	71	71	71	71	71	71	71	71	71	5	Columbia_Plateau	B	Summer	mid	0
400631400	2020	17442.00	G	42	42	42	42	42	42	42	42	42	42	42	42	42	42	42	42	42	42	42	42	42	5	Columbia_Plateau	B	Summer	midhigh	1
400630431	2020	0.50	B	52	52	52	52	52	52	52	52	52	52	52	52	52	52	52	52	52	52	52	52	52	5	Columbia_Plateau	B	Summer	midlow	0
400631366	2020	2.00	B	71	52	52	71	52	52	71	52	52	71	52	52	71	52	52	71	52	52	71	52	52	5	Columbia_Plateau	B	Summer	low	0
400626113	2020	1.00	B	22	22	22	22	22	22	22	22	22	22	22	22	22	22	22	22	22	22	22	22	22	31	North_Central_California_Footh	B	Fall	midlow	0
400091470	2016	35.00	C	71	71	71	71	71	71	71	71	71	71	71	71	71	71	71	71	71	71	71	71	71	5	Columbia_Plateau	B	Summer	mid	1
400616076	2020	0.60	B	21	52	52	21	52	52	21	52	52	21	52	52	21	52	52	21	52	52	21	52	52	31	North_Central_California_Footh	B	Spring	low	0
400045679	2016	1.00	B	71	71	71	71	71	71	71	71	71	71	71	71	71	71	71	71	71	71	71	71	71	31	North_Central_California_Footh	B	Fall	low	0
300306579	2015	66.00	C	21	71	71	21	71	71	21	71	71	21	71	71	21	71	71	21	71	71	21	71	71	31	North_Central_California_Footh	B	Summer	low	1
400029833	2016	0.10	A	22	22	22	22	22	22	22	22	22	22	22	22	22	22	22	22	22	22	22	22	22	5	Columbia_Plateau	B	Summer	midlow	0
400302104	2018	0.10	A	42	42	42	42	42	42	42	42	42	42	42	42	42	42	42	42	42	42	42	42	42	5	Columbia_Plateau	B	Summer	midhigh	0
400029780	2016	0.10	A	22	82	82	22	82	82	22	82	82	22	82	82	22	82	82	22	82	82	22	82	82	5	Columbia_Plateau	B	Summer	midlow	0
400544917	2019	0.10	A	21	71	71	21	71	71	21	21	71	21	21	71	21	71	71	21	71	71	21	71	71	31	North_Central_California_Footh	B	Fall	low	0
400029714	2017	18.90	C	71	71	71	71	71	71	71	71	71	71	71	71	71	71	71	71	71	71	71	71	71	5	Columbia_Plateau	B	Summer	midlow	1
400512690	2019	0.50	B	82	82	82	82	82	82	82	82	82	82	82	82	82	82	82	82	82	82	82	82	82	5	Columbia_Plateau	B	Spring	midlow	0
400029712	2017	1168.70	F	23	52	52	23	52	52	23	52	52	23	52	52	23	52	52	23	52	52	23	52	52	5	Columbia_Plateau	B	Fall	low	1
400005535	2016	0.01	A	42	42	42	42	42	42	42	42	42	42	42	42	42	42	42	42	42	42	42	42	42	5	Columbia_Plateau	B	Summer	mid	0
400148671	2017	1.10	B	42	42	42	42	42	42	42	42	42	52	52	42	52	52	52	52	52	52	71	71	71	5	Columbia_Plateau	B	Summer	mid	0
400031390	2017	30648.00	G	71	71	71	71	71	71	71	71	71	71	71	71	71	71	71	71	71	71	71	71	71	5	Columbia_Plateau	B	Summer	midlow	1
400518016	2019	44.00	C	42	42	42	42	42	42	42	42	42	42	42	42	42	42	42	42	42	42	42	42	42	5	Columbia_Plateau	B	Summer	mid	1
400029838	2016	25.50	C	82	82	82	82	82	82	82	82	82	82	82	82	82	82	82	82	82	82	82	82	82	5	Columbia_Plateau	B	Summer	midlow	1
400149963	2017	18.00	C	22	71	71	22	71	71	71	71	71	71	71	71	71	71	71	71	71	71	71	71	71	31	North_Central_California_Footh	B	Fall	low	1
300216974	2015	8.20	B	71	71	71	71	71	71	71	71	71	71	71	71	71	71	71	71	71	71	71	71	71	5	Columbia_Plateau	B	Winter	mid	0
400599833	2020	0.10	A	21	71	71	21	71	71	21	71	71	21	71	71	21	71	71	21	71	71	21	71	71	31	North_Central_California_Footh	B	Summer	low	0
400544445	2019	15.50	C	52	22	52	52	52	52	52	52	52	52	52	11	52	11	52	52	11	11	52	11	11	5	Columbia_Plateau	B	Summer	low	1
400012465	2017	0.10	A	42	42	42	52	42	42	52	42	42	52	52	42	52	52	42	52	52	42	52	42	42	5	Columbia_Plateau	B	Fall	mid	0
400102627	2016	0.04	A	22	42	42	22	42	42	22	42	42	22	42	42	22	42	42	22	42	42	22	42	42	31	North_Central_California_Footh	B	Summer	midlow	0
400329557	2018	1.37	B	21	71	71	21	71	71	21	71	71	21	71	71	71	71	71	71	71	71	71	71	71	31	North_Central_California_Footh	B	Summer	low	0
400313519	2018	49.30	C	71	71	71	71	71	71	71	71	71	71	71	71	71	71	71	71	71	71	71	71	71	5	Columbia_Plateau	B	Summer	low	1
300306168	2015	145.00	D	71	71	71	71	71	71	71	71	71	71	71	71	71	71	71	71	71	71	31	82	82	31	North_Central_California_Footh	B	Summer	low	1
400593700	2020	0.10	A	23	23	23	23	23	23	23	23	23	22	23	23	22	23	23	22	23	23	22	23	23	31	North_Central_California_Footh	B	Summer	low	0
400597207	2020	278.00	D	23	22	22	23	22	22	23	22	22	23	22	22	22	22	22	22	22	22	22	22	22	31	North_Central_California_Footh	B	Summer	low	1
300215504	2015	3000.00	F	23	23	23	23	23	23	23	23	23	23	23	23	23	23	23	23	23	23	23	23	23	5	Columbia_Plateau	B	Summer	low	1
400049808	2016	0.10	A	21	42	52	21	42	52	42	42	42	42	42	42	42	42	42	42	42	42	42	42	42	5	Columbia_Plateau	B	Summer	mid	0
400094357	2016	156.00	D	82	82	82	82	82	82	82	82	82	82	82	82	82	82	82	82	82	82	82	82	82	5	Columbia_Plateau	B	Summer	low	1
300217267	2015	5.00	B	22	82	82	22	82	82	22	82	82	22	82	82	22	82	82	22	82	82	22	82	82	5	Columbia_Plateau	B	Summer	midlow	0
400305385	2018	0.10	A	42	42	42	42	42	42	42	42	42	42	42	42	42	42	42	42	42	42	42	42	42	5	Columbia_Plateau	B	Summer	midhigh	0
400612339	2020	1.00	B	23	23	23	23	23	23	23	23	23	22	22	22	22	22	22	22	22	22	22	22	22	31	North_Central_California_Footh	B	Summer	low	0
400313525	2018	0.30	B	22	71	71	22	71	71	22	71	71	22	71	71	22	82	71	22	82	82	22	82	82	5	Columbia_Plateau	B	Summer	midlow	0
300313423	2015	4.50	B	21	71	71	21	71	71	21	71	71	21	71	71	71	71	71	71	71	71	71	71	71	31	North_Central_California_Footh	B	Fall	low	0
400512740	2019	5.30	B	71	71	71	71	71	71	71	71	71	71	71	71	71	71	71	71	71	71	71	71	71	5	Columbia_Plateau	B	Summer	midlow	0
400564714	2019	0.10	A	71	71	71	42	71	52	42	52	52	42	52	52	42	52	52	42	52	52	42	52	52	5	Columbia_Plateau	B	Summer	mid	0
300217314	2015	0.10	A	22	82	82	22	82	82	22	82	82	22	82	82	22	82	82	22	52	52	22	52	52	5	Columbia_Plateau	B	Summer	midlow	0
400512725	2019	0.10	A	24	24	24	24	24	24	24	24	24	24	24	24	24	24	24	24	24	24	24	24	24	5	Columbia_Plateau	B	Summer	midlow	0
400631304	2020	564.00	E	42	42	42	42	42	42	42	42	42	42	42	42	42	42	42	42	42	42	42	42	42	5	Columbia_Plateau	B	Fall	midhigh	1
400223074	2017	386.00	E	22	22	22	22	22	22	22	22	22	22	22	81	22	22	81	22	22	81	22	22	81	5	Columbia_Plateau	B	Summer	midlow	1
400003382	2016	0.80	B	22	23	23	23	23	23	23	23	23	23	23	23	23	23	23	23	23	23	23	23	23	5	Columbia_Plateau	B	Summer	low	0
400156458	2017	15.20	C	71	71	71	52	52	52	52	52	52	52	52	52	52	52	52	52	52	52	52	52	52	31	North_Central_California_Footh	B	Summer	mid	1
400030002	2017	52.10	C	52	52	52	52	52	52	52	52	52	52	52	52	52	52	52	52	52	52	52	52	52	5	Columbia_Plateau	B	Fall	midlow	1
400313694	2018	3319.00	F	71	52	71	71	52	71	71	52	71	52	52	52	52	52	52	52	52	52	52	52	52	5	Columbia_Plateau	B	Fall	midlow	1
400026570	2017	0.10	A	71	71	71	71	71	71	71	71	71	71	71	71	71	71	71	71	71	71	71	71	71	5	Columbia_Plateau	B	Fall	midlow	0
400631296	2020	250.00	D	42	42	42	42	42	42	42	42	42	52	42	42	52	52	42	52	52	42	52	52	52	5	Columbia_Plateau	B	Summer	mid	1
400050260	2016	0.10	A	42	42	42	42	42	42	42	42	42	42	42	42	42	42	42	42	42	42	42	42	42	5	Columbia_Plateau	B	Fall	midhigh	0
400574372	2020	2.00	B	52	42	42	52	42	42	52	42	42	52	42	42	52	42	42	52	42	42	52	42	42	31	North_Central_California_Footh	B	Fall	low	0
400102435	2016	18.00	C	22	21	42	22	21	42	22	21	42	22	21	42	22	21	42	22	21	42	22	21	42	31	North_Central_California_Footh	B	Summer	low	1
400506459	2019	76825.00	G	23	52	52	31	52	52	31	52	52	31	52	52	31	52	52	31	52	52	31	52	52	31	North_Central_California_Footh	B	Fall	mid	1
400081843	2016	0.51	B	23	23	23	23	23	23	23	23	23	23	23	23	23	23	23	23	23	23	23	23	23	31	North_Central_California_Footh	B	Fall	low	0
400149785	2017	100.00	D	52	52	52	52	52	52	52	52	52	52	52	52	52	52	52	52	52	52	52	52	52	5	Columbia_Plateau	B	Summer	mid	1
400026405	2016	74.00	C	71	71	71	71	71	71	71	71	71	71	71	71	71	71	71	71	71	71	71	71	71	5	Columbia_Plateau	B	Spring	low	1
300220903	2015	0.25	A	42	42	42	42	42	42	42	42	42	42	42	42	42	42	42	42	42	42	42	42	42	5	Columbia_Plateau	B	Summer	midhigh	0
400512722	2019	1.50	B	22	22	22	22	22	22	22	22	22	22	82	82	22	82	82	22	82	82	22	82	82	5	Columbia_Plateau	B	Summer	low	0
400329565	2018	0.23	A	21	21	22	21	21	22	21	21	21	21	21	42	21	21	42	21	21	42	21	21	42	31	North_Central_California_Footh	B	Summer	low	0
400029958	2017	1.00	B	82	82	82	82	82	82	82	82	82	82	82	82	82	82	82	82	82	82	82	82	82	5	Columbia_Plateau	B	Summer	low	0
400342499	2018	14.00	C	21	71	71	21	71	71	21	71	71	21	71	71	21	71	71	21	71	71	21	71	71	31	North_Central_California_Footh	B	Spring	low	1
400371444	2018	87.00	C	71	71	71	71	71	71	71	71	71	71	71	71	71	71	71	71	71	71	71	71	71	5	Columbia_Plateau	B	Summer	mid	1
400631111	2020	5981.00	G	71	71	71	71	71	71	71	71	71	71	71	71	71	71	71	71	71	71	71	71	71	5	Columbia_Plateau	B	Summer	midlow	1
400616078	2020	10.00	C	23	23	23	23	23	23	23	23	23	23	23	23	23	22	23	23	22	23	23	22	22	31	North_Central_California_Footh	B	Summer	low	1
400003377	2016	0.10	A	23	11	11	23	11	11	23	11	11	23	11	11	23	11	11	23	11	11	23	11	11	5	Columbia_Plateau	B	Summer	low	0
400544646	2019	0.10	A	42	42	42	42	42	42	42	42	42	42	42	42	42	42	42	42	42	42	42	42	42	5	Columbia_Plateau	B	Summer	high	0
400313651	2018	3.00	B	22	52	71	22	52	71	22	52	71	22	52	71	22	52	71	22	52	71	22	52	71	5	Columbia_Plateau	B	Summer	midlow	0
400029920	2017	40.00	C	71	71	71	71	71	71	71	71	71	71	71	71	71	71	71	71	71	71	71	71	71	5	Columbia_Plateau	B	Summer	low	1
400332062	2018	10.00	C	22	21	21	22	21	21	22	21	21	22	21	21	22	21	21	22	21	21	22	21	21	31	North_Central_California_Footh	B	Summer	low	1
300217335	2015	0.10	A	22	82	82	22	82	82	22	82	82	22	82	82	22	82	82	22	82	82	22	82	82	5	Columbia_Plateau	B	Summer	low	0
400577156	2020	0.33	B	42	42	42	42	42	42	42	42	42	42	42	42	42	42	42	42	42	42	42	42	42	5	Columbia_Plateau	B	Summer	mid	0
300217285	2015	554.00	E	71	71	71	71	71	71	71	71	71	71	71	71	71	71	71	71	71	71	71	71	71	5	Columbia_Plateau	B	Summer	midlow	1
400631122	2020	0.10	A	71	52	52	71	42	42	71	42	42	71	42	42	71	42	42	71	42	42	71	42	42	5	Columbia_Plateau	B	Summer	midhigh	0
300217225	2015	763.70	E	22	52	52	22	52	52	22	52	52	22	52	52	22	52	52	22	52	52	22	52	52	5	Columbia_Plateau	B	Summer	mid	1
400029861	2016	1.00	B	22	82	82	22	82	82	22	82	82	22	82	82	22	82	82	22	82	82	22	82	82	5	Columbia_Plateau	B	Summer	midlow	0
400629623	2020	1837.00	F	21	71	71	21	71	71	21	71	71	21	71	71	21	71	71	21	71	71	21	71	71	31	North_Central_California_Footh	B	Summer	low	1
400582064	2020	19.00	C	22	22	22	22	22	22	22	22	22	22	22	22	22	22	22	22	22	22	22	22	22	31	North_Central_California_Footh	B	Spring	midlow	1
400016505	2017	2.50	B	21	52	52	52	52	52	52	52	52	52	52	52	52	52	52	52	52	52	52	52	52	31	North_Central_California_Footh	B	Summer	low	0
300347992	2015	24.00	C	52	52	52	52	52	52	52	52	52	52	52	52	52	52	52	52	52	52	52	52	52	31	North_Central_California_Footh	B	Summer	mid	1
300273806	2015	0.10	A	52	52	52	52	52	52	52	52	52	52	52	52	52	52	52	52	52	52	52	52	52	5	Columbia_Plateau	B	Fall	low	0
400029746	2016	0.20	A	82	82	82	82	82	82	82	82	82	82	82	82	82	82	82	82	82	82	82	82	82	5	Columbia_Plateau	B	Spring	low	0
400631373	2020	313.00	E	71	71	71	42	42	42	42	42	42	42	42	42	42	42	42	42	42	42	42	42	42	5	Columbia_Plateau	B	Summer	mid	1
400521107	2019	6.28	B	71	71	71	71	71	71	71	71	71	71	71	71	71	71	71	71	71	71	71	71	71	5	Columbia_Plateau	B	Summer	mid	0
400313585	2018	13.00	C	52	52	82	52	52	52	52	52	52	52	52	52	52	52	52	52	52	52	52	52	52	5	Columbia_Plateau	B	Spring	low	1
300209126	2015	25156.00	G	52	52	52	52	52	52	52	52	52	52	52	52	52	52	52	52	52	52	52	52	52	31	North_Central_California_Footh	B	Summer	midlow	1
400554363	2019	4000.00	F	71	71	71	71	71	71	71	71	71	71	71	71	71	71	71	71	71	71	71	71	71	5	Columbia_Plateau	B	Summer	midlow	1
300275158	2015	5.50	B	42	42	42	42	42	42	42	42	42	42	42	42	42	42	42	42	42	42	42	42	42	5	Columbia_Plateau	B	Fall	mid	0
400029796	2016	0.10	A	82	82	82	82	82	82	82	82	82	82	82	82	82	82	82	82	82	82	82	82	82	5	Columbia_Plateau	B	Summer	midlow	0
400512696	2019	0.10	A	52	82	82	52	82	82	82	82	82	82	82	82	82	82	82	82	82	82	82	82	82	5	Columbia_Plateau	B	Summer	midlow	0
400313505	2018	47.50	C	52	52	52	52	52	52	52	52	52	52	52	52	52	52	52	52	52	52	71	71	52	5	Columbia_Plateau	B	Summer	mid	1
400313610	2018	6.00	B	22	52	52	52	52	52	52	52	52	52	52	52	52	52	52	52	52	52	52	52	52	5	Columbia_Plateau	B	Summer	midlow	0
400016404	2016	24.00	C	52	52	52	52	52	52	52	52	52	52	52	52	52	52	52	52	52	52	52	52	52	31	North_Central_California_Footh	B	Summer	midlow	1
400105063	2016	1.00	B	71	71	71	52	52	52	52	52	52	52	52	52	52	52	52	52	71	52	52	52	52	31	North_Central_California_Footh	B	Summer	midlow	0
400104352	2016	0.02	A	22	52	52	22	52	52	21	42	52	21	42	42	21	42	42	21	42	42	21	42	42	31	North_Central_California_Footh	B	Summer	midlow	0
400099884	2016	0.01	A	22	71	71	22	71	71	22	71	71	22	71	71	22	71	71	22	71	71	22	71	71	31	North_Central_California_Footh	B	Spring	low	0
400092888	2016	0.25	A	21	23	42	52	23	42	52	52	42	52	52	42	52	52	42	52	52	42	52	52	42	5	Columbia_Plateau	B	Summer	mid	0
400029726	2017	0.10	A	71	71	71	71	71	71	71	71	71	71	71	71	71	71	71	71	71	71	71	71	71	5	Columbia_Plateau	B	Summer	midlow	0
300246081	2015	1.27	B	71	71	71	71	71	71	71	71	71	71	71	71	71	71	71	71	71	71	71	71	71	5	Columbia_Plateau	B	Summer	midlow	0
300308036	2015	2.00	B	21	71	71	21	71	71	21	71	71	21	71	71	21	71	71	21	71	71	21	71	71	31	North_Central_California_Footh	B	Fall	low	0
400147545	2017	15.00	C	22	71	71	22	71	71	22	71	71	22	71	71	22	71	71	22	71	71	22	71	71	5	Columbia_Plateau	B	Summer	mid	1
400631368	2020	0.25	A	52	52	52	52	52	52	52	52	52	52	52	52	52	52	52	52	52	52	52	52	52	5	Columbia_Plateau	B	Spring	midlow	0
300209128	2015	69363.00	G	71	52	52	52	52	52	52	52	52	52	52	52	52	52	52	52	52	52	52	52	52	31	North_Central_California_Footh	B	Summer	mid	1
400303146	2018	52.00	C	22	23	71	22	23	71	22	23	71	22	23	71	22	23	71	22	23	71	22	23	71	5	Columbia_Plateau	B	Summer	low	1
400511519	2019	2100.00	F	71	71	71	71	71	71	71	71	71	71	71	71	71	71	71	71	71	71	71	71	71	5	Columbia_Plateau	B	Summer	mid	1
400148796	2017	0.05	A	21	42	42	21	42	42	21	42	42	21	42	42	42	42	42	42	42	42	42	42	42	5	Columbia_Plateau	B	Summer	mid	0
400612019	2020	40.00	C	71	71	71	71	71	71	71	71	71	21	71	71	21	71	71	21	71	71	21	71	71	31	North_Central_California_Footh	B	Fall	low	1
400512734	2019	0.30	B	82	82	82	82	82	82	82	82	82	82	82	82	82	82	82	82	82	82	82	82	82	5	Columbia_Plateau	B	Summer	low	0
300325731	2015	0.20	A	22	71	71	22	71	71	21	71	52	21	71	52	21	71	52	21	71	71	21	71	71	31	North_Central_California_Footh	B	Summer	midlow	0
400313502	2018	214.60	D	52	52	52	52	52	52	52	52	52	52	52	52	52	52	52	52	52	52	52	52	52	5	Columbia_Plateau	B	Spring	midlow	1
400342424	2018	0.50	B	21	71	71	21	52	52	21	71	71	21	71	71	21	71	52	21	71	71	21	71	71	31	North_Central_California_Footh	B	Spring	low	0
300287137	2015	0.10	A	21	71	71	21	71	71	21	71	71	21	71	71	21	71	71	21	71	71	21	71	71	31	North_Central_California_Footh	B	Spring	midlow	0
400126877	2017	21.00	C	52	52	52	52	52	52	52	52	52	52	52	52	52	52	52	21	52	52	21	52	52	31	North_Central_California_Footh	B	Summer	midlow	1
400313532	2018	717.00	E	52	52	52	52	52	52	52	52	52	52	52	52	52	52	52	52	52	52	52	52	52	5	Columbia_Plateau	B	Summer	low	1
300209654	2015	18.00	C	52	52	52	52	52	52	52	52	52	52	52	52	52	52	52	52	52	52	52	52	52	31	North_Central_California_Footh	B	Summer	low	1
400506452	2019	2512.00	F	71	71	71	71	71	71	71	71	71	71	71	71	71	71	71	71	71	71	71	71	71	31	North_Central_California_Footh	B	Summer	low	1
400148580	2017	8.50	B	21	71	71	21	71	71	21	71	71	21	71	71	21	71	71	21	71	71	21	71	71	5	Columbia_Plateau	B	Summer	midlow	0
400541453	2019	180.00	D	71	71	71	71	71	71	71	71	71	71	71	71	71	71	71	71	71	71	71	71	71	5	Columbia_Plateau	B	Summer	mid	1
400531953	2019	0.10	A	23	23	23	23	23	23	23	23	23	23	23	23	21	21	71	52	42	71	52	42	71	31	North_Central_California_Footh	B	Fall	low	0
400629622	2020	5000.00	G	52	52	52	52	52	52	52	52	52	52	52	52	52	52	52	52	52	52	52	52	52	31	North_Central_California_Footh	B	Summer	midlow	1
400057611	2016	2.29	B	52	52	52	52	52	52	52	52	52	52	52	52	52	52	52	52	52	52	52	52	52	31	North_Central_California_Footh	B	Spring	mid	0
400564911	2019	4.50	B	22	22	21	22	22	21	22	22	21	22	22	21	22	22	21	22	22	21	22	22	21	31	North_Central_California_Footh	B	Spring	midlow	0
400156868	2017	13.34	C	71	71	71	71	71	71	71	71	71	71	71	71	71	71	71	71	71	71	71	71	71	31	North_Central_California_Footh	B	Fall	low	1
300244099	2015	0.01	A	42	42	42	42	42	42	42	42	42	42	42	42	42	42	42	42	42	42	42	42	42	31	North_Central_California_Footh	B	Spring	low	0
400503256	2019	0.10	A	42	42	42	42	42	42	42	42	42	42	42	42	42	42	42	42	42	42	42	42	42	5	Columbia_Plateau	B	Fall	mid	0
400369678	2018	135.00	D	71	71	52	71	71	52	71	71	52	71	71	52	71	71	52	71	71	52	71	71	52	5	Columbia_Plateau	B	Summer	mid	1
400584436	2020	16.60	C	42	42	42	42	42	42	42	42	42	42	42	42	42	42	42	42	42	42	42	42	42	31	North_Central_California_Footh	B	Spring	midlow	1
400631367	2020	0.10	A	71	71	71	71	71	71	71	71	71	71	71	71	71	71	71	71	71	71	71	71	71	5	Columbia_Plateau	B	Spring	low	0
400608389	2020	0.01	A	71	71	71	52	71	71	52	52	52	52	52	52	52	52	52	52	52	52	52	71	71	31	North_Central_California_Footh	B	Summer	midlow	0
400313697	2018	0.50	B	22	22	22	22	22	22	22	22	22	22	22	22	22	22	22	22	22	22	22	22	22	5	Columbia_Plateau	B	Fall	midlow	0
400389848	2018	12765.00	G	71	71	71	71	71	71	71	71	71	71	71	71	71	71	71	71	71	71	71	71	71	5	Columbia_Plateau	B	Fall	midlow	1
400029842	2016	0.10	A	71	71	71	71	71	71	71	71	71	71	71	71	71	71	71	71	71	71	52	71	71	5	Columbia_Plateau	B	Summer	midlow	0
400632904	2019	225.00	D	21	52	52	52	52	52	52	52	52	52	52	52	52	52	52	52	52	52	52	52	52	31	North_Central_California_Footh	B	Summer	midlow	1
400512634	2019	131.30	D	95	95	95	95	95	95	95	95	95	95	95	95	95	95	11	95	95	11	95	95	95	5	Columbia_Plateau	B	Spring	midlow	1
400512526	2019	25.70	C	22	52	52	22	52	52	22	52	52	22	52	52	22	52	52	22	52	52	22	52	52	5	Columbia_Plateau	B	Spring	low	1
400029696	2017	8729.00	G	71	71	71	71	71	71	71	71	71	71	71	71	71	71	71	71	71	71	71	71	71	5	Columbia_Plateau	B	Summer	mid	1
400631216	2020	0.30	B	71	71	82	71	21	82	71	82	82	71	82	82	71	82	82	82	82	82	71	82	82	5	Columbia_Plateau	B	Fall	mid	0
300307756	2015	0.01	A	22	52	71	22	52	71	22	71	71	22	71	71	22	71	71	22	71	71	22	71	71	31	North_Central_California_Footh	B	Summer	low	0
400629620	2020	112.00	D	21	71	52	21	52	52	21	52	52	21	52	52	21	52	52	21	52	52	21	52	52	31	North_Central_California_Footh	B	Spring	midlow	1
300269643	2015	0.50	B	71	71	71	71	71	71	71	71	71	71	71	71	71	71	71	71	71	71	71	71	71	31	North_Central_California_Footh	B	Summer	low	0
400514791	2019	19.28	C	71	71	71	71	71	71	71	71	71	71	71	71	71	71	71	71	71	71	71	71	71	5	Columbia_Plateau	B	Fall	mid	1
300217302	2015	35.00	C	71	71	52	52	71	52	52	71	52	52	71	52	52	71	52	52	71	52	82	82	82	5	Columbia_Plateau	B	Summer	midlow	1
400356432	2018	0.01	A	71	71	71	71	71	71	71	71	71	71	71	71	71	71	71	71	52	71	71	52	71	31	North_Central_California_Footh	B	Summer	low	0
400507579	2019	8838.00	G	52	52	52	52	52	52	52	52	52	52	52	52	52	52	52	52	52	52	52	52	52	31	North_Central_California_Footh	B	Fall	mid	1
400026571	2017	1200.00	F	71	71	71	71	71	71	71	71	71	71	71	71	71	71	71	71	71	71	71	71	71	5	Columbia_Plateau	B	Fall	midlow	1
400535075	2019	63.00	C	90	71	71	90	71	71	90	71	71	90	71	71	90	71	71	90	71	71	90	71	71	31	North_Central_California_Footh	B	Fall	low	1
400564520	2019	6515.00	G	71	71	71	71	71	71	71	71	71	71	71	71	71	71	71	71	71	71	71	71	71	5	Columbia_Plateau	B	Summer	mid	1
400518290	2019	0.59	B	22	22	21	22	22	71	22	22	71	22	22	71	22	22	71	22	22	71	22	22	71	31	North_Central_California_Footh	B	Fall	low	0
400512525	2019	111.00	D	52	52	52	52	52	52	52	52	52	52	52	52	52	52	52	52	52	52	52	52	52	5	Columbia_Plateau	B	Spring	midlow	1
400597437	2020	1.00	B	71	71	71	71	71	71	21	71	71	21	71	71	21	71	71	21	71	71	81	71	71	31	North_Central_California_Footh	B	Fall	low	0
400158880	2017	10.01	C	22	82	82	22	82	82	22	82	82	22	82	82	22	82	82	22	23	82	22	23	82	31	North_Central_California_Footh	B	Summer	low	1
400158872	2017	0.01	A	24	23	23	24	23	23	24	23	23	24	23	23	24	23	23	24	23	23	24	23	23	31	North_Central_California_Footh	B	Summer	low	0
400371225	2018	0.01	A	23	23	23	23	23	23	23	23	23	23	23	23	23	23	23	23	90	22	23	90	22	31	North_Central_California_Footh	B	Summer	low	0
400313643	2018	10.00	C	82	82	82	82	82	82	95	82	82	95	82	82	82	82	82	82	82	82	82	82	82	5	Columbia_Plateau	B	Summer	midlow	1
300202928	2015	0.10	A	52	42	42	52	42	42	52	42	42	52	42	42	52	42	42	52	42	42	52	42	42	5	Columbia_Plateau	B	Fall	midhigh	0
400029841	2016	1100.00	F	71	71	71	71	71	71	71	71	71	71	71	71	71	71	71	71	71	71	71	71	71	5	Columbia_Plateau	B	Summer	mid	1
400581972	2020	0.10	A	52	52	52	52	52	52	52	52	52	52	52	52	52	52	52	52	52	52	71	71	52	31	North_Central_California_Footh	B	Summer	midlow	0
300306590	2015	0.01	A	22	71	71	22	71	71	22	71	71	22	71	71	22	71	71	22	71	71	22	71	71	31	North_Central_California_Footh	B	Summer	low	0
400368569	2018	0.25	A	71	71	71	71	71	71	71	71	71	71	71	71	71	71	71	71	71	71	71	71	71	31	North_Central_California_Footh	B	Summer	low	0
400332063	2018	0.50	B	52	52	52	52	52	52	52	52	52	52	52	52	52	52	52	52	52	52	52	52	52	31	North_Central_California_Footh	B	Summer	low	0
400325824	2018	25.59	C	22	23	11	22	23	11	22	23	11	22	23	11	22	23	11	22	23	11	22	23	11	5	Columbia_Plateau	B	Summer	low	1
400513433	2019	41748.00	G	52	52	52	52	52	52	52	52	52	52	52	52	52	52	52	52	52	52	52	52	52	5	Columbia_Plateau	B	Summer	midlow	1
400029769	2016	0.30	B	22	82	82	22	82	82	22	82	82	22	82	82	22	82	82	22	82	82	22	82	82	5	Columbia_Plateau	B	Summer	midlow	0
400564690	2019	0.10	A	52	52	42	71	42	42	71	42	42	71	42	42	71	42	42	71	42	42	71	42	42	5	Columbia_Plateau	B	Summer	mid	0
300245538	2015	14.00	C	52	52	52	52	52	52	52	52	52	52	52	52	52	52	52	52	52	52	52	52	52	31	North_Central_California_Footh	B	Spring	low	1
400611300	2020	0.10	A	52	71	71	52	71	71	52	71	71	52	71	71	52	71	71	52	71	71	52	71	71	5	Columbia_Plateau	B	Summer	mid	0
400538060	2019	1.50	B	42	42	52	42	42	52	42	52	52	42	52	52	42	52	52	42	42	52	42	52	52	5	Columbia_Plateau	B	Spring	midlow	0
400146641	2017	120.00	D	71	71	71	71	71	71	71	71	71	71	71	71	71	71	71	71	71	71	71	71	71	5	Columbia_Plateau	B	Summer	mid	1
400368558	2018	10.07	C	71	71	71	71	71	71	71	71	71	71	71	71	71	71	71	71	71	71	71	71	71	31	North_Central_California_Footh	B	Summer	low	1
400313645	2018	10.00	C	11	11	95	11	11	11	11	11	11	11	11	11	11	11	11	11	11	11	11	11	11	5	Columbia_Plateau	B	Summer	midlow	1
400313529	2018	206.90	D	22	52	52	22	52	52	22	52	52	22	52	52	22	52	52	22	52	71	22	52	71	5	Columbia_Plateau	B	Summer	mid	1
400378128	2018	0.10	A	21	22	22	21	22	22	21	22	22	21	22	22	21	22	22	21	22	22	21	22	22	31	North_Central_California_Footh	B	Summer	midlow	0
400029819	2016	0.10	A	71	71	71	71	71	71	71	71	71	71	71	71	71	71	71	71	71	71	71	71	71	5	Columbia_Plateau	B	Summer	mid	0
300217294	2015	0.30	B	22	52	52	22	52	52	22	52	52	22	52	52	22	52	52	22	52	52	22	52	52	5	Columbia_Plateau	B	Summer	midlow	0
400382476	2018	23.25	C	21	71	71	21	71	71	21	71	71	21	71	71	21	71	71	21	71	71	21	71	71	31	North_Central_California_Footh	B	Summer	low	1
400512737	2019	0.20	A	71	71	71	71	71	71	71	71	71	71	71	71	71	71	71	71	71	52	52	71	52	5	Columbia_Plateau	B	Summer	midlow	0
400031182	2016	171915.00	G	71	71	71	52	71	71	52	52	52	52	52	52	52	52	52	52	52	52	52	52	52	5	Columbia_Plateau	B	Summer	mid	1
400313584	2018	2.00	B	23	52	52	23	52	52	23	52	52	23	52	52	23	52	52	23	52	52	23	52	52	5	Columbia_Plateau	B	Spring	midlow	0
400102943	2016	76.00	C	22	71	71	22	71	71	22	71	71	22	71	71	22	71	71	22	71	71	22	71	71	31	North_Central_California_Footh	B	Summer	low	1
400373153	2018	6.00	B	71	71	71	71	71	71	71	71	71	71	71	71	71	71	71	71	71	71	71	71	71	5	Columbia_Plateau	B	Fall	mid	0
300215428	2015	3024.00	F	71	71	71	71	71	71	71	71	71	71	71	71	71	71	71	71	71	71	71	71	71	5	Columbia_Plateau	B	Summer	mid	1
300307364	2015	10.30	C	52	52	52	52	52	52	52	52	52	52	52	52	52	52	52	52	52	52	52	52	52	31	North_Central_California_Footh	B	Summer	midlow	1
400387787	2018	0.01	A	52	71	71	52	71	71	52	71	71	52	71	71	52	71	71	52	71	71	52	71	71	31	North_Central_California_Footh	B	Spring	low	0
400156714	2017	18.20	C	21	71	71	21	71	71	21	71	71	21	71	71	71	71	71	71	71	71	71	71	71	31	North_Central_California_Footh	B	Summer	low	1
400029968	2017	60.00	C	95	11	82	95	11	95	95	95	95	95	95	95	95	11	95	95	95	95	95	95	95	5	Columbia_Plateau	B	Summer	midlow	1
400333028	2018	0.10	A	52	52	42	52	52	42	52	52	42	52	52	42	52	52	42	52	52	42	52	52	42	5	Columbia_Plateau	B	Summer	mid	0
400631285	2020	0.10	A	42	42	42	42	42	42	42	42	42	42	42	42	42	42	42	42	42	42	42	42	42	5	Columbia_Plateau	B	Summer	mid	0
400371214	2018	70.00	C	52	52	52	52	52	52	52	52	52	52	52	52	52	52	52	52	52	52	52	52	52	5	Columbia_Plateau	B	Summer	mid	1
400589708	2020	3.00	B	42	52	52	42	52	52	42	52	52	52	52	52	52	52	52	52	52	52	52	52	52	31	North_Central_California_Footh	B	Fall	low	0
400532039	2019	0.90	B	23	23	23	23	23	22	23	23	23	23	23	23	23	23	21	23	90	21	23	90	90	31	North_Central_California_Footh	B	Fall	low	0
400029911	2017	0.10	A	22	22	22	22	22	22	22	22	22	22	22	22	22	22	22	22	22	22	22	22	22	5	Columbia_Plateau	B	Summer	midlow	0
400513738	2020	32.10	C	52	52	52	52	52	52	52	52	52	52	52	52	52	52	52	52	52	52	71	52	52	5	Columbia_Plateau	B	Summer	low	1
400631591	2020	15.00	C	71	71	71	71	71	71	71	71	71	71	71	71	71	71	71	71	71	71	71	71	71	5	Columbia_Plateau	B	Summer	mid	1
300217339	2015	0.10	A	22	22	22	22	22	22	22	22	22	22	22	82	22	22	22	22	22	22	22	22	22	5	Columbia_Plateau	B	Summer	midlow	0
400029927	2017	22.00	C	22	71	71	22	71	71	22	71	71	22	71	71	22	71	71	22	71	71	22	71	71	5	Columbia_Plateau	B	Summer	midlow	1
400029890	2017	0.10	A	82	82	82	82	82	82	82	82	82	82	82	82	82	82	82	82	82	82	82	82	82	5	Columbia_Plateau	B	Spring	midlow	0
400029826	2016	79.50	C	71	71	71	71	71	71	71	71	71	71	71	71	71	71	71	71	71	71	71	71	71	5	Columbia_Plateau	B	Summer	midlow	1
400307064	2018	48920.00	G	52	52	52	52	52	52	52	52	52	52	52	52	52	52	52	52	52	52	52	52	52	31	North_Central_California_Footh	B	Summer	low	1
400584577	2020	18.00	C	21	22	22	21	22	22	21	22	22	21	22	22	21	22	22	21	22	22	21	22	22	31	North_Central_California_Footh	B	Summer	low	1
400139371	2017	15.71	C	42	42	42	42	42	42	42	42	42	42	42	42	42	42	42	42	42	42	42	42	42	31	North_Central_California_Footh	B	Fall	midlow	1
400126688	2017	0.20	A	52	71	71	52	71	71	52	71	71	52	71	71	52	71	71	52	71	71	52	71	71	5	Columbia_Plateau	B	Spring	mid	0
400373269	2018	13.30	C	71	71	71	71	71	71	71	71	71	71	71	71	71	71	71	71	71	71	71	71	52	5	Columbia_Plateau	B	Fall	mid	1
400313621	2018	0.80	B	82	82	82	82	82	82	82	82	82	82	82	82	82	82	82	82	82	82	82	82	82	5	Columbia_Plateau	B	Summer	midlow	0
400029739	2016	0.20	A	22	71	71	22	71	71	22	71	71	22	71	71	22	71	71	22	71	71	22	71	71	5	Columbia_Plateau	B	Spring	midlow	0
400356816	2018	0.25	A	23	22	22	23	22	22	23	22	22	23	22	22	23	22	22	23	22	22	23	22	22	31	North_Central_California_Footh	B	Summer	low	0
400623581	2020	20.00	C	23	22	23	23	22	23	23	22	23	22	22	23	22	22	23	22	22	23	22	22	23	31	North_Central_California_Footh	B	Summer	low	1
400313580	2018	0.50	B	82	82	82	82	82	82	82	82	82	82	82	82	82	82	82	82	82	82	82	82	82	5	Columbia_Plateau	B	Spring	low	0
400382683	2018	20.00	C	52	52	52	52	52	52	52	52	52	52	52	52	52	52	52	52	52	52	52	52	52	31	North_Central_California_Footh	B	Summer	low	1
400045689	2016	0.18	A	22	22	71	22	22	71	22	71	71	22	71	71	22	71	71	22	71	71	22	71	71	31	North_Central_California_Footh	B	Fall	low	0
300335741	2015	1.41	B	21	52	52	52	52	52	52	52	52	52	52	52	52	52	52	52	52	52	52	52	52	31	North_Central_California_Footh	B	Spring	midlow	0
300308459	2015	0.01	A	22	22	22	22	22	22	22	22	22	22	22	22	22	22	22	22	22	22	22	22	22	31	North_Central_California_Footh	B	Fall	low	0
400631084	2020	0.10	A	52	71	52	52	71	52	52	71	52	52	71	52	52	71	52	52	71	52	52	71	52	5	Columbia_Plateau	B	Fall	mid	0
400574671	2020	0.10	A	22	22	22	22	22	22	22	22	22	22	22	22	22	22	22	22	22	22	22	22	22	31	North_Central_California_Footh	B	Summer	low	0
400029795	2016	0.10	A	23	23	23	23	23	23	23	23	23	23	23	23	23	23	23	23	23	23	23	23	23	5	Columbia_Plateau	B	Summer	midlow	0
400029698	2017	300.00	E	71	71	71	71	71	71	71	71	71	71	71	71	71	71	71	71	71	71	71	71	71	5	Columbia_Plateau	B	Summer	mid	1
400313655	2018	656.00	E	22	71	71	22	71	71	22	71	71	22	71	71	22	71	71	22	71	71	22	71	71	5	Columbia_Plateau	B	Summer	midlow	1
300307003	2015	1.50	B	22	52	52	22	52	52	22	52	52	22	52	52	22	52	42	22	52	42	22	52	42	31	North_Central_California_Footh	B	Summer	midlow	0
400313647	2018	656.00	E	22	71	71	22	71	71	22	71	71	22	71	71	22	71	71	22	71	71	22	71	71	5	Columbia_Plateau	B	Summer	midlow	1
300202911	2015	0.10	A	42	42	42	42	42	42	42	42	42	42	42	42	42	42	42	42	42	42	42	42	42	5	Columbia_Plateau	B	Summer	midhigh	0
300217197	2015	15.00	C	52	52	82	52	52	52	52	52	52	52	52	52	52	52	52	71	52	52	71	52	52	5	Columbia_Plateau	B	Summer	low	1
400059375	2016	0.83	B	71	52	52	71	52	52	71	52	52	71	52	52	71	52	52	71	52	52	71	52	52	5	Columbia_Plateau	B	Spring	midlow	0
400629639	2020	55209.00	G	21	42	42	21	42	42	21	42	42	21	42	42	21	42	42	21	42	42	21	42	42	31	North_Central_California_Footh	B	Summer	midlow	1
400732911	2019	253.00	D	71	71	71	71	71	71	71	71	71	71	71	71	71	71	71	71	71	71	71	71	71	5	Columbia_Plateau	B	Summer	mid	1
400307067	2018	90288.00	G	82	82	82	82	82	82	82	82	82	82	82	82	82	82	82	82	82	82	82	82	82	31	North_Central_California_Footh	B	Summer	low	1
300248688	2015	193.25	D	71	71	71	71	71	71	71	71	71	71	71	71	71	71	71	71	71	71	71	71	71	5	Columbia_Plateau	B	Fall	midlow	1
400373793	2018	19.60	C	71	71	71	71	71	71	71	71	71	71	71	71	71	71	71	71	71	71	71	71	71	5	Columbia_Plateau	B	Fall	midlow	1
300341066	2015	0.10	A	21	21	22	21	21	22	21	21	21	21	21	21	21	21	21	21	21	22	21	21	22	31	North_Central_California_Footh	B	Winter	mid	0
400313604	2018	0.10	A	22	82	82	22	82	82	22	82	82	22	82	82	22	82	82	22	82	82	22	82	82	5	Columbia_Plateau	B	Summer	low	0
400026559	2017	350.00	E	52	52	52	52	52	52	52	52	52	52	52	52	52	52	52	52	52	52	82	82	82	5	Columbia_Plateau	B	Summer	mid	1
400554732	2019	0.10	A	52	71	71	52	71	71	52	71	71	52	71	71	52	71	71	52	71	71	52	71	71	5	Columbia_Plateau	B	Spring	mid	0
300217352	2015	0.10	A	23	82	82	23	82	82	82	82	82	82	82	82	82	82	82	82	82	82	82	82	82	5	Columbia_Plateau	B	Summer	midlow	0
400524783	2019	11.50	C	52	52	52	52	52	52	52	52	52	52	52	52	52	52	52	71	52	52	71	52	52	5	Columbia_Plateau	B	Summer	midlow	1
400551290	2019	0.30	B	42	42	42	42	42	42	42	42	42	42	42	42	42	42	42	42	42	42	42	42	42	5	Columbia_Plateau	B	Fall	mid	0
400503250	2019	0.10	A	42	42	42	42	42	42	42	42	42	42	42	42	42	42	42	42	42	42	42	42	42	5	Columbia_Plateau	B	Summer	midhigh	0
400237947	2017	500.00	E	71	71	71	71	71	71	71	71	71	71	71	71	71	71	71	71	71	71	71	71	71	5	Columbia_Plateau	B	Summer	mid	1
400501193	2019	0.25	A	42	42	42	42	42	42	42	42	42	42	42	52	42	52	52	42	52	52	42	42	42	5	Columbia_Plateau	B	Fall	mid	0
400631306	2020	0.10	A	42	42	42	42	42	42	42	42	42	42	42	42	42	42	42	42	42	42	52	42	42	5	Columbia_Plateau	B	Summer	mid	0
400512752	2019	20.00	C	42	42	42	42	42	42	42	42	42	42	42	42	42	42	42	42	42	42	42	42	42	5	Columbia_Plateau	B	Summer	midhigh	1
400631387	2020	0.85	B	42	42	42	42	42	42	42	42	42	42	42	42	42	42	42	42	42	42	42	42	42	5	Columbia_Plateau	B	Summer	low	0
400312315	2018	5877.00	G	52	52	71	52	52	52	52	52	52	52	52	52	52	52	52	52	52	52	52	52	52	5	Columbia_Plateau	B	Fall	low	1
400096247	2016	51.00	C	71	71	71	71	71	71	71	71	71	71	71	71	71	71	71	71	71	71	71	71	71	5	Columbia_Plateau	B	Summer	mid	1
400313552	2018	269.40	D	22	52	52	22	52	52	22	52	52	22	52	52	22	52	52	22	52	52	22	52	52	5	Columbia_Plateau	B	Fall	mid	1
400586026	2020	19.58	C	22	22	22	22	22	22	22	22	22	22	22	22	22	22	22	22	22	22	22	22	22	31	North_Central_California_Footh	B	Spring	midlow	1
400149786	2017	0.17	A	42	42	42	42	42	42	42	42	42	42	42	42	42	42	42	42	42	42	42	42	42	5	Columbia_Plateau	B	Summer	midhigh	0
400630445	2020	8.00	B	52	71	71	52	71	71	52	71	71	52	71	71	52	71	71	52	71	71	52	71	71	5	Columbia_Plateau	B	Summer	low	0
400512645	2019	50.00	C	71	52	52	71	52	52	71	52	52	71	52	52	71	52	52	71	71	52	71	71	52	5	Columbia_Plateau	B	Summer	midlow	1
400580620	2020	30.00	C	71	71	71	71	71	71	71	71	71	71	71	71	71	71	71	71	71	71	71	71	71	31	North_Central_California_Footh	B	Fall	low	1
400029891	2017	0.30	B	82	82	82	82	82	82	82	82	82	82	82	82	82	82	82	82	82	82	82	82	82	5	Columbia_Plateau	B	Spring	low	0
400619864	2020	154.00	D	22	52	52	22	52	52	22	52	52	22	52	52	22	52	52	22	52	52	22	52	52	31	North_Central_California_Footh	B	Spring	low	1
400619629	2020	21.00	C	21	71	71	21	71	71	81	81	81	21	81	81	21	81	81	21	81	81	21	81	81	31	North_Central_California_Footh	B	Summer	low	1
400106988	2017	80.00	C	71	71	71	71	71	71	71	71	71	71	71	71	71	71	71	71	71	71	71	71	71	5	Columbia_Plateau	B	Summer	mid	1
400313616	2018	0.50	B	71	71	71	71	71	71	71	71	71	71	71	71	71	71	71	71	71	71	71	71	71	5	Columbia_Plateau	B	Summer	midlow	0
400593383	2020	1.00	B	24	24	23	24	24	23	24	24	23	24	24	23	24	24	23	24	24	23	24	24	23	31	North_Central_California_Footh	B	Fall	midlow	0
400600295	2020	0.13	A	71	71	71	71	71	71	71	71	52	71	71	52	71	71	71	71	71	71	71	71	71	5	Columbia_Plateau	B	Fall	mid	0
400501243	2019	0.73	B	71	71	71	52	42	42	52	42	42	52	42	42	52	42	42	52	42	42	52	52	42	5	Columbia_Plateau	B	Spring	midlow	0
400574425	2020	0.20	A	22	22	22	22	22	22	22	22	22	22	22	22	22	22	22	22	22	22	22	22	22	31	North_Central_California_Footh	B	Spring	low	0
400387811	2018	0.25	A	52	52	52	52	52	52	52	52	52	52	52	52	52	52	52	52	52	52	52	52	42	31	North_Central_California_Footh	B	Summer	midlow	0
400343365	2018	12.00	C	52	52	52	52	52	52	52	52	52	52	52	52	52	52	52	52	52	52	52	52	52	31	North_Central_California_Footh	B	Spring	midlow	1
400548564	2019	0.01	A	23	23	23	23	23	23	23	23	23	23	23	23	23	23	23	23	23	23	23	23	23	31	North_Central_California_Footh	B	Spring	low	0
400506456	2019	20.00	C	42	42	42	42	42	42	42	42	42	42	42	42	42	42	42	42	42	42	42	42	42	31	North_Central_California_Footh	B	Summer	midlow	1
300232345	2015	0.01	A	42	52	52	42	52	52	42	52	52	42	52	52	42	52	52	42	52	52	42	52	52	5	Columbia_Plateau	B	Summer	mid	0
400146631	2017	0.25	A	11	11	11	11	11	11	11	11	11	11	11	11	11	11	11	11	11	11	11	11	11	5	Columbia_Plateau	B	Summer	low	0
300307590	2015	80.00	C	71	71	71	71	71	71	71	71	71	71	71	71	71	71	71	71	71	71	71	71	71	31	North_Central_California_Footh	B	Summer	low	1
400005536	2016	1383.00	F	52	42	42	52	42	42	42	42	42	42	42	42	42	42	42	42	42	42	42	42	42	5	Columbia_Plateau	B	Fall	mid	1
400029662	2016	41.40	C	52	52	52	52	52	52	52	52	52	52	52	52	52	52	52	52	52	52	52	52	52	5	Columbia_Plateau	B	Summer	midlow	1
400029668	2016	1689.40	F	52	71	71	52	71	71	52	71	71	52	71	71	52	71	71	52	71	71	52	71	71	5	Columbia_Plateau	B	Summer	mid	1
400511479	2019	781.00	E	82	82	82	82	82	82	82	82	82	82	82	82	82	82	82	82	82	82	82	82	82	5	Columbia_Plateau	B	Summer	mid	1
400148892	2017	0.04	A	22	42	42	22	42	42	22	42	42	22	42	42	22	42	42	22	42	42	22	42	42	31	North_Central_California_Footh	B	Summer	mid	0
400031022	2016	3.00	B	82	82	82	82	82	82	82	82	82	82	82	82	82	82	82	82	82	82	82	82	82	5	Columbia_Plateau	B	Summer	low	0
400015986	2017	36807.00	G	42	52	52	42	52	52	42	52	52	42	52	52	42	52	52	42	52	52	42	52	52	31	North_Central_California_Footh	B	Fall	low	1
400029830	2016	10.00	C	71	71	71	71	71	71	71	71	71	71	71	71	71	71	71	71	71	71	71	71	71	5	Columbia_Plateau	B	Summer	mid	1
400535237	2019	30.00	C	21	21	21	21	21	21	21	21	21	21	21	71	21	21	71	21	21	71	21	71	71	31	North_Central_California_Footh	B	Fall	midlow	1
300217244	2015	1980.20	F	52	52	52	52	52	52	52	52	52	52	52	52	52	52	52	52	52	52	52	52	52	5	Columbia_Plateau	B	Summer	mid	1
400147914	2017	25.00	C	82	82	82	82	82	82	71	71	71	71	71	71	82	82	82	82	71	71	71	71	71	5	Columbia_Plateau	B	Summer	mid	1
400313503	2018	19.70	C	52	52	52	52	52	52	52	52	52	52	52	52	52	52	52	52	52	52	52	52	52	5	Columbia_Plateau	B	Spring	midlow	1
300306675	2015	10.00	C	21	52	52	21	52	52	21	52	52	21	52	52	21	52	52	21	52	52	21	52	52	31	North_Central_California_Footh	B	Summer	midlow	1
400619984	2020	58.00	C	21	71	71	21	71	71	21	71	71	21	71	52	21	71	52	21	71	52	21	71	52	31	North_Central_California_Footh	B	Spring	low	1
400382477	2018	14.00	C	52	52	52	52	52	52	52	52	52	52	52	52	52	52	52	52	52	52	52	52	52	31	North_Central_California_Footh	B	Summer	mid	1
300273418	2015	1.20	B	52	52	42	52	52	42	52	52	42	52	52	42	22	42	71	22	42	42	22	42	42	5	Columbia_Plateau	B	Fall	low	0
400029973	2017	290.00	D	71	71	71	71	71	71	71	71	71	71	71	71	71	71	71	71	71	71	71	71	71	5	Columbia_Plateau	B	Summer	midlow	1
400157026	2017	97.50	C	21	71	71	21	71	71	21	71	71	71	71	71	71	71	71	71	71	71	71	71	71	31	North_Central_California_Footh	B	Fall	low	1
400316683	2018	420.00	E	71	71	71	71	71	71	71	71	71	71	71	71	71	71	71	71	71	71	71	71	71	5	Columbia_Plateau	B	Summer	midhigh	1
400383396	2018	155.00	D	52	52	52	52	52	52	52	52	52	52	52	52	52	52	52	52	52	52	52	52	52	31	North_Central_California_Footh	B	Summer	midlow	1
400029729	2016	1.00	B	82	82	82	52	82	82	52	52	82	52	82	82	82	82	82	82	82	82	82	82	82	5	Columbia_Plateau	B	Spring	midlow	0
400629617	2020	16.70	C	52	52	52	52	52	52	52	52	52	52	52	52	52	52	52	52	52	52	52	52	52	31	North_Central_California_Footh	B	Summer	low	1
400029831	2016	0.30	B	21	22	22	21	22	22	21	22	22	21	22	22	21	22	22	21	22	22	21	22	22	5	Columbia_Plateau	B	Summer	low	0
400158240	2017	100.00	D	52	52	52	52	52	52	52	52	52	52	52	52	52	52	52	52	52	52	52	52	52	31	North_Central_California_Footh	B	Summer	midlow	1
400127770	2017	12.00	C	21	71	71	21	71	71	21	71	71	21	71	71	21	71	71	71	71	71	71	71	71	31	North_Central_California_Footh	B	Summer	low	1
300220098	2015	0.10	A	52	52	52	52	71	71	52	71	71	71	42	42	42	42	42	42	42	42	42	42	42	5	Columbia_Plateau	B	Summer	mid	0
400630044	2020	0.10	A	22	81	81	22	81	81	22	81	81	22	81	81	22	81	81	22	81	81	22	81	81	5	Columbia_Plateau	B	Spring	mid	0
400629625	2020	172.60	D	22	71	71	22	52	52	22	52	52	22	52	52	22	52	52	22	52	52	22	52	52	31	North_Central_California_Footh	B	Summer	low	1
400002252	2016	1.50	B	22	22	22	22	22	22	22	22	22	22	22	22	22	22	22	22	21	22	22	22	22	5	Columbia_Plateau	B	Summer	low	0
400346402	2018	0.20	A	42	42	42	42	42	42	42	42	42	42	42	42	42	42	42	42	42	42	42	42	42	5	Columbia_Plateau	B	Summer	mid	0
400035536	2016	0.10	A	42	42	42	42	42	42	42	42	42	42	42	42	42	42	42	42	42	42	42	42	42	5	Columbia_Plateau	B	Summer	midhigh	0
400612029	2020	10.00	C	22	21	21	22	21	21	22	21	21	22	21	21	22	21	21	22	21	21	22	21	21	31	North_Central_California_Footh	B	Summer	midlow	1
400534703	2019	0.10	A	42	81	81	42	81	81	42	81	81	42	81	81	42	81	81	42	81	81	42	81	81	5	Columbia_Plateau	B	Spring	mid	0
300274930	2015	2.70	B	42	42	42	42	42	42	42	42	42	42	42	42	42	42	42	42	42	42	42	42	42	5	Columbia_Plateau	B	Fall	mid	0
400313660	2018	0.10	A	22	82	82	22	82	82	22	82	82	22	82	82	22	82	82	22	82	82	22	82	82	5	Columbia_Plateau	B	Summer	midlow	0
400029792	2016	0.10	A	71	71	71	71	52	52	52	52	52	71	52	52	82	82	82	82	82	82	71	82	82	5	Columbia_Plateau	B	Summer	midlow	0
400016526	2017	0.10	A	31	31	11	31	31	11	31	31	11	31	31	11	31	31	11	31	31	11	31	31	11	31	North_Central_California_Footh	B	Spring	low	0
300269983	2015	55.00	C	71	52	52	52	52	52	52	52	52	52	52	52	52	52	52	52	52	52	52	52	52	31	North_Central_California_Footh	B	Summer	midlow	1
400313501	2018	32.20	C	82	82	82	82	82	82	82	82	82	82	82	82	82	82	82	82	82	82	82	82	82	5	Columbia_Plateau	B	Spring	midlow	1
400303144	2018	0.75	B	71	71	71	71	71	71	71	71	71	71	71	71	71	71	71	71	71	71	71	71	71	5	Columbia_Plateau	B	Spring	low	0
400313534	2018	1841.80	F	22	22	22	22	22	22	22	22	22	22	22	22	22	22	22	22	22	22	22	22	22	5	Columbia_Plateau	B	Summer	midlow	1
400631134	2020	0.10	A	52	52	52	52	52	52	52	52	52	52	52	52	52	52	52	52	52	52	52	52	52	5	Columbia_Plateau	B	Summer	mid	0
400150080	2017	17.00	C	23	52	52	52	52	52	52	52	52	52	52	52	52	52	52	23	71	71	23	71	71	5	Columbia_Plateau	B	Fall	mid	1
400368368	2018	75.00	C	52	71	71	21	71	71	21	71	71	21	71	71	21	71	71	21	71	71	21	71	71	31	North_Central_California_Footh	B	Spring	midlow	1
400618556	2020	0.50	B	22	23	23	22	23	23	22	23	23	22	23	23	22	23	23	22	22	21	22	22	71	31	North_Central_California_Footh	B	Spring	low	0
400548014	2019	24.00	C	21	52	52	21	52	52	21	52	52	21	52	52	21	52	52	52	52	52	52	52	52	31	North_Central_California_Footh	B	Summer	low	1
300306833	2015	11.00	C	21	52	52	21	52	52	21	52	52	21	52	52	21	52	52	21	52	52	21	52	52	31	North_Central_California_Footh	B	Summer	low	1
400030020	2017	0.10	A	52	52	52	52	52	52	52	52	52	52	52	52	52	82	82	82	82	82	82	82	82	5	Columbia_Plateau	B	Fall	midlow	0
400049842	2016	0.10	A	42	42	42	42	42	42	42	42	42	42	42	42	42	42	42	42	42	42	42	42	42	5	Columbia_Plateau	B	Summer	midhigh	0
400312200	2018	0.10	A	11	52	71	11	52	71	11	52	71	11	52	71	11	52	71	11	52	71	11	52	71	5	Columbia_Plateau	B	Spring	low	0
400151014	2017	1192.00	F	52	52	52	52	52	52	52	52	52	52	52	52	52	52	52	52	52	52	52	52	52	5	Columbia_Plateau	B	Summer	mid	1
400150268	2017	92.00	C	42	42	42	42	42	42	42	42	42	42	42	42	52	42	52	52	52	52	52	52	52	5	Columbia_Plateau	B	Summer	midhigh	1
400090436	2016	464.00	E	71	71	71	71	71	71	71	71	71	71	71	71	71	71	71	71	71	71	71	71	71	31	North_Central_California_Footh	B	Summer	midlow	1
300306997	2015	0.25	A	71	71	71	71	71	71	21	71	71	21	71	71	21	71	71	21	71	71	21	71	71	31	North_Central_California_Footh	B	Summer	low	0
400303104	2018	0.10	A	42	42	42	42	42	42	42	42	42	42	42	42	42	42	42	42	42	42	42	42	42	5	Columbia_Plateau	B	Summer	mid	0
300217298	2015	0.30	B	82	82	82	82	82	82	82	82	82	82	82	82	82	82	82	82	82	82	82	82	82	5	Columbia_Plateau	B	Summer	midlow	0
400148344	2017	1802.00	F	71	71	71	71	71	71	71	71	71	71	71	71	71	71	71	71	71	71	71	71	71	5	Columbia_Plateau	B	Summer	midlow	1
400631337	2020	0.10	A	90	90	90	90	90	90	90	90	90	90	90	90	90	90	90	90	90	90	90	90	90	5	Columbia_Plateau	B	Spring	mid	0
300217392	2015	0.30	B	22	82	81	82	82	82	82	82	82	82	82	82	82	82	82	82	82	82	82	82	82	5	Columbia_Plateau	B	Summer	midlow	0
400222961	2017	1660.00	F	95	82	82	82	82	82	82	82	82	82	82	82	82	82	82	82	82	82	82	82	82	31	North_Central_California_Footh	B	Fall	unknown	1
400554535	2019	0.10	A	42	42	42	52	42	42	52	52	52	52	52	52	52	42	42	52	52	42	52	52	52	5	Columbia_Plateau	B	Summer	midhigh	0
400104364	2016	54.00	C	21	42	42	21	42	42	21	42	42	21	42	42	21	42	42	21	42	42	21	42	42	31	North_Central_California_Footh	B	Fall	low	1
400059463	2016	11.00	C	71	52	52	52	52	52	52	52	52	52	52	52	52	52	52	52	52	52	52	71	52	31	North_Central_California_Footh	B	Spring	mid	1
400009860	2017	2.78	B	71	71	71	71	71	71	71	71	71	71	71	71	71	71	71	71	71	71	71	71	71	5	Columbia_Plateau	B	Summer	low	0
400313522	2018	3436.60	F	11	11	11	11	11	11	11	11	11	11	11	11	11	11	11	11	11	11	11	11	11	5	Columbia_Plateau	B	Summer	low	1
300245179	2015	0.01	A	21	52	21	21	52	21	21	52	21	21	52	52	52	52	52	52	52	52	52	52	52	31	North_Central_California_Footh	B	Spring	mid	0
400045929	2016	85.50	C	71	71	71	71	71	71	71	71	71	71	71	71	71	71	71	71	71	71	71	71	71	31	North_Central_California_Footh	B	Summer	low	1
400029943	2017	0.50	B	22	22	22	82	22	22	22	22	22	81	81	22	81	81	22	81	81	22	81	81	22	5	Columbia_Plateau	B	Summer	midlow	0
400312213	2018	15.00	C	71	71	71	71	71	71	71	71	71	71	71	71	71	71	71	71	71	71	71	71	71	5	Columbia_Plateau	B	Summer	mid	1
300232435	2015	0.32	B	43	22	90	43	22	90	43	22	90	43	22	90	42	22	90	42	22	90	42	22	90	5	Columbia_Plateau	B	Summer	low	0
300217331	2015	0.10	A	22	22	22	22	22	22	22	22	22	22	22	22	22	22	22	22	22	22	22	22	22	5	Columbia_Plateau	B	Summer	midlow	0
400156734	2017	11.00	C	71	71	71	71	71	71	71	71	71	71	71	71	71	71	71	71	71	71	71	71	71	31	North_Central_California_Footh	B	Summer	low	1
300232572	2015	93.20	C	22	52	52	22	52	52	22	52	52	22	52	52	22	52	52	22	52	52	22	52	52	5	Columbia_Plateau	B	Summer	midlow	1
400592467	2020	23.00	C	82	82	82	82	82	82	82	82	82	82	82	71	82	82	71	82	82	71	71	71	71	5	Columbia_Plateau	B	Spring	mid	1
400593414	2020	20.00	C	23	23	23	23	23	22	23	23	22	23	23	22	23	23	22	23	23	22	23	23	22	31	North_Central_California_Footh	B	Summer	low	1
400102556	2016	0.50	B	52	52	52	52	52	52	52	52	52	52	52	52	52	52	52	52	52	52	52	52	52	31	North_Central_California_Footh	B	Summer	midlow	0
400512748	2019	35.00	C	52	52	52	52	52	52	52	52	52	52	52	52	52	52	52	52	52	52	52	52	52	5	Columbia_Plateau	B	Summer	midlow	1
400116536	2017	55.00	C	71	71	71	71	71	71	71	71	71	71	71	71	71	71	71	71	71	71	71	71	71	31	North_Central_California_Footh	B	Fall	low	1
400303156	2018	15.00	C	42	42	42	42	42	42	52	52	52	52	52	52	52	52	52	52	52	52	42	42	42	5	Columbia_Plateau	B	Summer	mid	1
400313705	2018	22.50	C	82	82	82	82	82	82	82	82	82	82	82	82	82	82	82	82	82	82	82	82	82	5	Columbia_Plateau	B	Fall	midlow	1
300243816	2015	240.00	D	22	42	52	22	42	52	22	42	52	22	42	52	22	42	52	22	42	52	22	42	52	31	North_Central_California_Footh	B	Spring	midlow	1
400601005	2020	0.10	A	22	23	23	22	23	23	22	23	23	22	23	23	22	23	23	22	23	23	22	23	23	31	North_Central_California_Footh	B	Summer	low	0
400029853	2016	0.20	A	82	82	82	82	82	82	81	81	82	81	81	82	81	81	82	81	81	81	81	81	81	5	Columbia_Plateau	B	Summer	midlow	0
400049747	2016	0.10	A	42	42	42	42	42	42	42	42	42	42	42	42	42	42	42	42	42	42	42	42	42	5	Columbia_Plateau	B	Summer	midhigh	0
400313666	2018	0.10	A	82	82	82	82	82	82	82	82	82	82	82	82	82	82	82	82	82	82	82	82	82	5	Columbia_Plateau	B	Summer	low	0
300248217	2015	2.00	B	52	52	42	52	52	42	52	52	52	52	52	52	52	52	52	52	52	52	52	52	52	5	Columbia_Plateau	B	Fall	midhigh	0
400105114	2016	5.00	B	23	22	21	23	71	71	23	71	71	23	71	71	23	71	71	23	22	71	23	71	71	31	North_Central_California_Footh	B	Summer	low	0
400584422	2020	2.00	B	23	23	22	23	23	22	23	23	22	23	23	22	23	23	22	23	23	22	23	23	22	31	North_Central_California_Footh	B	Summer	midlow	0
400102552	2016	1.30	B	52	52	52	52	52	52	52	52	52	52	52	52	52	52	52	52	52	52	52	52	52	31	North_Central_California_Footh	B	Summer	low	0
400132476	2017	0.10	A	42	42	42	42	42	42	52	42	42	52	42	42	52	52	42	52	52	42	52	52	42	31	North_Central_California_Footh	B	Summer	mid	0
400313664	2018	3.00	B	22	22	22	22	22	22	22	22	22	22	22	22	22	22	22	22	22	22	22	22	22	5	Columbia_Plateau	B	Summer	midlow	0
400133935	2017	0.01	A	22	82	71	22	82	71	22	82	71	22	82	71	22	82	71	22	82	71	22	82	71	31	North_Central_California_Footh	B	Fall	low	0
400358820	2018	0.10	A	42	42	42	42	42	42	42	42	42	42	42	42	42	42	42	42	42	42	42	42	42	31	North_Central_California_Footh	B	Summer	low	0
400012484	2017	0.10	A	42	42	42	42	42	42	42	42	42	42	42	42	42	42	42	42	42	42	42	42	42	5	Columbia_Plateau	B	Summer	midhigh	0
400303110	2018	0.10	A	42	42	42	42	42	42	42	42	42	42	42	42	42	42	42	42	42	42	42	42	42	5	Columbia_Plateau	B	Spring	mid	0
400154305	2017	0.01	A	21	52	52	21	52	52	71	52	52	71	52	52	71	52	52	71	52	52	71	52	52	31	North_Central_California_Footh	B	Fall	low	0
400049481	2016	0.02	A	22	81	42	22	81	42	22	81	81	22	81	81	22	81	81	22	81	81	22	81	81	5	Columbia_Plateau	B	Summer	low	0
300306341	2015	6.00	B	22	22	22	22	22	22	22	22	22	22	22	22	22	22	22	22	22	22	22	22	22	31	North_Central_California_Footh	B	Summer	low	0
300217414	2015	0.10	A	22	82	82	22	82	82	22	82	82	22	82	82	22	82	82	22	82	82	22	82	82	5	Columbia_Plateau	B	Summer	low	0
400561207	2019	0.76	B	21	52	52	21	52	52	21	52	52	21	52	52	21	52	52	71	52	52	71	52	52	5	Columbia_Plateau	B	Summer	midhigh	0
400512704	2019	0.50	B	82	82	82	82	82	82	82	82	82	82	82	82	82	82	82	82	82	82	82	82	82	5	Columbia_Plateau	B	Summer	midlow	0
400029785	2016	0.10	A	22	82	82	22	82	82	22	82	82	22	82	82	22	82	82	22	82	82	22	82	82	5	Columbia_Plateau	B	Summer	low	0
400012456	2017	0.01	A	42	42	42	42	42	42	42	42	42	42	42	42	42	42	42	42	42	42	42	42	42	5	Columbia_Plateau	B	Summer	midhigh	0
400512727	2019	0.10	A	22	52	52	22	52	52	22	52	52	22	52	52	22	52	52	22	52	52	22	52	52	5	Columbia_Plateau	B	Summer	midlow	0
400370365	2018	0.10	A	71	71	71	71	71	71	71	71	71	71	71	71	71	71	71	71	71	71	71	71	71	5	Columbia_Plateau	B	Summer	mid	0
400313695	2018	0.10	A	22	82	82	22	82	82	22	82	82	22	82	82	21	82	82	21	82	82	82	82	82	5	Columbia_Plateau	B	Fall	midlow	0
400320496	2018	0.02	A	52	82	82	52	82	82	52	82	82	52	82	82	52	82	82	52	82	82	52	71	71	5	Columbia_Plateau	B	Summer	midlow	0
400088979	2016	0.10	A	71	71	71	71	71	71	71	71	71	71	71	71	71	71	71	71	71	71	71	71	71	5	Columbia_Plateau	B	Spring	mid	0
400104080	2016	0.10	A	21	71	71	21	71	71	21	71	71	21	71	71	21	71	71	21	71	71	21	71	71	31	North_Central_California_Footh	B	Winter	midlow	0
400513472	2019	0.10	A	22	52	52	22	52	52	22	52	52	22	52	52	22	52	52	22	52	52	22	52	52	5	Columbia_Plateau	B	Summer	low	0
400513814	2020	0.50	B	71	52	52	71	52	52	71	52	52	71	52	52	71	52	52	71	52	52	71	52	52	5	Columbia_Plateau	B	Summer	low	0
400514659	2019	0.10	A	52	42	42	52	42	42	52	42	42	52	42	42	52	52	42	52	52	42	52	52	42	5	Columbia_Plateau	B	Spring	mid	0
400374470	2018	1.16	B	21	52	71	21	52	71	21	52	71	21	52	71	21	52	71	21	52	71	21	52	71	31	North_Central_California_Footh	B	Fall	midlow	0
400600006	2020	0.10	A	22	52	52	22	52	52	22	52	52	22	52	52	22	52	52	22	52	52	22	52	52	5	Columbia_Plateau	B	Summer	midlow	0
400116525	2017	0.05	A	52	52	52	52	52	52	52	52	52	52	52	52	52	52	52	52	52	52	52	52	52	31	North_Central_California_Footh	B	Spring	midlow	0
400513737	2020	0.10	A	52	52	52	52	52	52	52	52	52	52	52	52	52	52	52	52	52	52	52	52	52	5	Columbia_Plateau	B	Summer	low	0
400029794	2016	0.30	B	22	22	22	22	22	82	22	22	82	22	22	82	22	22	82	22	22	22	22	22	22	5	Columbia_Plateau	B	Summer	midlow	0
400524725	2019	0.33	B	52	52	52	52	52	52	52	52	52	52	52	52	52	52	52	52	52	52	52	52	52	5	Columbia_Plateau	B	Summer	mid	0
400012469	2017	2.00	B	42	42	42	42	42	42	42	42	42	42	42	42	42	42	42	42	42	42	42	42	42	5	Columbia_Plateau	B	Summer	high	0
400029938	2017	2.00	B	21	82	82	21	82	82	21	82	82	21	82	82	21	82	82	21	82	82	21	82	82	5	Columbia_Plateau	B	Summer	midlow	0
400315019	2018	0.10	A	52	52	52	52	52	52	52	52	52	52	52	52	52	52	52	52	52	52	52	52	52	5	Columbia_Plateau	B	Spring	mid	0
300307738	2015	6.00	B	21	52	52	21	52	52	21	52	52	21	52	52	21	52	52	21	52	52	21	52	52	31	North_Central_California_Footh	B	Summer	midlow	0
300320958	2015	0.01	A	24	24	23	24	24	23	23	23	23	23	23	23	23	24	23	23	24	23	21	23	23	31	North_Central_California_Footh	B	Summer	low	0
400029847	2016	0.10	A	71	71	71	71	71	71	71	71	71	71	71	71	71	71	71	71	71	71	71	71	71	5	Columbia_Plateau	B	Summer	midlow	0
300306053	2015	9.00	B	23	23	23	23	23	23	23	23	23	22	23	22	22	23	22	22	23	22	22	23	22	31	North_Central_California_Footh	B	Summer	low	0
400313704	2018	2.00	B	52	52	52	52	52	52	52	52	52	52	52	52	52	52	52	71	71	71	71	71	71	5	Columbia_Plateau	B	Fall	midlow	0
400324237	2018	0.44	B	82	82	82	82	82	82	82	82	82	82	82	82	82	82	82	82	82	82	82	82	82	31	North_Central_California_Footh	B	Spring	low	0
400604768	2020	0.25	A	22	21	22	22	21	22	22	21	22	22	21	22	22	21	22	22	21	22	22	21	22	31	North_Central_California_Footh	B	Fall	low	0
400501925	2019	0.30	B	90	81	21	90	81	21	90	81	21	95	81	42	95	81	42	95	81	42	95	81	42	5	Columbia_Plateau	B	Summer	low	0
400081840	2016	0.01	A	23	23	23	23	23	23	23	23	23	23	23	23	23	23	23	22	22	22	22	22	22	31	North_Central_California_Footh	B	Spring	low	0
400370425	2018	5.10	B	71	71	71	52	52	52	52	52	52	52	52	52	52	52	52	52	52	52	52	52	52	5	Columbia_Plateau	B	Summer	midlow	0
300217358	2015	0.10	A	82	82	82	82	82	82	82	82	82	82	82	82	82	82	82	82	82	82	82	82	82	5	Columbia_Plateau	B	Summer	midlow	0
400600180	2020	4.75	B	42	42	42	42	42	42	42	52	42	42	42	42	42	42	42	42	42	42	42	42	42	5	Columbia_Plateau	B	Spring	mid	0
400029904	2017	0.10	A	22	82	82	22	82	82	22	82	82	22	82	82	22	82	82	22	82	82	22	82	82	5	Columbia_Plateau	B	Summer	midlow	0
400029471	2016	0.10	A	23	52	52	23	52	52	23	52	52	23	52	52	22	82	82	22	52	52	22	52	52	5	Columbia_Plateau	B	Summer	midlow	0
400059474	2016	0.10	A	42	42	52	42	42	52	42	42	52	42	42	52	42	42	52	42	42	52	42	42	52	5	Columbia_Plateau	B	Spring	mid	0
400592258	2020	0.10	A	90	90	71	90	90	71	90	42	42	90	42	42	90	42	42	90	42	42	90	42	42	5	Columbia_Plateau	B	Spring	mid	0
400347979	2018	0.01	A	52	22	42	52	22	42	52	22	42	52	22	42	52	22	42	52	22	42	52	22	42	5	Columbia_Plateau	B	Fall	low	0
400029950	2017	0.10	A	22	52	52	22	52	52	22	52	52	22	52	52	22	52	52	22	52	52	22	52	52	5	Columbia_Plateau	B	Summer	midlow	0
400113610	2017	8.00	B	52	52	52	52	52	52	52	52	52	52	52	52	52	52	52	52	52	52	52	52	52	31	North_Central_California_Footh	B	Summer	low	0
300217280	2015	1.00	B	22	22	52	22	22	52	22	22	52	22	22	52	22	22	52	22	22	52	22	22	52	5	Columbia_Plateau	B	Summer	midlow	0
400029808	2016	0.10	A	22	22	22	22	22	22	22	22	22	22	22	22	22	22	22	22	22	22	22	22	22	5	Columbia_Plateau	B	Summer	midlow	0
400026439	2016	3.00	B	71	71	71	71	71	71	71	71	71	71	71	71	71	71	71	71	71	71	71	71	71	5	Columbia_Plateau	B	Summer	midlow	0
400619873	2020	1.00	B	22	22	22	22	22	22	22	22	22	22	22	22	22	22	22	22	22	22	22	22	22	31	North_Central_California_Footh	B	Fall	midlow	0
400631369	2020	0.10	A	23	11	71	23	11	71	23	11	71	23	11	71	23	11	71	23	11	71	23	11	71	5	Columbia_Plateau	B	Summer	low	0
400513471	2019	0.20	A	52	52	52	52	52	52	52	52	52	52	52	52	52	52	52	52	52	52	52	52	52	5	Columbia_Plateau	B	Summer	low	0
400029926	2017	1.00	B	22	82	82	22	95	82	22	95	95	22	95	82	22	82	82	22	95	95	22	95	95	5	Columbia_Plateau	B	Summer	low	0
400128746	2017	0.01	A	71	42	42	71	42	42	71	42	42	71	42	42	71	42	42	71	42	42	71	42	42	5	Columbia_Plateau	B	Fall	midlow	0
400088582	2016	0.01	A	22	52	52	22	52	42	22	42	42	22	42	42	22	42	42	22	42	42	22	42	42	5	Columbia_Plateau	B	Spring	midlow	0
400061275	2016	0.10	A	21	71	71	21	71	71	21	71	71	21	71	71	21	71	71	21	71	71	21	71	71	31	North_Central_California_Footh	B	Summer	low	0
400128851	2017	0.25	A	71	71	71	71	71	71	71	71	71	71	71	71	71	71	71	71	71	71	71	71	71	31	North_Central_California_Footh	B	Fall	low	0
300217252	2015	0.20	A	22	52	52	22	52	52	22	52	52	22	52	52	22	52	52	22	52	52	22	52	52	5	Columbia_Plateau	B	Spring	low	0
400029755	2016	8.00	B	82	82	82	82	82	82	82	82	82	82	82	82	82	82	82	82	82	82	82	82	82	5	Columbia_Plateau	B	Spring	low	0
300217416	2015	0.10	A	22	95	82	22	82	95	22	95	95	22	95	95	22	95	95	22	95	81	22	95	81	5	Columbia_Plateau	B	Summer	midlow	0
400153290	2017	0.01	A	21	42	42	21	42	42	21	52	52	21	52	52	21	52	52	21	42	42	21	42	42	31	North_Central_California_Footh	B	Summer	mid	0
400541388	2019	0.10	A	42	42	42	42	42	42	42	42	42	42	42	42	42	42	42	42	42	42	42	42	42	5	Columbia_Plateau	B	Fall	mid	0
400551384	2019	0.10	A	22	52	52	22	52	52	22	52	52	22	52	52	22	52	52	22	52	52	22	52	52	5	Columbia_Plateau	B	Spring	mid	0
400584791	2020	0.50	B	52	52	52	52	52	52	52	52	52	52	52	52	52	52	52	22	52	52	22	52	52	5	Columbia_Plateau	B	Spring	mid	0
300323492	2015	0.01	A	52	52	52	52	52	52	52	52	52	52	52	52	52	52	52	52	52	52	52	52	52	31	North_Central_California_Footh	B	Fall	low	0
400009864	2017	1.00	B	22	22	23	22	22	23	22	22	23	22	22	23	22	22	23	22	22	23	22	22	23	5	Columbia_Plateau	B	Summer	low	0
400114523	2017	0.33	B	21	71	71	21	71	71	21	71	71	21	71	71	21	71	71	21	71	71	21	71	71	31	North_Central_California_Footh	B	Fall	low	0
300235036	2015	0.01	A	52	42	42	52	42	42	52	42	42	52	42	42	42	42	42	42	42	42	42	42	42	5	Columbia_Plateau	B	Summer	mid	0
400105121	2016	2.93	B	21	71	71	22	71	71	22	71	71	22	71	71	22	71	71	22	71	71	22	71	71	31	North_Central_California_Footh	B	Summer	low	0
300217247	2015	0.10	A	22	81	81	22	81	81	21	81	81	21	81	81	21	81	81	21	81	81	21	81	81	5	Columbia_Plateau	B	Winter	midlow	0
400586081	2020	3.00	B	23	22	22	23	22	22	23	22	22	23	22	22	22	22	22	22	21	22	22	21	22	31	North_Central_California_Footh	B	Summer	low	0
400345786	2018	1.60	B	71	71	42	71	71	42	71	71	52	71	71	52	71	71	52	71	71	52	71	71	52	5	Columbia_Plateau	B	Spring	mid	0
400577149	2020	0.10	A	52	71	71	52	71	71	52	71	71	52	71	71	52	71	71	52	71	71	52	71	71	5	Columbia_Plateau	B	Fall	midhigh	0
400558458	2019	1.00	B	21	71	71	21	71	71	21	71	71	21	71	71	21	71	71	21	71	71	21	71	71	31	North_Central_California_Footh	B	Spring	low	0
400501212	2019	0.10	A	42	42	42	42	42	42	42	42	42	42	42	42	42	42	42	42	42	42	42	42	42	5	Columbia_Plateau	B	Fall	midhigh	0
400599842	2020	0.10	A	71	71	71	71	71	71	71	71	71	71	71	71	71	71	71	71	71	71	71	71	71	5	Columbia_Plateau	B	Spring	midlow	0
400029758	2016	1.00	B	52	52	52	52	52	52	52	52	52	52	52	52	52	52	52	71	52	52	71	52	52	5	Columbia_Plateau	B	Spring	midlow	0
300239464	2015	0.01	A	42	42	42	42	42	42	42	42	42	42	42	42	42	42	42	42	42	42	42	42	42	5	Columbia_Plateau	B	Spring	mid	0
400528130	2019	0.10	A	42	52	52	42	52	52	42	52	52	42	52	52	42	52	52	42	52	52	42	52	52	5	Columbia_Plateau	B	Fall	midhigh	0
400099878	2016	0.20	A	52	52	52	52	52	52	52	52	52	52	52	52	52	52	52	52	52	71	52	52	71	31	North_Central_California_Footh	B	Fall	midlow	0
400149070	2017	0.97	B	22	52	52	22	52	52	22	52	52	22	52	52	22	52	52	22	52	52	22	52	52	31	North_Central_California_Footh	B	Fall	low	0
400313701	2018	0.10	A	52	82	95	52	82	95	82	82	95	82	22	95	82	22	95	82	82	82	81	95	95	5	Columbia_Plateau	B	Fall	midlow	0
400148869	2017	0.01	A	21	52	52	21	52	52	21	52	52	21	52	52	21	52	52	21	52	52	21	52	52	31	North_Central_California_Footh	B	Summer	low	0
400105110	2016	1.00	B	23	23	23	23	23	23	23	23	23	23	23	23	23	23	23	23	23	23	23	23	23	31	North_Central_California_Footh	B	Summer	low	0
300232444	2015	0.01	A	42	42	11	42	42	11	42	42	11	42	42	11	42	42	11	22	11	11	42	42	11	5	Columbia_Plateau	B	Summer	low	0
300287967	2015	1.00	B	23	21	22	23	21	22	23	21	22	23	21	21	23	21	21	71	71	71	71	71	71	31	North_Central_California_Footh	B	Summer	low	0
400034137	2016	0.01	A	90	52	71	90	52	71	90	52	71	90	52	71	90	52	71	90	52	71	90	52	71	31	North_Central_California_Footh	B	Summer	low	0
400029772	2016	21.00	C	71	71	71	71	71	71	71	71	71	71	71	71	71	71	71	71	71	71	71	71	71	5	Columbia_Plateau	B	Summer	midlow	1
400564750	2019	28.10	C	71	71	71	71	71	71	71	71	71	71	71	71	71	71	71	71	71	71	71	71	71	5	Columbia_Plateau	B	Summer	mid	1
400026507	2017	209.00	D	82	82	71	52	82	71	52	82	71	52	82	71	52	82	71	52	82	71	52	82	71	5	Columbia_Plateau	B	Summer	low	1
300217229	2015	2953.10	F	71	52	52	71	52	52	71	52	52	71	52	52	71	52	52	71	52	52	71	52	52	5	Columbia_Plateau	B	Summer	midlow	1
400631356	2020	14.00	C	52	52	52	52	52	52	52	52	52	52	52	52	52	52	52	52	52	52	52	52	52	5	Columbia_Plateau	B	Summer	low	1
400512662	2019	13.50	C	82	82	82	52	52	82	52	52	82	52	52	82	52	52	82	52	52	82	82	52	82	5	Columbia_Plateau	B	Summer	midlow	1
400541534	2019	14.50	C	22	52	52	22	52	52	22	52	52	22	52	52	22	52	52	22	52	52	22	52	52	5	Columbia_Plateau	B	Summer	mid	1
400604959	2020	94.10	C	23	22	21	23	22	21	23	22	21	23	22	21	23	22	21	23	22	21	23	22	21	31	North_Central_California_Footh	B	Summer	midlow	1
400513696	2020	25.00	C	52	52	52	52	52	52	52	52	52	52	52	52	52	52	52	52	52	52	52	52	52	5	Columbia_Plateau	B	Spring	midlow	1
400630446	2020	62.30	C	52	52	52	52	52	52	52	52	52	52	52	52	52	52	52	52	52	52	52	52	52	5	Columbia_Plateau	B	Summer	low	1
300217436	2015	50.00	C	82	82	82	82	82	82	82	82	82	82	82	82	82	82	82	82	82	82	82	82	82	5	Columbia_Plateau	B	Fall	midlow	1
400029850	2016	30.00	C	71	71	42	71	71	52	52	52	52	52	52	52	52	52	52	52	52	52	52	52	52	5	Columbia_Plateau	B	Summer	mid	1
400149669	2017	120.00	D	71	71	71	11	71	71	71	71	71	71	71	71	71	71	71	71	71	71	71	71	71	5	Columbia_Plateau	B	Summer	mid	1
400593640	2020	19.10	C	22	22	23	22	22	23	22	22	23	22	22	23	22	22	23	22	22	23	22	22	23	31	North_Central_California_Footh	B	Fall	low	1
400026558	2017	362.00	E	71	71	71	71	71	71	71	71	71	71	71	71	71	71	71	71	71	71	71	71	71	5	Columbia_Plateau	B	Summer	mid	1
400301281	2018	127.00	D	52	71	71	52	52	71	52	52	71	52	52	71	52	52	71	52	52	71	52	52	71	31	North_Central_California_Footh	B	Summer	mid	1
300220854	2015	14.64	C	71	71	52	71	71	52	71	71	52	71	71	52	71	71	52	71	71	52	71	71	52	5	Columbia_Plateau	B	Summer	mid	1
400016405	2016	16.50	C	21	71	71	71	71	71	71	71	71	71	71	71	71	71	71	71	71	71	71	71	71	31	North_Central_California_Footh	B	Summer	low	1
400503996	2019	3406.00	F	42	42	42	42	42	42	42	42	42	42	42	42	42	42	52	42	42	52	42	42	52	5	Columbia_Plateau	B	Summer	midhigh	1
400091533	2016	45.00	C	22	22	22	22	42	42	22	42	42	22	42	52	22	42	52	22	42	52	22	42	42	5	Columbia_Plateau	B	Summer	mid	1
400226969	2017	400.00	E	71	22	22	71	71	22	71	71	22	71	71	22	71	71	71	71	71	71	71	71	71	5	Columbia_Plateau	B	Summer	midlow	1
400105380	2016	277.00	D	82	82	82	82	82	82	82	82	82	82	82	82	82	82	82	82	82	82	82	82	82	31	North_Central_California_Footh	B	Summer	low	1
400551316	2019	22.09	C	22	95	95	22	52	52	22	52	52	22	52	52	22	52	52	22	52	52	21	52	52	5	Columbia_Plateau	B	Summer	midlow	1
400042689	2016	11.00	C	71	71	22	22	71	22	22	71	71	22	71	71	22	71	71	22	71	71	22	71	71	31	North_Central_California_Footh	B	Summer	midlow	1
400627400	2020	14.00	C	23	23	42	23	23	42	23	23	42	23	23	42	23	23	42	23	23	42	23	23	42	31	North_Central_California_Footh	B	Winter	midlow	1
400029703	2017	3482.90	F	52	52	71	52	52	71	52	52	71	52	52	71	52	52	71	52	52	71	52	52	71	5	Columbia_Plateau	B	Summer	midlow	1
400106907	2017	20.00	C	42	52	52	42	52	52	42	52	52	52	52	52	52	52	52	52	52	52	52	52	52	5	Columbia_Plateau	B	Fall	mid	1
300217207	2015	11212.70	G	22	90	90	22	90	90	22	90	90	22	90	90	22	90	90	22	90	90	22	90	90	5	Columbia_Plateau	B	Summer	mid	1
400030014	2017	17.50	C	71	71	71	71	71	71	71	71	71	71	71	71	71	71	71	71	71	71	71	71	71	5	Columbia_Plateau	B	Fall	midlow	1
400630454	2020	49.00	C	71	71	71	71	71	71	52	52	52	52	52	52	52	52	52	52	52	52	52	52	52	5	Columbia_Plateau	B	Fall	midlow	1
400312270	2018	33451.00	G	82	82	82	82	82	82	82	82	82	82	82	82	82	82	82	82	82	82	82	82	82	5	Columbia_Plateau	B	Summer	mid	1
400108317	2017	138.00	D	71	71	71	71	71	71	71	71	71	71	71	71	71	71	71	71	71	71	71	71	71	5	Columbia_Plateau	B	Summer	mid	1
400630449	2020	15.50	C	52	52	52	52	52	52	52	52	52	52	52	52	52	52	52	52	52	52	52	52	52	5	Columbia_Plateau	B	Summer	midlow	1
400382863	2018	100.00	D	22	22	23	22	22	22	22	22	22	21	22	21	21	22	21	21	22	21	21	22	11	31	North_Central_California_Footh	B	Summer	midlow	1
300310912	2015	12.30	C	22	82	82	22	82	82	22	82	82	22	82	82	22	82	82	22	82	82	22	82	82	31	North_Central_California_Footh	B	Summer	low	1
400373043	2018	30.00	C	52	52	52	52	52	52	52	52	52	52	52	52	52	52	52	52	52	52	52	52	52	31	North_Central_California_Footh	B	Fall	midlow	1
300241698	2015	15.39	C	52	52	52	52	52	52	52	52	52	52	52	52	52	52	52	52	52	52	52	52	52	5	Columbia_Plateau	B	Spring	midlow	1
400029686	2016	178.50	D	71	71	71	71	71	71	71	71	71	71	71	71	22	71	71	22	71	71	22	71	71	5	Columbia_Plateau	B	Summer	mid	1
300217224	2015	58.00	C	71	71	71	71	71	71	71	71	71	71	71	71	71	71	71	71	71	71	71	71	71	5	Columbia_Plateau	B	Summer	midlow	1
400630439	2020	794.00	E	52	52	52	52	52	52	52	52	52	52	52	52	52	52	52	52	52	52	52	52	52	5	Columbia_Plateau	B	Summer	mid	1
400151891	2017	15.00	C	52	52	52	52	52	52	52	52	52	52	52	52	52	52	52	52	52	52	71	52	52	31	North_Central_California_Footh	B	Summer	midlow	1
400154266	2017	23.00	C	71	71	71	71	71	71	71	71	71	71	71	71	71	71	71	71	71	71	71	71	71	31	North_Central_California_Footh	B	Summer	low	1
400373842	2018	105.00	D	52	52	52	52	52	52	52	52	52	52	52	52	52	52	52	52	52	52	52	52	52	5	Columbia_Plateau	B	Fall	mid	1
300217425	2015	1920.00	F	71	71	71	71	71	71	71	71	71	71	71	71	71	71	71	71	71	71	71	71	71	5	Columbia_Plateau	B	Fall	low	1
300293832	2015	1450.00	F	52	52	52	52	52	52	52	52	52	52	52	52	52	52	52	52	52	52	52	52	52	5	Columbia_Plateau	B	Summer	midlow	1
400157065	2017	12.00	C	22	22	22	22	22	22	22	22	22	22	22	22	22	22	22	22	22	22	22	22	22	31	North_Central_California_Footh	B	Fall	low	1
400592542	2020	36.80	C	95	52	52	95	52	52	95	52	52	95	52	52	95	52	52	95	52	52	95	52	52	5	Columbia_Plateau	B	Summer	mid	1
400090995	2016	124.00	D	52	52	52	52	52	52	52	52	52	52	52	52	52	52	52	52	52	52	52	52	52	5	Columbia_Plateau	B	Spring	midlow	1
400015990	2017	36523.00	G	71	52	52	71	52	52	71	52	52	71	52	52	71	52	52	71	52	52	71	52	52	31	North_Central_California_Footh	B	Fall	midlow	1
300335979	2015	16.00	C	71	71	52	52	52	52	52	11	52	52	11	52	52	52	52	71	71	52	71	71	52	31	North_Central_California_Footh	B	Summer	low	1
400029913	2017	10.00	C	22	71	71	22	71	71	22	71	71	22	71	71	22	71	71	22	71	71	22	71	71	5	Columbia_Plateau	B	Summer	midlow	1
400574393	2020	100.00	D	23	22	22	22	22	22	22	22	22	22	22	22	22	22	22	22	22	22	22	22	22	31	North_Central_California_Footh	B	Fall	low	1
400154998	2017	1700.00	F	21	71	71	71	71	71	71	71	71	21	71	71	21	71	71	21	71	71	21	71	71	31	North_Central_California_Footh	B	Summer	low	1
400586031	2020	141.40	D	22	22	22	22	22	22	22	22	22	22	22	22	22	22	22	22	22	22	22	22	22	31	North_Central_California_Footh	B	Summer	midlow	1
400029983	2017	170.00	D	71	71	71	71	71	71	71	71	71	71	71	71	71	71	71	71	71	71	71	71	71	5	Columbia_Plateau	B	Summer	midlow	1
300227324	2015	12.00	C	71	71	71	71	71	71	71	71	71	71	71	71	71	71	71	71	71	71	71	71	71	31	North_Central_California_Footh	B	Summer	mid	1
400102989	2016	39.70	C	71	71	71	71	71	71	71	71	71	71	71	71	71	71	71	71	71	71	71	71	71	31	North_Central_California_Footh	B	Summer	low	1
400078102	2016	15.00	C	22	52	52	22	52	52	22	52	52	22	52	52	22	52	42	22	52	42	22	52	42	31	North_Central_California_Footh	B	Summer	midlow	1
400348378	2018	594.00	E	21	71	71	21	71	71	21	71	71	21	71	71	21	71	71	21	71	71	21	71	71	5	Columbia_Plateau	B	Fall	midlow	1
400324836	2018	65.00	C	71	71	71	71	71	71	71	71	71	71	71	71	71	71	71	71	71	71	71	71	71	31	North_Central_California_Footh	B	Summer	mid	1
400629616	2020	811.00	E	71	71	71	71	71	71	71	71	71	71	71	71	71	71	71	71	71	71	71	71	71	31	North_Central_California_Footh	B	Summer	low	1
400372005	2018	1612.00	F	71	71	52	52	52	52	52	52	52	52	52	52	52	52	52	52	52	52	52	52	52	5	Columbia_Plateau	B	Summer	midlow	1
400149297	2017	37.00	C	11	11	11	11	11	11	11	11	11	11	11	11	11	11	11	11	11	11	11	11	11	5	Columbia_Plateau	B	Summer	low	1
400554888	2019	15.00	C	22	22	22	22	22	22	22	22	22	22	22	22	22	22	22	22	22	22	22	22	22	31	North_Central_California_Footh	B	Fall	midlow	1
400147131	2017	16.50	C	21	52	52	21	52	52	21	52	52	21	52	52	21	52	52	21	52	52	21	52	52	5	Columbia_Plateau	B	Summer	mid	1
400155002	2017	13.37	C	71	71	71	71	71	71	71	71	71	71	71	71	71	71	71	71	82	71	71	71	71	31	North_Central_California_Footh	B	Fall	low	1
300218290	2015	30.10	C	22	52	52	22	52	52	22	52	52	22	52	52	22	52	52	22	52	52	22	52	52	5	Columbia_Plateau	B	Summer	low	1
400015794	2016	215.00	D	52	52	52	52	52	71	52	52	52	52	52	52	52	52	52	52	52	52	52	52	52	31	North_Central_California_Footh	B	Summer	mid	1
400629627	2020	15.00	C	52	52	52	52	52	52	52	52	52	52	52	52	52	52	52	52	52	52	52	52	52	31	North_Central_California_Footh	B	Summer	mid	1
400312293	2018	178.00	D	71	52	52	71	52	52	71	52	52	71	52	52	71	52	52	71	52	52	71	52	52	5	Columbia_Plateau	B	Summer	mid	1
400096246	2016	570.00	E	52	52	52	52	52	52	52	52	52	52	52	52	52	52	52	52	71	52	52	71	52	5	Columbia_Plateau	B	Summer	mid	1
400303157	2018	10232.00	G	21	71	71	21	71	71	21	71	71	21	71	71	21	71	71	21	71	71	21	71	71	5	Columbia_Plateau	B	Summer	low	1
400104265	2016	26.00	C	23	23	23	23	23	23	23	23	23	22	23	23	22	23	23	22	23	23	22	23	71	31	North_Central_California_Footh	B	Fall	low	1
400029970	2017	58.80	C	22	52	71	22	52	52	22	52	52	22	52	52	22	52	52	22	52	52	22	52	52	5	Columbia_Plateau	B	Summer	midlow	1
400512651	2019	7727.50	G	52	52	52	52	52	52	52	52	52	52	52	52	52	52	52	52	52	52	52	52	52	5	Columbia_Plateau	B	Summer	midlow	1
400026568	2017	300.00	E	82	82	82	82	82	82	82	82	82	82	82	82	82	82	82	82	82	82	82	82	82	5	Columbia_Plateau	B	Summer	mid	1
300204709	2015	20.00	C	23	22	71	23	22	71	23	22	71	23	22	21	23	22	21	23	22	21	23	22	21	5	Columbia_Plateau	B	Summer	low	1
300270250	2015	12.00	C	71	71	71	71	71	71	71	71	71	71	71	71	71	71	71	71	71	71	71	71	71	31	North_Central_California_Footh	B	Summer	midlow	1
400029665	2016	148.40	D	22	52	52	52	52	52	52	52	52	52	52	52	52	52	52	52	52	52	52	52	52	5	Columbia_Plateau	B	Summer	midlow	1
400596498	2020	32.90	C	71	71	71	71	71	71	71	71	71	71	71	71	71	71	71	71	71	71	71	71	71	5	Columbia_Plateau	B	Fall	mid	1
400313637	2018	10.00	C	52	52	52	52	52	52	52	52	52	52	52	52	52	52	52	82	82	82	82	82	82	5	Columbia_Plateau	B	Summer	midlow	1
400631158	2020	93.80	C	71	71	71	71	71	71	71	71	71	71	71	71	71	71	71	71	71	71	71	71	71	5	Columbia_Plateau	B	Summer	midlow	1
400016389	2016	26.00	C	22	52	52	22	52	52	22	52	52	22	52	52	22	52	52	22	52	52	22	52	52	31	North_Central_California_Footh	B	Summer	low	1
400588348	2020	15.00	C	22	82	82	22	71	82	22	71	82	22	82	82	22	82	82	22	82	82	22	82	82	31	North_Central_California_Footh	B	Summer	low	1
400615910	2020	63.00	C	22	71	82	22	71	82	22	82	82	22	82	82	82	82	82	82	82	82	71	71	71	31	North_Central_California_Footh	B	Fall	low	1
400631326	2020	15.00	C	81	81	81	81	81	81	42	81	81	42	81	81	42	81	81	42	81	81	42	81	81	5	Columbia_Plateau	B	Fall	mid	1
400629618	2020	712.00	E	52	52	52	52	52	52	52	52	52	52	52	52	52	52	52	52	52	52	52	52	52	31	North_Central_California_Footh	B	Summer	midlow	1
400003385	2016	24.00	C	22	71	71	22	71	71	22	71	71	22	71	71	22	71	71	22	71	71	22	71	71	5	Columbia_Plateau	B	Summer	low	1
400016490	2017	78.60	C	71	71	71	71	71	71	71	71	71	71	71	71	71	71	71	71	71	71	71	71	71	31	North_Central_California_Footh	B	Summer	low	1
400389783	2018	268.00	D	71	71	71	71	71	71	71	71	71	71	71	71	71	71	71	71	71	71	71	71	71	31	North_Central_California_Footh	B	Summer	low	1
400047798	2016	20.00	C	71	52	71	71	52	52	71	52	52	71	52	52	71	52	52	71	52	52	71	52	71	5	Columbia_Plateau	B	Fall	mid	1
400565394	2019	16.04	C	71	71	71	71	71	71	71	71	71	71	71	71	71	71	71	71	71	71	71	71	71	31	North_Central_California_Footh	B	Summer	low	1
400030995	2016	80.50	C	52	52	52	52	52	52	52	52	52	52	52	52	52	52	52	52	52	52	52	52	52	5	Columbia_Plateau	B	Spring	low	1
400564908	2019	25.00	C	21	52	52	21	52	52	21	71	52	21	71	52	21	71	52	21	71	52	21	71	52	31	North_Central_California_Footh	B	Fall	low	1
400307070	2018	2490.00	F	52	52	52	52	52	52	52	52	52	52	52	52	52	52	52	52	52	52	52	52	52	31	North_Central_California_Footh	B	Fall	low	1
400329553	2018	100.00	D	22	22	52	22	22	52	22	22	52	22	22	52	22	22	52	22	22	52	22	22	52	31	North_Central_California_Footh	B	Summer	low	1
:test
400512688	2019	107.00	D	21	71	71	21	71	71	21	71	71	21	71	71	21	71	71	21	71	71	21	71	71	5	Columbia_Plateau	B	Fall	midlow	1
300347964	2015	30.00	C	22	21	21	22	21	21	22	21	52	22	21	21	22	21	21	22	21	21	22	21	21	31	North_Central_California_Footh	B	Summer	low	1
400548205	2019	0.75	B	42	42	42	42	42	42	42	42	42	42	42	42	42	42	42	42	42	42	42	42	42	5	Columbia_Plateau	B	Fall	mid	0
300217432	2015	300.00	E	71	71	71	71	71	71	71	71	71	71	71	71	71	71	71	71	71	71	71	71	71	5	Columbia_Plateau	B	Fall	low	1
400603756	2020	0.91	B	52	71	71	52	71	71	52	71	71	52	71	71	52	71	71	52	71	71	52	71	71	5	Columbia_Plateau	B	Fall	mid	0
400049698	2016	123.00	D	21	71	71	21	71	71	21	71	71	21	71	71	21	71	71	21	71	71	21	71	71	5	Columbia_Plateau	B	Summer	midlow	1
400554364	2019	397.00	E	71	71	71	71	71	71	71	71	71	71	71	71	71	71	71	71	71	71	71	71	71	5	Columbia_Plateau	B	Summer	mid	1
400029812	2016	102.00	D	22	82	52	52	52	52	52	52	52	52	52	52	52	52	52	52	52	52	52	52	52	5	Columbia_Plateau	B	Summer	mid	1
300267124	2015	0.10	A	52	71	71	52	71	95	52	71	71	52	71	95	52	71	71	52	71	71	52	71	71	31	North_Central_California_Footh	B	Spring	low	0
300238807	2015	1.00	B	22	21	42	22	21	42	22	21	42	22	21	42	22	21	42	22	21	42	22	21	42	31	North_Central_California_Footh	B	Winter	mid	0
400099318	2016	0.01	A	42	42	42	42	42	42	42	42	42	42	42	42	42	42	42	42	42	42	42	42	42	31	North_Central_California_Footh	B	Summer	midlow	0
400374008	2018	0.08	A	22	21	21	22	21	21	22	22	21	22	22	21	22	22	21	22	22	21	22	22	21	31	North_Central_California_Footh	B	Fall	low	0
300215448	2015	61.00	C	71	71	71	71	71	71	71	71	71	71	71	71	71	71	71	71	71	71	71	71	71	5	Columbia_Plateau	B	Spring	mid	1
400551743	2019	0.05	A	22	22	22	22	22	22	22	22	22	22	22	22	22	22	22	22	22	22	22	22	22	31	North_Central_California_Footh	B	Fall	low	0
400026840	2016	180.00	D	71	71	71	71	71	71	71	71	71	71	71	71	71	71	71	71	71	71	71	71	71	5	Columbia_Plateau	B	Summer	low	1
400030019	2017	3423.00	F	52	71	71	52	71	71	52	71	71	52	71	71	52	71	71	52	71	71	52	71	71	5	Columbia_Plateau	B	Fall	midlow	1
400138085	2017	15.80	C	71	71	71	71	71	71	71	71	71	71	71	71	71	71	71	71	71	71	71	71	71	31	North_Central_California_Footh	B	Summer	low	1
300217293	2015	0.50	B	52	71	71	52	71	71	52	71	71	52	71	71	52	71	71	52	71	71	52	71	71	5	Columbia_Plateau	B	Summer	midlow	0
400630483	2020	788.00	E	52	52	52	52	52	52	52	52	52	52	52	52	52	52	52	52	52	52	52	52	52	5	Columbia_Plateau	B	Fall	midlow	1
300243458	2015	0.01	A	22	42	52	42	42	52	42	42	52	42	42	52	42	52	52	42	52	52	42	52	52	5	Columbia_Plateau	B	Spring	low	0
400313581	2018	43.70	C	82	82	82	82	82	82	52	52	52	82	82	82	82	82	82	82	82	82	82	82	82	5	Columbia_Plateau	B	Spring	midlow	1
300226519	2015	6.00	B	71	71	71	71	71	71	71	71	71	71	71	71	71	71	71	71	71	71	71	71	71	31	North_Central_California_Footh	B	Spring	low	0
400016524	2017	0.10	A	42	42	42	42	42	42	42	42	42	42	42	42	42	42	42	42	42	42	42	42	42	31	North_Central_California_Footh	B	Spring	low	0
400512698	2019	0.10	A	42	42	42	42	42	42	42	42	42	42	42	42	42	42	42	42	42	42	42	42	42	5	Columbia_Plateau	B	Summer	midhigh	0
400584696	2020	25.00	C	23	82	82	23	82	82	23	82	82	23	82	82	23	82	82	23	82	82	23	82	82	5	Columbia_Plateau	B	Summer	midlow	1
400154273	2017	0.05	A	71	71	71	71	71	71	71	71	71	71	71	71	71	71	71	71	71	71	71	71	71	31	North_Central_California_Footh	B	Spring	low	0
400029781	2016	3.00	B	82	82	82	82	82	82	82	82	82	82	82	82	82	82	82	82	82	82	82	82	82	5	Columbia_Plateau	B	Summer	low	0
400042779	2016	21.40	C	71	71	71	71	71	71	71	71	71	71	71	71	71	71	71	71	71	71	71	71	71	5	Columbia_Plateau	B	Summer	mid	1
300217283	2015	0.50	B	82	82	52	82	82	52	82	82	52	82	52	52	82	52	52	82	82	82	71	52	52	5	Columbia_Plateau	B	Summer	midlow	0
400222962	2017	2500.00	F	11	11	11	11	11	11	11	11	11	11	11	11	11	11	11	11	11	11	11	11	11	31	North_Central_California_Footh	B	Fall	midlow	1
400303158	2018	167.00	D	52	52	52	52	52	52	52	52	52	52	52	52	52	52	52	52	52	52	42	52	52	5	Columbia_Plateau	B	Summer	low	1
400313590	2018	95.00	C	71	71	71	71	71	71	71	71	71	71	71	71	71	71	71	71	71	71	71	71	71	5	Columbia_Plateau	B	Spring	midlow	1
400372746	2018	1.50	B	21	52	43	21	52	52	21	43	52	21	43	52	21	43	52	21	43	52	21	43	43	31	North_Central_California_Footh	B	Summer	low	0
400732982	2020	24892.00	G	71	71	71	71	71	71	71	71	71	71	71	71	71	71	71	71	71	71	71	71	71	5	Columbia_Plateau	B	Summer	midhigh	1
400158863	2017	0.01	A	52	52	52	52	52	52	52	52	52	52	52	52	52	52	52	52	52	52	52	52	52	31	North_Central_California_Footh	B	Spring	mid	0
300306236	2015	16.00	C	23	22	23	23	22	23	23	22	23	23	22	21	23	22	71	23	21	71	71	71	71	31	North_Central_California_Footh	B	Fall	low	1
400313629	2018	0.10	A	82	82	82	82	82	82	82	82	82	82	82	82	82	82	82	82	82	82	82	82	82	5	Columbia_Plateau	B	Summer	midlow	0
400058637	2016	0.50	B	52	52	71	52	52	71	52	52	71	52	52	71	52	52	71	52	52	71	52	52	71	5	Columbia_Plateau	B	Spring	midlow	0
400058606	2016	1.00	B	71	71	71	71	71	71	71	71	71	71	71	71	71	71	71	71	71	71	71	71	71	31	North_Central_California_Footh	B	Spring	low	0
400026421	2016	100.00	D	22	71	71	23	71	71	23	71	71	23	71	71	23	71	71	23	71	71	23	71	71	5	Columbia_Plateau	B	Summer	low	1
400622378	2020	74800.00	G	52	52	52	52	52	52	52	52	52	52	52	52	52	52	52	52	52	52	52	52	52	5	Columbia_Plateau	B	Summer	mid	1
400012459	2017	12.00	C	42	42	42	42	42	42	42	42	42	42	42	42	42	42	42	42	42	42	42	42	42	5	Columbia_Plateau	B	Summer	midhigh	1
400527946	2019	0.08	A	52	52	82	52	82	82	52	52	52	52	52	52	52	52	52	52	52	52	52	52	52	5	Columbia_Plateau	B	Summer	midlow	0
400029900	2017	4.00	B	71	82	22	82	82	82	82	82	82	82	82	82	82	82	82	82	82	82	82	82	82	5	Columbia_Plateau	B	Summer	midlow	0
400026438	2016	31848.00	G	71	71	71	71	71	71	71	71	71	71	71	71	71	71	71	71	71	71	71	71	71	5	Columbia_Plateau	B	Summer	midlow	1
400512657	2019	15.00	C	71	71	71	71	71	71	52	52	52	52	52	52	52	52	52	52	52	52	52	52	52	5	Columbia_Plateau	B	Summer	mid	1
400732951	2019	600.00	E	21	42	42	21	42	42	21	42	42	21	42	42	21	42	42	21	42	42	21	42	42	31	North_Central_California_Footh	B	Summer	midlow	1
400324323	2018	103.00	D	71	71	71	71	71	71	71	71	71	71	71	71	71	71	71	71	71	71	71	71	71	31	North_Central_California_Footh	B	Spring	low	1
400600949	2020	1.00	B	71	71	71	71	71	71	71	71	71	71	71	71	71	71	71	71	71	71	71	71	71	31	North_Central_California_Footh	B	Summer	low	0
400585983	2020	0.17	A	24	24	23	24	24	23	24	24	23	24	24	23	24	24	23	24	24	23	24	24	23	31	North_Central_California_Footh	B	Spring	low	0
400016511	2017	176.00	D	52	52	52	52	52	52	52	52	52	52	52	52	52	52	52	52	52	52	52	52	52	31	North_Central_California_Footh	B	Summer	low	1
400500584	2019	0.10	A	42	42	42	42	42	42	42	42	42	42	42	42	42	42	42	42	42	42	42	42	42	5	Columbia_Plateau	B	Summer	mid	0
400301841	2018	0.10	A	42	42	42	42	42	42	42	42	42	42	42	42	42	42	42	42	42	42	42	42	42	5	Columbia_Plateau	B	Summer	mid	0
400633341	2020	10.00	C	52	52	52	52	52	52	52	52	52	52	52	52	52	52	52	52	52	52	52	52	52	31	North_Central_California_Footh	B	Summer	low	1
400313576	2018	0.20	A	22	82	82	22	82	82	22	82	82	22	82	82	82	82	82	82	82	82	82	82	82	5	Columbia_Plateau	B	Winter	midlow	0
400513464	2019	13.50	C	22	52	52	22	52	52	22	52	52	22	52	52	22	52	52	22	52	52	22	52	52	5	Columbia_Plateau	B	Summer	low	1
400029963	2017	0.10	A	71	71	71	71	71	71	71	71	71	52	71	52	52	71	71	52	71	71	82	82	82	5	Columbia_Plateau	B	Summer	midlow	0
400380035	2018	0.08	A	22	52	71	22	52	71	22	71	71	22	71	71	22	71	71	22	71	71	22	71	71	31	North_Central_California_Footh	B	Summer	low	0
300217984	2015	0.70	B	95	95	95	95	95	95	95	95	95	95	95	95	95	95	95	95	95	95	95	95	95	5	Columbia_Plateau	B	Spring	mid	0
400158900	2017	0.02	A	23	22	22	23	22	22	22	22	22	22	22	22	22	22	22	22	22	22	22	22	22	31	North_Central_California_Footh	B	Summer	low	0
300306865	2015	0.01	A	52	52	52	52	52	52	52	52	52	52	52	52	52	52	52	52	52	52	52	52	52	31	North_Central_California_Footh	B	Summer	low	0
300306048	2015	0.01	A	23	23	23	23	23	23	23	23	23	23	23	23	23	23	21	23	23	21	23	23	21	31	North_Central_California_Footh	B	Summer	low	0
400356711	2018	35.00	C	22	52	52	22	52	52	22	52	52	22	52	52	22	52	52	22	52	52	22	52	52	31	North_Central_California_Footh	B	Summer	midlow	1
400577184	2020	0.10	A	81	71	81	81	71	71	81	71	71	81	71	71	81	81	81	81	81	81	81	81	81	5	Columbia_Plateau	B	Summer	mid	0
400604703	2020	12.00	C	22	22	22	22	22	22	22	22	22	22	22	22	22	22	22	22	22	22	22	22	22	31	North_Central_California_Footh	B	Winter	low	1
400060492	2016	0.02	A	81	81	82	81	81	81	81	81	81	81	81	81	81	81	81	81	81	81	82	82	82	5	Columbia_Plateau	B	Summer	low	0
400029664	2016	1294.60	F	22	22	22	22	22	22	22	22	22	22	22	22	22	22	22	22	22	82	22	82	82	5	Columbia_Plateau	B	Summer	midlow	1
400015798	2016	1547.00	F	23	52	52	23	52	52	23	52	52	23	52	52	23	52	52	52	52	52	52	52	52	31	North_Central_California_Footh	B	Fall	mid	1
400345670	2018	91.00	C	71	71	52	71	71	71	71	71	71	71	71	71	71	71	71	81	71	71	81	81	71	5	Columbia_Plateau	B	Spring	mid	1
400029921	2017	0.50	B	82	82	82	82	82	82	82	82	82	82	82	82	82	82	82	82	82	82	82	82	82	5	Columbia_Plateau	B	Summer	midlow	0
400026560	2017	5075.00	G	52	52	52	52	52	52	52	52	52	52	52	52	52	52	52	52	52	52	52	52	52	5	Columbia_Plateau	B	Summer	mid	1
400371911	2018	1.12	B	21	71	52	21	71	52	21	71	52	21	71	52	21	52	52	21	52	52	21	52	52	31	North_Central_California_Footh	B	Summer	low	0
300316156	2015	250.00	D	52	52	52	52	52	52	52	52	52	52	52	52	52	52	52	52	52	52	52	52	52	31	North_Central_California_Footh	B	Summer	midlow	1
300272598	2015	6.50	B	52	42	52	52	42	52	52	42	52	52	42	42	42	42	42	42	42	42	42	42	42	5	Columbia_Plateau	B	Summer	mid	0
300263349	2015	0.10	A	21	42	42	21	42	42	21	42	42	21	42	42	21	42	42	21	42	42	21	42	42	5	Columbia_Plateau	B	Spring	mid	0
300235628	2015	0.10	A	52	52	52	52	52	52	52	52	52	52	52	42	52	52	42	52	42	42	52	42	42	5	Columbia_Plateau	B	Fall	midhigh	0
400345810	2018	3.90	B	52	52	52	52	52	52	52	52	52	52	52	52	52	52	52	52	52	52	52	52	52	5	Columbia_Plateau	B	Spring	mid	0
400369764	2018	0.30	B	42	42	42	42	42	42	42	42	42	42	42	42	42	42	42	42	42	42	42	42	42	5	Columbia_Plateau	B	Summer	mid	0
400389835	2018	1877.00	F	22	22	22	22	22	22	22	82	22	22	82	52	22	82	82	22	82	82	22	82	82	5	Columbia_Plateau	B	Summer	low	1
400029902	2017	49.80	C	52	52	52	52	52	52	52	52	52	52	52	52	52	52	52	52	52	52	52	52	52	5	Columbia_Plateau	B	Summer	low	1
400029806	2016	61.00	C	52	52	52	52	52	52	52	52	52	52	52	52	52	52	52	52	52	52	52	52	52	5	Columbia_Plateau	B	Summer	midlow	1
400313514	2018	1104.60	F	71	71	71	71	71	71	71	71	71	71	71	71	71	71	71	71	71	71	71	71	71	5	Columbia_Plateau	B	Summer	midlow	1
300238791	2015	1.00	B	22	42	21	22	42	42	22	42	42	42	42	42	42	42	42	42	81	42	42	81	42	5	Columbia_Plateau	B	Winter	mid	0
400604821	2020	10.10	C	21	52	52	52	52	52	52	52	52	52	52	52	52	52	52	52	52	52	52	52	52	31	North_Central_California_Footh	B	Summer	low	1
400631184	2020	61.00	C	52	52	52	71	71	71	42	42	42	42	42	42	42	42	42	42	42	42	42	42	42	5	Columbia_Plateau	B	Fall	mid	1
400154272	2017	0.20	A	42	52	52	42	52	52	42	52	52	42	52	52	42	52	52	42	52	71	42	52	71	31	North_Central_California_Footh	B	Spring	midlow	0
400029693	2016	12.20	C	52	52	52	52	52	52	52	52	52	52	52	52	52	52	52	52	52	52	52	52	52	5	Columbia_Plateau	B	Fall	midlow	1
400597283	2020	727.00	E	22	22	22	22	22	22	22	22	22	22	22	22	22	22	22	22	22	22	22	22	22	31	North_Central_California_Footh	B	Summer	low	1
400511478	2019	10.00	C	82	82	82	82	82	82	82	82	82	82	82	82	82	82	82	82	82	82	82	82	82	5	Columbia_Plateau	B	Summer	midlow	1
400374025	2018	60.50	C	52	52	52	52	52	52	82	82	71	82	82	71	82	82	71	82	82	71	82	82	71	5	Columbia_Plateau	B	Fall	midlow	1
300203323	2015	0.25	A	42	42	42	42	42	42	42	42	42	42	42	42	42	42	42	42	42	42	42	42	42	5	Columbia_Plateau	B	Summer	midhigh	0
400586064	2020	86.00	C	21	21	21	21	21	21	21	21	21	21	21	21	21	21	21	21	21	21	21	21	21	31	North_Central_California_Footh	B	Fall	midlow	1
400015988	2017	51624.00	G	52	52	52	52	52	52	52	52	52	52	52	52	52	52	52	52	52	52	52	52	52	31	North_Central_California_Footh	B	Fall	midlow	1
400314144	2018	22316.00	G	52	52	52	52	52	52	52	52	52	52	52	52	52	52	52	52	52	52	52	52	52	5	Columbia_Plateau	B	Summer	low	1
400383217	2018	135.00	D	52	52	52	52	52	52	52	52	52	52	52	52	52	52	52	52	52	52	52	52	52	31	North_Central_California_Footh	B	Summer	low	1
300217249	2015	1.00	B	90	52	71	90	52	71	90	52	71	90	52	71	90	52	71	52	52	71	52	52	71	5	Columbia_Plateau	B	Spring	midlow	0
400029706	2017	10408.70	G	71	71	71	71	71	71	71	71	71	52	71	71	71	71	52	52	71	52	52	71	52	5	Columbia_Plateau	B	Summer	mid	1
400538713	2019	156.00	D	21	71	71	21	71	71	21	71	71	21	71	71	21	71	71	21	71	71	21	71	71	31	North_Central_California_Footh	B	Summer	low	1
400312216	2018	40.00	C	22	71	71	22	71	71	22	71	71	22	71	71	22	71	71	22	71	71	22	71	71	5	Columbia_Plateau	B	Summer	midhigh	1
300340960	2015	0.21	A	42	42	42	42	42	42	42	42	42	42	42	42	42	42	42	42	42	42	42	42	42	31	North_Central_California_Footh	B	Spring	low	0
400600990	2020	1.00	B	22	22	82	22	22	82	22	22	82	22	22	82	22	22	82	22	22	82	22	22	82	31	North_Central_California_Footh	B	Summer	low	0
400630490	2020	0.10	A	21	71	71	21	71	71	21	71	71	21	71	71	21	71	52	21	71	52	21	71	52	5	Columbia_Plateau	B	Summer	midlow	0
400732910	2019	703.00	E	52	52	52	52	52	52	52	52	52	52	52	52	52	52	52	52	52	52	52	52	52	31	North_Central_California_Footh	B	Fall	midlow	1
400092786	2016	363.00	E	52	71	71	52	71	71	52	71	71	52	52	71	52	52	71	22	52	71	22	52	71	5	Columbia_Plateau	B	Summer	mid	1
400630102	2020	5500.00	G	21	71	71	52	52	52	52	52	52	52	52	52	52	52	52	52	52	52	52	52	52	5	Columbia_Plateau	B	Fall	midlow	1
300202941	2015	12.00	C	42	71	52	42	71	52	42	71	52	42	71	52	42	71	52	52	71	71	52	71	71	5	Columbia_Plateau	B	Spring	mid	1
400564912	2019	0.10	A	71	71	71	71	71	71	21	71	71	21	71	71	21	71	71	21	71	71	21	71	71	31	North_Central_California_Footh	B	Spring	low	0
400029817	2016	10.00	C	22	22	22	22	22	22	22	22	22	22	22	22	22	22	21	22	21	21	22	22	21	5	Columbia_Plateau	B	Summer	low	1
300217369	2015	1.00	B	22	82	82	22	82	82	22	82	82	22	82	82	22	82	82	22	82	82	22	82	82	5	Columbia_Plateau	B	Summer	low	0
400580834	2020	0.10	A	42	42	42	42	42	42	42	42	42	52	52	52	52	52	52	52	52	52	52	52	52	5	Columbia_Plateau	B	Spring	mid	0
400387813	2018	0.05	A	52	52	52	52	52	52	52	52	52	52	52	52	52	52	52	71	52	52	71	52	52	31	North_Central_California_Footh	B	Summer	midlow	0
400525075	2019	0.01	A	21	71	71	21	71	71	21	71	71	21	71	71	21	71	71	21	71	71	21	71	71	31	North_Central_California_Footh	B	Spring	low	0
400524809	2019	0.10	A	21	21	21	21	21	21	21	21	21	21	21	81	21	21	81	21	21	81	21	21	81	5	Columbia_Plateau	B	Spring	low	0
400554593	2019	0.10	A	42	42	42	42	42	42	42	42	42	42	42	42	42	42	42	42	42	42	42	42	42	5	Columbia_Plateau	B	Summer	mid	0
400591726	2020	2.00	B	52	52	52	52	52	52	52	52	52	52	52	52	52	52	52	52	52	52	52	52	52	5	Columbia_Plateau	B	Fall	mid	0
400158235	2017	500.00	E	52	52	52	52	52	52	52	52	52	52	52	52	52	52	52	52	52	52	52	52	52	31	North_Central_California_Footh	B	Summer	midlow	1
400569452	2020	33.00	C	52	52	52	71	52	52	71	52	52	71	52	52	71	52	52	71	52	52	71	52	42	5	Columbia_Plateau	B	Summer	midlow	1
400604653	2020	0.25	A	22	71	71	22	71	71	22	71	71	22	71	71	21	71	71	71	71	71	71	71	71	31	North_Central_California_Footh	B	Winter	low	0
300218124	2015	14235.00	G	52	52	52	52	52	52	52	52	52	52	52	52	52	52	52	52	52	52	52	52	52	5	Columbia_Plateau	B	Summer	low	1
400332061	2018	0.01	A	71	71	71	52	52	52	52	52	52	52	52	52	52	52	52	52	71	52	52	52	52	31	North_Central_California_Footh	B	Spring	midlow	0
400313673	2018	609.00	E	82	82	82	82	82	82	82	82	82	82	82	82	82	82	82	82	82	82	82	82	82	5	Columbia_Plateau	B	Summer	midlow	1
400383302	2018	41.00	C	71	71	71	71	71	71	71	71	71	71	71	71	71	71	71	71	71	71	71	71	71	31	North_Central_California_Footh	B	Summer	low	1
400050069	2016	15.10	C	21	42	42	21	42	42	21	42	42	21	42	42	21	42	42	21	42	42	21	42	42	5	Columbia_Plateau	B	Summer	midlow	1
400326207	2018	13.00	C	52	52	52	52	52	52	52	52	52	52	52	52	52	52	52	52	52	52	52	52	52	31	North_Central_California_Footh	B	Summer	low	1
400608557	2020	25.00	C	21	42	71	21	42	71	21	42	42	21	42	42	21	42	42	21	42	42	21	42	42	31	North_Central_California_Footh	B	Fall	low	1
400524847	2019	0.30	B	52	42	42	52	42	42	52	42	42	52	42	42	52	42	42	52	42	42	52	42	42	5	Columbia_Plateau	B	Summer	mid	0
400246412	2016	1000.00	F	23	82	82	52	52	52	52	52	52	52	52	52	52	52	52	52	52	52	52	52	52	5	Columbia_Plateau	B	Spring	midlow	1
400512714	2019	0.10	A	22	52	52	22	52	52	22	52	52	22	52	52	24	23	52	24	23	52	24	23	52	5	Columbia_Plateau	B	Summer	midlow	0
400104095	2016	0.01	A	52	52	52	52	52	52	52	52	52	52	52	52	52	52	52	52	52	52	52	52	52	31	North_Central_California_Footh	B	Fall	midlow	0
400099315	2016	0.01	A	21	42	42	21	42	42	21	42	42	21	42	42	21	42	21	21	42	21	21	42	42	31	North_Central_California_Footh	B	Summer	mid	0
400367668	2018	2.00	B	22	22	71	22	22	71	22	22	71	22	22	71	22	22	71	22	22	71	22	22	71	5	Columbia_Plateau	B	Spring	low	0
300323687	2015	2.00	B	52	52	71	52	52	71	52	52	71	52	52	71	52	52	71	52	52	71	52	52	52	31	North_Central_California_Footh	B	Summer	midlow	0
400370314	2018	7614.00	G	71	71	71	52	52	71	52	52	71	52	52	71	52	52	71	52	52	71	52	52	71	5	Columbia_Plateau	B	Summer	mid	1
400512705	2019	12.50	C	95	95	95	81	95	81	81	95	81	81	95	81	81	95	95	82	95	95	82	95	95	5	Columbia_Plateau	B	Summer	midlow	1
400596060	2020	0.10	A	22	22	22	22	22	22	22	22	22	22	22	22	22	22	22	22	22	22	22	22	22	31	North_Central_California_Footh	B	Fall	midlow	0
400313549	2018	2610.00	F	71	71	71	71	71	71	71	71	71	71	71	71	71	71	71	71	71	71	71	71	71	5	Columbia_Plateau	B	Fall	midlow	1
400386463	2018	0.25	A	82	82	82	82	82	82	82	82	82	82	82	82	82	82	82	82	82	82	82	82	82	31	North_Central_California_Footh	B	Fall	low	0
400242169	2016	441.00	E	71	71	52	71	71	52	71	71	52	71	71	52	71	71	52	71	71	52	71	71	71	31	North_Central_California_Footh	B	Summer	midlow	1
400015987	2017	56556.00	G	42	42	42	42	42	42	42	42	42	42	42	42	42	42	42	42	42	42	42	42	42	31	North_Central_California_Footh	B	Fall	midlow	1
400514660	2019	0.05	A	81	52	52	81	52	52	81	52	52	81	52	52	81	52	52	81	52	52	81	52	52	5	Columbia_Plateau	B	Fall	mid	0
400373718	2018	77.00	C	21	71	71	21	71	71	21	71	71	21	71	71	21	71	71	21	71	71	21	71	71	31	North_Central_California_Footh	B	Fall	low	1
400029805	2016	0.50	B	82	52	52	95	52	52	95	52	52	95	52	52	95	52	52	95	52	52	95	52	52	5	Columbia_Plateau	B	Summer	midlow	0
400038451	2016	0.20	A	22	81	52	22	81	52	22	81	52	22	81	52	22	81	52	21	81	52	21	81	52	5	Columbia_Plateau	B	Fall	mid	0
400313683	2018	34.60	C	42	42	42	42	42	42	42	42	42	42	42	42	42	42	42	42	42	42	42	42	42	5	Columbia_Plateau	B	Summer	midhigh	1
400512718	2019	0.50	B	82	82	82	82	82	82	82	82	82	82	82	82	82	82	82	82	82	82	82	82	82	5	Columbia_Plateau	B	Summer	midlow	0
400511518	2019	15.00	C	52	52	71	52	52	71	52	52	71	52	52	71	52	52	71	52	52	71	52	52	71	5	Columbia_Plateau	B	Summer	mid	1
400105068	2016	57.00	C	21	21	21	21	21	21	21	21	71	21	21	71	21	21	21	21	21	21	21	71	71	31	North_Central_California_Footh	B	Summer	low	1
400029793	2016	7.00	B	71	82	22	82	82	82	82	82	82	82	82	82	82	82	82	52	95	22	52	95	22	5	Columbia_Plateau	B	Summer	midlow	0
400570640	2020	16.00	C	42	42	42	42	42	42	42	42	42	42	42	42	42	42	42	42	42	42	42	42	42	31	North_Central_California_Footh	B	Fall	mid	1
400597393	2020	0.10	A	21	22	21	21	22	21	21	22	21	21	22	21	21	22	21	21	22	21	21	22	21	31	North_Central_California_Footh	B	Fall	low	0
400029763	2016	10.00	C	52	71	71	52	52	52	52	52	52	52	52	52	82	82	82	82	82	82	82	82	82	5	Columbia_Plateau	B	Spring	midlow	1
400312294	2018	823.00	E	52	71	71	52	52	52	52	52	52	52	52	52	52	52	52	52	52	52	52	52	52	5	Columbia_Plateau	B	Summer	midhigh	1
300306514	2015	0.61	B	52	52	52	52	52	52	52	52	52	52	52	52	52	52	52	52	52	52	52	52	52	31	North_Central_California_Footh	B	Fall	midlow	0
400148200	2017	37.00	C	71	71	71	71	71	71	71	71	71	71	71	71	71	71	71	71	71	71	71	71	71	31	North_Central_California_Footh	B	Summer	low	1
400119106	2017	0.01	A	21	52	52	21	52	52	21	52	52	21	52	52	71	52	52	71	52	52	71	52	52	5	Columbia_Plateau	B	Summer	mid	0
400303105	2018	0.01	A	90	42	42	90	42	42	90	42	42	90	42	42	90	42	42	90	42	42	90	42	42	5	Columbia_Plateau	B	Summer	mid	0
400561041	2019	20.00	C	52	52	52	52	52	52	52	52	52	52	52	52	52	52	52	52	52	52	71	71	71	5	Columbia_Plateau	B	Summer	mid	1
400582112	2020	2.00	B	22	22	22	22	22	22	22	22	22	22	22	22	22	22	22	22	22	22	22	22	22	31	North_Central_California_Footh	B	Fall	midlow	0
300217397	2015	0.10	A	22	81	81	22	81	81	22	82	82	22	81	82	22	81	82	22	82	82	22	82	82	5	Columbia_Plateau	B	Summer	midlow	0
300217210	2015	812.10	E	82	82	52	82	82	52	82	82	52	82	82	52	82	82	52	82	82	52	82	82	52	5	Columbia_Plateau	B	Summer	mid	1
300310930	2015	40.00	C	42	42	42	42	42	42	42	42	42	42	42	42	42	42	42	42	42	42	42	42	42	31	North_Central_California_Footh	B	Summer	low	1
400315558	2018	0.10	A	52	52	52	52	52	42	52	52	42	52	52	42	52	52	42	52	52	42	52	52	42	5	Columbia_Plateau	B	Summer	midhigh	0
400102527	2016	14.00	C	52	52	52	52	52	52	52	52	52	52	52	52	52	52	52	52	52	52	52	52	52	31	North_Central_California_Footh	B	Summer	mid	1
400541777	2019	1.00	B	71	52	52	71	52	52	71	52	52	71	52	52	71	52	52	52	52	52	52	52	52	31	North_Central_California_Footh	B	Spring	midlow	0
300328194	2015	0.01	A	42	42	42	42	52	42	42	52	42	42	52	52	42	52	52	42	52	52	42	52	52	31	North_Central_California_Footh	B	Summer	low	0
400307271	2018	1678.00	F	22	90	52	22	90	31	22	90	31	22	90	31	22	90	31	22	90	31	22	90	31	31	North_Central_California_Footh	B	Summer	low	1
300209151	2015	122.00	D	41	41	41	41	41	41	41	41	41	41	41	41	41	41	41	41	41	41	41	41	41	31	North_Central_California_Footh	B	Spring	midhigh	1
400557721	2019	0.10	A	52	81	11	52	81	11	52	81	11	52	71	11	52	52	11	52	52	11	52	52	11	5	Columbia_Plateau	B	Fall	midlow	0
400158862	2017	0.01	A	71	71	71	71	71	71	71	71	71	71	71	71	71	71	71	71	71	71	71	71	71	31	North_Central_California_Footh	B	Spring	low	0
300235412	2015	0.01	A	52	52	52	52	52	52	42	42	42	42	42	42	42	42	42	42	42	42	42	42	42	5	Columbia_Plateau	B	Fall	high	0
400538266	2019	15.80	C	21	71	71	21	71	71	21	71	71	21	71	71	21	71	52	21	71	52	21	71	71	31	North_Central_California_Footh	B	Fall	low	1
400313670	2018	0.10	A	22	22	22	22	22	22	22	22	22	22	22	22	22	22	22	22	22	22	22	22	22	5	Columbia_Plateau	B	Summer	midlow	0
300215455	2015	20.00	C	71	71	71	71	71	71	71	71	71	71	71	71	71	71	71	71	71	71	71	71	71	5	Columbia_Plateau	B	Spring	midlow	1
400030015	2017	5.00	B	22	71	71	22	71	52	22	71	52	22	71	52	22	71	52	22	71	71	22	71	71	5	Columbia_Plateau	B	Fall	midlow	0
400368278	2018	6.60	B	22	71	71	22	71	71	22	71	71	22	71	71	22	82	82	22	82	82	22	82	82	5	Columbia_Plateau	B	Spring	midlow	0
400073382	2016	1.00	B	22	22	23	22	22	23	22	22	23	22	22	23	22	22	23	22	22	22	22	22	22	5	Columbia_Plateau	B	Summer	low	0
400630438	2020	0.10	A	82	82	82	82	82	82	82	82	82	82	82	82	81	82	82	81	81	82	81	81	82	5	Columbia_Plateau	B	Summer	midlow	0
400147888	2017	604.00	E	22	71	81	22	52	81	21	52	81	21	52	81	21	52	81	21	52	81	21	52	81	5	Columbia_Plateau	B	Summer	mid	1
400029673	2016	0.90	B	52	52	52	52	52	52	52	52	52	52	52	52	52	52	52	52	52	52	52	52	52	5	Columbia_Plateau	B	Summer	mid	0
400147704	2017	2806.00	F	22	81	52	22	81	81	22	81	81	22	81	81	22	81	81	22	81	81	22	81	81	5	Columbia_Plateau	B	Summer	midlow	1
300268818	2015	0.01	A	42	42	42	42	42	42	42	42	42	42	42	42	42	42	42	42	42	42	42	42	42	5	Columbia_Plateau	B	Spring	low	0
400313516	2018	142.60	D	22	52	52	22	52	52	22	52	52	22	71	52	22	71	71	22	71	71	22	71	71	5	Columbia_Plateau	B	Summer	midlow	1
400029964	2017	5.00	B	82	22	82	82	22	82	82	22	82	82	22	82	82	22	82	82	22	82	82	22	82	5	Columbia_Plateau	B	Summer	low	0
400380023	2018	2162.00	F	71	71	71	71	71	71	71	71	71	71	71	71	71	71	71	71	71	71	71	71	71	31	North_Central_California_Footh	B	Summer	low	1
400631381	2020	0.10	A	52	42	42	52	42	42	52	42	42	52	42	42	52	42	42	52	42	42	52	42	42	5	Columbia_Plateau	B	Fall	midhigh	0
400386448	2018	0.10	A	22	22	22	22	22	22	22	22	22	22	22	22	22	22	22	22	22	22	22	22	22	31	North_Central_California_Footh	B	Spring	low	0
400385986	2018	100.00	D	21	52	52	21	52	52	21	52	52	21	52	52	21	52	52	21	52	52	21	52	52	31	North_Central_California_Footh	B	Summer	mid	1
400507580	2019	17.00	C	71	71	71	71	71	71	71	71	71	71	71	71	71	71	71	71	71	71	71	71	71	31	North_Central_California_Footh	B	Fall	low	1
300270240	2015	1.00	B	52	52	52	52	52	52	52	52	52	52	52	52	52	52	52	52	52	52	52	52	52	31	North_Central_California_Footh	B	Summer	low	0
400623774	2020	1944.10	F	22	22	22	22	22	22	22	22	22	22	22	22	22	22	22	22	22	22	22	22	22	31	North_Central_California_Footh	B	Summer	midlow	1
300217235	2015	1954.20	F	22	52	52	52	52	52	52	52	52	52	52	52	52	52	52	52	52	52	52	52	52	5	Columbia_Plateau	B	Summer	mid	1
300217270	2015	25.00	C	82	82	82	82	82	82	82	82	82	82	82	82	82	82	82	82	82	82	82	82	82	5	Columbia_Plateau	B	Summer	midlow	1
400373993	2018	1.00	B	71	71	71	71	71	71	71	71	71	71	71	71	71	71	71	71	71	71	71	71	71	31	North_Central_California_Footh	B	Fall	low	0
400612190	2020	0.10	A	21	22	21	21	22	22	21	22	22	21	22	22	21	21	22	21	71	21	21	71	21	31	North_Central_California_Footh	B	Summer	midlow	0
400534965	2019	0.02	A	52	52	52	52	52	52	52	52	52	52	52	52	52	52	52	52	52	52	52	52	52	31	North_Central_California_Footh	B	Spring	low	0
400387839	2018	0.01	A	52	52	52	52	52	52	52	52	52	52	52	52	52	52	52	52	52	52	52	52	52	31	North_Central_California_Footh	B	Fall	low	0
400585978	2020	0.10	A	52	52	52	52	52	52	52	52	52	52	52	52	52	52	52	52	52	52	71	71	52	31	North_Central_California_Footh	B	Summer	midlow	0
400029924	2017	5.00	B	22	22	71	22	22	52	22	22	52	22	22	52	22	52	52	22	22	52	22	22	52	5	Columbia_Plateau	B	Summer	midlow	0
400367765	2018	1.00	B	21	71	71	21	71	71	21	71	71	21	71	71	21	71	71	21	71	71	21	71	71	31	North_Central_California_Footh	B	Spring	midlow	0
300308085	2015	0.12	A	21	71	52	21	52	52	21	52	52	21	52	52	21	52	52	21	52	52	21	52	52	31	North_Central_California_Footh	B	Fall	low	0
400029859	2016	0.10	A	42	42	42	42	42	42	42	42	42	42	42	42	42	42	42	42	42	42	42	42	42	5	Columbia_Plateau	B	Summer	mid	0
400026460	2016	0.10	A	52	52	52	52	52	52	52	52	52	52	52	52	52	52	52	52	52	52	52	52	52	5	Columbia_Plateau	B	Summer	midlow	0
400133189	2017	0.01	A	71	52	52	71	52	52	71	52	52	71	52	52	71	52	52	71	52	52	71	52	52	31	North_Central_California_Footh	B	Spring	low	0
400369865	2018	0.14	A	71	42	42	71	42	42	71	42	42	71	71	42	71	71	42	71	71	42	71	71	42	5	Columbia_Plateau	B	Summer	mid	0
400631230	2020	0.50	B	90	90	90	90	90	90	90	90	90	90	90	90	90	90	90	90	90	90	90	90	90	5	Columbia_Plateau	B	Spring	mid	0
400378985	2018	0.35	B	52	52	52	52	52	52	52	52	52	52	52	52	52	52	52	52	52	52	52	52	52	31	North_Central_California_Footh	B	Summer	low	0
400029789	2016	0.20	A	82	82	82	82	82	82	82	82	82	22	82	82	22	82	82	22	82	82	22	82	82	5	Columbia_Plateau	B	Summer	midlow	0
400082804	2016	2.70	B	82	82	82	82	82	82	82	82	82	82	82	82	82	82	82	82	82	82	82	82	82	5	Columbia_Plateau	B	Summer	mid	0
400531129	2019	0.02	A	52	52	52	52	52	52	52	52	52	52	52	52	52	52	52	52	52	52	52	52	52	5	Columbia_Plateau	B	Summer	low	0
400029504	2016	0.10	A	22	52	52	22	52	52	22	52	52	22	52	52	22	52	52	22	52	52	22	52	52	5	Columbia_Plateau	B	Summer	midlow	0
400029869	2016	0.10	A	22	71	71	22	71	71	22	71	71	22	71	71	22	71	71	22	71	71	22	71	71	5	Columbia_Plateau	B	Fall	midlow	0
300345834	2015	0.25	A	42	42	42	42	42	42	42	42	42	42	42	42	42	42	42	42	42	42	42	42	42	31	North_Central_California_Footh	B	Spring	mid	0
300217292	2015	0.10	A	22	82	82	22	82	82	22	82	82	22	82	82	82	82	82	82	82	82	82	82	82	5	Columbia_Plateau	B	Summer	midlow	0
400614921	2020	1.64	B	82	82	82	82	82	82	82	82	82	82	82	82	82	82	82	82	82	52	71	52	52	5	Columbia_Plateau	B	Summer	midlow	0
400589806	2020	1.00	B	23	23	23	23	23	23	23	23	23	23	23	23	23	23	23	23	23	23	23	23	23	31	North_Central_California_Footh	B	Summer	low	0
400627419	2020	0.50	B	52	71	71	52	71	71	52	71	71	52	71	71	52	71	71	52	71	71	52	71	71	31	North_Central_California_Footh	B	Fall	low	0
300228024	2015	0.37	B	42	42	42	42	42	42	42	42	42	42	42	42	42	42	42	42	42	42	42	42	42	5	Columbia_Plateau	B	Fall	mid	0
400387831	2018	0.01	A	71	71	71	71	71	71	71	71	71	71	71	71	71	71	71	71	71	71	71	71	71	31	North_Central_California_Footh	B	Summer	low	0
400512739	2019	2.00	B	23	22	52	23	22	52	22	22	52	22	52	52	22	52	52	22	52	52	22	52	52	5	Columbia_Plateau	B	Summer	midlow	0
400049632	2016	0.10	A	42	42	42	42	42	42	42	42	42	42	42	42	42	42	42	42	42	42	42	42	42	5	Columbia_Plateau	B	Summer	midhigh	0
400155979	2017	0.33	B	21	71	71	21	71	71	21	71	71	21	71	71	21	71	71	21	71	71	21	71	71	31	North_Central_California_Footh	B	Summer	low	0
400127005	2017	0.10	A	42	42	42	42	42	42	42	42	42	42	42	42	42	42	42	42	42	42	42	42	42	5	Columbia_Plateau	B	Summer	midlow	0
400386455	2018	2.00	B	22	21	21	22	21	21	21	21	21	21	21	21	21	21	21	21	21	21	21	21	21	31	North_Central_California_Footh	B	Summer	low	0
400031195	2016	6262.00	G	52	52	52	52	52	52	52	52	52	52	52	52	52	52	52	52	52	52	52	52	52	5	Columbia_Plateau	B	Summer	low	1
400313433	2018	19.30	C	11	11	11	11	11	11	11	11	11	11	11	11	11	11	11	11	11	11	11	11	11	5	Columbia_Plateau	B	Summer	midlow	1
400029829	2016	10.00	C	71	71	71	71	71	71	71	71	71	71	71	71	71	71	71	71	71	71	71	71	71	5	Columbia_Plateau	B	Summer	midlow	1
400629985	2020	17988.00	G	71	71	71	71	71	71	71	71	71	71	71	71	71	71	71	71	71	71	71	71	71	5	Columbia_Plateau	B	Summer	mid	1
400312212	2018	50.00	C	71	71	71	71	71	71	71	71	71	71	71	71	71	71	71	71	71	71	71	71	71	5	Columbia_Plateau	B	Summer	midhigh	1
300217237	2015	1715.50	F	71	52	71	71	52	71	71	52	71	71	52	71	71	52	71	71	71	71	71	71	71	5	Columbia_Plateau	B	Summer	mid	1
400222964	2017	1000.00	F	71	71	52	71	71	52	71	71	52	71	71	52	71	71	52	71	71	52	71	71	52	31	North_Central_California_Footh	B	Fall	low	1
400630491	2020	845.00	E	71	71	71	71	71	52	71	71	52	71	71	52	71	71	52	71	71	52	71	71	52	5	Columbia_Plateau	B	Spring	midlow	1
400325281	2018	90.00	C	71	71	71	71	71	71	71	71	71	71	71	71	71	71	71	71	71	71	71	71	71	31	North_Central_California_Footh	B	Summer	low	1
400547883	2019	24.80	C	52	52	52	52	52	52	52	52	52	52	52	52	52	52	52	52	52	52	52	52	52	5	Columbia_Plateau	B	Summer	mid	1
400029688	2016	1414.80	F	71	71	71	71	71	71	71	71	71	71	71	71	71	71	71	71	71	71	71	71	71	5	Columbia_Plateau	B	Summer	mid	1
400372333	2018	20026.00	G	21	71	52	21	71	52	21	71	52	21	71	52	21	71	52	21	71	52	21	71	52	5	Columbia_Plateau	B	Summer	mid	1
300209546	2015	212.00	D	42	42	42	42	42	42	42	42	42	42	42	42	42	42	42	42	42	42	42	42	42	31	North_Central_California_Footh	B	Summer	low	1
400110957	2017	87.00	C	52	71	82	52	71	71	52	71	71	52	71	71	52	71	71	52	71	71	52	71	71	5	Columbia_Plateau	B	Fall	midlow	1
400371528	2018	386.00	E	52	52	52	52	52	52	52	52	52	52	52	52	52	52	52	52	52	52	52	52	52	31	North_Central_California_Footh	B	Summer	low	1
400630515	2020	702.00	E	22	52	52	22	52	52	22	52	52	22	52	52	22	52	52	22	52	52	22	52	52	5	Columbia_Plateau	B	Summer	low	1
400585815	2020	1200.33	F	23	22	23	23	22	23	23	22	23	23	71	71	23	71	71	23	71	71	23	71	71	31	North_Central_California_Footh	B	Spring	low	1
300269759	2015	27.67	C	71	71	71	71	71	71	71	71	71	71	71	71	71	71	71	71	71	71	71	71	71	31	North_Central_California_Footh	B	Summer	low	1
400305003	2018	410203.00	G	52	52	52	52	52	52	52	52	52	52	52	52	52	52	52	52	52	52	52	52	52	31	North_Central_California_Footh	B	Summer	midlow	1
300215496	2015	930.00	E	71	71	71	71	71	71	71	71	71	71	71	71	71	71	71	71	71	71	71	71	71	5	Columbia_Plateau	B	Summer	mid	1
400313504	2018	73.50	C	52	52	52	52	52	52	52	52	52	52	52	52	52	52	52	52	52	52	52	52	52	5	Columbia_Plateau	B	Summer	midlow	1
400389715	2018	2275.00	F	82	82	82	82	82	82	82	82	82	82	82	82	82	82	82	82	82	82	82	82	82	5	Columbia_Plateau	B	Summer	midlow	1
400114007	2017	36.00	C	21	52	52	21	52	52	21	52	52	21	52	52	21	52	52	21	52	52	21	52	52	31	North_Central_California_Footh	B	Summer	low	1
400114052	2017	17.50	C	52	52	52	52	52	52	52	52	52	52	52	52	52	52	52	52	52	52	52	52	52	31	North_Central_California_Footh	B	Summer	low	1
400524873	2019	11.10	C	82	82	71	71	71	71	71	71	71	71	71	71	71	71	71	81	81	81	81	81	81	5	Columbia_Plateau	B	Fall	mid	1
400631114	2020	344.00	E	52	71	71	52	52	71	52	52	71	52	52	71	52	52	71	52	52	71	52	52	71	5	Columbia_Plateau	B	Summer	mid	1
400026466	2016	300.00	E	23	52	52	23	52	52	23	52	52	23	52	52	23	52	52	23	52	52	23	52	52	5	Columbia_Plateau	B	Fall	low	1
400008135	2017	237.00	D	42	42	42	42	42	42	42	42	42	42	42	42	42	42	42	42	42	42	42	42	42	5	Columbia_Plateau	B	Fall	midhigh	1
400029903	2017	50.10	C	22	52	52	22	52	52	22	52	52	22	52	52	22	52	52	22	52	52	22	52	52	5	Columbia_Plateau	B	Summer	low	1
300209181	2015	8051.00	G	52	52	52	52	52	52	52	52	52	52	52	52	52	52	52	71	71	71	52	52	52	31	North_Central_California_Footh	B	Summer	low	1
