:nominal
DEM_binned,5,1,El
slope_binned,4,1,Sl
aspect_binned,6,1,As
fault_density_binned,6,1,Fd
road_density_binned,3,1,Rd
stream_density_binned,5,1,Sd
clay_pct_max_binned,4,1,Cl
NLCD_2021_encoded,14,1,Lc
taxorder_encoded,7,1,To
drainagecl_encoded,5,1,Dc
geomdesc_encoded,23,1,Gd
taxsuborder_encoded,13,1,Ts
taxgrtgroup_encoded,19,1,Tg
taxsubgrp_encoded,30,1,Tb
taxpartsize_encoded,14,1,Tp
ThematicRo_encoded,6,1,Ro
ThematicTe_encoded,12,1,Tt
LS,2,2,Z
:data
5 4 4 3 1 4 1 8 2 4 30 7 15 27 15 1 3 0
4 1 6 4 1 4 1 9 2 7 31 16 19 6 10 4 11 0
3 2 4 3 1 4 1 9 2 7 31 16 14 35 15 1 3 1
5 3 5 4 2 1 1 11 2 7 31 16 19 6 10 4 11 1
2 3 5 3 1 5 4 8 5 7 24 17 6 9 4 6 11 1
4 4 4 3 1 2 1 7 2 7 31 16 19 6 10 4 15 1
5 4 4 1 1 1 1 8 2 7 31 16 19 6 10 6 7 0
1 3 5 4 2 4 1 9 2 7 31 16 14 35 15 6 15 1
5 3 5 4 1 1 1 8 2 7 31 16 19 6 15 1 3 0
5 1 5 2 1 1 1 10 2 7 32 7 15 36 15 1 3 0
4 4 2 1 1 1 2 9 2 7 30 16 19 6 12 6 11 0
4 4 6 6 1 3 1 9 2 7 31 16 19 6 10 6 7 1
5 2 5 1 2 2 3 8 5 7 30 18 20 10 5 1 3 0
5 3 4 6 2 2 1 8 2 7 31 16 19 6 10 6 7 0
3 3 5 4 2 5 3 11 2 7 31 16 14 35 10 1 6 1
5 4 3 2 2 4 1 8 2 7 31 16 14 35 15 6 15 1
5 3 4 6 1 2 1 8 5 7 30 18 20 10 5 1 3 0
3 3 6 4 1 4 1 8 2 7 31 16 14 35 15 3 9 1
3 4 4 6 1 2 1 8 2 7 31 16 14 35 10 6 11 1
4 1 3 6 1 5 2 9 2 7 30 16 14 6 12 6 11 0
5 3 5 2 1 3 1 8 2 7 31 16 19 6 10 1 3 0
4 3 6 2 3 2 1 8 2 7 31 16 14 35 15 6 4 1
5 3 5 3 1 5 1 8 2 7 31 16 14 35 15 6 15 0
2 4 5 5 1 4 1 8 2 7 31 16 14 35 15 6 4 0
4 4 4 6 1 2 1 10 2 7 31 16 19 6 10 1 3 1
3 3 6 6 1 5 1 9 2 7 31 16 14 35 15 1 3 1
3 4 3 3 1 1 1 9 2 7 31 16 14 35 15 4 15 0
3 4 5 5 1 2 1 8 2 7 31 16 14 35 10 6 11 1
5 1 4 6 1 2 1 8 2 7 31 16 19 6 15 1 3 1
3 4 4 6 1 4 1 9 2 7 31 16 19 6 15 6 7 0
4 3 4 4 1 1 1 8 2 7 31 16 14 35 15 1 4 1
5 3 3 5 1 1 1 8 2 7 31 16 14 21 15 6 15 0
3 4 5 4 1 4 1 8 2 7 31 16 14 35 15 6 15 0
3 2 5 4 2 2 1 8 2 7 31 16 14 35 15 6 4 1
3 4 4 5 1 3 1 9 2 7 31 16 19 6 10 4 11 0
3 4 6 4 1 4 1 8 2 7 31 16 19 6 10 4 11 1
4 2 5 5 1 2 1 8 2 7 31 16 19 6 10 4 15 1
2 2 2 3 1 4 3 8 5 7 31 17 6 9 5 6 11 1
4 4 4 6 2 5 1 8 2 7 31 16 14 35 15 1 4 1
5 4 5 4 1 1 1 8 2 7 31 16 14 35 15 6 15 1
5 4 2 1 1 1 1 9 2 7 31 16 19 6 10 6 15 0
3 2 5 3 1 3 3 8 2 7 31 16 14 35 10 6 11 1
3 2 5 4 1 3 1 8 2 7 31 16 14 35 15 6 15 1
2 4 4 2 2 1 4 9 2 7 31 16 14 35 11 4 15 1
5 2 5 5 1 4 1 8 2 7 31 16 19 6 10 4 11 0
5 1 1 2 1 1 1 1 2 7 31 16 14 21 15 1 3 0
4 3 4 4 1 4 1 8 2 7 31 16 14 35 15 3 9 1
3 3 5 4 2 4 3 8 2 7 31 16 14 35 10 6 11 1
2 3 4 5 2 2 1 8 2 7 31 16 14 35 15 6 4 0
5 4 3 2 2 3 1 11 2 7 31 16 19 6 10 4 11 0
4 4 5 5 1 2 1 9 2 7 31 16 19 6 10 6 7 1
5 3 4 2 1 4 2 8 2 7 30 16 19 6 12 6 11 1
5 4 5 4 1 3 1 8 2 7 31 16 14 35 15 6 15 0
2 3 5 3 2 2 1 11 2 7 31 16 14 35 15 4 15 1
4 2 6 4 1 1 4 8 5 7 24 17 6 9 4 6 11 1
5 4 4 5 1 1 1 8 2 7 31 16 14 21 15 6 15 0
5 4 4 1 1 3 1 8 2 7 31 16 19 6 10 6 15 0
3 3 4 4 1 3 3 8 5 7 31 17 6 9 5 6 11 1
2 3 5 3 1 1 3 11 5 7 31 17 6 9 5 6 11 1
4 3 3 4 1 2 1 9 2 7 31 16 19 6 10 4 11 0
5 4 3 6 1 5 1 8 2 4 32 7 15 27 15 1 3 0
1 3 5 1 1 3 3 9 5 7 37 14 22 41 7 6 11 1
3 3 4 1 1 3 1 9 2 7 31 16 19 6 15 6 15 0
2 4 5 3 2 1 1 8 2 7 31 16 14 35 15 6 15 1
5 2 4 3 1 4 2 11 5 7 30 18 20 39 9 6 7 0
4 4 2 2 2 5 2 8 2 7 30 16 19 6 12 6 11 0
5 4 3 4 2 3 1 8 2 7 31 16 19 6 10 4 11 0
5 3 6 1 1 1 1 8 2 7 31 16 19 6 10 6 15 0
5 3 2 3 2 1 1 8 2 7 31 16 19 6 10 4 15 0
4 1 3 5 2 1 1 8 2 7 31 16 14 35 15 6 15 0
5 2 4 2 2 1 1 8 2 7 31 7 13 34 15 1 3 1
4 4 6 6 1 3 1 8 2 7 31 16 14 35 15 6 15 0
5 3 4 4 1 4 1 8 2 7 31 16 19 6 10 4 15 1
5 3 5 1 1 3 1 10 2 7 31 16 19 6 15 6 15 0
4 4 4 1 1 1 1 7 2 7 31 16 19 6 15 6 15 0
3 3 4 2 1 1 1 9 2 7 31 16 14 35 15 4 15 0
3 2 4 6 1 2 1 9 2 7 31 16 19 6 10 1 3 1
5 1 1 5 2 2 1 8 2 7 31 16 19 6 15 1 3 0
4 3 4 5 2 2 1 8 2 7 31 16 14 35 15 3 9 0
2 4 5 5 1 4 2 8 2 7 30 16 19 6 12 1 3 0
5 1 2 3 1 1 1 8 2 7 31 16 19 6 10 6 15 0
3 2 5 6 2 1 3 8 5 7 31 17 6 9 5 6 11 0
2 4 4 5 1 2 1 7 2 7 31 16 19 6 10 1 3 1
5 4 6 6 1 1 1 8 2 7 31 16 19 6 10 6 15 0
2 3 3 2 1 2 3 8 2 7 31 16 14 35 10 6 11 1
1 3 6 4 2 3 1 8 2 7 31 16 14 35 15 6 15 1
5 4 4 4 1 3 1 9 2 7 31 16 19 6 15 6 15 0
4 2 5 1 1 1 1 8 2 7 31 16 14 35 15 6 15 0
5 4 5 5 1 3 1 8 2 7 31 16 19 6 15 6 7 0
2 3 5 4 1 4 4 9 5 7 34 17 6 9 7 6 15 1
5 4 2 5 1 1 1 10 2 7 31 16 19 6 10 6 7 0
3 4 4 5 1 4 1 7 2 7 31 16 19 6 10 1 3 1
5 1 6 2 1 1 1 8 2 7 31 16 19 6 10 1 3 1
5 1 5 1 1 1 2 8 2 7 32 16 19 6 12 6 11 0
4 4 3 1 1 4 2 10 2 7 30 16 19 6 12 6 11 0
5 4 4 1 1 1 1 10 2 7 31 16 19 6 15 6 15 0
3 3 4 4 1 4 1 2 2 7 31 16 19 6 10 4 15 1
5 4 5 6 2 1 1 8 2 7 31 16 19 6 10 6 15 0
5 4 2 1 1 1 1 8 2 7 31 7 13 34 15 6 15 0
5 4 3 2 1 1 1 8 2 7 31 16 14 21 15 6 15 0
5 2 5 2 1 3 1 8 2 7 31 16 19 6 15 1 3 0
5 4 4 1 1 1 1 8 2 7 31 16 19 6 15 4 15 0
3 4 3 3 1 2 1 9 2 7 31 16 14 35 15 4 15 1
1 4 5 6 1 2 1 8 2 7 31 16 14 35 10 6 11 1
4 4 4 6 1 2 1 7 2 7 31 16 19 6 10 1 3 0
3 1 5 4 1 5 4 8 2 7 31 16 19 6 11 6 11 0
3 4 4 5 1 4 1 11 2 7 31 16 14 21 15 6 11 0
2 3 4 3 1 3 1 8 2 7 22 16 14 5 10 6 4 1
1 2 2 3 1 4 3 2 2 7 31 16 14 35 10 6 11 1
5 3 2 5 2 1 1 8 2 7 31 16 19 6 15 1 3 1
3 3 4 4 1 5 1 10 2 7 31 16 19 6 10 4 11 1
2 1 5 6 1 3 1 9 2 7 31 16 14 35 15 6 15 1
3 4 4 2 1 1 3 7 2 3 13 2 10 4 13 1 3 1
2 2 4 5 1 3 3 7 2 7 1 16 14 35 16 1 3 1
3 4 5 6 2 2 1 2 2 7 31 16 19 6 10 1 3 1
5 4 5 5 1 3 1 8 2 7 31 16 19 6 10 6 11 0
4 4 4 6 1 4 2 8 2 7 30 16 19 6 12 6 11 0
5 1 4 6 2 3 1 8 2 7 31 16 19 6 15 1 3 0
5 3 3 6 2 2 1 8 2 7 31 16 19 6 10 1 3 0
4 3 4 6 1 3 3 11 2 7 31 16 14 35 10 6 11 1
5 3 4 3 1 1 1 9 2 7 31 16 14 29 10 6 15 0
5 4 5 2 1 1 1 9 2 7 31 16 14 35 15 4 15 0
1 3 6 4 2 4 1 8 2 7 31 16 14 35 15 6 15 1
5 4 2 1 1 2 1 8 2 7 31 16 19 6 10 6 15 0
4 4 5 1 1 2 3 8 5 7 32 18 20 10 5 6 11 0
5 4 2 5 1 2 1 8 2 7 31 16 19 6 10 6 15 0
2 4 4 2 1 4 1 7 2 7 31 16 14 35 15 4 15 1
3 3 5 4 1 4 1 9 2 7 31 16 14 35 15 4 15 1
2 3 6 5 2 3 1 12 2 7 31 16 19 6 15 4 11 1
2 4 2 3 1 4 3 8 5 7 31 17 6 9 5 6 11 1
5 4 2 1 1 2 1 8 2 7 31 16 19 6 15 6 15 0
5 4 4 4 1 4 1 9 2 7 31 16 19 6 10 4 11 0
2 2 3 6 1 5 3 7 2 3 13 2 10 4 13 6 7 0
3 1 6 3 1 1 4 9 2 7 24 16 14 35 11 4 15 1
3 3 5 2 1 1 1 9 2 7 31 16 14 35 15 4 15 1
5 4 2 2 1 3 1 8 2 7 31 16 19 6 10 1 3 1
3 4 4 3 1 1 1 7 2 7 31 16 14 35 15 6 15 1
2 2 2 6 2 5 1 8 2 7 31 16 14 35 15 6 4 1
4 1 2 1 1 3 2 9 2 7 30 16 19 6 12 6 11 0
5 4 3 5 1 1 1 11 2 7 31 7 13 34 10 6 15 0
3 1 4 3 1 3 1 9 2 7 31 16 19 6 10 1 15 1
1 4 5 3 1 3 1 3 2 7 22 16 14 5 10 6 4 1
5 3 6 1 2 1 1 8 2 7 31 16 14 29 15 6 15 0
1 3 5 6 1 1 1 8 2 7 31 16 14 35 15 7 15 1
5 2 4 4 1 2 1 9 2 7 31 16 19 6 10 6 15 0
3 3 5 5 2 3 3 8 2 7 31 16 14 35 10 4 15 1
1 3 5 2 2 4 1 10 2 7 31 16 14 35 15 4 15 1
5 2 6 3 1 5 1 8 2 7 31 16 19 6 10 1 3 0
4 4 5 4 2 4 1 11 2 7 31 16 19 6 10 4 11 0
4 3 5 3 1 3 1 8 2 7 31 16 14 35 15 3 9 0
5 3 5 2 1 2 1 9 2 7 31 16 19 6 15 4 11 0
1 3 4 4 2 4 4 2 5 3 8 4 21 21 7 6 15 1
5 2 4 6 1 2 3 8 2 7 31 16 14 35 10 6 11 1
4 2 5 6 1 2 3 8 2 7 31 16 14 35 10 6 11 0
2 3 4 3 1 2 1 8 2 7 31 16 14 35 15 6 15 1
5 4 4 4 1 1 1 8 2 7 31 16 19 6 15 6 15 0
2 2 5 5 1 5 1 8 2 7 31 16 14 35 15 6 15 1
1 4 4 1 1 4 1 2 2 7 31 16 14 35 15 6 15 1
5 4 2 1 1 2 1 8 2 7 31 16 19 6 10 4 15 0
5 4 4 5 2 1 1 10 2 7 31 16 19 6 10 4 11 0
4 4 6 3 1 4 2 11 2 7 30 16 19 6 12 6 11 0
3 2 3 4 1 3 1 9 2 7 31 16 19 6 15 1 3 1
4 4 4 3 1 2 1 8 2 7 31 16 19 6 10 6 15 0
3 3 2 4 1 1 4 8 2 7 31 16 19 6 11 6 11 0
2 4 5 5 1 2 1 8 2 7 31 16 14 35 15 6 15 1
5 4 4 6 2 3 1 9 2 7 31 16 19 6 10 6 7 0
3 3 2 4 2 3 1 8 2 7 31 16 19 6 15 4 11 1
3 4 4 3 1 2 1 10 2 7 31 16 14 35 15 6 15 1
5 4 3 3 1 1 1 9 2 7 31 16 14 35 15 6 15 0
5 3 2 1 1 3 1 11 2 7 31 16 19 6 15 6 7 0
5 4 3 4 1 2 1 8 2 7 31 16 19 6 15 6 15 0
2 3 2 4 1 3 1 9 2 7 31 16 14 35 15 4 15 1
5 2 4 3 1 1 1 8 2 7 31 7 13 34 15 6 15 0
5 4 4 4 1 2 1 8 2 7 31 16 19 6 15 6 15 0
5 3 4 2 1 5 1 10 2 7 31 16 19 6 10 4 15 0
5 3 2 5 1 1 1 8 2 7 31 16 19 6 10 6 15 0
2 2 2 4 1 2 3 8 2 7 31 16 14 35 10 6 11 1
1 4 3 5 2 5 1 7 2 7 31 16 14 35 15 6 15 1
5 2 4 5 2 2 1 8 2 7 31 16 19 6 15 1 3 0
5 1 5 1 1 1 1 8 2 7 31 16 19 6 15 1 3 0
5 1 5 1 1 3 1 8 2 7 31 16 14 21 15 6 15 0
3 3 4 1 2 1 1 8 2 7 31 16 14 35 15 4 15 1
2 3 6 3 2 3 1 8 2 7 31 16 14 35 15 3 9 1
4 1 4 1 1 1 2 8 2 7 30 16 19 6 12 6 11 0
2 3 5 2 1 3 3 8 2 7 31 16 14 35 10 6 11 1
4 3 4 3 1 3 1 9 2 7 31 16 19 6 10 4 15 1
3 4 2 1 1 2 3 8 2 7 31 16 14 35 10 4 15 1
5 2 5 1 1 1 2 8 2 7 30 16 19 6 12 6 11 0
5 3 2 2 2 4 2 8 2 7 30 16 19 6 12 6 11 0
3 3 5 3 1 1 3 10 2 7 31 16 14 35 10 4 15 1
5 2 2 6 2 1 1 8 2 7 31 7 13 34 10 1 3 0
5 4 2 6 2 3 1 8 2 7 32 7 15 36 15 6 11 0
5 3 5 6 1 4 1 8 2 7 31 16 19 6 10 6 7 0
4 4 3 6 2 3 1 10 2 7 31 16 19 6 10 1 3 1
3 3 5 1 1 1 3 8 2 7 31 16 14 35 10 4 15 1
4 2 5 2 1 3 3 8 2 7 31 16 14 35 10 6 11 0
4 2 5 6 1 4 1 9 2 7 31 16 19 6 10 1 3 1
3 4 3 4 2 5 3 8 2 7 31 16 14 35 10 1 6 1
3 4 3 3 1 2 2 8 2 7 30 16 19 6 12 6 11 0
5 4 2 4 1 1 1 8 2 7 31 16 19 6 10 1 3 0
2 4 5 4 1 4 1 9 2 7 31 16 14 35 15 4 15 1
4 3 5 4 2 5 1 8 2 7 31 16 14 35 15 6 4 1
4 3 4 1 1 4 1 9 2 7 31 16 19 6 10 4 15 0
3 4 5 3 1 4 1 8 2 7 31 16 14 35 15 3 5 0
4 4 3 1 1 1 1 8 2 7 31 16 19 6 10 4 15 0
4 3 3 1 2 3 1 10 2 7 30 16 19 6 10 6 11 0
3 3 5 3 1 2 1 9 2 7 31 16 14 35 15 6 15 1
5 4 3 5 1 2 1 8 2 7 31 16 19 6 10 6 15 1
5 4 6 3 2 3 1 8 2 7 31 16 19 6 15 1 3 0
4 2 2 2 2 5 2 8 2 7 32 16 19 6 12 6 11 1
4 4 4 6 1 1 2 10 2 7 30 16 19 6 12 6 11 1
2 2 4 3 1 5 3 8 2 7 1 16 14 35 16 4 15 0
4 1 4 2 1 1 1 9 2 7 31 16 19 6 10 4 15 0
3 3 2 6 1 3 1 9 2 7 31 16 14 35 15 1 3 1
3 3 2 4 1 3 1 8 2 7 31 16 19 6 15 1 3 1
2 4 4 1 1 2 3 8 2 7 31 16 14 35 10 6 11 1
5 4 4 2 1 2 1 8 2 7 31 16 14 29 15 6 15 1
4 1 5 6 1 2 3 8 2 7 31 16 14 35 10 6 11 1
1 4 1 4 2 3 3 3 2 3 37 2 10 4 13 4 15 1
1 2 5 3 2 4 3 8 5 7 23 14 22 11 7 6 11 0
5 4 3 4 1 2 1 8 2 7 31 16 19 6 15 6 15 0
2 4 3 2 2 2 1 12 2 7 31 16 14 35 15 4 15 1
3 3 4 2 2 2 3 11 5 7 31 17 6 9 5 6 11 1
5 4 3 2 1 1 1 8 2 7 31 16 19 6 15 6 15 0
5 2 4 5 1 2 1 10 2 7 30 16 19 6 10 6 11 0
5 3 6 5 2 2 1 8 2 7 31 16 19 6 15 1 3 0
5 4 5 4 1 1 1 8 2 7 31 16 19 6 15 6 15 0
2 2 4 3 1 3 1 9 2 7 31 16 14 35 15 4 15 1
5 4 5 4 1 1 1 8 2 7 31 16 19 6 10 6 15 0
5 1 4 2 2 4 3 8 5 7 30 18 20 10 5 1 3 1
5 4 5 2 1 1 1 8 2 7 31 16 19 6 15 1 3 0
5 3 5 2 2 4 1 11 2 7 30 16 19 6 10 1 3 0
5 3 2 1 1 5 3 8 5 7 32 18 20 10 5 6 11 0
3 4 5 2 1 2 1 8 2 7 31 16 19 6 10 1 15 0
5 1 3 5 3 4 1 8 2 7 31 16 19 6 15 1 3 0
3 3 3 1 1 4 2 9 2 7 30 16 19 6 12 6 11 0
5 4 3 2 1 4 1 8 2 7 31 16 19 6 10 1 3 0
5 2 4 1 2 2 1 10 2 7 32 7 15 36 15 1 3 0
2 1 3 1 1 5 1 3 2 7 31 16 14 35 15 6 15 0
5 4 4 2 1 1 1 8 2 7 31 16 19 6 15 6 15 0
4 3 5 2 1 4 1 3 2 7 31 16 19 6 15 6 15 1
3 2 4 5 1 5 1 8 2 7 31 16 14 35 15 6 15 1
4 4 4 6 1 4 2 10 2 7 30 16 19 6 12 6 11 0
5 4 3 6 1 1 1 8 2 7 31 7 13 34 15 1 3 0
3 3 5 5 1 4 1 9 2 7 31 16 14 35 15 4 15 1
5 3 2 1 1 1 2 8 2 7 30 16 19 6 12 6 11 0
4 3 2 6 1 3 1 9 2 7 31 16 19 6 10 4 15 1
5 4 3 3 2 1 1 8 2 7 31 16 19 6 10 6 15 0
5 3 3 2 1 1 1 11 2 7 31 7 13 34 10 6 15 0
5 3 3 4 1 1 1 8 2 7 31 16 19 6 10 4 15 0
5 4 4 1 1 5 1 8 2 7 31 16 14 21 15 6 11 0
5 4 4 2 1 1 1 8 2 7 31 16 19 6 15 4 15 0
3 2 5 5 1 4 1 8 2 7 30 16 19 6 10 6 11 0
5 3 4 5 2 1 1 8 2 7 31 16 14 35 15 3 9 0
4 4 2 3 1 3 1 8 2 7 31 16 14 35 15 6 15 0
4 4 3 6 2 4 1 8 2 7 30 16 19 6 10 6 11 0
5 1 3 5 1 1 1 8 2 7 31 16 19 6 15 4 11 0
2 2 4 2 1 5 1 9 2 7 31 16 14 35 15 3 5 1
4 4 4 1 1 4 2 10 2 7 30 16 19 6 12 6 11 0
4 4 4 5 1 3 1 8 2 7 31 16 19 6 10 4 15 0
5 3 5 2 1 4 2 8 2 7 32 16 19 6 12 6 11 0
5 2 6 1 1 2 1 8 2 7 31 16 14 35 15 6 15 0
5 1 5 3 1 1 1 8 2 7 31 16 14 35 15 6 15 0
5 1 6 5 1 3 1 10 2 7 30 16 19 6 10 1 3 0
4 4 5 4 1 2 1 8 2 7 31 16 14 35 15 4 15 1
5 3 4 6 1 3 1 8 2 7 32 7 15 36 15 6 11 0
5 4 3 5 1 2 1 8 2 7 31 16 19 6 15 6 7 0
4 4 3 6 1 1 1 8 2 7 31 16 14 35 10 6 11 0
5 4 4 5 1 2 1 10 2 7 31 16 19 6 10 6 15 0
4 2 3 3 1 3 1 9 2 7 31 16 19 6 10 4 15 1
2 4 4 1 1 4 2 9 2 7 30 16 19 6 12 6 11 0
5 4 6 2 1 1 1 8 2 7 31 16 14 35 15 4 15 0
3 4 5 2 2 1 3 9 2 7 31 16 14 35 10 4 15 1
5 2 3 6 1 1 1 8 2 7 32 7 15 36 15 1 3 0
5 1 3 4 1 1 1 11 2 7 32 7 15 36 15 1 3 0
3 3 4 2 1 4 1 9 2 7 31 16 19 6 10 4 15 1
2 4 2 4 1 4 1 9 2 7 31 16 14 35 15 4 15 1
5 2 2 3 1 4 1 11 2 7 31 16 19 6 10 6 15 0
2 3 3 4 1 5 1 7 2 7 31 16 14 35 15 6 7 0
1 1 5 2 2 4 3 9 2 7 31 16 14 35 10 6 11 1
4 4 2 5 2 5 1 11 2 7 31 16 14 35 15 1 4 0
4 1 4 5 1 1 3 9 2 7 31 16 14 35 10 6 11 1
5 4 3 1 1 4 1 8 2 7 31 16 14 35 15 4 15 1
2 3 6 3 1 1 1 8 2 7 31 16 14 35 10 6 2 1
5 3 4 3 1 2 1 8 2 7 31 16 19 6 10 6 15 0
1 3 6 2 1 5 1 8 2 7 31 16 14 35 15 6 15 1
2 4 5 3 1 2 1 8 2 7 31 16 14 35 10 6 11 0
5 3 6 1 1 3 1 8 2 7 31 16 19 6 10 6 15 0
2 3 4 1 1 4 2 8 2 7 30 16 19 6 12 6 11 0
4 1 4 5 1 2 1 8 2 7 31 16 14 35 15 3 9 0
4 3 2 6 1 4 1 9 2 7 31 16 14 35 15 1 3 1
5 4 6 5 1 1 1 8 2 7 31 16 14 21 15 6 7 0
5 4 4 2 1 1 1 8 2 7 31 16 19 6 15 6 15 0
4 4 5 6 1 3 1 9 2 7 31 16 19 6 10 1 3 1
2 2 3 3 1 4 1 9 2 7 31 16 14 35 15 4 15 1
4 2 3 5 1 4 1 7 2 7 31 16 14 35 15 4 15 0
2 3 5 5 1 3 1 8 2 7 31 16 19 6 10 1 3 1
5 4 2 2 1 1 1 8 2 7 31 16 19 6 10 4 15 0
5 4 6 4 1 1 1 8 2 7 31 16 14 21 15 6 7 0
3 4 3 5 2 3 3 9 2 3 13 2 10 4 13 6 15 1
5 4 6 6 1 1 3 8 5 7 32 18 20 39 9 1 3 0
5 4 6 1 2 1 1 8 2 7 31 16 14 35 15 6 15 0
5 4 6 2 1 1 1 8 2 7 31 16 19 6 10 6 15 0
5 4 5 5 1 4 1 8 2 7 31 16 19 6 10 6 15 0
3 4 4 4 1 3 1 8 2 7 31 16 14 35 15 4 15 0
5 4 5 1 1 4 1 8 2 7 31 16 19 6 10 6 15 1
2 1 2 6 1 5 1 9 2 7 31 16 14 35 15 4 15 1
5 4 4 6 1 1 1 11 5 7 32 18 20 28 9 6 11 0
5 4 5 5 1 2 1 8 2 7 31 16 19 6 10 4 11 0
3 3 6 5 1 5 1 8 2 7 31 16 19 6 15 4 15 0
4 1 3 3 2 2 1 8 2 7 31 16 14 35 15 6 15 0
4 3 5 6 1 2 1 9 2 7 31 16 14 35 15 1 4 0
4 2 5 6 1 4 3 11 2 7 31 16 14 35 10 6 11 1
5 4 4 3 1 4 1 8 2 7 31 16 19 6 10 4 15 1
5 1 5 2 2 1 1 8 2 7 31 16 19 6 15 1 3 0
3 2 4 4 1 1 1 11 2 7 31 16 14 35 15 4 15 0
3 2 5 4 1 5 2 10 2 7 30 16 14 6 12 6 11 0
4 3 4 5 2 4 2 9 2 7 30 16 19 6 12 6 11 0
1 4 5 5 2 4 1 8 2 7 31 16 14 35 15 6 15 1
5 4 5 2 1 4 1 8 2 7 31 16 19 6 15 6 15 1
4 4 4 4 1 5 1 8 2 7 31 16 19 6 10 4 15 1
4 2 3 3 1 3 1 9 2 7 31 16 14 35 15 6 15 0
5 1 3 5 2 4 1 8 2 7 31 16 19 6 15 1 3 0
3 4 3 6 1 4 1 9 2 7 31 16 14 35 15 4 15 1
5 4 2 2 1 2 1 8 2 7 31 16 19 6 10 6 7 0
2 3 2 4 1 5 1 9 2 7 31 16 14 35 15 6 7 1
3 1 5 6 1 5 3 10 2 7 34 16 14 35 12 1 3 0
5 4 4 4 1 1 1 10 2 7 31 16 19 6 10 6 15 0
5 1 3 2 1 4 1 8 2 7 31 16 19 6 15 1 3 0
3 4 5 4 2 2 1 8 2 7 31 16 19 6 10 4 11 1
5 3 6 6 1 1 1 8 2 7 31 16 14 29 10 2 4 0
5 1 5 2 1 5 4 8 7 7 30 9 16 37 5 1 3 1
3 3 5 2 2 5 1 8 2 7 31 16 14 35 10 6 11 0
1 3 5 5 1 5 1 8 2 7 31 16 14 35 15 6 4 0
2 1 2 4 2 3 3 9 5 7 31 17 6 9 5 3 11 1
3 4 5 1 1 2 2 9 2 7 30 16 19 6 12 6 11 0
4 4 5 1 1 2 1 8 2 7 31 16 19 6 15 6 15 0
5 2 4 1 1 1 3 10 5 7 30 18 20 39 9 1 3 0
3 4 4 5 2 4 1 8 2 7 31 16 14 35 15 6 4 1
5 3 5 1 2 3 1 8 2 7 30 16 19 6 10 6 11 0
5 2 4 2 2 5 1 9 2 7 31 16 19 6 10 3 9 0
3 4 2 6 1 2 1 8 2 7 31 16 14 35 15 4 15 1
5 4 4 2 1 4 1 10 2 7 31 16 14 21 15 6 11 0
2 2 5 5 2 5 1 8 2 7 31 16 14 35 15 6 15 1
5 4 6 1 1 4 2 8 2 7 30 16 19 6 12 6 11 0
4 3 3 5 1 2 1 2 2 7 31 16 19 6 10 4 15 0
1 4 5 3 1 5 1 9 2 7 31 16 14 35 15 6 15 1
4 1 2 4 1 4 1 10 2 7 31 16 19 6 10 4 15 0
4 4 5 1 1 4 1 8 2 7 31 16 14 35 15 6 4 0
3 2 2 1 1 3 1 10 2 7 31 16 14 35 10 6 11 0
4 4 4 4 1 2 1 8 2 7 31 16 14 35 15 1 4 1
5 3 4 3 2 1 1 11 2 7 31 16 14 35 15 6 4 1
4 2 5 6 1 2 1 9 2 7 31 16 19 6 10 1 3 1
4 2 3 4 1 3 1 9 2 7 31 16 14 35 15 4 15 1
4 4 2 1 1 1 2 8 2 7 30 16 19 6 12 6 11 0
3 4 2 1 1 2 2 8 2 7 30 16 19 6 12 6 11 0
1 4 5 6 1 4 1 8 2 7 31 16 14 35 15 6 15 1
5 2 5 6 1 4 3 8 2 7 31 16 14 35 10 1 3 0
3 3 5 2 1 2 3 8 5 7 31 17 6 9 5 6 11 1
5 3 5 2 1 2 1 8 2 7 31 16 19 6 10 4 15 1
3 3 5 5 2 4 3 8 2 7 31 16 14 35 10 1 4 1
3 2 5 5 1 1 3 11 2 7 31 16 14 35 10 6 11 0
4 3 5 4 1 2 1 8 2 7 31 16 19 6 15 6 11 1
5 1 1 6 1 4 1 8 5 7 32 4 14 21 15 1 3 0
5 4 4 6 1 1 1 8 2 7 32 7 15 36 15 1 3 0
4 4 5 6 2 2 1 9 2 7 31 16 19 6 10 1 3 0
5 4 3 3 1 1 1 8 2 7 31 16 14 29 15 6 15 0
4 2 2 4 1 4 1 8 2 7 31 16 19 6 10 1 3 1
5 4 4 5 1 1 1 8 2 7 31 16 14 35 15 6 15 0
4 4 4 5 1 2 1 8 2 7 31 16 14 35 15 6 15 0
3 4 3 6 1 4 1 7 2 7 31 16 19 6 10 1 3 1
5 3 2 3 1 2 1 8 2 7 31 16 14 35 15 6 15 0
1 4 5 2 1 5 1 1 2 7 31 16 14 21 15 6 15 1
5 4 4 1 1 2 1 10 2 7 31 16 19 6 15 6 15 0
2 4 6 4 1 3 4 9 5 3 37 4 21 21 7 4 15 1
2 3 5 6 1 2 1 9 2 7 31 16 14 35 15 1 3 1
4 2 3 4 1 1 1 11 2 7 31 16 14 35 15 1 6 1
5 3 3 3 2 1 1 2 2 7 31 16 14 29 10 6 15 0
3 2 4 2 1 2 3 9 2 3 13 2 10 4 13 1 3 1
5 3 5 1 1 2 1 8 2 7 31 16 19 6 10 4 15 0
3 1 5 5 1 1 3 8 2 7 31 16 14 35 10 6 11 0
4 4 5 5 1 2 1 8 2 7 31 16 14 35 15 4 15 0
5 4 6 6 2 3 4 8 2 7 31 16 19 6 11 1 3 0
2 1 4 4 1 2 1 9 2 7 31 16 14 35 15 4 15 0
2 2 4 4 1 3 4 7 2 7 24 16 14 35 11 4 15 1
4 3 4 6 1 3 1 9 2 7 31 16 19 6 10 6 7 1
1 2 5 2 1 4 3 9 2 7 31 16 14 35 10 6 11 1
5 2 4 3 3 4 1 8 2 7 31 16 19 6 10 1 3 0
5 4 4 5 1 2 1 8 2 7 31 16 19 6 10 7 15 0
5 2 1 5 1 5 1 9 2 7 31 16 19 6 10 1 3 1
4 1 5 4 1 4 3 11 2 7 31 16 14 35 10 6 15 0
5 3 4 2 1 1 1 8 2 7 31 16 14 35 15 6 15 0
3 4 4 4 2 5 1 9 2 7 31 16 14 35 15 6 15 0
5 1 6 1 1 2 1 8 2 7 31 7 13 34 10 1 3 0
5 4 5 6 1 1 1 8 5 7 32 18 20 28 9 1 3 0
2 2 4 4 1 5 3 8 2 7 31 16 14 35 10 6 11 1
2 2 5 2 1 3 3 9 2 7 31 16 14 35 10 4 15 1
5 4 3 5 1 2 1 8 2 7 31 16 19 6 10 6 15 0
5 4 6 2 1 2 1 10 2 7 31 16 19 6 10 4 15 1
5 4 2 4 2 1 1 8 2 7 31 16 19 6 15 4 15 0
4 2 5 6 1 4 1 9 2 7 31 16 14 35 15 4 15 0
5 4 2 1 1 3 1 8 2 7 31 16 19 6 10 6 15 0
2 2 5 3 1 1 1 9 2 7 31 16 14 35 15 2 4 1
5 2 5 6 2 1 1 8 2 7 32 16 19 6 15 1 2 0
5 4 4 5 1 1 1 8 2 7 31 16 19 6 10 6 15 1
5 4 5 6 1 1 1 8 2 7 31 16 19 6 10 1 3 1
4 4 4 1 1 4 1 10 2 7 30 16 19 6 10 6 11 0
3 3 4 4 1 3 1 8 2 7 31 16 19 6 10 4 15 1
5 4 4 1 1 5 2 10 2 7 32 16 19 6 12 6 11 0
5 4 3 1 1 4 1 9 2 7 31 16 14 21 15 6 11 0
5 3 4 4 2 4 1 3 2 7 31 16 19 6 10 7 15 1
5 4 4 5 1 1 1 8 2 7 31 16 19 6 15 6 15 0
4 3 5 1 1 4 1 9 2 7 31 16 19 6 10 4 15 1
3 2 4 5 1 5 1 8 2 7 31 16 14 35 15 6 7 0
1 2 5 4 1 5 4 12 5 7 1 17 6 9 5 4 15 1
5 2 3 6 1 1 3 8 2 3 13 2 10 4 13 1 3 0
4 1 6 5 1 2 1 8 2 7 31 16 14 35 15 1 3 0
4 4 4 4 2 2 1 8 5 7 32 18 20 28 9 6 11 0
2 4 4 3 1 4 1 12 2 7 31 16 14 35 15 6 15 1
1 4 6 3 2 5 1 8 2 7 31 16 14 35 15 3 9 1
5 4 4 1 1 4 3 8 5 7 32 17 6 9 5 1 3 0
5 2 2 2 1 1 1 8 2 7 31 7 13 34 15 1 3 0
5 4 4 5 1 1 1 11 2 7 31 16 19 6 10 6 15 0
3 3 2 4 1 3 1 9 2 7 31 16 19 6 15 6 11 0
3 2 6 6 1 5 1 9 2 7 31 16 19 6 10 6 7 1
1 3 3 4 1 4 1 8 2 7 31 16 14 35 10 6 2 1
5 1 3 1 1 2 3 8 5 7 30 18 20 39 9 1 3 0
3 4 4 5 1 1 1 7 2 7 31 16 14 35 15 6 15 1
5 4 5 3 1 3 1 8 2 7 31 16 19 6 15 6 7 0
4 3 5 4 1 4 1 9 2 7 31 16 19 6 15 6 15 1
5 3 4 5 2 1 1 8 2 7 31 16 14 35 15 1 4 0
5 2 3 3 1 3 1 2 2 7 31 16 19 6 10 6 7 0
5 4 4 1 1 4 1 10 5 7 32 18 20 28 9 6 11 0
1 4 4 6 1 2 1 9 5 7 18 17 6 23 3 6 11 1
4 2 4 4 1 3 1 10 2 7 31 16 14 35 15 1 6 1
4 3 3 1 2 2 2 8 2 7 30 16 19 6 12 6 11 0
3 1 3 3 1 1 1 9 2 7 31 16 19 6 10 4 15 0
3 1 3 2 1 1 3 8 5 7 31 17 6 9 5 6 11 0
1 3 1 4 1 5 3 9 2 3 13 2 10 4 13 4 15 1
5 2 6 2 1 2 1 8 2 7 31 16 19 6 10 4 15 0
2 3 6 4 1 3 1 9 2 7 31 16 14 35 15 4 15 1
4 4 5 5 1 1 1 9 2 7 31 16 14 35 15 4 15 0
4 4 4 4 1 4 1 9 2 7 31 16 19 6 10 6 7 1
5 4 2 4 1 2 1 8 2 7 31 16 19 6 10 6 15 1
3 2 4 6 1 1 1 9 2 7 31 16 19 6 15 1 3 1
3 4 4 4 1 3 1 9 2 7 31 16 14 35 15 4 15 1
5 2 5 4 1 1 1 8 2 7 31 16 14 35 15 6 15 0
2 3 6 3 2 3 1 8 2 7 31 16 14 35 15 3 9 1
5 2 2 1 1 1 1 10 2 7 31 16 19 6 15 6 15 0
5 3 5 3 1 2 1 8 2 7 31 16 19 6 10 4 11 0
5 3 6 2 1 4 2 10 2 7 30 16 19 6 12 6 11 0
5 4 2 6 1 1 1 8 2 7 31 16 19 6 10 4 15 0
5 2 4 2 1 3 4 8 5 7 31 17 6 9 5 6 11 0
1 4 5 5 1 2 3 8 5 7 23 14 22 11 7 6 11 1
4 2 5 3 1 3 1 9 2 7 31 16 14 35 15 6 15 1
2 2 5 5 1 2 1 9 2 7 31 16 14 35 15 1 3 1
2 3 3 6 2 3 1 7 2 7 31 16 19 6 10 1 3 1
4 4 3 6 1 4 1 10 2 7 31 16 19 6 10 1 3 1
3 4 5 3 2 3 4 11 2 7 31 16 14 35 11 4 15 1
5 4 3 1 1 1 1 8 2 7 31 16 14 35 15 6 15 0
5 4 3 6 1 1 3 8 5 7 32 18 20 39 9 1 3 0
5 3 4 1 1 1 1 8 2 7 31 16 19 6 10 6 15 0
4 4 6 5 1 3 3 8 5 7 32 18 20 39 9 6 11 0
4 4 5 3 1 1 4 8 2 7 31 16 14 35 11 4 15 0
3 1 3 3 1 5 1 9 2 7 31 16 14 35 15 3 5 0
5 4 6 1 1 2 2 8 2 7 30 16 19 6 12 6 11 0
5 2 2 5 1 4 1 8 2 7 31 16 14 35 15 6 15 0
4 3 5 3 1 2 1 9 2 7 31 16 14 35 15 6 15 0
5 3 6 1 1 3 1 9 2 7 31 16 19 6 10 6 15 1
5 4 4 6 1 5 1 11 2 7 32 7 15 36 15 1 3 0
1 2 5 5 2 4 1 9 2 7 31 16 14 35 15 6 15 1
5 4 5 4 2 1 1 8 2 7 32 16 19 6 15 1 3 1
4 4 5 5 1 4 1 8 2 7 31 16 14 35 15 6 15 0
4 3 2 2 1 2 1 8 2 7 31 16 14 35 15 6 15 0
3 4 3 6 1 2 1 9 2 7 31 16 14 35 15 1 3 0
5 4 3 2 1 2 1 10 2 7 31 16 19 6 10 4 15 1
4 4 3 6 2 3 1 8 2 7 31 16 19 6 10 1 3 1
5 4 5 1 1 1 1 8 2 7 31 16 14 29 15 6 15 1
5 4 3 5 1 1 1 8 2 7 31 16 14 29 15 4 15 0
5 4 6 5 1 2 1 8 2 7 31 16 14 35 15 6 15 0
5 1 5 1 1 2 2 8 2 7 32 16 19 6 12 6 11 0
5 2 6 1 1 5 1 8 2 7 31 16 19 6 10 1 3 0
3 3 4 3 1 4 1 8 2 7 31 16 14 35 15 3 9 0
3 4 5 2 2 2 1 8 2 7 31 16 14 35 15 6 15 0
5 4 6 1 1 2 1 10 2 7 31 16 14 29 15 6 15 0
5 2 5 1 1 5 2 8 2 7 32 16 19 6 12 6 11 0
5 4 6 1 1 3 1 11 2 7 31 16 14 35 15 6 15 0
5 3 4 1 1 1 3 8 5 7 30 18 20 10 5 1 3 0
4 3 3 6 2 3 1 10 2 7 31 16 19 6 10 6 7 1
5 4 2 6 1 1 1 8 2 7 31 16 14 29 10 2 4 0
3 3 5 6 2 4 3 8 2 7 31 16 14 35 10 1 4 1
1 4 6 4 1 5 1 8 2 7 31 16 14 35 15 6 15 1
2 2 6 3 1 1 1 8 2 7 31 16 14 35 10 6 2 1
4 3 5 6 1 4 1 9 2 7 31 16 19 6 10 6 7 0
5 3 4 3 1 1 1 10 2 7 30 16 19 6 10 6 11 0
1 1 5 5 1 5 4 8 5 7 1 17 6 9 5 6 4 1
5 4 3 1 2 2 1 8 2 7 30 16 19 6 10 6 11 0
5 4 5 3 2 4 1 11 2 7 31 16 14 35 15 4 15 0
5 4 2 2 1 2 1 10 2 7 31 16 19 6 10 4 15 0
2 4 5 3 1 3 1 9 2 7 31 16 14 35 15 4 15 0
4 4 3 2 1 3 1 9 2 7 31 16 19 6 10 1 15 1
5 4 2 1 1 3 1 8 2 7 31 16 19 6 10 6 15 0
5 3 6 5 1 2 3 8 5 7 32 18 20 39 9 1 3 0
3 1 4 1 1 4 1 9 5 7 30 18 20 10 5 6 11 0
5 4 3 3 2 3 1 10 2 7 31 16 19 6 15 1 3 0
5 4 4 1 1 3 2 8 2 7 32 16 19 6 12 6 11 0
4 4 6 2 2 5 1 10 2 7 31 16 14 35 15 6 4 1
4 3 2 5 1 2 1 8 2 7 31 16 19 6 10 6 7 0
5 3 4 6 1 4 3 8 5 7 30 18 20 10 5 6 7 0
1 2 4 3 1 1 1 9 2 7 31 16 14 35 15 6 15 1
4 4 4 2 1 1 1 9 2 7 31 16 14 35 15 6 15 1
5 4 6 1 2 1 1 8 2 7 31 16 14 35 15 6 15 0
3 4 4 3 1 1 1 9 2 7 31 16 14 35 10 6 2 1
4 4 2 1 1 2 1 9 2 7 31 16 14 35 15 6 15 0
3 3 5 2 1 2 3 8 2 7 31 16 14 35 10 6 11 1
5 2 5 2 2 1 1 10 2 7 31 16 19 6 15 1 3 0
2 1 2 3 1 2 1 8 2 7 31 16 14 35 15 6 15 1
1 3 4 5 1 4 3 2 2 7 31 16 14 35 10 6 11 1
5 1 4 6 2 3 1 8 2 7 31 16 19 6 15 3 9 0
4 4 2 4 1 3 1 9 2 7 31 16 19 6 10 4 15 1
4 3 4 5 1 2 1 8 2 7 31 16 14 35 15 6 15 1
2 3 4 5 1 2 1 7 2 7 31 16 14 35 15 6 15 1
4 4 6 4 1 3 1 11 2 7 31 16 19 6 10 1 3 1
4 4 5 5 1 3 1 11 2 7 31 16 14 35 15 6 15 0
5 4 2 1 1 2 1 10 2 7 31 16 19 6 10 4 15 0
5 4 4 1 1 1 1 8 2 7 31 16 14 35 15 6 15 0
3 3 6 3 2 4 1 8 2 7 31 16 14 35 15 6 15 1
1 1 5 6 1 4 3 9 2 7 1 16 14 35 16 4 15 1
5 1 6 5 1 1 1 8 2 7 31 16 19 6 15 6 15 0
5 3 4 6 1 2 3 8 5 7 32 17 6 9 5 6 11 0
5 3 6 4 1 5 1 8 2 7 31 16 19 6 10 4 11 0
2 3 3 3 2 2 3 11 2 7 31 16 14 35 10 6 11 1
4 4 4 1 1 1 2 8 2 7 30 16 19 6 12 6 11 1
5 4 5 5 1 1 1 9 2 7 31 16 19 6 15 6 15 0
4 4 5 6 1 2 1 8 2 7 31 16 14 35 10 6 11 0
5 4 5 1 1 1 1 10 2 7 31 16 14 29 10 6 15 0
1 1 5 3 1 4 1 8 5 7 18 17 6 23 3 6 11 1
4 4 4 4 1 2 1 9 2 7 31 16 19 6 10 6 7 0
4 3 4 5 1 2 1 10 2 7 31 16 19 6 10 1 3 1
5 4 2 4 1 4 1 11 2 7 31 16 19 6 10 4 15 0
3 3 6 2 1 3 1 8 2 7 31 16 14 35 15 4 15 0
3 4 4 3 1 3 1 8 2 7 31 16 14 35 15 6 15 1
5 4 3 4 1 2 1 8 2 7 31 16 14 21 15 6 15 1
2 1 4 4 1 1 3 8 5 7 23 14 22 11 7 6 11 1
3 4 6 4 2 5 1 8 2 7 31 16 14 35 15 6 15 1
5 4 4 2 1 2 1 8 2 7 31 16 19 6 15 6 15 0
5 1 3 3 2 5 1 8 2 7 31 16 14 35 15 6 15 0
2 2 5 6 1 1 1 9 2 7 31 16 14 35 15 1 4 0
3 2 5 6 1 4 1 9 2 7 31 16 14 35 15 6 15 1
2 1 4 3 1 3 1 9 2 7 31 16 14 35 15 4 15 1
5 4 4 6 1 2 3 8 5 7 32 18 20 10 5 6 11 0
2 3 5 2 1 4 1 9 2 7 31 16 14 35 10 6 11 0
3 3 4 6 2 2 1 7 2 7 31 16 14 35 15 1 3 1
4 4 5 5 2 4 1 8 2 7 31 16 19 6 10 6 15 1
4 4 4 4 1 1 1 8 2 7 31 16 14 35 15 4 15 0
4 3 5 4 2 3 1 8 2 7 31 16 14 35 15 6 15 0
5 4 3 6 1 1 1 10 2 4 32 7 15 27 15 6 11 0
3 3 4 2 2 1 1 8 2 7 31 16 14 35 15 4 15 1
2 2 5 4 1 2 1 9 2 7 31 16 14 35 15 6 15 1
3 4 3 1 1 2 1 7 2 7 31 16 19 6 15 6 15 0
4 4 3 3 1 1 1 8 2 7 31 16 19 6 15 6 7 0
5 3 5 4 2 4 1 8 2 7 31 16 14 35 15 4 15 0
1 1 6 3 2 5 1 8 6 3 28 5 3 31 8 6 4 1
5 2 5 5 1 4 1 8 2 7 31 16 14 35 15 6 15 0
3 4 5 3 2 4 1 8 2 7 31 16 14 35 15 4 15 1
4 4 4 6 1 4 1 7 2 7 31 16 19 6 15 4 11 0
5 4 4 3 2 4 1 8 2 7 31 16 19 6 10 4 11 0
5 2 2 1 1 1 1 10 2 7 31 16 14 35 15 6 15 0
4 2 5 1 1 3 2 8 2 7 30 16 19 6 12 6 11 0
5 4 5 2 1 1 1 10 2 7 31 16 19 6 10 6 7 0
5 1 5 2 1 4 1 8 2 7 31 16 19 6 10 1 3 0
5 2 6 3 1 3 1 8 2 7 31 16 19 6 15 1 3 0
4 3 6 3 1 4 1 8 2 7 31 16 14 35 15 4 15 1
4 4 4 1 1 3 2 8 2 7 30 16 19 6 12 6 11 0
5 2 4 5 1 2 2 11 5 7 30 18 20 39 9 6 7 0
3 3 4 4 1 4 1 7 2 7 31 16 14 35 15 6 15 1
5 4 6 1 2 3 1 8 2 7 30 16 19 6 10 6 11 0
3 4 5 1 1 1 3 8 2 7 31 16 14 35 10 4 15 1
4 1 4 1 2 5 2 8 2 7 32 16 19 6 12 6 11 0
3 1 5 3 2 5 1 9 2 7 31 16 14 35 15 3 9 1
1 2 5 2 1 5 4 12 5 7 1 17 6 9 5 6 7 1
1 1 5 4 1 2 1 8 2 7 31 16 14 35 15 6 15 1
5 4 2 6 1 1 1 8 2 7 31 16 19 6 15 6 15 0
2 3 3 5 1 3 3 2 2 7 1 16 14 35 16 1 3 1
5 4 4 5 1 3 1 8 2 7 31 16 19 6 10 6 15 0
4 4 2 2 1 3 1 10 2 7 31 16 19 6 10 4 15 1
5 4 6 2 2 4 1 8 2 7 31 16 19 6 10 6 15 0
3 3 4 4 1 3 1 10 2 7 31 16 14 35 15 6 15 0
2 3 4 4 1 3 4 7 2 7 24 16 14 35 11 4 15 1
5 4 6 2 1 3 1 8 2 7 31 16 14 35 15 4 15 0
3 4 4 2 1 4 1 10 2 7 31 16 14 35 15 6 15 1
3 2 3 1 1 4 2 8 2 7 30 16 19 6 12 6 11 0
3 4 4 5 1 1 1 7 2 7 31 16 14 35 15 1 3 1
5 4 6 5 1 3 1 8 2 7 31 16 19 6 10 6 15 1
5 4 4 1 1 3 1 9 2 7 31 16 19 6 10 4 15 0
1 3 5 5 2 2 3 10 2 7 31 16 14 35 10 4 15 1
5 4 6 6 1 1 1 8 2 7 31 16 19 6 10 1 3 0
3 2 5 1 1 5 1 8 2 7 31 16 14 35 15 6 15 0
5 4 3 4 1 1 1 8 2 7 31 16 14 35 15 4 15 0
5 3 4 3 1 1 1 8 2 7 31 7 13 34 10 6 15 0
3 3 4 2 1 1 1 7 2 7 31 16 14 35 15 6 15 0
5 3 6 2 2 2 1 8 2 7 31 16 14 29 10 6 15 0
5 4 6 5 1 3 1 8 2 7 31 16 19 6 10 6 15 0
5 4 3 6 1 2 4 8 5 7 31 17 6 9 5 1 3 0
5 4 6 1 1 3 2 8 2 7 32 16 19 6 12 6 11 0
4 2 5 5 1 4 1 8 2 7 31 16 19 6 15 1 3 1
1 1 5 4 1 2 1 8 2 7 31 16 14 35 15 6 15 1
2 4 6 5 2 4 1 8 2 7 31 16 14 35 15 6 15 1
3 2 4 2 1 2 3 8 2 7 31 16 14 35 10 6 11 0
1 1 4 3 1 1 3 8 5 7 31 17 6 9 5 6 11 1
4 4 3 4 1 4 1 7 2 7 31 16 19 6 10 4 15 0
3 4 3 4 2 5 1 8 2 7 31 16 14 35 15 3 9 0
5 4 4 1 1 1 1 8 5 7 32 18 20 28 9 6 11 0
5 4 4 3 1 2 1 8 2 7 31 16 14 21 15 6 7 0
4 3 6 2 1 5 1 8 2 7 31 16 19 6 10 4 15 0
5 2 4 1 1 1 1 8 2 7 30 16 19 6 10 6 11 0
5 4 4 2 1 5 1 8 2 7 31 16 19 6 10 6 15 0
2 3 6 4 1 2 1 9 2 7 31 16 14 35 15 3 9 1
5 3 4 6 1 3 1 8 2 4 32 7 15 27 15 1 3 0
1 3 5 6 1 5 3 9 2 7 34 16 14 35 10 7 15 1
1 2 2 3 2 5 3 12 2 7 31 16 14 35 10 4 15 1
3 4 4 4 1 2 1 7 2 7 31 16 19 6 10 4 15 0
2 3 5 3 1 5 4 8 5 7 24 17 6 9 4 6 11 1
5 3 2 1 1 5 3 8 5 7 30 18 20 39 9 1 3 0
4 4 6 5 1 4 1 8 2 7 30 16 19 6 10 6 11 1
5 3 3 3 1 2 1 9 2 7 31 16 19 6 10 4 15 1
1 4 2 1 1 3 1 8 2 7 31 16 14 35 10 6 11 1
3 4 3 4 1 2 1 9 2 7 31 16 19 6 10 4 15 0
5 4 5 5 1 2 1 8 2 7 31 16 19 6 10 6 15 0
2 3 5 3 1 4 3 8 5 7 31 17 6 9 5 6 11 1
4 3 6 2 1 4 1 9 2 7 31 16 14 35 15 6 15 0
5 2 6 3 1 3 1 8 2 7 31 16 19 6 10 4 11 0
5 4 4 6 1 3 1 8 2 7 31 16 14 35 15 1 4 1
5 4 2 3 1 1 1 8 2 7 31 16 14 29 15 6 15 0
5 3 2 6 1 4 1 8 2 4 32 7 15 27 15 1 3 0
5 2 5 3 2 1 1 8 2 7 31 16 19 6 10 4 11 0
5 1 4 5 2 5 4 10 2 7 31 16 19 6 11 1 3 0
3 2 3 4 1 4 1 7 2 7 31 16 19 6 15 1 3 1
4 4 3 3 1 3 1 8 2 7 31 16 14 35 15 4 15 1
5 2 5 1 1 1 1 9 2 7 31 16 14 35 15 6 15 0
5 4 3 3 1 2 1 7 2 7 31 16 14 35 15 6 15 0
2 3 6 6 1 2 1 8 2 7 31 16 14 35 10 6 11 1
2 3 3 5 1 5 1 9 2 7 31 16 14 35 15 6 15 1
5 4 4 1 1 1 1 7 2 7 31 16 14 29 15 6 15 1
3 3 6 6 1 4 1 9 2 7 31 16 19 6 10 6 7 1
5 3 5 3 2 1 1 11 2 7 31 16 14 35 15 6 4 1
3 4 4 4 1 2 4 7 2 7 24 16 14 35 11 4 15 1
5 3 4 6 2 4 2 8 2 7 30 16 14 6 12 6 11 0
5 2 5 4 1 1 4 8 2 7 31 16 19 6 11 6 15 0
5 1 2 1 1 1 1 10 2 7 32 7 15 36 15 1 3 0
1 3 5 5 1 1 1 9 2 7 31 16 14 35 15 6 15 1
5 3 5 3 1 1 1 11 2 7 31 16 19 6 10 6 15 0
1 4 6 6 1 3 1 8 2 7 31 16 14 35 15 6 15 1
5 2 3 5 1 1 4 8 7 7 30 9 16 37 5 1 3 0
3 3 3 5 1 3 3 8 5 7 31 17 6 9 5 6 11 1
5 4 2 6 1 1 3 8 5 7 30 18 20 10 5 1 3 0
4 4 5 5 1 2 1 8 2 7 31 16 19 6 10 1 3 1
4 3 6 5 1 1 1 9 2 7 31 16 14 35 15 6 15 1
3 4 4 1 1 3 1 7 2 7 31 16 14 35 15 6 15 1
5 4 5 1 1 2 2 8 2 7 32 16 19 6 12 6 11 0
4 4 4 2 1 4 1 8 2 7 31 16 19 6 10 6 11 0
4 4 2 6 1 2 1 8 2 7 31 16 14 35 15 1 4 0
1 4 4 2 1 5 1 10 2 7 31 16 14 35 15 6 4 0
3 2 6 2 1 5 1 8 2 7 30 16 19 6 10 6 11 0
5 3 3 2 1 3 1 9 2 7 31 16 14 35 15 6 7 0
2 2 5 6 1 2 3 9 2 3 13 2 10 4 13 6 15 1
4 3 5 2 1 5 2 9 2 7 30 16 19 6 12 6 11 0
3 3 5 3 1 1 3 11 2 7 31 16 14 35 10 4 15 1
1 4 3 3 1 5 3 9 2 7 1 16 14 35 16 6 15 1
3 4 4 5 1 3 1 7 2 7 31 16 19 6 15 6 7 1
2 4 3 2 1 3 2 8 2 7 30 16 19 6 12 6 11 0
2 3 5 3 1 1 1 9 2 7 31 16 14 35 15 2 4 1
4 1 5 2 1 1 1 9 2 7 31 16 19 6 15 6 15 0
5 4 4 3 1 1 1 8 2 7 31 16 14 29 15 6 15 0
5 4 5 6 1 2 1 8 2 7 31 16 19 6 15 1 3 0
3 4 6 2 1 5 1 8 2 7 31 16 14 35 15 6 15 1
3 4 6 6 1 2 1 8 2 7 31 16 14 35 15 6 15 1
5 3 2 6 1 2 1 8 2 7 31 16 19 6 10 4 15 0
5 1 5 1 1 1 4 8 7 7 30 9 16 37 5 1 3 1
2 1 4 6 1 3 1 2 2 7 31 16 14 35 15 3 11 1
4 2 5 2 1 2 1 8 2 7 31 16 14 35 15 3 9 0
5 4 6 4 1 2 1 8 2 7 31 16 19 6 10 6 15 0
3 4 3 1 1 3 1 8 2 7 31 16 14 35 15 6 15 1
4 2 2 6 1 2 3 8 2 7 31 16 14 35 10 6 11 0
2 3 4 2 1 3 1 9 2 7 31 16 14 35 15 6 15 0
4 1 2 4 1 4 1 8 2 7 31 16 14 35 15 1 15 0
2 3 6 3 1 4 1 9 2 7 31 16 14 35 15 3 9 1
4 2 4 6 2 2 1 7 2 7 31 16 14 35 15 1 3 1
4 1 2 1 1 3 1 9 2 7 31 16 19 6 10 4 11 0
4 3 4 3 2 4 3 8 2 7 31 16 14 35 10 6 11 0
4 4 5 4 1 2 3 8 2 7 31 16 14 35 10 1 4 1
2 3 6 2 2 2 3 10 5 7 31 17 6 9 5 6 11 1
3 3 2 4 1 3 1 9 2 7 31 16 14 35 15 4 15 1
5 2 5 1 2 4 1 9 2 7 31 16 19 6 10 4 15 0
5 4 5 6 1 2 1 8 2 7 31 16 19 6 10 1 3 0
1 1 3 5 1 3 3 1 2 7 31 16 14 35 10 1 4 0
3 3 5 4 1 2 1 2 2 7 31 16 19 6 10 6 11 0
5 4 3 2 2 4 1 8 2 7 31 16 19 6 10 4 15 0
3 1 6 4 1 5 4 8 5 7 31 17 6 9 7 6 7 0
5 2 4 2 1 5 1 8 2 7 31 16 19 6 10 6 15 0
1 1 4 4 1 4 3 2 2 7 31 16 14 35 10 6 11 1
2 3 6 4 1 5 3 10 5 7 23 14 22 11 7 6 11 1
4 3 4 6 1 2 1 10 2 7 31 16 14 35 15 4 15 0
3 3 6 4 1 4 1 8 2 7 31 16 14 35 15 6 15 1
5 3 4 2 1 1 1 8 2 7 31 16 14 35 15 4 15 0
5 4 6 3 1 4 1 10 2 7 31 16 19 6 10 4 15 0
2 2 6 6 1 4 3 9 2 7 1 16 14 35 16 1 3 1
4 4 5 4 2 5 1 9 2 7 31 16 19 6 10 4 15 1
2 3 3 3 1 4 1 7 2 7 31 16 14 35 15 4 15 1
3 3 5 1 1 2 1 9 2 7 30 16 19 6 10 6 11 0
5 1 3 3 1 1 1 8 2 7 32 7 15 36 15 1 3 0
5 4 5 1 1 4 2 8 2 7 32 16 19 6 12 6 11 0
5 4 2 2 1 4 1 9 2 7 31 16 19 6 10 1 3 1
5 4 6 4 1 3 1 11 2 7 31 16 19 6 10 4 11 0
5 4 5 4 1 3 1 11 2 7 31 16 19 6 10 6 15 0
1 1 5 4 1 4 3 11 5 7 23 14 22 11 7 6 11 1
1 2 6 4 2 5 3 8 5 7 23 14 22 11 7 6 11 1
1 3 3 4 2 4 1 2 2 7 31 16 14 35 15 6 15 1
2 2 6 2 2 1 1 9 2 7 31 16 14 35 15 4 15 1
4 4 5 3 1 1 1 8 2 7 31 16 14 35 15 4 15 1
3 2 5 3 2 5 1 9 2 7 31 16 14 35 15 3 9 0
5 4 4 1 1 2 1 10 2 7 31 16 19 6 15 6 15 0
4 4 5 2 1 3 1 8 2 7 31 16 19 6 10 1 3 1
5 3 3 3 1 1 1 8 2 7 31 16 19 6 15 2 4 0
5 3 2 1 1 1 2 8 2 7 30 16 19 6 12 6 11 0
4 4 5 2 1 4 1 8 2 7 31 16 14 35 15 6 15 1
4 2 3 6 1 1 1 9 2 7 31 16 14 35 15 6 15 0
5 4 4 2 1 2 1 8 2 7 31 16 19 6 15 6 15 0
3 4 5 5 1 3 1 8 2 7 31 16 14 35 15 6 15 0
5 4 5 6 1 3 1 8 2 7 31 16 14 35 15 6 15 0
5 4 3 4 1 5 2 10 2 7 30 16 19 6 12 6 11 0
4 3 4 5 1 4 1 8 2 7 32 16 19 6 15 6 11 0
4 2 2 4 2 5 3 8 5 7 31 17 6 9 5 1 3 0
1 4 5 2 1 5 1 9 2 7 31 16 14 35 15 6 15 1
2 2 4 4 1 1 3 7 5 7 31 17 6 9 5 3 11 0
3 1 5 3 1 2 1 9 2 7 31 16 14 35 15 6 15 1
2 1 4 6 2 1 4 8 5 7 33 17 6 9 4 3 9 1
5 2 3 6 1 1 1 8 2 7 31 16 19 6 15 1 3 0
4 4 4 1 1 4 1 10 2 7 31 16 14 35 15 6 15 0
5 4 2 1 1 3 1 11 2 7 31 16 19 6 15 6 7 0
5 4 4 5 1 1 1 8 2 7 32 7 15 36 15 1 3 0
2 1 5 2 2 3 1 9 2 7 31 16 14 35 15 3 8 1
5 3 5 5 1 4 1 8 2 7 31 16 14 29 15 6 15 0
2 1 4 6 1 5 1 7 2 7 31 16 14 35 15 6 15 1
5 3 5 2 1 4 1 10 5 7 32 18 20 28 9 6 11 0
5 4 3 4 1 1 1 8 2 7 31 16 19 6 10 6 15 1
5 1 3 6 2 2 1 8 2 7 31 16 19 6 15 1 3 0
3 3 5 1 1 5 3 8 2 7 31 16 14 35 10 6 11 1
5 4 2 5 1 1 1 9 2 7 31 16 19 6 10 6 15 0
5 2 3 4 2 1 1 10 2 7 31 16 19 6 15 6 15 0
3 2 5 3 1 2 3 9 2 7 31 16 14 35 10 4 15 1
5 4 3 5 1 1 1 10 2 7 31 16 19 6 10 6 15 1
1 3 4 5 2 5 1 7 2 7 31 16 14 35 15 6 15 1
3 4 5 2 1 3 3 9 5 3 18 4 14 21 15 1 3 1
5 3 4 4 1 1 2 11 2 7 30 16 19 6 12 6 11 0
4 4 5 6 1 4 2 10 2 7 30 16 19 6 12 6 11 0
2 4 5 1 1 3 2 8 2 7 30 16 19 6 12 6 11 0
2 3 3 3 1 4 3 8 5 7 31 17 6 9 5 6 11 1
3 4 6 3 1 4 1 9 2 7 31 16 19 6 10 1 3 1
5 4 4 4 1 2 1 8 2 7 31 16 19 6 10 6 15 0
5 3 4 6 1 1 3 8 5 7 32 18 20 39 9 1 3 0
4 2 3 6 1 2 1 9 2 7 31 16 14 35 15 6 15 0
3 2 5 1 1 1 3 8 2 7 31 16 14 35 10 4 15 1
3 4 4 3 2 2 1 9 2 7 31 16 14 35 15 6 15 1
5 1 5 6 2 4 3 8 2 7 31 16 19 6 10 1 3 0
4 4 3 2 1 3 1 8 2 7 31 16 19 6 10 6 15 1
5 4 2 4 1 3 1 8 2 7 31 16 19 6 10 6 7 0
1 3 5 3 1 4 4 7 5 7 1 17 6 9 5 4 15 1
5 4 5 5 1 1 1 8 2 7 31 16 14 35 15 6 15 1
4 4 4 1 1 4 1 7 2 7 31 16 14 35 15 4 15 0
5 4 5 2 2 5 1 8 2 7 31 16 19 6 10 3 9 0
4 3 4 1 1 2 1 9 2 7 31 16 14 35 15 4 15 0
2 3 6 3 1 3 1 8 2 7 31 16 14 35 15 4 15 1
3 4 5 5 1 3 1 8 2 7 31 16 14 35 15 6 15 1
2 2 4 3 1 4 1 2 2 7 31 16 14 35 10 3 11 1
4 4 3 6 1 4 1 8 2 7 31 16 19 6 10 1 3 1
3 3 4 1 1 2 1 7 2 7 31 16 14 35 15 4 15 0
2 2 5 3 2 4 3 11 5 7 31 17 6 9 5 6 11 1
4 2 5 2 2 4 3 8 5 7 31 17 6 9 5 6 11 0
3 1 4 3 1 5 1 9 2 7 31 16 14 35 15 6 15 1
3 3 5 2 1 2 1 8 2 7 31 16 14 35 15 6 15 1
2 2 3 5 1 4 1 9 2 7 31 16 14 35 15 6 15 1
4 2 6 6 1 3 2 9 2 7 30 16 19 6 12 6 11 0
4 3 5 6 1 1 1 9 2 7 31 16 19 6 10 1 3 1
1 2 5 4 2 4 1 9 2 7 31 16 14 35 15 6 15 1
2 4 1 6 1 4 1 8 2 7 31 16 14 35 15 1 3 1
3 2 6 6 1 3 1 9 2 7 31 16 19 6 10 6 7 1
2 3 6 1 1 3 3 8 2 7 31 16 14 35 10 6 11 1
3 3 4 5 1 5 1 7 2 7 31 16 19 6 10 4 15 0
4 3 4 4 1 3 2 11 2 7 30 16 19 6 12 6 11 0
4 4 2 5 1 1 1 8 2 7 31 16 14 35 15 4 15 1
5 4 3 2 1 1 1 11 2 7 31 16 14 35 15 4 15 0
5 4 6 1 1 4 1 8 2 7 31 16 19 6 10 4 15 0
1 2 3 3 1 5 1 9 2 7 31 16 14 35 15 6 15 1
4 3 2 3 2 1 1 10 2 7 22 16 14 5 10 6 4 0
1 3 4 4 2 5 3 8 5 7 31 17 6 9 5 6 11 1
5 2 5 3 1 1 1 10 2 7 31 16 19 6 15 1 3 0
3 3 5 6 2 3 1 8 2 7 32 16 14 5 10 6 11 0
5 3 2 6 1 1 1 10 5 7 32 18 20 28 9 1 3 0
5 2 6 1 1 4 2 8 2 7 32 16 19 6 12 6 11 1
4 4 2 1 1 3 2 8 2 7 30 16 19 6 12 6 11 0
5 3 6 4 1 2 1 8 2 7 31 16 19 6 10 6 15 0
4 3 4 6 1 3 1 11 2 7 31 16 19 6 15 1 3 1
4 4 1 4 1 4 1 11 2 7 31 16 19 6 10 1 3 1
2 3 3 5 2 5 1 9 2 7 31 16 14 35 15 3 9 1
4 3 3 1 1 5 1 9 2 7 31 16 14 35 15 6 15 0
4 4 4 5 1 1 1 9 2 7 31 16 14 35 15 6 15 1
2 4 5 2 1 1 1 8 2 7 31 16 14 35 15 1 4 1
2 3 3 4 2 3 1 9 2 7 31 16 14 35 15 4 15 1
4 4 5 3 1 1 1 8 2 7 31 16 14 35 15 6 15 0
2 3 3 2 1 4 1 10 2 7 31 16 14 35 15 4 15 1
4 2 5 6 1 4 1 9 2 7 32 16 14 5 10 6 11 1
3 3 4 2 1 3 1 8 2 7 31 16 14 35 15 6 15 0
4 1 5 2 1 3 4 8 5 7 24 17 6 9 4 6 11 0
2 1 5 5 1 1 1 7 2 7 31 16 14 35 15 4 15 1
3 4 5 6 2 3 3 11 2 7 31 16 14 35 10 6 11 1
4 2 2 4 2 3 3 11 5 7 31 17 6 9 5 3 11 0
2 1 5 4 1 2 1 8 2 7 31 16 14 35 10 6 11 1
3 1 4 4 1 3 1 2 2 7 31 16 19 6 15 1 3 1
4 4 2 4 1 3 1 9 2 7 31 16 19 6 10 4 11 0
4 4 3 1 1 2 1 8 2 7 31 16 14 35 15 6 15 1
1 3 3 3 1 1 1 1 2 7 31 16 14 35 10 6 2 1
4 4 3 6 1 2 1 9 2 7 31 16 19 6 10 6 11 0
5 4 6 6 2 1 1 8 2 7 31 7 13 34 10 1 3 0
4 3 4 4 1 1 1 8 2 7 31 16 14 35 15 1 4 1
3 1 2 4 1 3 1 8 2 7 31 16 14 35 15 4 15 1
5 4 4 2 1 5 1 8 2 7 31 16 19 6 10 6 15 0
5 4 2 5 1 2 1 8 2 7 31 16 19 6 10 6 7 0
5 4 4 2 1 1 1 7 2 7 31 16 14 29 15 6 15 1
5 2 4 2 1 4 3 11 5 7 30 18 20 10 5 1 3 0
5 4 5 6 1 2 1 8 5 7 32 10 5 48 9 1 3 0
5 2 5 2 1 2 1 11 2 7 31 16 19 6 15 1 3 0
4 4 2 6 1 5 1 8 2 7 31 16 14 35 15 6 15 0
5 3 3 3 1 4 1 8 2 7 31 16 19 6 15 1 3 0
3 4 2 1 1 2 2 8 2 7 30 16 19 6 12 6 11 0
5 2 4 4 1 3 1 8 2 7 31 16 19 6 10 4 11 0
4 2 5 5 2 5 1 9 2 7 31 16 19 6 10 6 11 0
1 2 2 5 1 3 3 10 2 7 1 16 14 35 16 1 3 1
5 3 4 2 1 3 1 11 2 7 31 16 19 6 10 1 3 0
3 3 5 2 1 5 1 8 2 7 31 16 14 35 15 6 4 1
2 3 5 3 1 4 1 9 2 7 31 16 14 35 15 4 15 1
2 3 5 2 1 2 1 8 2 7 31 16 14 35 15 3 9 0
5 2 2 3 2 2 1 10 2 7 31 16 14 35 15 4 15 0
5 3 3 4 1 4 1 8 2 7 31 16 19 6 10 4 15 1
3 3 6 1 1 1 3 9 2 7 31 16 14 35 10 4 15 0
4 2 3 4 1 5 1 8 5 7 30 18 20 10 5 6 11 0
5 2 5 5 1 3 1 8 2 7 31 16 19 6 10 4 11 0
3 4 2 5 1 2 1 8 2 7 31 16 14 35 15 1 4 0
4 3 3 5 1 2 1 9 2 7 31 16 19 6 10 1 3 1
3 3 3 1 1 4 2 8 2 7 30 16 19 6 12 6 11 0
4 2 6 5 2 2 3 8 5 7 31 17 6 9 5 6 11 1
4 4 3 3 1 2 1 8 5 7 30 18 20 10 5 6 11 0
3 3 2 5 2 4 3 8 2 7 31 16 14 35 10 6 11 1
4 4 5 1 1 2 2 8 2 7 30 16 19 6 12 6 11 0
4 1 6 3 2 4 1 8 2 7 31 16 14 21 15 6 11 0
4 1 5 4 2 5 2 8 2 7 30 16 14 6 12 1 2 1
5 2 5 5 1 3 1 8 2 7 31 16 19 6 15 6 7 0
3 4 2 3 1 2 4 9 2 7 24 16 14 35 11 3 9 0
4 4 3 2 1 3 1 9 2 7 31 16 14 35 15 4 15 0
5 4 4 2 1 3 1 8 2 7 31 16 19 6 15 6 15 0
2 2 6 2 1 4 3 9 2 7 31 16 14 35 10 6 11 1
5 4 2 6 1 3 1 8 2 7 31 16 19 6 10 1 3 0
5 4 5 6 2 1 1 9 2 7 31 16 19 6 10 1 3 1
5 2 4 2 2 4 1 8 2 7 31 16 19 6 15 3 9 0
1 3 2 6 1 5 1 9 2 7 31 16 14 35 15 4 15 1
3 4 4 3 1 1 1 7 2 7 31 16 19 6 10 1 15 1
3 4 5 6 1 4 1 9 2 7 31 16 19 6 10 6 7 1
3 4 4 3 1 3 1 7 2 7 31 16 14 35 15 4 15 0
3 4 5 6 1 2 1 9 2 7 31 16 14 35 15 6 15 0
5 4 4 5 1 2 1 11 2 7 31 16 19 6 10 1 3 1
4 4 2 1 1 2 1 9 2 7 31 16 14 35 15 6 15 0
5 3 3 2 1 1 1 8 2 7 31 16 19 6 10 4 15 0
5 1 6 3 2 1 4 13 5 6 12 4 1 24 16 1 3 0
3 3 5 1 1 3 1 8 2 7 31 16 14 35 15 4 15 0
5 2 2 5 1 1 1 9 2 7 31 16 19 6 10 4 11 0
5 4 3 1 1 1 1 8 2 7 31 16 19 6 10 4 15 0
4 3 2 6 1 4 1 8 2 7 31 16 19 6 10 6 7 1
2 4 4 5 1 2 1 7 2 7 31 16 14 35 15 4 15 1
5 2 5 2 1 3 3 8 5 7 30 18 20 10 5 1 3 0
5 2 4 4 2 1 1 8 2 7 31 16 19 6 10 4 11 0
5 4 6 6 1 3 1 11 2 7 31 16 19 6 10 6 15 1
5 3 3 5 1 2 1 8 2 7 31 16 19 6 15 1 3 0
4 3 3 3 2 3 4 11 5 7 34 17 6 9 7 6 4 0
4 4 4 2 1 5 3 11 5 7 30 18 20 10 5 6 11 0
2 3 3 2 1 2 1 9 2 7 31 16 14 35 15 4 15 1
5 4 3 2 1 3 1 8 2 7 31 16 19 6 10 4 15 0
2 1 5 3 1 4 1 9 2 7 31 16 14 35 15 4 15 1
1 4 6 6 1 2 1 8 2 7 31 16 14 35 15 4 15 1
3 4 4 3 1 2 1 7 2 7 31 16 14 35 15 1 3 0
5 4 5 6 1 1 1 8 2 4 32 7 15 27 15 1 3 0
4 3 6 4 1 4 1 8 2 7 31 16 19 6 10 1 3 1
4 4 3 4 1 5 1 9 2 7 31 16 14 35 15 6 15 0
3 4 6 5 1 2 1 8 2 7 31 16 14 35 15 4 15 1
5 2 3 6 1 1 4 8 5 7 30 18 20 10 4 1 3 0
4 3 5 6 1 5 2 8 2 7 30 16 19 6 12 6 11 0
5 4 5 2 1 1 1 8 2 7 31 16 19 6 15 4 15 0
4 2 5 4 1 4 1 9 2 7 31 16 19 6 10 1 3 1
5 2 2 6 1 4 3 8 5 7 32 18 20 10 5 6 11 0
3 3 4 5 1 4 1 11 2 7 31 16 14 35 15 6 15 1
5 3 4 6 1 5 1 7 2 7 31 16 19 6 15 1 3 0
4 4 5 2 1 2 1 8 2 7 31 16 14 35 15 6 15 1
4 1 6 4 2 5 3 10 2 7 31 16 14 35 10 1 6 1
5 2 3 5 1 1 1 10 2 7 31 16 19 6 15 6 15 1
5 4 4 4 1 1 1 10 2 7 31 16 19 6 10 6 15 0
4 4 3 2 1 3 1 8 2 7 31 16 14 35 15 6 15 0
5 3 2 3 1 1 1 8 2 7 31 16 14 21 15 6 15 0
4 2 6 6 1 4 1 9 2 7 31 16 19 6 10 6 7 1
2 1 4 6 1 4 1 7 2 7 31 16 19 6 15 6 7 1
2 4 3 6 1 5 1 7 2 7 31 16 19 6 10 6 7 1
5 2 6 5 2 2 1 8 2 7 31 16 19 6 15 1 15 0
5 4 5 4 1 1 1 8 2 7 31 16 19 6 15 4 15 0
4 4 5 1 1 2 1 8 5 7 32 18 20 28 9 6 11 0
4 3 1 2 1 2 1 8 2 7 31 16 14 35 15 6 15 0
5 1 2 6 1 5 4 11 2 7 31 16 19 6 11 6 11 0
5 4 3 1 1 3 2 8 2 7 30 16 19 6 12 6 11 0
4 4 5 5 1 3 1 9 2 7 31 16 19 6 10 4 15 0
3 3 6 5 1 5 4 8 5 7 31 17 6 9 7 6 7 0
4 3 2 4 1 1 1 8 2 7 31 16 14 35 15 6 15 0
3 2 2 3 1 4 1 9 2 7 31 16 19 6 10 1 15 0
5 4 3 1 1 3 1 8 2 7 31 16 19 6 10 6 15 0
3 4 4 5 1 4 1 9 2 7 31 16 14 35 15 4 15 1
3 3 6 6 1 5 1 9 2 7 31 16 19 6 10 6 7 1
3 4 3 1 1 2 1 9 2 7 31 16 14 35 15 6 15 0
3 2 3 5 1 5 1 9 2 7 31 16 14 35 15 1 3 0
5 1 2 4 2 1 1 10 2 7 31 7 13 34 15 1 3 0
2 4 5 1 1 5 1 8 2 7 31 16 14 21 15 6 15 1
5 4 6 6 1 1 1 8 2 4 32 7 15 27 15 1 3 0
5 3 2 3 1 5 1 8 2 7 31 16 19 6 15 6 15 0
5 4 4 6 1 1 1 8 2 4 32 7 15 27 15 1 3 0
2 2 5 3 1 1 1 8 2 7 31 16 14 35 10 6 2 1
4 4 4 5 1 2 1 10 2 7 31 16 14 35 15 4 15 1
3 3 2 5 1 2 3 8 2 7 31 16 14 35 10 6 11 1
1 1 5 6 1 5 3 14 4 6 26 16 14 21 15 7 15 0
4 4 1 3 1 2 1 9 2 7 31 16 19 6 10 4 15 1
3 4 6 2 1 5 1 8 2 7 31 16 14 35 15 6 4 1
2 1 5 3 1 2 3 9 2 7 31 16 14 35 10 4 15 1
4 4 6 3 1 3 1 11 2 7 31 16 19 6 10 4 15 1
4 4 4 1 1 3 1 9 2 7 31 16 19 6 15 6 15 0
4 2 5 3 1 4 3 8 5 7 31 17 6 9 5 3 11 0
5 4 2 1 1 1 1 8 2 7 31 16 19 6 10 4 15 0
4 2 6 6 1 4 1 9 2 7 30 16 19 6 10 6 11 0
4 4 4 5 1 1 1 7 2 7 31 16 19 6 10 6 7 1
5 2 6 4 1 2 1 8 2 7 31 16 19 6 10 6 15 0
3 4 3 2 1 3 1 9 2 7 31 16 14 35 15 6 15 1
5 3 5 4 1 1 1 9 2 7 31 16 14 35 15 4 15 1
2 2 3 2 1 1 1 10 2 7 31 16 14 35 15 4 15 1
1 4 5 6 1 4 1 8 2 7 31 16 14 35 15 6 15 1
3 3 5 3 2 1 1 9 2 7 31 16 14 35 15 6 15 1
5 4 3 4 1 1 1 8 2 7 31 16 19 6 15 6 15 0
3 3 5 1 1 5 3 8 2 7 31 16 14 35 10 6 11 1
4 2 5 1 1 2 1 9 2 7 31 16 14 35 15 6 15 0
4 4 2 1 1 1 3 8 5 7 32 18 20 39 9 6 11 0
5 4 4 5 1 3 1 8 2 7 31 16 19 6 10 4 15 0
5 1 3 1 1 3 3 10 5 7 30 18 20 39 9 1 3 0
2 1 5 2 1 3 1 10 2 7 31 16 14 35 15 4 15 1
3 3 4 3 1 1 3 7 2 3 13 2 10 4 13 1 3 1
2 4 2 3 1 4 1 8 2 7 31 16 14 35 15 6 15 0
3 1 4 3 1 3 1 2 2 7 31 16 14 35 15 1 3 1
5 3 3 2 1 1 1 8 2 7 31 16 14 29 10 2 4 0
5 4 3 1 1 3 2 8 2 7 30 16 19 6 12 6 11 0
5 4 3 5 1 2 1 8 2 7 31 16 19 6 15 1 3 0
5 1 6 5 2 2 1 8 2 7 31 16 19 6 15 1 3 0
4 1 5 4 1 5 1 8 2 7 31 16 14 35 15 6 15 0
5 1 2 3 2 4 4 8 2 7 31 16 19 6 11 1 3 0
1 4 3 5 2 3 1 8 2 7 31 16 14 35 15 6 15 1
5 3 2 6 1 1 1 8 2 4 30 7 15 27 15 1 15 0
2 2 5 2 1 1 1 9 2 7 22 16 14 5 10 6 15 1
5 1 5 6 1 1 1 8 5 7 32 18 20 28 9 1 3 1
3 4 5 4 1 3 2 9 2 7 30 16 19 6 12 6 11 0
5 3 2 6 1 1 1 10 2 7 32 7 15 36 15 1 3 0
2 1 4 6 1 3 1 7 2 7 31 16 14 35 15 1 3 1
5 1 6 4 1 1 1 8 2 7 31 16 14 35 15 6 15 0
5 1 4 1 1 3 3 8 5 7 30 18 20 10 5 1 3 0
2 2 4 4 1 3 4 9 2 7 24 16 14 35 11 4 15 1
5 4 5 4 1 5 1 8 2 7 31 16 19 6 10 4 15 1
3 3 4 4 1 1 3 9 2 7 31 16 14 35 10 6 11 0
5 2 4 3 1 5 4 10 7 7 30 9 16 37 5 1 3 0
4 3 5 4 2 5 1 9 2 7 31 16 19 6 10 4 15 1
5 4 6 1 1 1 1 8 2 7 31 16 19 6 15 1 3 0
5 1 5 1 1 1 3 10 5 7 30 18 20 39 9 1 3 0
5 4 6 2 1 5 1 10 2 7 31 16 14 21 15 6 11 0
3 2 3 5 1 5 3 8 5 7 31 17 6 9 5 6 11 0
2 2 3 4 2 3 1 8 2 7 31 16 14 35 15 1 3 0
5 4 5 2 1 2 1 8 2 7 31 16 19 6 15 6 15 0
5 4 6 1 2 1 1 8 2 7 31 16 19 6 10 6 15 0
5 1 4 2 1 1 1 8 2 7 31 16 14 29 10 2 4 0
5 4 4 1 1 1 1 8 2 7 31 16 19 6 10 4 15 0
5 3 4 2 2 1 1 8 2 7 31 16 14 35 15 6 15 0
5 3 3 6 2 2 1 8 2 7 32 7 15 36 15 1 3 0
4 3 2 2 2 5 2 8 2 7 30 16 19 6 12 6 11 1
5 3 5 4 1 5 1 8 2 7 31 16 14 35 15 6 15 0
3 4 4 3 1 1 1 9 2 7 31 16 14 35 10 6 2 1
3 3 5 6 1 5 1 9 2 7 31 16 14 35 15 6 7 1
3 4 4 1 1 4 1 9 2 7 31 16 14 35 15 6 15 1
2 4 5 5 1 3 1 8 2 7 31 16 14 35 15 6 15 1
5 3 3 2 2 4 1 8 2 7 30 16 19 6 10 6 11 0
3 3 5 6 2 3 3 8 2 7 31 16 14 35 10 6 11 1
5 4 6 5 1 1 1 11 2 7 31 16 19 6 15 6 15 0
4 3 6 4 2 2 3 8 2 7 31 16 14 35 10 6 11 1
5 4 6 1 1 2 1 8 2 7 31 16 19 6 10 4 15 0
5 2 3 4 2 2 1 3 2 7 31 16 19 6 10 7 15 1
2 3 3 3 1 1 1 7 2 7 31 16 14 35 15 6 15 1
3 3 4 3 1 4 1 8 2 7 31 16 14 35 15 3 9 1
4 3 3 2 2 5 1 11 2 7 31 16 14 35 15 4 15 0
4 3 4 1 1 2 2 7 2 7 30 16 19 6 12 6 11 0
4 4 4 4 1 3 1 9 2 7 31 16 19 6 10 1 3 1
5 4 2 6 2 3 1 8 2 7 31 16 19 6 10 1 3 0
4 3 2 5 1 1 1 10 2 7 31 16 19 6 10 4 11 1
2 3 5 4 1 4 4 9 5 7 34 17 6 9 7 6 15 1
1 3 6 6 1 2 1 8 2 7 31 16 14 35 15 4 15 1
2 3 4 4 1 5 3 8 2 7 31 16 14 35 10 6 11 1
4 3 4 3 1 4 1 9 2 7 31 16 19 6 10 4 15 1
4 2 6 2 2 5 1 2 2 7 31 16 19 6 15 3 9 1
4 4 3 1 1 3 2 7 2 7 30 16 19 6 12 6 11 0
4 4 5 1 1 4 2 8 2 7 32 16 19 6 12 6 11 0
5 4 6 4 1 3 2 8 2 7 30 16 19 6 12 6 11 0
3 2 2 4 1 3 1 8 2 7 31 16 19 6 15 1 3 1
4 4 6 6 1 3 1 8 2 7 31 16 14 35 10 6 11 0
5 4 3 5 1 3 1 8 2 7 31 16 19 6 10 4 15 1
5 3 4 5 1 2 1 8 2 7 31 16 19 6 15 1 3 0
3 2 4 6 1 4 1 7 2 7 31 16 19 6 10 6 7 1
5 2 6 1 1 4 1 8 2 7 31 16 19 6 15 1 3 0
5 4 5 2 1 3 1 10 2 7 31 16 19 6 10 6 7 0
5 2 3 3 1 2 1 9 2 7 31 16 14 35 15 6 15 0
5 3 3 2 1 1 1 11 2 7 31 16 19 6 10 6 15 1
4 3 1 6 1 5 1 8 2 7 31 16 19 6 10 6 15 1
2 2 5 1 2 1 1 8 2 7 31 16 14 35 15 4 15 1
5 4 5 4 1 3 1 8 2 7 31 16 19 6 10 4 11 0
5 4 5 1 1 4 1 8 2 7 31 16 19 6 10 4 15 0
2 1 5 5 1 1 3 8 2 7 1 16 14 35 16 4 15 1
5 4 3 1 1 3 1 9 2 7 31 16 14 35 15 6 15 0
1 4 2 5 2 4 1 9 2 7 31 16 14 35 15 6 15 1
2 2 4 6 1 5 1 2 2 7 31 16 14 35 15 6 15 1
2 4 5 3 1 2 1 8 2 7 31 16 14 35 15 4 15 1
5 4 5 6 1 2 1 10 2 7 31 16 19 6 10 6 7 0
4 1 4 2 3 5 1 2 2 7 31 16 14 35 15 6 4 0
5 1 4 1 1 2 1 8 2 7 30 16 19 6 10 6 11 0
4 4 4 6 2 5 1 9 2 7 31 16 14 35 15 3 5 0
5 1 5 5 2 2 1 11 2 7 31 16 19 6 10 4 15 0
5 4 5 5 1 3 1 8 2 7 31 16 19 6 10 1 3 1
4 3 4 6 2 3 1 7 2 7 31 16 14 35 15 1 4 1
3 2 4 3 1 5 1 2 2 7 31 16 19 6 10 4 15 1
5 4 3 3 1 2 1 8 2 7 31 16 19 6 10 4 15 0
4 3 5 1 1 3 2 8 2 7 30 16 19 6 12 6 11 0
4 4 4 2 1 3 1 8 2 7 31 16 14 35 15 6 4 0
3 2 2 6 2 2 3 8 5 7 31 17 6 9 5 6 11 1
4 4 3 1 1 2 2 9 2 7 30 16 19 6 12 6 11 0
5 2 5 5 1 3 1 8 2 7 31 16 19 6 10 4 11 0
3 3 5 1 1 3 1 11 2 7 31 16 14 35 10 6 11 0
1 3 4 6 2 5 1 3 2 7 31 16 14 21 15 1 6 1
4 4 6 2 1 4 1 8 2 7 31 16 14 35 15 4 15 0
4 2 5 4 1 1 3 8 2 7 31 16 14 35 10 1 4 1
5 4 2 6 1 2 1 8 2 7 31 16 19 6 10 1 3 0
2 2 6 1 1 3 1 8 2 7 31 16 14 35 15 6 4 1
5 4 3 4 1 4 1 8 2 7 31 16 19 6 10 1 15 1
2 3 5 3 1 4 1 9 2 7 31 16 14 35 15 4 15 1
3 4 4 6 1 3 1 7 2 7 31 16 14 35 15 6 15 0
4 3 5 4 1 5 2 8 2 7 30 16 14 6 12 6 11 0
2 4 4 2 1 1 1 9 2 7 31 16 14 35 15 4 15 1
5 1 1 6 1 1 1 8 2 7 32 16 14 5 10 6 11 0
1 3 2 4 1 4 1 8 2 7 31 16 14 35 10 6 2 1
5 3 4 5 2 1 1 10 2 7 31 16 19 6 10 7 15 0
4 4 5 6 1 2 1 8 2 7 31 16 19 6 10 1 3 0
5 3 6 2 1 2 1 8 2 7 31 16 14 29 15 6 15 0
4 3 4 1 1 3 1 11 5 7 32 18 20 28 9 6 11 0
2 2 5 4 1 4 4 9 2 7 24 16 14 35 11 4 15 1
5 4 6 4 1 1 1 10 2 7 31 16 19 6 10 4 15 0
4 3 5 5 2 4 3 11 2 7 31 16 14 35 10 1 4 0
5 4 3 4 1 2 3 8 5 7 32 18 20 10 5 6 11 0
3 4 2 1 1 2 1 9 2 7 31 16 19 6 10 6 15 0
5 3 5 2 2 1 1 8 2 4 30 7 15 27 15 1 3 0
3 3 2 2 1 3 3 8 2 7 31 16 14 35 10 6 11 0
1 4 4 5 1 3 1 2 2 7 31 16 14 35 10 6 11 1
2 4 4 6 1 4 1 8 2 7 31 16 14 35 10 6 11 0
4 4 2 5 1 2 1 9 2 7 31 16 19 6 10 4 15 0
5 1 6 6 1 2 1 8 2 7 31 16 19 6 10 1 3 0
2 2 4 5 2 2 1 7 2 7 31 16 14 35 15 3 5 1
4 2 4 2 1 4 1 9 2 7 31 16 19 6 10 4 11 1
3 2 4 3 2 1 1 8 2 7 22 16 14 5 10 6 4 0
5 4 6 5 1 3 1 8 5 7 32 18 20 28 9 6 11 0
4 2 5 5 2 1 3 10 2 7 31 16 14 35 10 2 4 1
3 4 5 3 1 1 3 9 2 7 31 16 14 35 10 6 11 1
3 2 5 3 2 4 1 9 2 7 31 16 14 35 15 4 15 1
5 4 5 6 1 5 1 8 2 7 32 7 15 36 15 1 3 0
4 4 4 5 1 1 1 7 2 7 31 16 14 35 15 6 15 0
1 3 4 5 1 4 3 2 2 7 31 16 14 35 10 6 11 1
5 1 5 4 1 3 1 11 2 7 31 16 19 6 15 1 3 0
5 4 3 3 2 1 1 8 2 7 31 16 19 6 15 4 15 0
3 2 5 5 1 4 3 8 2 7 31 16 14 35 10 6 11 0
2 4 3 6 1 5 1 7 2 7 31 16 14 35 15 1 3 1
4 3 6 6 1 3 1 8 2 7 31 16 14 35 15 4 15 0
1 2 2 3 2 4 3 8 5 7 31 17 6 9 5 6 11 1
1 2 5 3 2 5 1 8 6 3 28 5 3 31 8 6 4 1
5 2 3 2 1 4 2 8 2 7 32 16 19 6 12 6 11 0
2 4 5 3 1 3 1 9 2 7 22 16 14 5 10 1 15 1
5 4 6 3 1 4 1 8 2 7 31 16 19 6 10 1 3 0
3 1 6 3 1 4 1 9 2 7 31 16 19 6 10 1 3 1
4 2 5 6 1 5 1 8 2 7 31 16 19 6 10 6 11 0
5 4 6 2 1 1 1 8 2 7 31 16 19 6 15 6 7 0
5 4 4 6 1 1 1 7 2 4 32 7 15 27 15 6 11 0
4 3 5 3 1 3 1 9 2 7 31 16 14 35 15 4 15 1
1 2 4 3 1 3 1 7 2 7 31 16 14 35 15 3 5 1
3 2 4 6 1 5 2 9 2 7 30 16 14 6 12 6 11 0
2 4 2 4 1 4 1 9 2 7 31 16 14 35 15 4 15 1
3 3 4 2 1 4 1 9 2 7 31 16 14 35 15 6 15 1
2 4 4 5 1 5 1 8 2 7 31 16 14 35 15 6 15 1
5 4 5 6 1 4 1 10 2 7 31 16 14 21 15 6 11 0
5 3 4 5 1 4 1 9 2 7 31 16 19 6 10 6 15 0
3 3 5 1 2 4 1 8 2 7 32 16 14 5 10 6 11 0
3 3 4 2 1 1 1 8 2 7 31 16 14 35 15 4 15 1
5 4 2 2 1 4 1 8 2 7 31 16 14 21 15 4 15 0
5 4 2 1 1 1 1 8 2 7 31 16 19 6 10 6 15 0
5 2 2 5 1 1 1 8 2 7 31 16 14 35 15 1 4 0
4 1 3 1 1 4 1 7 5 7 17 18 20 22 3 6 11 0
4 2 6 5 2 1 3 8 5 7 31 17 6 9 5 6 11 0
1 1 4 5 1 4 3 9 2 7 1 16 14 35 16 6 15 1
5 3 3 1 1 1 2 9 2 7 30 16 19 6 12 6 11 0
1 3 5 3 2 5 1 9 2 7 31 16 14 35 15 6 15 1
5 4 5 3 1 3 1 11 2 7 31 16 19 6 10 6 15 0
5 3 5 1 1 4 1 8 2 7 31 16 19 6 10 4 15 1
4 4 2 6 1 2 2 8 2 7 30 16 14 6 12 6 11 0
5 3 5 1 1 4 1 8 2 7 31 16 14 35 15 4 15 0
5 3 4 2 1 2 1 11 5 7 32 18 20 28 9 6 11 0
1 4 4 3 1 3 1 10 2 7 22 16 14 5 10 6 4 1
3 1 5 4 2 4 1 8 2 7 31 16 14 35 15 6 4 1
2 3 5 5 2 3 3 9 2 7 31 16 14 35 10 4 15 1
5 4 3 1 1 2 1 9 2 7 31 16 19 6 15 6 15 1
2 4 4 3 2 3 3 11 2 7 31 16 14 35 10 6 11 1
2 4 4 3 1 4 3 8 5 7 31 17 6 9 5 6 11 1
5 4 2 2 2 1 1 8 2 7 31 16 19 6 15 1 3 0
4 1 2 2 2 3 1 10 2 7 31 16 14 35 15 6 4 0
5 4 5 1 1 4 1 8 2 7 31 16 19 6 10 6 15 0
4 2 5 3 1 2 1 9 5 7 32 18 20 28 9 6 11 1
5 1 5 3 2 1 1 8 2 7 31 16 14 29 10 6 15 0
4 1 5 1 1 3 3 8 5 7 30 18 20 10 5 6 11 0
5 4 4 4 1 1 1 10 2 7 31 16 19 6 15 4 15 0
5 1 5 2 1 2 1 8 2 7 31 16 19 6 15 1 3 0
5 3 4 2 2 1 1 8 2 7 31 16 14 35 15 6 15 0
5 2 5 2 2 1 4 8 2 7 31 16 19 6 10 1 3 0
4 1 4 2 1 1 1 8 2 7 31 16 14 35 15 4 15 1
5 3 3 1 1 1 1 11 2 7 31 16 19 6 15 1 3 0
4 2 3 5 1 2 1 9 2 7 31 16 14 35 15 2 4 0
5 3 4 4 2 2 1 8 2 7 31 16 19 6 15 1 15 0
4 1 4 3 1 2 1 9 2 7 31 16 19 6 10 4 11 0
2 3 4 2 1 2 3 11 5 7 31 17 6 9 5 6 11 1
4 3 5 2 1 5 2 8 2 7 30 16 19 6 12 6 11 0
5 3 5 5 1 3 1 8 2 7 31 16 19 6 15 6 15 0
5 4 4 5 1 1 1 8 2 7 31 16 19 6 10 6 15 1
1 2 5 4 2 3 3 2 4 6 26 16 14 21 15 6 15 1
4 4 6 6 1 5 1 9 2 7 31 16 19 6 10 6 7 1
2 2 4 4 1 3 4 9 2 7 24 16 14 35 11 4 15 1
3 3 5 2 1 2 3 8 5 7 31 17 6 9 5 6 11 1
4 1 5 3 1 5 4 8 2 7 31 16 19 6 11 6 11 0
5 3 5 4 1 1 1 8 2 7 31 16 19 6 15 4 11 0
4 4 3 6 1 5 1 7 2 7 31 16 19 6 10 6 7 1
4 3 3 3 1 2 3 11 5 7 31 17 6 9 5 6 11 0
3 3 5 4 2 5 1 8 2 7 31 16 14 35 15 6 15 1
4 3 1 1 1 1 3 8 2 7 31 16 14 35 10 6 11 0
5 4 4 3 1 2 1 8 2 7 31 16 19 6 10 6 15 0
3 3 4 2 1 3 1 9 2 7 31 16 14 35 15 4 15 0
4 4 4 6 1 1 1 8 2 7 31 16 14 35 15 6 7 0
2 3 4 1 1 5 1 8 2 7 31 16 14 35 15 6 15 0
5 4 4 2 1 1 1 8 2 7 31 16 19 6 15 6 15 1
5 2 2 1 1 3 1 8 2 7 30 16 19 6 10 6 11 0
1 3 5 2 1 3 3 9 2 7 31 16 14 35 10 6 11 1
4 4 4 6 1 2 1 7 2 7 31 16 14 35 15 1 3 1
2 2 1 5 2 5 1 8 2 7 31 16 14 35 15 3 9 1
4 4 3 4 1 5 1 9 2 7 31 16 19 6 10 4 11 1
4 2 6 2 1 3 4 8 2 7 31 16 19 6 11 4 11 1
5 4 3 1 1 5 1 11 2 7 31 16 14 21 15 6 11 0
3 2 6 1 2 1 1 8 2 7 31 16 14 35 15 4 15 1
3 2 6 3 1 5 1 8 2 7 31 16 14 35 15 6 4 0
3 4 5 6 1 1 1 9 2 7 31 16 14 35 15 1 3 1
5 3 6 6 1 4 1 8 2 7 32 7 15 36 15 1 3 0
3 3 5 2 1 4 3 8 2 7 31 16 14 35 10 6 11 1
2 2 4 3 2 3 1 7 2 7 31 16 14 35 15 4 15 1
1 3 6 6 2 5 1 8 2 7 31 16 14 35 15 6 15 1
5 4 6 2 1 5 1 11 2 7 31 16 14 21 15 6 11 0
4 4 4 3 1 3 1 8 2 7 31 16 14 35 15 6 15 1
2 1 5 6 1 5 1 2 2 7 31 16 14 35 15 3 11 1
5 2 4 6 2 2 1 8 2 7 31 16 19 6 15 6 15 0
4 1 5 1 1 1 1 8 2 7 30 16 19 6 10 6 11 0
3 2 6 2 1 2 3 8 5 7 31 17 6 9 5 6 11 1
4 4 2 1 1 1 1 9 2 7 31 16 14 35 15 6 15 0
5 4 2 4 2 4 1 8 2 7 31 16 19 6 15 4 11 1
5 3 6 3 2 4 1 2 2 7 31 16 19 6 10 7 15 1
4 2 3 3 1 3 1 8 2 7 32 16 14 5 10 6 11 1
5 3 5 5 1 3 1 9 2 7 31 16 14 35 15 4 15 0
5 2 5 6 1 1 1 8 2 7 31 16 14 35 15 6 15 1
3 4 2 2 1 2 1 8 2 7 31 16 14 35 15 6 15 0
1 3 5 5 1 1 1 9 2 7 31 16 14 35 15 6 15 1
3 2 3 4 1 4 4 8 5 7 24 17 6 9 4 6 11 0
1 4 5 6 2 5 1 9 2 7 31 16 14 35 15 6 15 1
4 3 2 6 1 4 4 8 5 7 31 17 6 9 5 6 11 0
3 4 5 2 1 1 1 9 2 7 31 16 14 35 15 4 15 1
5 4 5 5 1 1 1 11 2 7 31 7 13 34 15 6 15 0
3 4 5 3 1 1 1 11 2 7 31 16 14 35 15 4 15 1
2 2 6 4 2 1 4 9 2 7 31 16 19 6 11 4 11 1
3 3 3 6 1 2 1 9 2 7 31 16 14 35 15 3 11 0
5 3 5 3 2 1 1 9 2 7 31 16 19 6 10 4 15 0
5 3 3 2 1 4 2 10 2 7 30 16 19 6 12 6 11 0
4 4 4 6 1 2 1 8 2 7 31 16 14 35 10 6 11 1
5 3 5 4 1 3 1 11 2 7 31 16 14 35 15 6 15 0
2 4 5 1 1 3 1 9 2 7 31 16 14 35 15 6 15 1
2 2 4 6 1 5 1 2 2 7 31 16 14 35 15 6 15 1
2 3 5 6 2 4 1 8 2 7 31 16 14 35 15 6 4 1
5 1 3 2 2 4 1 10 2 7 32 16 19 6 10 1 3 0
2 3 4 3 2 3 3 11 5 7 31 17 6 9 5 6 11 1
5 4 3 6 2 1 1 8 2 7 31 16 19 6 10 1 3 0
5 4 5 2 1 1 1 8 2 7 31 16 19 6 10 6 7 0
2 1 5 4 1 4 4 9 5 7 34 17 6 9 7 6 15 1
2 4 6 6 1 3 1 8 2 7 31 16 14 35 15 4 15 1
5 4 4 5 1 1 1 9 2 7 31 16 14 35 15 6 15 0
5 4 5 5 1 4 1 8 2 7 31 16 19 6 10 4 15 1
2 3 5 5 2 4 1 8 2 7 31 16 14 35 15 6 4 1
4 4 2 4 1 5 1 3 2 7 31 16 19 6 10 6 15 1
5 3 3 5 1 2 1 8 2 7 31 16 19 6 15 6 15 0
4 4 6 3 2 4 1 8 2 7 31 16 14 35 15 6 15 0
3 4 3 6 1 3 3 8 5 7 31 17 6 9 5 6 11 0
5 1 4 5 2 3 1 10 2 7 31 16 19 6 15 4 11 0
3 4 4 3 1 2 1 9 2 7 31 16 14 35 15 6 15 1
2 3 5 3 1 1 3 11 5 7 31 17 6 9 5 6 11 1
1 1 3 6 1 3 1 2 2 7 31 16 14 35 15 4 15 1
3 3 5 3 1 1 3 11 2 7 31 16 14 35 10 4 15 1
5 2 5 1 1 2 1 8 2 7 31 16 14 21 15 6 15 0
3 3 5 6 2 3 3 8 2 7 31 16 14 35 10 6 11 1
2 3 6 6 1 5 3 9 2 7 1 16 14 35 16 1 3 1
4 4 2 6 1 4 1 9 2 7 31 16 19 6 10 6 7 1
5 4 2 4 2 1 1 8 2 7 31 16 19 6 15 4 15 0
4 4 2 4 1 3 1 8 2 7 31 16 19 6 10 1 3 1
1 3 5 3 1 3 3 8 2 7 31 16 14 35 10 4 15 1
5 1 4 5 1 4 1 8 2 7 31 16 19 6 10 6 15 1
3 4 4 6 2 5 1 7 2 7 31 16 14 35 15 1 3 1
5 1 6 3 1 5 1 8 2 7 30 16 19 6 10 1 3 0
5 4 4 6 1 1 1 8 2 7 31 16 19 6 10 1 3 0
4 3 2 2 1 4 3 8 5 7 23 14 22 11 7 6 11 0
4 3 5 2 2 2 1 11 2 7 31 16 14 35 15 6 4 1
2 4 2 4 2 3 1 8 2 7 31 16 14 35 15 3 9 1
3 4 5 4 1 1 1 8 2 7 31 16 14 35 10 6 11 0
4 3 5 2 2 4 1 9 2 7 31 16 14 35 15 6 15 1
5 3 4 5 1 1 1 2 2 7 31 16 19 6 10 6 15 1
3 4 5 5 1 3 3 2 2 3 13 2 10 4 13 1 3 1
3 2 5 4 1 4 1 8 2 7 32 16 14 5 10 6 11 1
5 4 5 5 1 5 1 10 2 7 31 16 19 6 10 4 11 0
4 4 4 3 1 4 1 8 2 7 31 16 19 6 10 4 11 0
3 3 5 2 1 2 3 8 5 7 31 17 6 9 5 6 11 1
5 4 6 6 2 1 1 8 2 4 30 7 15 27 15 1 3 0
5 3 4 4 1 4 1 8 2 7 31 16 19 6 10 4 15 1
5 4 5 5 1 3 1 8 2 7 31 16 19 6 10 1 3 1
4 1 5 2 1 4 1 8 2 7 31 16 19 6 10 1 3 1
3 3 3 6 1 4 1 8 2 7 31 16 14 35 15 6 15 1
4 4 4 4 1 1 1 8 2 7 31 16 14 35 15 1 4 1
4 3 4 1 1 2 1 9 2 7 31 16 19 6 10 6 15 0
1 1 4 3 2 2 3 8 5 7 31 17 6 9 5 6 11 1
5 4 4 1 1 1 2 11 2 7 32 16 19 6 12 6 11 0
5 1 3 3 1 1 4 8 2 7 30 16 19 6 10 1 15 0
1 2 4 3 1 5 1 11 2 7 22 16 14 5 10 6 4 0
4 4 5 2 2 4 1 8 2 7 31 16 14 35 15 6 15 1
5 4 3 2 1 3 1 8 2 7 31 16 19 6 10 6 7 0
5 1 3 2 1 5 1 8 2 7 31 16 19 6 10 4 15 0
5 4 3 1 1 1 2 7 2 7 32 16 19 6 12 6 11 0
5 3 6 3 1 1 1 10 2 4 32 7 15 27 15 1 3 0
3 3 5 2 1 5 1 9 2 7 31 16 14 35 15 6 15 1
2 3 5 2 2 4 4 10 5 7 24 17 6 9 4 6 11 1
3 2 4 2 2 2 4 8 2 7 24 16 14 35 11 4 15 1
5 4 4 5 1 2 1 8 2 7 31 16 19 6 15 6 15 0
3 3 5 4 1 1 3 8 5 7 31 17 6 9 5 6 11 1
5 3 5 2 1 4 1 10 5 7 32 18 20 28 9 6 11 0
4 3 3 6 2 3 1 9 2 7 31 16 19 6 10 1 3 1
2 1 4 4 1 1 4 10 5 7 24 17 6 9 4 6 11 1
4 4 5 5 2 3 1 8 2 7 31 16 19 6 10 6 7 1
1 3 6 2 1 4 4 8 5 3 8 4 21 21 7 6 15 1
3 4 3 3 1 3 1 7 2 7 31 16 14 35 15 6 15 0
5 4 5 5 2 3 1 8 2 4 30 7 15 27 15 1 3 0
5 3 2 4 1 2 1 9 2 7 31 16 14 35 15 4 15 0
3 1 2 2 1 2 1 8 2 7 31 16 14 35 15 4 15 0
5 3 2 4 1 2 1 8 2 7 31 16 14 29 15 6 15 0
5 2 4 3 1 5 1 8 2 7 31 16 19 6 10 4 11 0
5 4 2 1 1 3 1 10 2 7 31 16 19 6 10 6 15 0
5 4 3 1 1 1 1 8 2 7 31 16 19 6 10 6 7 1
4 1 4 2 1 3 2 9 2 7 32 16 19 6 12 6 11 0
4 2 4 6 1 2 2 8 2 7 30 16 14 6 12 6 11 0
4 4 5 2 1 2 1 8 2 7 31 16 14 35 15 6 15 0
4 4 5 1 1 4 1 10 2 7 31 16 14 21 15 6 11 0
4 4 5 6 1 2 1 9 2 7 31 16 14 35 15 1 3 1
4 4 1 5 1 2 1 9 2 7 31 16 19 6 10 6 15 0
4 4 5 3 1 1 1 9 2 7 31 16 19 6 10 1 15 1
4 3 6 5 2 2 1 9 2 7 31 16 19 6 10 4 15 0
2 2 3 3 3 1 4 8 5 7 24 17 6 9 4 3 11 0
5 4 5 4 1 2 1 8 2 7 31 16 19 6 10 6 15 0
5 2 6 5 1 5 1 9 2 7 31 16 19 6 10 6 11 0
5 1 5 6 1 2 1 10 5 7 32 10 5 48 9 1 3 0
1 4 5 6 1 5 1 8 2 7 31 16 14 35 15 6 15 1
5 4 5 1 1 1 1 8 2 7 31 16 19 6 15 6 15 1
4 4 3 5 1 1 1 8 2 7 31 16 14 35 15 6 15 1
4 4 2 1 2 4 2 8 2 7 30 16 19 6 12 6 11 0
4 4 5 1 1 4 1 8 2 7 31 16 19 6 10 4 15 0
4 4 6 6 1 1 1 8 2 7 31 16 14 35 15 4 15 1
3 4 3 4 2 2 1 8 2 7 31 16 14 35 10 6 11 0
2 2 3 5 2 5 3 9 2 7 31 16 14 35 10 6 15 1
4 3 4 3 1 4 1 9 2 7 31 16 19 6 10 4 15 0
1 4 6 2 1 5 1 8 2 7 31 16 14 35 15 6 15 0
4 4 3 2 1 3 1 9 2 7 31 16 19 6 15 6 15 1
5 4 5 3 1 2 1 10 2 7 31 16 19 6 15 6 7 0
2 3 5 2 1 2 1 9 2 7 31 16 14 35 15 4 15 1
1 3 4 3 1 2 3 2 2 7 31 16 14 35 10 6 2 1
2 2 4 3 1 5 1 7 2 7 31 16 14 35 15 4 15 1
3 3 3 4 2 2 3 10 2 7 31 16 14 35 10 1 4 1
4 4 2 1 1 3 1 8 2 7 31 16 14 35 10 6 11 0
4 3 4 6 1 1 1 8 2 7 30 16 19 6 10 6 11 0
5 3 6 6 2 3 1 8 2 7 31 16 19 6 10 1 3 0
4 2 6 6 1 1 1 9 2 7 31 16 14 35 10 6 11 1
4 4 6 4 1 2 1 8 2 7 31 16 19 6 10 1 3 0
1 1 2 2 2 5 1 10 2 7 31 16 14 35 15 4 15 1
4 4 3 5 1 3 1 9 2 7 31 16 19 6 10 1 3 1
3 2 4 5 1 4 3 9 2 7 31 16 14 35 10 6 11 0
2 1 5 4 1 4 4 9 2 7 24 16 14 35 11 6 11 1
5 4 4 5 1 3 1 8 2 7 31 16 19 6 15 6 7 0
5 4 3 1 1 4 1 8 2 7 31 16 19 6 10 4 15 0
4 3 2 1 1 1 1 9 2 7 31 16 19 6 10 6 15 0
5 4 4 4 1 1 1 9 2 7 31 16 19 6 15 6 15 0
4 4 5 2 1 1 3 8 5 7 32 18 20 39 9 6 11 0
2 1 5 3 2 3 1 9 2 7 31 16 14 35 15 4 15 1
5 2 6 5 1 5 1 9 2 7 31 16 19 6 15 1 3 1
4 4 5 4 1 2 1 8 2 7 31 16 14 35 10 6 11 0
4 3 3 1 1 2 2 10 2 7 30 16 19 6 12 6 11 0
5 4 2 6 1 1 1 10 2 7 32 7 15 36 15 1 3 0
2 4 4 3 1 1 1 7 2 7 31 16 14 35 15 6 15 1
3 2 6 4 1 2 1 8 2 7 31 16 14 35 15 3 9 1
4 3 2 6 1 3 1 9 2 7 31 16 14 35 15 1 3 0
3 4 6 6 1 5 1 9 2 7 31 16 14 35 15 1 3 0
2 2 5 5 1 4 1 8 2 7 31 16 14 35 15 1 3 0
4 4 2 6 1 4 1 8 2 7 31 16 19 6 10 1 3 1
2 4 5 3 1 3 1 11 2 7 31 16 14 35 15 4 15 1
3 1 4 2 1 3 3 9 2 7 31 16 14 35 10 4 15 0
4 4 4 6 2 5 1 8 2 7 31 16 14 35 15 1 4 1
5 4 5 5 1 3 1 8 2 7 31 16 19 6 15 1 3 0
5 3 4 6 2 1 1 11 2 7 31 16 19 6 15 1 3 0
5 2 3 1 1 4 3 10 5 7 30 18 20 39 9 1 3 0
5 1 3 1 1 1 1 8 2 7 31 16 19 6 10 4 15 0
1 3 4 5 1 4 3 2 2 7 31 16 14 35 10 6 11 1
3 3 4 3 1 2 3 8 5 7 31 17 6 9 5 6 11 0
5 3 3 2 1 4 1 8 2 7 31 16 19 6 10 3 9 1
5 4 3 2 1 1 1 11 2 7 31 7 13 34 10 6 15 0
3 4 4 1 1 1 1 10 2 7 31 16 14 35 10 6 11 1
5 4 6 3 1 2 1 11 2 7 31 16 19 6 10 4 15 0
5 3 4 6 1 2 1 8 2 7 32 7 15 36 15 1 3 0
3 3 4 2 1 4 1 9 2 7 31 16 14 35 15 6 15 1
3 2 2 1 1 4 1 8 2 7 31 16 14 35 15 6 4 1
5 4 5 5 1 1 1 8 2 7 31 16 19 6 10 4 11 0
5 4 5 5 1 1 1 8 2 7 32 2 14 21 15 1 3 0
3 4 2 2 1 5 1 9 2 7 31 16 19 6 10 4 15 1
4 4 3 2 1 3 1 9 2 7 31 16 14 35 15 4 15 0
3 1 6 1 1 4 1 8 2 7 31 16 14 35 15 6 4 1
5 2 4 5 1 3 1 8 2 7 31 16 19 6 15 1 3 0
3 2 4 3 1 4 1 8 2 7 32 16 14 5 10 6 11 1
5 1 5 6 2 2 1 8 2 7 31 16 19 6 15 3 9 1
1 3 6 5 1 5 3 3 2 7 34 16 14 35 10 7 15 1
5 4 5 3 2 1 1 10 2 7 31 16 14 29 15 6 15 0
1 3 4 3 1 1 3 8 2 7 31 16 14 35 10 6 2 1
4 1 4 4 1 5 1 9 2 7 31 16 19 6 15 1 3 0
3 4 6 6 1 3 1 10 2 7 31 16 19 6 10 6 7 0
5 4 4 5 1 2 1 8 2 7 31 16 19 6 10 6 15 1
4 4 3 6 1 3 2 8 2 7 30 16 14 6 12 6 11 1
5 3 4 1 1 3 1 8 2 7 31 16 14 35 15 4 15 0
3 4 5 2 1 2 1 8 2 7 31 16 14 35 10 6 11 0
4 2 4 6 1 3 1 9 2 7 31 16 19 6 10 6 7 1
3 1 5 2 1 2 1 8 2 7 31 16 14 35 15 6 15 1
5 4 3 3 1 3 1 8 2 7 31 16 19 6 10 6 15 1
3 3 4 4 1 4 1 9 2 7 31 16 19 6 15 1 3 1
1 2 5 2 2 3 1 8 2 7 31 16 14 35 15 4 15 1
5 2 5 1 1 1 1 8 2 7 31 16 19 6 15 6 15 0
5 1 5 1 1 1 1 10 2 7 32 7 15 36 15 1 3 0
4 4 4 5 1 1 3 9 2 7 31 16 14 35 10 6 11 0
5 4 6 1 1 2 1 8 2 7 31 16 19 6 15 1 3 0
4 3 2 5 1 2 1 8 2 7 31 16 14 35 15 1 4 0
1 3 5 4 1 2 1 9 2 7 31 16 14 35 15 6 15 1
3 3 4 3 1 5 1 8 2 7 31 16 19 6 10 4 15 0
3 4 4 3 1 3 1 8 2 7 31 16 14 35 15 2 4 0
1 4 5 3 1 1 1 3 2 7 22 16 14 5 10 6 4 1
5 4 3 3 1 2 3 10 5 7 30 18 20 10 5 1 3 0
2 4 3 5 1 1 3 8 5 7 23 14 22 11 7 6 11 1
5 4 4 2 1 1 1 8 2 7 31 16 19 6 10 4 15 0
4 3 4 4 1 3 1 7 2 7 31 16 19 6 10 1 3 1
4 2 4 6 1 4 1 7 2 7 31 16 19 6 10 6 7 0
4 4 6 1 1 2 1 8 2 7 31 16 14 35 10 6 11 1
5 3 3 4 1 5 1 8 2 7 31 16 19 6 15 1 3 0
5 3 4 1 1 3 1 8 2 7 31 16 19 6 15 6 7 0
3 4 6 1 1 1 2 9 2 7 30 16 19 6 12 6 11 1
1 3 4 3 1 1 3 2 2 7 31 16 14 35 10 6 2 1
5 1 4 2 2 5 1 8 2 7 31 16 19 6 10 7 15 0
4 4 3 5 1 2 3 8 5 7 31 17 6 9 5 6 15 1
4 1 5 2 2 2 1 11 2 7 31 16 14 35 15 6 4 1
5 3 2 1 1 3 1 8 2 7 30 16 19 6 10 6 11 0
5 4 4 1 1 2 1 8 2 7 30 16 19 6 10 6 11 0
3 1 2 4 1 3 1 9 2 7 31 16 19 6 10 4 15 1
5 3 4 6 1 4 1 8 2 4 32 7 15 27 15 1 3 0
2 2 5 2 1 2 1 12 2 7 31 16 14 35 15 4 15 0
4 4 5 1 1 1 1 9 2 7 31 16 19 6 10 6 15 0
4 4 5 3 1 4 1 8 2 7 31 16 19 6 10 4 15 0
3 3 4 2 1 2 1 8 2 7 31 16 14 35 15 4 15 0
4 4 5 2 1 2 1 9 2 7 31 16 14 35 15 6 15 0
4 3 6 5 1 2 1 9 2 7 31 16 19 6 15 4 15 0
3 3 4 2 2 1 4 8 2 7 24 16 14 35 11 4 15 1
4 4 3 1 1 3 1 8 2 7 31 16 19 6 10 1 3 1
5 4 4 1 1 4 2 10 2 7 30 16 19 6 12 6 11 0
5 1 5 1 1 1 1 8 2 7 31 16 14 21 15 1 3 0
3 4 2 6 1 4 1 8 2 7 31 16 14 35 15 6 15 1
3 1 5 4 1 3 3 9 2 3 13 2 10 4 13 1 3 1
3 2 6 3 1 4 3 11 2 3 13 2 10 4 13 4 15 1
3 4 6 5 1 1 1 8 2 7 31 16 14 35 15 6 15 1
5 2 6 1 1 1 2 10 2 7 30 16 19 6 12 6 11 0
5 3 3 5 2 3 1 8 2 7 31 16 19 6 15 6 7 0
3 2 4 5 1 3 3 8 2 7 31 16 14 35 10 6 11 1
4 4 3 6 1 4 1 8 2 7 31 16 19 6 10 6 7 1
2 3 2 1 1 2 1 11 2 7 31 16 14 35 15 6 4 1
2 1 4 3 2 4 1 7 5 7 17 18 20 22 3 6 11 0
4 2 3 1 1 3 2 8 2 7 30 16 14 6 12 6 11 0
5 1 5 6 1 2 4 11 5 7 32 10 2 26 9 1 3 0
4 2 5 5 1 1 3 9 5 7 31 17 6 9 5 6 15 0
4 1 2 5 1 1 1 9 2 7 31 16 19 6 15 4 11 0
1 2 5 5 2 5 3 9 2 7 31 16 14 35 10 4 15 1
5 2 3 1 1 1 2 8 2 7 32 16 19 6 12 6 11 0
4 2 4 5 1 4 1 8 2 7 31 16 19 6 15 1 3 0
5 2 4 4 1 2 1 9 2 7 31 16 19 6 15 1 3 1
5 2 3 2 1 2 1 11 2 7 31 16 19 6 15 4 15 0
2 1 5 4 2 5 1 9 2 7 31 16 14 35 15 4 15 1
5 4 5 2 1 2 1 8 2 7 31 16 14 35 15 6 15 0
4 3 2 5 1 3 1 11 2 7 31 16 19 6 10 1 3 1
3 4 5 6 1 2 3 8 5 7 31 17 6 9 5 6 11 0
5 4 2 1 1 1 1 8 2 7 31 16 14 35 15 6 15 0
3 2 3 2 1 2 1 9 2 7 31 16 14 35 15 4 15 0
5 4 4 6 1 1 1 10 2 7 31 16 19 6 10 6 7 0
3 1 4 1 1 1 3 8 2 7 31 16 14 35 10 4 15 1
2 3 2 1 1 2 1 10 2 7 31 16 14 35 15 6 4 1
3 4 4 1 1 2 3 11 2 7 31 16 14 35 10 6 11 0
5 4 4 1 1 1 1 8 2 7 31 16 19 6 15 6 15 0
2 4 6 5 1 3 1 8 2 7 31 16 14 35 15 1 3 0
4 1 5 3 1 3 3 8 5 7 31 17 6 9 5 3 11 0
4 4 4 5 1 4 1 9 2 7 31 16 14 35 15 4 15 0
5 1 3 2 1 1 1 11 2 7 32 7 15 36 15 1 3 0
3 3 6 3 1 2 1 9 2 7 31 16 14 35 15 6 15 1
5 2 3 3 1 1 1 8 2 7 32 7 15 36 15 1 3 0
5 4 2 2 1 1 1 8 2 7 31 16 19 6 10 1 3 1
4 4 3 6 1 3 3 9 5 7 32 18 20 39 9 6 11 0
4 4 2 5 1 4 1 9 2 7 31 16 19 6 10 6 11 0
1 2 5 3 1 3 4 9 5 7 1 17 6 9 5 4 15 1
5 4 6 6 1 2 1 8 2 7 31 16 19 6 10 1 3 0
5 1 3 6 1 1 1 8 2 7 32 7 15 36 15 1 3 0
5 3 3 2 1 5 1 8 2 7 32 16 19 6 10 1 3 0
4 4 5 1 2 1 1 10 2 7 31 16 14 35 15 6 15 1
4 1 3 4 2 2 1 9 2 7 31 16 19 6 10 4 15 0
3 1 3 5 1 2 1 9 2 7 31 16 14 35 15 1 3 1
5 3 6 1 1 3 1 11 2 7 31 16 14 29 15 4 15 0
5 2 3 5 2 4 1 8 2 7 31 16 19 6 10 6 7 0
5 4 5 3 1 1 1 8 2 7 31 16 14 21 15 6 7 0
4 1 2 1 1 2 2 9 2 7 30 16 19 6 12 6 11 0
4 2 4 3 1 1 1 9 2 7 31 16 19 6 10 4 15 1
4 4 6 6 1 3 1 8 2 7 31 16 14 35 15 6 15 0
3 3 4 3 1 4 3 11 2 7 31 16 14 35 10 6 11 0
5 3 5 6 1 3 1 8 2 7 31 16 19 6 15 1 3 0
4 4 6 3 1 4 1 3 2 7 31 16 19 6 15 6 15 1
2 3 2 5 2 5 1 8 2 7 31 16 14 35 15 6 15 1
5 4 4 5 2 3 1 10 5 7 30 18 20 10 5 1 3 0
5 4 3 2 1 1 1 8 2 7 31 16 19 6 10 6 15 0
5 3 3 1 1 3 1 8 2 7 31 16 19 6 10 4 11 0
5 3 5 3 2 1 1 11 2 7 32 16 19 6 15 1 3 0
5 4 3 5 1 1 2 9 5 7 30 18 20 39 9 6 7 0
5 2 3 2 1 4 1 8 2 7 31 16 19 6 15 1 3 0
5 4 3 2 1 5 1 10 2 7 32 16 19 6 15 1 3 0
4 4 3 1 1 1 1 9 2 7 31 16 14 35 15 4 15 0
4 3 4 6 1 1 3 11 5 7 32 17 6 9 5 1 3 0
5 4 4 5 1 1 1 8 2 7 31 16 19 6 15 6 15 0
3 4 5 1 1 2 3 9 2 7 31 16 14 35 10 4 15 1
2 2 5 1 1 5 2 9 2 7 30 16 19 6 12 6 11 0
4 4 4 1 1 1 1 8 2 7 31 16 14 35 15 6 15 1
5 1 4 6 2 1 1 10 2 7 32 7 15 36 15 1 15 0
5 2 3 2 2 3 1 8 2 7 31 16 19 6 10 3 9 0
4 4 3 5 1 4 1 9 2 7 31 16 19 6 15 6 11 0
5 4 3 5 1 1 4 8 5 7 32 10 2 26 9 1 3 0
5 1 5 6 1 3 3 8 5 7 30 18 20 10 5 1 3 0
5 4 2 1 1 2 1 8 2 7 31 16 14 21 15 6 15 1
5 4 6 1 1 2 1 8 2 7 31 16 14 35 15 6 15 0
4 4 4 5 1 3 2 8 2 7 32 16 19 6 12 6 11 0
4 1 4 3 2 2 1 8 2 7 32 16 14 5 10 6 11 0
5 1 4 1 1 2 3 8 5 7 30 18 20 39 9 1 3 0
5 3 2 5 1 1 1 8 2 7 31 16 19 6 10 4 11 0
5 4 5 6 2 4 1 8 2 7 31 16 19 6 10 6 11 0
5 3 5 5 1 1 1 8 2 7 31 16 14 29 10 3 9 0
5 3 4 4 2 3 1 3 2 7 31 16 19 6 10 7 15 1
4 3 3 4 1 3 1 9 2 7 31 16 14 35 15 4 15 1
5 4 1 2 2 1 1 10 2 4 30 7 15 27 15 1 3 0
5 4 3 5 1 2 1 8 2 7 31 16 19 6 15 1 3 0
1 2 6 4 2 5 3 8 5 7 23 14 22 11 7 6 11 1
3 4 6 2 1 1 3 10 5 7 31 17 6 9 5 6 11 0
1 3 3 5 1 2 1 8 2 7 31 16 14 35 15 1 3 1
4 4 3 6 1 4 1 7 2 7 31 16 19 6 15 4 11 0
4 2 5 4 2 3 3 8 2 7 33 16 14 35 12 3 5 0
4 4 5 5 1 3 1 10 2 7 31 16 14 35 15 6 15 0
4 4 3 3 1 5 1 9 2 7 31 16 19 6 10 4 15 1
5 4 2 4 1 3 1 8 2 7 31 16 14 35 15 6 15 0
4 1 6 6 1 1 2 9 2 7 30 16 19 6 12 6 11 0
5 1 3 3 2 2 1 8 2 7 31 16 19 6 15 1 3 0
5 3 2 3 2 1 1 8 2 7 31 16 19 6 15 1 3 0
5 3 3 5 1 1 1 11 2 7 31 16 19 6 15 6 15 0
5 3 6 1 2 2 1 8 2 7 31 16 14 29 10 6 15 0
1 2 3 2 1 3 3 8 2 7 31 16 14 35 10 6 11 1
3 4 6 6 1 2 1 9 2 7 31 16 14 35 15 6 15 0
5 2 5 6 2 4 1 8 2 7 31 16 19 6 15 1 3 0
4 4 5 5 1 3 1 9 2 7 31 16 14 35 15 4 15 1
4 3 3 1 1 5 3 8 2 7 31 16 14 35 10 6 11 0
5 1 3 6 1 1 1 8 5 7 32 18 20 28 9 1 3 1
3 3 5 6 1 4 1 9 2 7 31 16 19 6 10 6 7 1
5 3 4 6 1 1 1 8 5 7 32 10 5 48 9 1 3 0
2 4 4 4 1 4 1 7 2 7 31 16 14 35 15 6 15 0
4 3 5 6 1 4 1 9 2 7 31 16 19 6 10 1 3 1
5 4 6 3 1 3 1 8 2 7 31 16 19 6 10 6 15 1
1 4 5 6 2 5 1 9 2 7 31 16 14 35 15 6 15 1
3 4 3 3 1 1 1 10 2 7 31 16 14 35 15 4 15 1
5 2 5 1 1 5 3 9 5 7 30 18 20 10 5 1 3 0
5 4 2 4 1 3 1 8 2 7 31 16 19 6 10 1 3 0
3 3 5 5 2 3 3 8 2 7 31 16 14 35 10 4 15 1
2 1 6 6 1 4 1 9 2 7 31 16 14 35 15 1 3 1
1 2 3 3 1 3 4 2 5 3 17 4 27 1 7 6 11 0
1 1 5 4 2 1 3 3 5 7 31 17 6 9 5 3 11 0
4 4 5 3 1 4 2 8 2 7 30 16 19 6 12 6 11 0
2 2 4 4 1 4 3 10 2 7 31 16 14 35 10 4 15 0
3 3 6 2 1 2 1 9 2 7 31 16 14 35 15 4 15 0
5 3 3 3 1 1 1 8 2 7 31 16 19 6 10 6 15 0
2 4 2 2 1 2 1 9 2 7 31 16 14 35 15 4 15 0
5 4 4 5 1 1 1 8 2 7 31 16 19 6 10 6 15 0
4 4 5 2 1 2 1 8 2 7 31 16 19 6 10 4 15 0
3 4 5 3 1 5 1 9 2 7 31 16 14 35 15 6 15 1
5 4 4 1 1 4 1 8 2 7 31 16 19 6 10 4 15 0
4 1 5 1 1 5 1 9 2 7 31 16 19 6 10 4 15 1
2 2 3 4 2 4 3 8 2 7 31 16 14 35 10 1 6 1
5 4 4 1 2 4 2 11 2 7 30 16 19 6 12 6 11 0
3 1 3 3 1 4 4 7 5 7 31 17 6 9 7 1 3 1
2 4 5 6 1 3 1 9 2 7 31 16 19 6 10 6 7 1
4 4 2 4 1 4 1 9 2 7 31 16 19 6 10 4 15 1
4 4 3 4 1 4 1 8 2 7 31 16 19 6 10 4 11 0
1 1 5 3 2 4 3 8 5 7 31 17 6 9 5 6 11 1
5 2 4 4 1 1 1 10 2 7 32 7 15 36 15 1 3 0
4 4 5 4 1 1 1 8 2 7 31 16 14 35 10 6 11 0
2 4 5 1 1 5 1 8 2 7 31 16 14 21 15 6 15 1
3 1 1 4 1 3 1 9 2 7 31 16 19 6 15 1 3 1
3 3 4 6 2 3 1 9 2 7 31 16 14 35 15 1 3 1
3 2 3 5 1 3 3 8 2 7 31 16 14 35 10 6 11 0
4 2 3 2 1 3 2 8 2 7 32 16 19 6 12 6 11 0
5 4 5 2 1 2 1 8 2 7 31 16 14 35 15 6 15 0
4 3 5 6 1 4 1 8 2 7 31 16 19 6 10 4 15 0
4 4 6 2 1 5 1 8 2 7 31 16 14 35 15 6 15 1
5 3 5 6 1 2 1 8 2 7 31 16 19 6 10 1 3 0
2 3 4 5 1 1 1 7 2 7 31 16 14 35 15 6 15 1
4 3 6 6 1 1 1 8 2 7 31 16 14 35 15 1 3 0
3 4 3 4 1 3 1 8 2 7 31 16 14 35 15 4 15 0
2 2 5 5 1 2 3 8 2 7 34 16 14 35 12 1 3 0
3 1 2 6 1 1 1 9 2 7 31 16 14 35 15 1 3 1
3 3 5 3 1 3 1 8 2 7 31 16 14 35 15 3 5 1
2 2 4 6 1 5 1 9 2 7 31 16 14 35 15 6 15 1
5 4 6 2 1 1 1 8 2 7 31 16 19 6 10 6 15 0
5 4 5 3 1 2 1 8 2 7 31 16 14 35 15 6 15 0
2 2 3 3 2 4 3 8 2 7 31 16 14 35 10 6 11 1
5 3 2 5 1 2 1 8 2 7 31 16 19 6 15 1 3 0
5 4 5 6 1 1 1 8 2 4 32 7 15 27 15 1 3 0
4 3 3 6 1 5 2 8 2 7 30 16 14 6 12 6 11 0
5 3 4 6 1 2 2 8 2 7 30 16 14 6 12 6 11 0
4 4 5 3 1 4 1 8 2 7 31 16 14 35 15 4 15 1
4 4 2 3 1 3 1 9 2 7 31 16 19 6 10 1 3 0
5 4 3 4 1 4 1 8 2 7 31 16 19 6 10 4 15 1
3 4 4 3 1 1 1 8 2 7 31 16 14 35 10 6 11 1
3 3 5 4 1 3 3 9 2 7 31 16 14 35 10 6 11 0
4 3 4 5 1 2 1 9 2 7 31 16 14 35 15 4 15 0
1 3 5 5 2 3 1 8 2 7 31 16 14 35 15 6 15 1
5 4 3 3 1 2 1 8 2 7 31 16 19 6 15 3 9 0
2 2 4 5 2 5 3 8 2 7 31 16 14 35 10 1 4 1
4 4 2 3 1 3 1 9 2 7 31 16 19 6 10 4 15 1
5 2 6 1 1 1 1 8 2 7 31 16 14 35 15 6 15 0
3 4 5 3 2 4 1 8 2 7 31 16 14 35 15 4 15 1
5 4 4 4 1 3 1 8 2 7 31 16 19 6 10 6 15 0
5 4 3 3 1 1 1 9 2 7 31 16 14 35 15 6 15 0
4 1 5 6 1 2 1 8 2 7 31 16 19 6 10 1 3 1
4 2 3 5 1 2 1 8 2 7 31 16 14 35 15 6 15 0
2 1 6 5 2 3 3 8 2 7 31 16 14 35 10 1 4 1
5 2 3 2 1 1 1 9 2 7 31 16 19 6 10 4 15 1
5 4 5 6 1 1 1 8 2 7 31 16 19 6 10 4 15 0
1 2 6 3 1 1 4 12 5 3 37 4 27 45 4 3 11 0
2 3 5 4 1 5 4 2 5 7 1 17 6 9 5 6 7 1
3 3 3 2 1 3 1 9 2 7 31 16 14 35 15 4 15 0
1 3 4 3 1 5 1 9 2 7 31 16 14 35 15 6 15 1
4 2 5 1 1 4 1 10 2 7 31 16 14 35 15 6 4 1
5 2 3 5 2 3 1 8 2 7 31 16 19 6 15 1 3 0
1 4 5 5 1 5 3 8 2 7 34 16 14 35 12 7 15 1
1 4 4 3 2 5 1 9 2 7 31 16 14 35 15 6 15 1
1 4 4 3 1 3 1 8 2 7 22 16 14 5 10 6 4 1
2 3 5 4 2 5 1 8 2 7 32 16 14 5 10 6 11 1
3 3 3 5 1 3 1 11 2 7 31 16 14 35 15 6 15 1
5 3 2 4 1 2 1 10 2 7 31 16 19 6 10 6 15 1
3 2 4 4 2 4 1 11 2 7 31 16 14 35 15 6 15 0
5 1 3 6 1 4 1 8 2 7 32 7 15 36 15 1 3 0
2 4 4 3 1 2 3 11 2 7 31 16 14 35 10 6 11 1
4 2 4 1 1 2 1 7 2 7 31 16 19 6 15 6 15 0
5 3 5 6 1 2 1 10 2 7 32 2 14 21 15 6 11 0
4 4 5 4 1 5 1 9 2 7 30 16 19 6 10 6 11 1
5 4 6 5 1 1 1 8 2 7 31 16 19 6 10 6 15 0
5 2 2 3 1 3 1 8 2 7 31 16 19 6 15 1 3 0
5 3 5 5 1 4 1 8 2 7 31 16 19 6 15 1 3 0
4 2 6 6 1 1 1 9 2 7 31 16 14 35 15 1 3 1
5 4 3 4 1 1 1 10 2 7 31 16 19 6 10 4 15 1
4 3 5 1 1 4 2 8 2 7 30 16 19 6 12 6 11 0
1 2 2 2 1 5 1 9 2 7 31 16 14 35 15 6 15 1
1 3 6 4 1 4 1 8 2 7 31 16 14 35 15 1 3 1
5 4 4 1 1 1 1 8 2 7 31 16 19 6 15 6 15 0
4 4 3 5 1 1 1 8 2 7 31 16 19 6 10 1 3 0
5 4 4 3 1 1 1 8 2 7 31 16 14 35 15 6 15 0
3 4 6 6 1 3 1 8 2 7 31 16 14 35 15 1 3 0
5 4 3 1 1 1 1 7 2 7 31 16 14 29 15 6 15 0
5 4 4 1 1 1 1 8 2 7 31 16 19 6 15 6 15 0
4 4 5 5 1 4 1 8 2 7 31 16 14 35 15 6 15 0
2 2 1 2 1 4 3 8 2 7 31 16 14 35 10 6 11 1
5 3 4 6 2 1 1 10 2 7 31 7 13 34 10 1 3 0
5 1 5 4 1 1 1 8 2 7 31 16 19 6 15 1 3 0
4 4 3 3 1 2 1 8 2 7 31 16 14 35 15 4 15 0
4 3 2 1 2 4 1 8 2 7 30 16 19 6 10 6 11 0
4 4 5 2 1 1 1 8 2 7 31 16 14 35 15 6 15 0
4 4 4 2 1 3 1 8 2 7 31 16 19 6 10 4 15 0
4 4 1 2 1 1 1 8 2 7 31 16 19 6 10 6 15 0
4 2 5 5 1 5 1 9 2 7 31 16 19 6 10 4 15 1
3 4 3 1 1 3 1 9 2 7 31 16 14 35 15 6 15 1
3 3 5 2 1 1 3 9 2 7 31 16 14 35 10 4 15 0
5 4 5 2 1 1 1 9 2 7 31 16 19 6 10 6 15 1
4 2 2 5 1 2 1 11 2 7 31 16 14 35 15 1 6 1
3 4 3 4 1 5 1 9 2 7 31 16 19 6 10 4 11 0
4 1 6 2 1 1 1 9 2 7 31 16 14 35 15 4 15 1
3 3 6 1 1 5 3 8 2 7 31 16 14 35 10 6 11 1
4 2 4 3 1 2 1 9 2 7 31 16 19 6 10 4 15 1
3 4 4 3 2 5 1 8 2 7 31 16 14 35 15 6 15 0
3 3 5 4 2 5 1 10 2 7 31 16 14 35 15 3 9 0
2 2 4 6 2 3 1 7 2 7 31 16 14 35 15 1 3 1
2 4 5 3 1 2 1 3 2 7 22 16 14 5 10 6 4 1
5 4 5 4 1 1 1 8 2 7 31 16 19 6 10 6 15 0
5 3 4 5 2 2 1 10 2 7 31 16 19 6 15 1 3 0
5 4 4 6 1 2 1 11 2 7 31 16 19 6 15 6 15 1
5 4 6 3 2 2 1 11 2 7 31 16 19 6 10 4 11 0
2 4 3 4 2 2 1 9 2 7 31 16 14 35 15 6 15 1
3 1 3 1 1 2 1 9 2 7 31 16 14 35 10 6 11 1
4 3 4 4 2 4 1 7 2 7 31 16 19 6 10 4 15 0
4 2 3 2 1 3 1 9 2 7 31 16 14 35 15 6 15 0
3 3 5 5 1 3 1 8 2 7 31 16 14 35 15 4 15 1
5 4 6 6 1 3 1 9 2 7 31 16 19 6 10 1 3 1
3 2 4 3 1 1 3 10 2 7 31 16 14 35 10 6 11 1
3 4 3 4 1 5 1 7 2 7 31 16 14 35 15 4 15 0
4 3 5 2 1 2 1 8 2 7 31 16 14 35 15 6 4 0
4 4 4 3 2 3 1 8 2 7 31 16 14 35 15 3 9 1
3 2 4 5 1 4 1 8 2 7 31 16 14 35 15 6 15 1
4 3 5 2 1 1 1 8 2 7 31 16 14 35 15 6 15 0
3 4 4 5 1 2 1 10 2 7 31 16 14 35 15 4 15 1
3 4 3 1 1 3 1 9 2 7 31 16 14 35 15 6 15 0
5 4 4 5 1 1 1 8 2 7 31 16 14 35 15 4 15 1
4 2 3 1 2 4 2 10 2 7 30 16 19 6 12 6 11 0
4 4 5 2 1 3 1 9 2 7 31 16 14 35 15 6 15 0
4 4 5 1 1 1 1 8 2 7 31 16 14 35 10 6 11 1
3 2 5 2 1 2 3 8 5 7 31 17 6 9 5 6 11 1
5 4 3 6 1 3 1 9 2 7 31 16 19 6 10 6 7 1
4 4 3 3 1 2 1 8 2 7 31 16 14 35 15 4 15 0
3 1 5 2 1 3 1 9 5 7 30 18 20 10 5 6 11 0
3 3 5 4 1 2 3 8 5 7 31 17 6 9 5 6 11 0
4 3 4 1 1 2 1 8 2 7 31 16 19 6 10 4 15 0
3 2 5 3 1 3 1 9 2 7 31 16 14 35 15 4 15 0
1 1 4 4 1 4 1 8 2 7 22 16 14 5 10 6 4 1
5 4 3 3 1 2 1 8 2 7 31 16 14 35 15 4 15 0
4 4 6 3 1 2 1 8 2 7 31 16 14 35 15 6 15 0
5 4 4 5 1 3 1 9 2 7 31 16 19 6 10 4 11 0
4 3 3 4 1 4 1 9 2 7 31 16 19 6 10 4 15 1
5 2 3 5 1 2 1 8 2 7 32 7 15 36 15 1 3 0
5 3 3 2 1 3 1 10 2 7 31 16 19 6 15 6 15 1
2 3 5 3 3 1 3 8 5 7 31 17 6 9 5 3 11 0
2 4 6 5 2 3 3 8 2 7 31 16 14 35 10 4 15 1
5 4 3 6 1 2 1 8 2 7 31 16 19 6 10 4 15 0
3 3 4 5 1 3 1 9 2 7 31 16 19 6 10 1 3 1
5 4 6 5 1 2 1 8 2 7 31 16 14 29 15 6 15 0
1 4 4 3 1 4 1 2 2 7 31 16 14 35 10 6 2 1
1 2 3 3 2 4 1 9 2 7 31 16 14 35 15 3 9 1
3 1 4 2 1 4 1 7 2 7 31 16 19 6 10 4 15 1
5 2 5 5 1 1 1 8 2 7 31 16 19 6 10 1 3 0
4 2 5 5 1 4 1 9 2 7 31 16 19 6 10 4 11 1
5 1 4 4 1 1 3 8 5 7 30 18 20 10 5 1 3 0
3 4 4 6 2 5 1 7 2 7 31 16 19 6 10 1 3 1
3 3 6 1 1 2 3 8 2 7 31 16 14 35 10 4 15 1
5 1 5 6 1 1 1 8 2 7 32 16 14 5 10 6 11 0
3 4 5 6 2 4 1 8 2 7 31 16 14 35 15 6 4 1
4 3 6 1 1 2 1 8 2 7 32 16 14 5 10 6 11 0
5 4 4 2 1 5 1 8 2 7 30 16 19 6 10 6 11 0
3 3 2 2 2 1 3 8 5 7 31 17 6 9 5 3 11 0
5 4 4 5 1 3 1 8 2 7 31 16 19 6 10 4 15 0
5 2 3 5 1 2 1 8 2 7 31 16 19 6 10 1 3 0
4 4 5 5 1 5 2 11 2 7 30 16 19 6 12 6 11 0
1 4 6 4 1 2 1 8 2 7 31 16 14 35 15 6 15 1
2 4 4 3 1 2 1 2 2 7 31 16 14 35 10 6 11 1
3 4 5 5 1 3 1 10 2 7 31 16 19 6 10 1 3 1
4 4 6 4 1 4 1 9 2 7 31 16 19 6 10 6 11 0
3 3 3 2 1 1 1 9 2 7 31 16 14 35 15 4 15 1
3 4 4 1 1 2 1 8 2 7 31 16 14 35 15 6 15 0
3 1 5 5 1 5 1 8 2 7 31 16 19 6 15 4 15 0
4 4 6 3 1 1 1 8 2 7 31 16 19 6 10 4 15 1
3 4 5 3 1 5 1 9 2 7 31 16 14 35 15 6 15 1
1 2 5 4 2 3 3 2 4 6 26 16 14 21 15 6 15 1
5 1 6 5 1 1 1 8 2 7 31 16 19 6 15 1 3 0
4 4 4 6 1 2 2 8 2 7 30 16 14 6 12 6 11 0
5 4 6 1 1 3 2 8 2 7 30 16 19 6 12 6 11 0
4 4 3 2 1 2 1 8 2 7 31 16 14 35 15 6 15 0
5 3 5 1 1 2 3 10 5 7 30 18 20 39 9 1 3 0
3 3 6 4 1 3 3 8 2 7 31 16 14 35 10 6 11 1
5 4 3 4 2 2 1 10 2 7 31 16 14 29 15 6 15 0
5 4 4 3 2 5 1 10 2 7 30 16 19 6 10 1 3 0
4 4 2 2 1 2 1 8 2 7 31 16 19 6 10 6 7 0
2 3 5 4 2 1 1 8 2 7 31 16 14 35 15 6 15 1
5 4 3 2 1 5 1 8 2 7 31 16 19 6 10 4 15 0
2 3 2 2 1 1 1 8 2 7 31 16 14 35 15 4 15 1
5 4 6 3 1 3 1 8 2 7 31 16 19 6 15 1 3 0
4 4 6 4 2 5 1 9 2 7 31 16 19 6 15 6 11 1
3 2 5 1 1 1 1 8 2 7 31 16 14 35 15 4 15 1
2 3 6 2 1 2 1 9 2 7 31 16 14 35 15 4 15 1
4 4 5 6 1 4 3 8 2 7 31 16 14 35 10 6 11 0
4 2 4 6 1 3 1 8 2 7 32 16 14 5 10 6 11 0
5 3 4 4 1 3 1 8 2 7 31 16 14 21 15 6 7 1
4 4 3 1 2 4 2 8 2 7 30 16 19 6 12 6 11 0
5 4 5 3 1 1 1 8 2 7 31 7 13 34 15 6 15 0
2 2 5 2 1 1 3 8 5 7 31 17 6 9 5 6 11 1
4 4 4 3 1 4 1 8 2 7 31 16 19 6 10 4 15 0
3 4 5 2 1 4 1 9 2 7 31 16 14 35 15 6 15 1
5 3 4 3 2 3 1 11 2 7 30 16 19 6 10 1 3 0
1 4 5 4 1 1 3 14 2 7 34 16 14 35 10 3 8 1
4 4 4 5 1 3 1 8 2 7 31 16 14 35 15 6 15 0
5 1 5 6 2 1 1 8 2 7 31 16 19 6 15 1 3 0
4 2 4 2 1 3 1 8 2 7 31 16 19 6 15 4 11 0
3 3 4 4 1 5 1 9 2 7 31 16 14 35 15 6 15 1
5 4 4 2 2 4 1 8 2 7 31 16 19 6 10 1 3 0
5 4 2 4 1 1 1 8 2 7 31 16 19 6 10 1 3 1
5 4 3 3 1 3 1 10 2 7 31 16 19 6 15 6 15 1
3 3 1 5 1 3 3 8 5 7 31 17 6 9 5 6 4 1
5 4 4 2 1 1 1 11 2 7 31 16 19 6 15 6 7 0
3 4 5 1 1 1 1 8 2 7 31 16 14 35 15 6 15 1
1 3 5 4 2 3 1 12 2 7 31 16 14 35 15 4 15 1
4 3 5 3 1 2 1 8 2 7 31 16 14 35 15 4 15 0
2 4 5 5 1 5 1 8 2 7 31 16 14 35 15 6 15 1
1 3 5 2 1 3 3 9 2 7 31 16 14 35 10 6 11 1
5 3 3 1 1 2 1 11 2 7 31 16 19 6 15 6 15 0
4 4 4 5 2 2 1 8 5 7 32 18 20 28 9 6 11 0
4 4 5 3 1 4 1 8 2 7 31 16 14 35 15 6 15 0
5 4 3 3 2 1 1 11 2 7 31 16 19 6 15 1 3 0
5 1 4 6 2 1 1 10 2 7 31 16 19 6 10 1 3 0
3 4 2 1 1 3 1 9 2 7 31 16 14 35 15 4 15 0
1 2 4 5 2 5 4 3 5 7 1 17 6 9 5 4 15 1
5 3 2 6 1 4 4 11 5 7 32 10 2 26 9 1 3 0
3 2 3 5 1 1 1 10 2 7 31 16 14 35 15 6 15 1
3 3 4 2 1 2 1 9 2 7 31 16 14 35 15 4 15 1
2 2 6 4 1 4 1 10 2 7 31 16 14 35 15 3 8 0
5 4 4 5 1 4 1 8 2 4 32 7 15 27 15 1 3 0
2 2 3 6 1 5 1 9 2 7 31 16 14 35 15 3 11 1
5 4 5 5 1 3 1 8 2 7 31 16 19 6 10 1 3 0
5 4 6 1 1 3 2 8 2 7 32 16 19 6 12 6 11 0
1 3 6 3 1 5 1 8 2 7 31 16 14 21 15 6 15 1
3 4 4 1 1 1 1 7 2 7 31 16 14 35 15 6 15 0
4 2 4 6 2 2 1 7 2 7 31 16 14 35 15 1 3 1
5 2 5 2 2 1 1 8 2 7 31 16 14 35 15 6 15 0
5 2 4 1 1 4 3 8 5 7 30 18 20 39 9 1 3 0
2 2 5 2 2 1 1 9 2 7 31 16 14 35 15 4 15 1
3 2 4 3 1 4 1 8 2 7 31 16 14 35 15 3 9 1
5 2 5 6 1 3 1 8 2 7 32 7 15 36 15 1 3 0
1 3 4 2 2 3 3 2 2 7 31 16 14 35 10 3 8 1
4 4 4 1 1 3 1 8 2 7 31 16 14 35 15 6 15 1
1 4 4 5 2 3 1 3 2 7 22 16 14 5 10 6 4 1
5 4 6 4 2 3 1 11 2 7 31 16 19 6 15 1 3 0
1 4 5 1 1 5 1 6 2 7 31 16 14 35 15 6 15 1
4 4 5 6 1 1 3 9 5 7 31 17 6 9 5 1 2 0
5 3 5 1 1 3 1 8 2 7 30 16 19 6 10 6 11 0
5 4 3 2 1 5 1 8 2 7 31 16 19 6 10 4 15 0
1 4 4 5 1 5 1 12 2 7 31 16 14 35 15 2 4 1
4 4 3 6 1 1 1 7 2 7 31 16 14 35 15 4 15 0
3 4 5 4 1 3 1 8 2 7 31 16 14 35 15 6 15 1
4 3 5 3 1 4 2 11 2 7 30 16 19 6 12 6 11 0
5 4 4 4 1 1 1 10 2 7 31 16 19 6 10 1 15 0
4 2 5 2 2 4 3 8 2 7 31 16 14 35 10 6 11 0
5 4 6 3 1 2 1 8 2 7 31 16 14 35 15 6 15 0
4 4 5 2 1 2 1 9 2 7 31 16 19 6 10 4 15 0
1 4 3 6 1 4 1 2 2 7 31 16 14 35 15 6 15 1
5 3 4 4 1 4 1 9 2 7 31 16 19 6 10 6 15 1
3 3 2 5 1 4 1 8 2 7 30 16 19 6 10 6 11 0
1 2 4 4 2 5 3 9 5 7 31 17 6 9 5 6 11 1
4 3 4 1 3 2 1 8 2 7 31 16 14 35 15 6 4 1
4 3 2 6 1 1 2 8 2 7 30 16 14 6 12 6 11 0
4 3 5 5 1 3 3 11 2 7 31 16 14 35 10 1 4 1
4 4 6 5 1 3 1 8 2 7 31 16 14 35 15 4 15 1
5 4 2 3 2 1 1 8 2 7 31 16 14 35 15 4 15 1
4 2 3 6 1 2 1 8 2 7 30 16 19 6 10 6 11 0
5 4 5 3 1 1 1 8 2 7 31 16 19 6 10 6 15 0
3 3 5 4 1 5 3 8 2 7 31 16 14 35 10 1 4 1
3 3 5 5 1 5 1 8 2 7 32 16 19 6 15 6 11 0
2 4 4 3 1 3 1 8 2 7 31 16 14 35 10 6 11 0
3 1 5 1 1 2 2 9 2 7 30 16 19 6 12 6 11 1
4 3 5 4 1 1 3 10 5 7 31 17 6 9 5 3 11 0
5 3 5 6 1 1 1 9 2 7 31 16 19 6 10 1 3 0
1 3 2 2 1 5 1 10 2 7 31 16 14 35 15 4 15 1
3 2 4 4 1 5 1 9 2 7 31 16 14 35 15 6 15 1
4 4 4 1 1 2 1 8 2 7 31 16 19 6 10 4 15 0
1 4 6 5 1 5 3 6 2 7 34 16 14 35 10 3 8 1
3 4 5 5 1 3 1 8 2 7 31 16 14 35 15 6 15 1
4 4 5 1 1 4 1 9 2 7 31 16 14 21 15 6 11 0
2 3 5 6 2 4 1 8 2 7 31 16 14 35 15 6 4 1
1 4 6 4 1 5 3 11 2 7 31 16 14 35 10 4 15 1
3 3 5 5 1 4 1 9 2 7 31 16 14 35 15 6 15 0
4 3 2 4 1 1 1 8 2 7 31 16 14 35 15 2 4 0
3 3 4 1 1 1 1 8 2 7 32 16 14 5 10 6 11 1
5 3 3 1 1 1 1 10 2 7 31 16 19 6 15 6 15 0
1 2 4 5 1 4 4 8 5 7 24 17 6 9 4 1 2 1
2 1 5 5 2 2 3 9 2 7 31 16 14 35 10 1 4 1
5 4 2 4 2 1 1 8 2 7 31 16 19 6 10 1 3 0
5 4 3 3 1 2 1 8 2 7 31 16 19 6 10 6 7 1
5 3 3 6 2 2 1 8 2 7 31 16 19 6 15 1 3 0
4 2 4 1 1 2 1 9 2 7 30 16 19 6 10 6 11 0
5 4 4 4 2 1 1 9 2 7 31 16 19 6 10 4 11 0
4 3 5 5 1 2 1 9 2 7 31 16 14 35 15 6 15 1
5 3 4 3 1 1 1 11 2 7 31 16 19 6 10 4 15 0
4 4 5 1 1 3 2 9 2 7 30 16 19 6 12 6 11 0
2 2 4 4 1 1 3 8 5 7 23 14 22 11 7 6 11 1
4 2 2 5 1 5 1 9 2 7 31 16 14 35 15 4 15 1
3 3 3 2 1 2 1 8 2 7 31 16 14 35 15 4 15 0
2 1 4 3 1 1 3 9 2 7 31 16 14 35 10 2 4 0
3 2 5 1 2 4 4 8 7 7 31 9 16 37 4 1 3 1
4 4 6 1 1 3 2 8 2 7 30 16 19 6 12 6 11 0
4 4 5 2 1 3 1 9 2 7 31 16 14 35 15 4 15 0
5 4 6 6 1 3 1 8 2 7 31 16 19 6 10 6 11 0
5 4 3 3 1 1 1 11 2 7 31 16 19 6 10 6 7 0
5 1 5 6 1 4 1 8 2 7 31 16 19 6 15 6 7 0
5 3 6 6 1 1 4 8 5 7 31 17 6 9 5 1 3 0
5 3 2 5 2 2 1 8 2 7 31 16 19 6 15 1 3 0
5 3 5 1 1 5 3 10 5 7 30 18 20 10 5 1 3 0
5 2 6 6 1 1 3 8 5 7 32 18 20 39 9 1 3 0
1 3 5 5 1 4 1 9 2 7 31 16 14 35 15 6 15 1
2 4 3 2 1 3 1 9 2 7 31 16 14 35 15 4 15 1
2 2 5 4 1 5 3 8 5 7 31 17 6 9 5 3 11 1
4 2 2 1 2 4 2 8 2 7 32 16 19 6 12 6 11 1
3 4 4 1 1 4 2 9 2 7 30 16 19 6 12 6 11 0
5 4 5 6 1 4 1 11 2 4 32 7 15 27 15 6 11 0
3 3 3 5 1 1 1 7 2 7 31 16 19 6 10 1 3 1
5 4 3 4 1 2 1 9 2 7 31 16 19 6 15 6 15 0
5 1 6 4 1 3 1 8 2 7 31 16 19 6 15 4 11 0
5 4 4 2 1 2 1 8 2 7 31 16 19 6 10 6 15 0
2 2 5 4 1 1 4 11 5 7 24 17 6 9 4 6 11 1
4 2 2 4 1 1 1 8 2 7 32 16 14 5 10 6 11 1
4 4 3 6 2 2 1 8 2 7 31 16 19 6 10 1 3 1
3 1 5 5 1 2 4 9 2 7 31 16 19 6 11 4 15 1
5 2 4 3 2 2 3 8 5 7 30 18 20 10 5 1 3 0
5 4 4 6 1 1 1 8 5 7 32 10 5 48 9 1 3 0
2 3 5 2 2 2 1 9 2 7 31 16 14 35 15 4 15 1
3 3 4 4 1 3 3 8 5 7 31 17 6 9 5 6 11 1
5 3 2 5 1 2 1 8 2 7 31 16 19 6 15 1 3 0
4 4 2 4 1 1 1 8 2 7 31 16 14 35 15 6 15 0
2 4 5 3 1 2 3 9 5 7 31 17 6 9 5 1 15 1
5 2 2 5 2 5 1 8 2 7 32 16 14 5 10 1 3 0
2 4 5 3 1 1 1 8 2 7 31 16 14 35 15 6 4 1
2 3 2 4 1 1 1 9 2 7 31 16 14 35 15 6 15 1
5 4 4 1 1 1 1 8 2 7 31 16 19 6 15 6 15 0
5 4 6 4 1 1 1 8 2 7 31 16 14 35 15 4 15 1
5 4 5 4 1 3 1 8 2 7 31 16 19 6 15 6 15 0
4 4 5 1 1 2 2 9 2 7 30 16 19 6 12 6 11 0
5 2 5 2 1 1 2 8 5 7 30 18 20 39 9 1 3 0
3 4 3 2 1 2 3 8 2 7 31 16 14 35 10 6 11 0
4 4 4 4 1 1 1 11 2 7 31 16 19 6 10 1 15 1
4 4 4 2 1 1 1 8 2 7 31 16 14 35 15 4 15 0
4 4 4 4 1 2 1 8 2 7 31 16 14 35 15 1 4 1
4 3 5 3 1 5 1 11 2 7 31 16 14 35 15 6 15 0
2 3 4 3 1 2 4 12 5 7 1 17 6 9 5 4 15 1
4 4 4 1 1 5 1 8 2 7 31 16 14 35 10 6 11 0
3 4 6 2 1 4 1 8 2 7 31 16 14 35 15 6 15 0
3 2 3 3 1 2 4 8 2 7 24 16 14 35 11 3 5 0
2 4 4 3 1 5 3 2 2 7 1 16 14 35 16 4 15 1
5 4 3 1 1 5 1 8 2 7 31 16 19 6 10 1 3 0
5 4 3 3 1 2 1 8 2 7 31 16 19 6 10 4 11 0
1 1 3 2 1 4 4 10 2 7 24 16 14 35 11 4 15 1
4 4 3 2 1 2 1 7 2 7 31 16 14 35 15 6 15 0
5 4 3 2 1 1 1 8 2 7 31 16 19 6 10 6 7 0
4 2 3 6 1 2 3 8 2 7 31 16 14 35 10 6 11 1
3 4 5 4 1 2 1 9 2 7 31 16 14 35 15 4 15 0
4 2 5 4 1 5 4 9 5 7 31 17 6 9 7 6 7 0
2 2 2 3 1 1 1 9 2 7 31 16 14 35 15 6 15 1
2 1 2 3 1 2 1 10 2 7 31 16 14 35 15 4 15 1
4 3 6 3 1 1 1 9 2 7 31 16 19 6 10 6 15 0
5 2 5 3 1 4 1 10 2 7 31 16 19 6 15 1 3 0
5 1 5 3 1 1 1 8 2 7 31 16 19 6 15 1 3 1
5 2 4 2 2 1 1 8 2 7 31 16 19 6 15 1 3 0
5 4 4 1 1 2 1 8 2 7 31 16 19 6 10 4 15 0
2 3 6 4 2 5 1 8 2 7 31 16 14 35 15 3 9 1
3 4 4 6 1 4 1 7 2 7 31 16 19 6 10 6 7 1
4 2 5 6 2 3 3 10 2 7 31 16 14 35 10 1 4 1
4 4 2 6 1 4 1 8 2 7 31 16 14 35 15 4 15 0
5 4 5 1 1 1 1 9 2 7 31 16 14 35 15 6 15 0
1 4 5 3 1 3 1 2 2 7 31 16 14 35 10 6 2 1
4 4 5 4 1 3 1 8 2 7 31 16 14 35 15 4 15 0
2 2 5 6 1 5 1 9 2 7 31 16 14 35 15 6 7 1
3 4 5 5 1 3 3 2 2 3 13 2 10 4 13 1 3 1
3 3 3 2 2 1 1 8 2 7 31 16 14 35 15 4 15 1
5 3 5 4 1 4 1 8 2 7 31 16 19 6 10 4 15 1
5 4 5 6 1 3 1 8 2 7 31 16 14 21 15 6 11 0
4 3 5 6 1 1 1 8 2 7 31 16 14 35 15 6 15 1
2 4 4 5 2 2 1 9 2 7 31 16 14 35 15 6 15 1
5 3 2 2 1 1 1 8 2 7 31 16 14 21 15 6 15 0
2 4 5 3 2 1 1 10 2 7 31 16 14 35 15 6 15 1
2 2 4 4 1 1 3 9 2 7 31 16 14 35 10 6 11 0
1 2 3 3 1 1 3 8 5 7 31 17 6 9 5 6 11 1
4 3 5 4 1 2 1 9 2 7 31 16 14 35 15 6 15 1
4 3 5 6 1 4 1 8 2 7 31 16 19 6 10 4 15 0
5 4 5 5 1 4 1 8 2 7 31 16 19 6 10 4 15 1
4 1 3 3 1 2 1 7 2 7 31 16 19 6 10 4 15 1
3 3 5 1 1 1 3 8 2 7 31 16 14 35 10 4 15 1
2 4 2 6 2 3 1 8 2 7 31 16 14 35 15 6 4 1
5 4 5 1 1 2 2 10 2 7 30 16 19 6 12 6 11 0
4 4 4 4 1 3 1 9 2 7 31 16 19 6 10 4 15 1
2 3 4 3 1 3 1 11 2 7 31 16 14 35 15 4 15 1
2 2 4 4 1 5 1 8 2 7 31 16 14 35 10 6 11 1
5 4 5 5 1 1 1 8 2 7 31 16 14 29 15 6 15 0
2 3 5 2 2 2 3 9 2 7 31 16 14 35 10 6 11 0
4 3 3 6 1 2 1 9 2 7 31 16 14 35 10 6 11 1
4 4 6 5 1 5 1 8 2 7 31 16 14 35 15 6 15 0
5 4 4 4 2 2 1 8 2 7 31 16 19 6 10 7 15 1
1 1 5 5 2 5 3 9 2 7 31 16 14 35 10 4 15 1
4 2 4 1 1 1 1 8 2 7 31 16 14 35 15 6 15 0
5 2 2 1 1 4 3 11 5 7 30 18 20 39 9 1 3 0
5 3 5 2 1 1 1 10 2 7 31 16 19 6 15 1 3 0
5 4 5 5 1 1 1 10 2 7 31 16 14 21 15 6 7 0
3 4 5 1 1 3 2 8 2 7 30 16 19 6 12 6 11 0
3 4 2 6 1 2 1 8 2 7 31 16 14 35 15 6 15 1
5 2 5 6 1 1 3 8 5 7 31 17 6 9 5 1 2 0
4 4 4 1 1 2 1 9 2 7 31 16 14 21 15 6 11 0
3 4 2 4 1 3 1 8 2 7 31 16 14 35 15 1 3 1
5 3 6 6 1 2 1 10 2 7 31 16 19 6 15 1 3 0
2 3 5 4 1 1 3 2 2 7 1 16 14 35 16 1 3 1
2 3 2 4 2 4 3 11 5 7 31 17 6 9 5 6 11 1
2 4 5 4 1 5 1 11 2 7 31 16 14 35 15 6 4 1
4 4 3 3 1 1 1 9 2 7 31 16 14 35 15 6 15 0
5 4 4 5 1 1 1 8 2 7 31 16 14 35 15 6 15 0
3 4 4 1 1 2 1 9 2 7 31 16 14 35 10 6 11 0
3 4 4 2 1 4 1 8 2 7 31 16 14 35 15 6 4 1
2 1 2 5 1 4 4 8 5 7 33 17 6 9 7 2 4 0
5 2 4 5 2 3 1 10 2 7 31 16 19 6 15 1 3 1
5 2 4 5 2 1 1 8 2 7 31 16 14 35 15 3 9 0
5 2 6 4 1 3 4 10 2 7 31 16 19 6 10 1 3 0
4 4 6 6 1 1 1 9 2 4 32 7 15 27 15 6 11 0
4 3 5 3 1 2 1 8 2 7 31 16 14 35 15 3 9 1
4 4 5 3 1 3 1 8 2 7 31 16 19 6 10 1 3 1
3 3 4 5 1 2 3 8 2 7 31 16 14 35 10 6 11 1
3 2 3 5 1 2 3 8 5 7 31 17 6 9 5 6 11 1
5 3 5 6 1 2 1 8 2 7 31 16 14 35 15 2 4 0
5 4 4 4 2 4 1 2 2 7 31 16 19 6 10 7 15 1
2 3 5 6 1 5 4 9 5 3 37 4 21 21 7 3 9 1
5 3 5 5 1 1 1 11 2 7 31 16 19 6 10 6 15 0
4 4 5 1 1 2 1 9 2 7 31 16 14 35 15 6 15 0
2 4 4 5 2 5 1 12 2 7 31 16 14 35 15 3 9 1
5 4 5 1 1 1 1 8 2 7 31 16 19 6 15 1 3 0
5 2 4 1 2 5 3 10 5 7 32 18 20 10 5 6 11 0
2 4 4 3 2 5 1 9 2 7 31 16 14 35 15 6 15 1
5 3 3 4 2 4 1 10 2 7 31 16 14 35 15 6 4 0
5 4 3 3 1 5 1 8 2 7 31 16 19 6 10 4 11 0
5 4 6 1 2 1 1 10 2 4 30 7 15 27 15 1 3 0
5 4 2 4 1 2 1 10 2 7 31 16 19 6 15 6 7 0
5 3 3 4 1 3 1 8 2 7 31 16 19 6 10 4 11 0
5 3 3 4 1 1 1 11 2 7 31 16 19 6 15 6 15 0
4 2 5 6 1 2 1 9 2 7 31 16 19 6 10 6 7 0
5 3 3 3 1 1 1 10 2 7 31 16 14 35 15 6 15 0
3 4 5 5 1 4 3 3 2 3 13 2 10 4 13 1 3 1
4 4 3 6 1 1 3 8 2 7 31 16 14 35 10 6 11 0
4 4 4 6 1 2 1 9 2 7 31 16 19 6 10 1 3 1
4 1 2 5 1 2 1 9 2 7 31 16 19 6 15 1 3 0
5 4 5 4 1 3 1 10 2 7 31 16 14 21 15 6 11 0
4 3 2 4 1 5 1 8 2 7 31 16 14 35 15 6 15 0
4 4 5 5 1 3 1 8 2 7 31 16 14 35 15 6 15 0
5 3 3 6 1 3 1 8 2 7 32 7 15 36 10 1 3 0
5 4 2 6 1 1 1 8 2 4 32 7 15 27 15 1 3 0
5 3 5 2 1 5 2 10 2 7 30 16 19 6 12 6 11 0
5 3 4 3 1 4 1 8 2 7 31 16 19 6 10 4 11 0
5 1 5 2 1 5 3 11 5 7 30 18 20 10 5 1 3 0
4 4 2 2 1 5 1 8 2 7 31 16 14 35 15 6 15 1
2 4 4 4 1 2 1 2 2 7 31 16 14 35 15 6 15 1
3 3 5 2 1 2 1 9 2 7 31 16 14 35 15 6 15 1
5 4 2 2 1 4 1 8 2 7 31 16 19 6 10 4 11 0
5 4 4 5 1 4 1 8 2 7 31 16 19 6 15 6 7 0
4 4 5 5 1 5 2 10 2 7 30 16 19 6 12 6 11 0
5 2 6 6 1 5 1 11 2 7 31 16 19 6 15 1 3 0
5 4 6 2 1 1 1 8 2 7 31 16 19 6 10 6 15 0
1 3 5 6 1 4 1 8 2 7 31 16 14 35 15 6 15 1
3 2 4 2 2 5 1 8 2 7 31 16 14 35 15 6 4 0
2 2 2 3 1 2 1 8 2 7 31 16 14 35 15 6 15 1
2 3 3 4 1 3 1 9 2 7 31 16 14 35 15 4 15 1
5 2 2 4 2 4 4 8 2 7 31 16 19 6 11 1 3 0
4 4 5 2 1 5 1 8 2 7 31 16 19 6 10 1 3 1
1 3 5 2 1 2 1 3 2 7 31 16 14 35 15 7 15 1
4 4 4 3 2 1 1 8 2 7 31 16 14 35 10 3 11 0
3 4 3 1 1 5 3 7 2 7 31 16 14 35 10 6 11 0
4 3 5 6 2 2 3 10 2 7 31 16 14 35 10 1 4 1
5 1 5 2 1 2 1 8 2 7 31 16 19 6 15 1 3 0
3 4 3 2 1 4 1 8 2 7 31 16 14 35 15 6 15 0
3 4 5 3 2 5 1 8 2 7 31 16 14 35 15 6 15 0
4 4 3 2 1 3 1 9 2 7 31 16 14 35 15 6 15 0
4 3 5 6 1 2 1 9 2 7 31 16 14 35 15 1 3 1
1 1 5 4 1 4 1 8 2 7 22 16 14 5 10 6 4 1
3 2 6 1 1 2 2 9 2 7 30 16 19 6 12 6 11 0
5 3 3 2 1 5 1 8 2 4 32 7 15 27 15 6 11 0
5 1 5 3 1 1 1 8 2 7 31 16 14 35 15 4 15 0
3 2 4 6 1 3 1 7 2 7 31 16 19 6 10 6 7 1
1 1 3 5 2 5 1 8 2 7 31 16 14 35 15 3 5 1
3 2 5 2 1 4 3 11 5 7 23 14 22 11 7 6 11 1
5 3 4 2 2 3 1 8 2 7 31 16 14 35 15 6 15 0
2 2 3 5 1 4 3 2 2 7 31 16 14 35 10 6 11 1
2 2 4 5 1 2 3 8 5 7 23 14 22 11 7 6 11 1
2 2 2 4 1 2 1 9 2 7 31 16 14 35 15 4 15 1
2 4 4 3 1 4 1 7 2 7 22 16 14 5 10 6 15 1
3 3 4 5 1 4 1 8 2 7 31 16 14 35 15 6 15 1
3 3 3 6 1 4 1 9 2 7 31 16 14 35 15 6 15 0
4 4 5 5 1 2 1 8 2 7 31 16 14 35 15 6 15 0
3 3 5 3 2 5 1 9 2 7 31 16 14 35 15 6 15 1
2 3 3 4 2 3 1 8 2 7 31 16 14 35 15 1 3 0
5 2 4 2 2 2 1 8 2 7 31 16 14 35 15 6 15 0
2 2 5 2 1 1 3 9 5 7 31 17 6 9 5 6 15 1
5 2 5 5 1 4 1 8 2 7 31 16 19 6 10 4 15 1
5 4 4 4 1 2 1 8 2 7 31 16 19 6 15 6 15 0
5 3 5 1 1 2 1 8 2 7 31 16 19 6 10 4 15 1
5 3 6 4 1 3 1 8 2 7 31 16 14 29 15 4 15 0
5 1 1 1 1 2 2 8 2 7 32 16 19 6 12 6 11 0
5 2 6 6 2 2 1 8 2 7 31 16 19 6 15 1 3 0
5 3 1 5 1 1 1 8 2 7 31 16 14 29 10 6 15 0
5 4 5 3 1 3 1 8 5 7 32 18 20 28 9 6 11 0
5 2 4 6 1 2 1 8 2 7 31 16 19 6 15 1 3 0
5 3 2 6 2 4 1 8 2 7 31 16 19 6 10 1 3 0
2 4 3 5 1 3 1 9 2 7 31 16 14 35 15 6 15 1
4 3 4 1 1 3 3 9 2 7 31 16 14 35 10 6 11 0
4 3 5 5 1 4 2 8 5 7 30 18 20 39 9 6 7 0
1 4 4 3 2 5 1 9 2 7 31 16 14 35 15 6 15 1
3 3 3 3 1 2 1 8 2 7 31 16 19 6 10 4 15 1
3 1 4 4 1 5 3 9 5 3 18 4 14 21 15 3 11 1
2 2 3 4 1 5 3 8 5 7 31 17 6 9 5 3 12 0
4 2 4 6 1 5 1 13 2 7 31 16 19 6 10 4 15 1
5 3 5 1 1 2 1 8 2 7 30 16 19 6 10 6 11 0
4 4 4 4 1 2 1 8 2 7 31 16 14 35 15 6 15 1
4 2 4 6 1 2 1 9 2 7 31 16 14 35 15 1 4 0
2 3 3 3 1 2 3 10 2 7 31 16 14 35 10 6 11 1
1 1 6 4 2 5 3 9 5 7 23 14 22 11 7 6 11 1
1 2 5 5 2 5 1 7 2 7 31 16 14 35 15 6 15 1
3 1 3 3 1 5 1 9 2 7 31 16 14 35 15 6 15 1
5 4 4 5 1 1 1 8 2 7 31 16 19 6 10 6 15 0
5 1 1 3 2 3 1 10 2 7 31 16 19 6 15 1 3 0
2 4 6 5 1 1 1 8 2 7 31 16 14 35 15 6 15 1
3 3 3 5 1 3 3 8 5 7 31 17 6 9 5 6 4 1
4 2 2 2 2 1 1 9 2 7 31 16 14 35 15 6 15 1
5 4 5 3 1 2 1 8 2 7 31 16 19 6 10 1 3 1
4 4 3 6 1 4 1 10 2 7 31 16 19 6 10 1 3 1
2 3 2 2 2 2 1 9 2 7 31 16 14 35 15 7 15 1
3 4 3 6 1 2 1 9 2 7 31 16 14 35 15 6 15 0
4 4 5 3 1 5 1 10 2 7 31 16 19 6 10 4 11 1
3 1 4 3 2 3 1 8 2 7 31 16 14 35 15 6 15 1
4 2 6 5 1 1 1 8 2 7 31 16 14 35 15 6 15 1
2 3 5 5 1 2 1 8 2 7 31 16 14 35 15 1 3 1
1 2 4 5 1 4 3 2 2 7 31 16 14 35 10 6 11 1
5 2 4 3 2 5 1 8 2 7 31 16 19 6 15 1 3 0
2 3 2 4 1 4 1 9 2 7 31 16 14 35 15 4 15 1
3 3 4 3 2 3 4 11 2 7 31 16 14 35 11 4 15 1
4 4 4 1 1 4 1 7 2 7 31 16 14 35 15 6 15 0
2 4 6 5 1 3 1 9 2 7 31 16 14 35 15 6 15 1
4 4 3 2 1 3 1 8 2 7 31 16 19 6 10 4 15 1
4 4 3 1 1 5 1 10 2 7 31 16 14 21 15 6 11 0
5 1 4 6 2 1 1 2 2 7 31 7 13 34 10 1 3 0
5 4 2 5 1 1 1 8 2 7 31 16 19 6 10 1 3 0
5 3 6 1 1 1 2 8 2 7 30 16 19 6 12 6 11 0
5 4 6 3 1 3 1 8 2 7 31 16 19 6 10 1 3 1
4 4 3 6 1 2 1 7 2 7 31 16 19 6 10 6 7 1
5 4 4 4 1 1 1 7 2 7 31 16 19 6 15 6 15 0
3 3 2 3 1 4 1 7 2 7 31 16 19 6 10 4 15 1
2 2 4 2 1 5 4 9 5 7 31 17 6 9 7 3 5 1
4 2 2 2 1 1 3 8 5 7 31 17 6 9 5 6 11 1
5 4 3 4 1 2 2 9 5 7 30 18 20 39 9 6 7 0
5 4 4 1 1 2 1 8 2 7 31 16 14 35 15 6 15 0
2 4 6 6 1 3 1 8 2 7 31 16 14 35 15 4 15 1
5 2 4 6 1 1 1 10 2 7 32 7 15 36 15 1 3 0
4 4 5 5 1 2 1 8 2 7 31 16 19 6 10 1 3 1
1 2 6 1 1 4 4 8 5 3 8 4 21 21 7 6 15 1
3 2 3 6 1 4 1 9 2 7 31 16 19 6 10 1 3 1
5 3 4 2 1 5 1 7 2 7 31 16 19 6 10 4 15 0
3 2 4 3 2 2 1 9 2 7 31 16 14 35 15 6 15 1
3 4 5 6 1 4 1 8 2 7 31 16 14 35 15 4 15 1
3 4 4 2 1 3 2 8 2 7 30 16 19 6 12 6 11 0
5 4 3 1 1 1 1 10 2 7 31 16 19 6 15 6 15 1
3 2 6 3 1 2 3 8 2 7 31 16 14 35 10 6 11 1
4 4 6 3 1 2 1 8 2 7 31 16 14 35 15 4 15 0
1 2 4 5 2 5 4 2 5 3 8 4 21 21 7 6 15 1
1 3 5 3 1 4 1 8 3 4 18 8 28 21 15 6 15 0
5 4 4 1 1 1 1 8 2 7 31 16 19 6 15 6 7 0
3 2 5 2 1 2 1 9 2 7 31 16 14 35 15 6 15 1
5 4 4 4 1 1 1 10 2 7 31 16 19 6 15 6 15 0
5 4 2 6 1 2 1 8 2 7 31 16 19 6 15 6 7 0
1 2 2 5 2 2 1 9 2 7 31 16 14 35 15 6 15 1
2 4 4 1 1 3 1 8 2 7 31 16 14 35 10 6 11 1
5 4 4 4 1 1 1 8 2 7 31 16 19 6 10 6 15 0
5 4 2 1 1 1 1 8 2 7 31 16 14 21 15 6 15 0
5 4 3 1 1 5 1 10 2 7 32 16 19 6 15 1 3 0
4 4 4 6 1 2 1 9 2 7 31 16 19 6 10 6 15 0
3 4 5 3 1 1 1 9 2 7 31 16 14 35 10 6 2 1
3 3 4 1 1 4 1 9 2 7 31 16 14 35 15 6 15 1
5 4 5 2 1 2 1 8 2 7 31 16 14 29 10 6 15 0
3 2 4 5 1 3 1 8 2 7 31 16 14 35 15 4 15 1
5 1 4 2 1 1 3 8 5 7 30 18 20 10 5 1 3 0
5 4 5 4 2 1 1 8 2 7 31 16 19 6 15 4 11 0
4 4 3 5 1 2 1 8 2 7 31 16 14 35 15 6 15 1
3 4 5 6 2 3 3 9 2 3 13 2 10 4 13 1 3 1
5 4 5 3 1 2 1 8 2 7 30 16 19 6 10 6 11 0
3 4 3 6 1 3 1 9 2 7 31 16 14 35 15 4 15 1
3 4 5 5 1 3 1 8 2 7 31 16 14 21 15 6 11 0
4 4 3 5 1 4 1 10 2 7 31 16 19 6 10 4 15 0
3 3 4 5 1 1 1 9 2 7 31 16 14 35 15 6 15 1
5 1 3 5 1 3 1 2 2 7 31 16 19 6 10 4 11 1
2 4 3 2 1 4 1 9 2 7 31 16 14 35 15 6 15 1
5 1 4 4 2 2 1 8 2 7 31 16 19 6 10 3 9 0
1 4 5 4 2 4 1 8 2 7 31 16 14 35 15 3 9 1
3 2 4 6 1 2 3 9 2 7 31 16 14 35 10 6 11 1
5 1 5 6 1 5 3 8 5 7 30 18 20 10 5 1 3 0
4 4 2 3 1 4 1 11 2 7 31 16 19 6 10 4 11 0
5 3 5 6 2 1 1 8 2 7 31 16 19 6 15 1 3 0
5 3 6 2 1 1 3 8 5 7 30 18 20 10 5 1 3 0
5 1 4 6 1 3 1 8 2 7 30 16 19 6 10 6 11 0
1 4 4 2 1 4 1 12 2 7 31 16 14 35 15 4 15 1
5 2 2 5 1 1 1 8 2 7 31 16 14 35 15 1 4 0
3 2 6 2 1 1 1 8 2 7 31 16 14 35 15 6 15 1
5 3 6 2 1 1 1 8 2 7 31 7 13 34 10 6 15 0
4 1 5 5 1 3 1 8 2 7 31 16 19 6 10 1 3 1
2 2 3 6 2 4 1 10 2 7 31 16 19 6 15 1 3 1
5 4 4 2 1 2 1 8 2 7 31 16 19 6 15 6 15 0
2 3 2 4 1 5 1 9 2 7 31 16 14 35 15 6 7 1
2 2 3 5 1 4 1 9 2 7 31 16 14 35 15 6 15 1
3 3 6 2 1 3 3 9 2 7 31 16 14 35 10 6 11 0
2 2 5 1 1 1 3 10 2 7 31 16 14 35 10 6 15 1
1 1 4 3 1 2 1 10 2 7 31 16 14 35 15 3 5 1
4 3 6 1 1 1 1 8 2 7 31 16 14 35 15 6 15 0
3 4 4 4 1 2 1 7 2 7 31 16 19 6 10 4 11 1
5 1 1 6 1 1 1 8 2 7 32 7 15 36 15 1 3 0
5 4 3 4 1 3 1 10 2 7 31 16 19 6 10 6 7 0
4 2 4 6 2 1 1 8 2 7 31 16 14 35 15 1 4 0
3 1 2 6 1 1 1 9 2 7 31 16 14 35 15 1 3 1
4 3 2 4 1 3 1 8 2 7 31 16 19 6 10 4 11 0
5 4 4 2 1 4 1 10 2 7 31 16 14 21 15 6 11 0
3 3 4 4 2 4 4 8 5 7 24 17 6 9 4 6 11 0
2 2 4 5 1 4 1 12 2 7 32 16 14 5 10 6 11 0
2 2 5 6 1 4 3 2 5 3 18 4 14 21 15 6 7 1
4 2 6 6 1 4 3 11 2 7 31 16 14 35 10 6 11 1
1 3 4 5 1 5 1 8 2 7 31 16 14 35 15 6 15 1
5 2 6 1 1 1 3 8 5 7 30 18 20 39 9 1 3 0
2 3 5 5 1 3 1 8 2 7 31 16 14 35 15 6 15 1
1 2 3 4 1 4 1 8 2 7 22 16 14 5 10 6 4 1
3 4 6 5 1 5 1 9 2 7 31 16 14 35 15 1 3 0
3 4 2 6 1 4 1 8 2 7 31 16 14 35 15 2 4 0
2 3 3 2 1 3 1 7 2 7 31 16 14 35 15 4 15 1
3 3 2 2 1 1 3 8 2 7 31 16 14 35 10 4 15 1
4 3 5 4 1 4 1 8 2 7 31 16 14 35 15 3 9 0
4 2 5 6 1 3 1 9 2 7 31 16 19 6 10 6 7 1
5 3 5 1 1 1 1 8 2 7 31 16 14 29 15 6 15 0
4 4 3 2 1 3 2 10 2 7 30 16 19 6 12 6 11 0
4 3 2 1 1 2 2 8 2 7 30 16 14 6 12 6 11 0
4 4 3 6 1 2 1 7 2 7 31 16 14 35 15 4 15 0
3 4 5 4 1 1 1 9 2 7 31 16 14 35 15 4 15 1
4 1 2 2 1 2 1 9 2 7 31 16 14 35 15 6 15 0
3 4 4 2 1 3 1 8 2 7 31 16 14 35 15 6 15 1
4 4 4 1 1 2 1 8 2 7 31 16 14 35 15 6 4 0
3 1 6 4 2 4 1 8 2 7 31 16 14 21 15 6 11 0
5 3 4 6 1 1 1 8 2 7 31 16 14 35 15 2 4 0
5 4 4 5 1 1 1 8 2 7 31 16 19 6 10 4 11 0
2 1 5 5 1 3 1 10 2 7 31 16 14 35 15 4 15 1
1 1 5 3 2 2 3 10 5 7 31 17 6 9 5 6 11 1
5 4 4 5 1 2 1 9 2 7 31 16 19 6 10 6 11 0
4 3 5 2 1 1 1 8 2 7 31 16 14 35 15 3 9 1
3 2 5 1 1 3 2 8 2 7 30 16 14 6 12 1 3 1
3 4 5 6 1 4 1 9 2 7 31 16 19 6 10 6 7 1
5 4 4 5 1 1 1 8 2 7 31 16 19 6 10 6 15 1
4 2 6 1 3 5 1 10 2 7 31 16 14 35 15 6 4 1
5 1 4 4 1 1 1 8 2 7 31 7 13 34 15 6 15 0
5 4 3 1 1 1 1 7 2 7 31 16 14 35 15 6 15 0
5 4 6 1 1 1 1 8 2 7 31 16 19 6 10 6 15 0
5 3 4 3 1 1 1 8 2 7 31 16 14 29 10 2 4 0
4 4 5 1 1 3 2 11 2 7 30 16 19 6 12 6 11 0
5 3 5 6 2 2 1 8 2 7 31 16 19 6 10 1 3 0
4 4 6 4 1 3 1 11 2 7 31 16 19 6 10 1 3 1
5 2 4 1 1 3 1 9 2 7 31 16 19 6 10 4 15 0
5 3 5 3 1 1 1 8 2 7 31 16 19 6 15 6 15 0
5 4 4 3 2 3 1 9 2 7 31 16 19 6 10 4 11 0
3 3 5 3 1 1 1 8 2 7 31 16 19 6 10 4 15 0
4 4 5 3 1 3 1 9 2 7 31 16 14 35 15 4 15 0
3 3 4 2 1 3 1 8 2 7 32 16 14 5 10 6 11 0
3 4 4 6 1 3 1 8 2 7 31 16 19 6 10 6 7 1
1 3 6 3 2 2 3 13 2 7 31 16 14 35 10 6 11 0
5 3 4 6 1 5 1 11 2 7 32 7 15 36 15 1 3 0
5 4 4 3 1 4 1 10 5 7 30 18 20 10 5 1 3 0
4 2 2 4 1 3 1 8 2 7 31 16 19 6 10 4 11 0
5 2 4 4 3 3 1 10 2 7 31 16 19 6 10 1 3 0
4 3 5 4 1 4 1 9 2 7 31 16 19 6 10 1 3 1
3 2 2 2 1 1 1 9 2 7 31 16 14 35 15 4 15 1
3 4 6 3 1 1 3 10 2 7 31 16 14 35 10 4 15 1
3 3 3 1 1 5 2 8 2 7 30 16 19 6 12 6 11 0
3 1 5 2 1 5 1 9 2 7 31 16 14 35 15 4 15 1
2 2 6 4 1 3 1 9 2 7 31 16 14 35 15 4 15 1
2 2 6 3 1 2 3 8 5 7 31 17 6 9 5 3 12 0
4 3 5 2 2 2 1 8 2 7 31 16 14 35 15 4 15 0
3 2 5 4 2 5 1 8 2 7 31 16 14 35 15 6 15 1
5 3 6 2 2 1 1 11 2 7 32 7 15 36 15 1 3 0
5 3 5 6 1 1 1 8 2 7 32 7 15 36 15 1 3 0
4 1 5 2 1 5 1 9 2 7 31 16 14 35 15 4 15 1
4 4 4 1 1 2 4 8 2 7 31 16 14 35 11 4 15 1
4 2 5 3 2 1 1 9 2 7 31 16 14 35 15 6 15 1
4 4 4 6 1 1 1 9 2 7 31 16 19 6 10 1 3 1
5 4 4 6 1 3 1 8 2 7 31 16 14 35 15 1 4 1
4 4 4 4 1 4 1 11 2 7 31 16 14 35 15 6 15 0
5 1 4 6 1 1 1 8 2 7 31 16 19 6 15 1 3 1
4 4 2 6 1 1 1 8 2 7 31 16 14 35 10 6 11 0
2 2 5 5 1 1 1 9 2 7 31 16 14 35 15 4 15 1
5 3 2 1 1 3 1 8 2 7 31 16 19 6 10 6 7 0
3 3 4 1 1 2 1 8 2 7 32 16 14 5 10 6 11 1
2 4 3 3 2 4 1 9 2 7 31 16 14 35 15 4 15 0
5 4 4 6 1 4 1 8 2 7 31 16 19 6 10 1 3 0
5 4 5 4 1 1 1 8 2 7 31 16 19 6 10 4 11 0
5 3 3 5 1 2 1 8 2 7 31 16 19 6 10 4 15 0
5 4 4 3 1 1 1 15 2 7 31 16 19 6 15 6 15 0
5 3 4 1 1 5 1 9 2 7 31 16 14 35 15 4 15 0
4 4 5 6 1 1 1 9 2 7 31 16 19 6 10 6 7 0
4 3 4 6 1 4 1 10 2 7 31 16 14 21 15 6 11 0
3 2 4 3 1 2 1 8 2 7 32 16 14 5 10 6 11 1
5 4 6 1 1 3 1 8 2 7 31 16 19 6 10 6 15 0
4 4 3 5 1 1 1 7 2 7 31 16 14 35 15 4 15 0
2 4 4 5 1 5 1 10 2 7 31 16 14 35 15 6 15 1
5 3 3 4 2 2 1 10 2 7 31 16 14 35 15 4 15 0
5 3 5 1 1 2 1 10 2 7 31 16 14 29 15 4 15 0
1 2 4 3 1 4 3 12 2 7 1 16 14 35 16 4 15 1
2 3 5 6 1 3 3 9 2 3 13 2 10 4 13 1 3 1
5 4 4 2 1 3 1 8 2 7 31 16 14 35 15 6 15 1
5 2 5 6 1 3 4 10 5 7 33 17 6 9 7 1 15 0
5 3 5 5 1 2 1 8 2 7 31 16 19 6 10 6 15 0
4 4 5 3 1 3 1 8 2 7 31 16 14 35 15 2 4 0
2 3 4 6 1 5 1 2 2 7 31 16 14 35 15 6 15 1
4 4 5 1 1 5 1 9 2 7 31 16 14 21 15 6 15 1
2 2 4 3 2 3 1 7 2 7 31 16 14 35 15 4 15 1
3 1 3 5 1 2 1 9 2 7 31 16 14 35 15 1 3 1
5 4 4 6 1 2 1 8 2 7 31 16 19 6 15 1 3 0
4 3 3 6 1 3 1 9 2 7 31 16 19 6 10 1 3 1
4 4 2 6 1 2 2 8 2 7 30 16 19 6 12 6 11 0
5 4 5 5 1 2 1 8 2 7 31 16 19 6 15 6 15 0
3 2 5 1 1 1 3 8 2 7 31 16 14 35 10 6 11 1
4 2 4 1 1 3 2 8 2 7 30 16 19 6 12 6 11 0
3 2 4 6 1 1 4 9 2 7 24 16 14 35 11 2 4 0
5 4 5 2 1 2 1 8 2 7 31 16 14 29 10 2 4 0
5 1 4 2 1 2 1 8 2 7 31 16 14 35 15 6 15 0
5 2 1 1 1 1 1 8 2 7 31 16 19 6 15 1 3 0
5 3 4 3 1 5 1 10 2 7 31 16 19 6 15 4 11 1
5 4 4 2 1 1 1 8 2 7 31 16 14 35 15 6 15 0
2 3 3 4 2 4 3 8 2 7 31 16 14 35 10 2 4 0
2 3 3 3 1 3 1 10 2 7 31 16 14 35 15 4 15 1
4 4 6 4 2 1 1 8 2 7 31 16 14 35 15 6 15 1
5 4 6 3 1 2 1 8 5 7 32 18 20 28 9 6 11 0
5 2 1 4 2 1 1 10 2 7 31 16 19 6 15 1 15 0
4 1 4 2 1 3 1 9 2 7 31 16 19 6 10 4 15 0
4 3 5 5 2 1 1 8 2 7 31 16 14 35 15 6 15 0
5 3 3 6 1 1 1 8 2 4 32 7 15 27 15 1 3 0
4 2 4 3 2 3 1 8 2 7 31 16 19 6 15 1 15 0
1 3 5 6 2 5 1 4 2 7 31 16 14 21 15 6 15 1
2 2 4 5 1 3 1 8 2 7 31 16 14 35 15 6 15 1
2 2 5 4 1 1 3 8 2 7 33 16 14 35 10 2 4 0
1 1 5 3 1 1 3 2 2 7 31 16 14 35 10 6 2 1
3 4 3 4 1 1 3 11 2 7 31 16 14 35 10 6 11 1
2 4 3 3 1 4 1 9 2 7 31 16 14 35 15 4 15 1
3 4 4 1 1 2 1 8 2 7 31 16 14 35 10 6 11 0
3 4 6 1 1 3 2 8 2 7 30 16 19 6 12 6 11 0
5 3 4 3 1 2 3 8 5 7 32 18 20 10 5 6 11 0
4 2 4 5 1 5 1 8 2 7 31 16 19 6 10 4 15 0
3 2 4 2 1 2 3 8 5 7 31 17 6 9 5 6 11 1
4 1 2 6 1 5 2 9 2 7 30 16 14 6 12 6 11 0
1 1 5 2 1 3 1 2 5 7 18 17 6 23 3 6 11 1
5 3 5 3 1 2 1 11 2 7 31 16 14 35 15 4 15 0
4 4 4 1 1 2 2 8 2 7 30 16 19 6 12 6 11 0
3 4 5 4 2 1 1 8 2 7 31 16 19 6 10 4 11 1
5 4 5 2 2 2 1 11 2 7 31 16 14 35 15 6 4 1
3 4 5 6 1 3 1 9 2 7 31 16 19 6 10 1 3 1
2 4 5 3 1 2 1 8 2 7 22 16 14 5 10 6 4 1
3 2 5 4 1 1 3 8 5 7 31 17 6 9 5 6 11 1
3 2 5 1 1 3 1 9 2 7 31 16 19 6 15 6 15 0
5 4 3 5 1 3 1 9 2 7 31 16 14 35 15 6 15 0
5 4 5 4 1 1 1 10 2 7 31 16 14 29 15 6 15 1
5 4 5 6 1 2 1 9 2 7 31 16 19 6 15 6 7 0
2 3 2 4 1 4 1 9 2 7 31 16 14 35 15 4 15 1
3 4 5 1 1 2 3 9 2 7 31 16 14 35 10 4 15 1
5 4 6 6 1 3 1 8 2 7 31 16 14 35 15 4 15 0
5 1 2 1 1 5 3 8 5 7 30 18 20 10 5 1 3 0
5 4 4 6 1 1 1 8 2 4 32 7 15 27 15 1 3 0
4 4 4 3 2 1 1 9 2 7 22 16 14 5 10 6 4 1
2 2 5 3 1 1 3 11 2 7 31 16 14 35 10 4 15 1
1 3 4 3 1 4 1 12 2 7 31 16 14 35 15 4 15 1
4 3 6 1 1 3 1 8 2 7 31 16 14 35 10 6 11 0
2 3 5 4 2 5 1 8 2 7 31 16 14 35 15 6 4 1
4 2 6 4 2 5 3 10 2 7 31 16 14 35 10 1 6 1
3 3 5 3 2 5 1 9 2 7 31 16 14 35 15 6 15 1
5 1 5 2 1 2 1 9 2 7 31 16 19 6 10 6 15 0
5 4 5 6 1 3 1 8 2 7 31 16 19 6 15 1 3 1
5 4 4 4 1 1 1 8 2 7 31 16 14 29 15 2 4 0
3 2 4 4 1 2 1 7 2 7 31 16 19 6 10 4 11 1
2 2 6 3 1 4 3 8 5 7 31 17 6 9 5 6 11 1
2 4 6 2 1 2 1 8 2 7 31 16 14 35 10 6 11 0
2 3 2 4 1 3 1 8 2 7 31 16 14 35 15 1 3 1
5 4 2 2 1 2 1 8 2 7 31 16 14 21 15 6 15 0
5 2 4 4 1 1 3 8 5 7 30 18 20 10 5 1 3 0
3 1 5 6 1 4 1 9 2 7 31 16 19 6 15 1 3 1
2 3 5 2 1 1 1 9 2 7 22 16 14 5 10 6 15 1
4 4 6 2 1 2 1 8 2 7 31 16 19 6 10 6 15 0
3 2 2 5 1 2 3 8 2 7 31 16 14 35 10 6 11 1
3 2 6 4 1 2 1 9 2 7 31 16 14 35 15 1 3 1
5 3 3 1 1 1 1 8 2 7 31 16 14 29 15 6 15 0
4 4 5 1 1 1 1 8 2 7 30 16 19 6 10 6 11 0
4 4 2 3 1 1 1 9 2 7 31 16 19 6 10 4 15 0
5 4 5 1 1 4 1 8 2 7 31 16 14 21 15 6 11 0
5 4 3 2 2 4 1 8 2 7 31 16 19 6 10 4 15 0
4 1 5 2 1 3 1 8 2 7 32 16 14 5 10 6 11 0
1 2 5 4 2 2 1 9 2 7 31 16 14 35 15 1 6 1
5 2 6 3 1 1 1 10 2 7 31 16 14 29 15 6 15 0
3 4 4 3 1 2 1 9 2 7 31 16 14 35 15 4 15 0
2 4 3 3 1 2 1 9 2 7 31 16 14 35 15 3 9 1
3 2 5 5 2 5 1 9 2 7 31 16 14 35 15 6 15 1
5 3 2 1 1 5 3 10 5 7 30 18 20 39 9 1 3 0
4 4 5 2 1 2 1 8 2 7 31 16 14 35 15 6 15 0
3 4 4 3 1 5 1 9 2 7 31 16 14 35 15 6 15 1
1 1 5 1 1 3 1 8 2 7 31 16 14 35 15 6 15 1
1 3 3 3 1 3 1 9 2 7 31 16 14 35 15 6 15 1
5 4 3 4 1 1 1 8 2 7 31 16 14 21 15 6 15 0
2 3 5 2 1 5 1 10 2 7 31 16 14 35 15 6 15 0
4 3 5 4 1 1 1 9 2 7 31 16 14 35 15 6 15 0
3 1 5 2 1 4 1 9 2 7 31 16 14 35 15 6 15 1
4 2 5 2 1 1 1 8 2 7 31 16 14 35 15 3 9 1
3 3 5 5 2 2 1 7 2 7 31 16 14 35 15 3 5 0
2 1 4 5 1 2 1 2 2 7 31 16 14 35 15 6 15 1
4 4 4 1 2 2 1 8 5 7 32 18 20 28 9 6 11 0
1 3 2 3 1 1 1 9 2 7 31 16 14 35 10 6 2 1
1 4 4 2 1 1 1 12 2 7 31 16 14 35 15 4 15 1
5 4 3 1 1 2 1 9 2 7 31 16 14 35 15 6 15 0
5 3 4 6 1 3 1 8 2 7 31 16 19 6 15 1 3 0
4 4 4 3 2 4 1 8 2 7 31 16 19 6 15 4 15 0
4 3 4 5 1 4 1 8 2 7 31 16 19 6 10 6 7 0
1 4 5 4 1 5 3 8 2 7 34 16 14 35 10 3 8 1
4 4 5 5 1 3 3 8 2 7 31 16 14 35 10 1 4 0
5 4 4 2 1 1 1 7 2 7 31 16 14 35 15 6 15 0
4 4 6 6 1 4 1 8 2 7 31 16 19 6 10 1 3 1
5 4 3 6 1 2 1 8 2 7 31 16 19 6 10 6 7 0
5 3 2 6 2 5 1 8 2 7 32 16 19 6 15 1 3 0
1 2 5 4 1 2 1 8 2 7 31 16 14 35 15 6 15 1
3 2 3 5 1 1 1 7 2 7 31 16 19 6 10 1 3 1
4 1 5 3 1 2 1 8 2 7 30 16 19 6 10 6 11 0
1 3 6 3 2 5 1 9 2 7 31 16 14 35 15 6 15 1
2 3 4 2 1 2 3 8 2 7 31 16 14 35 10 6 11 1
2 4 5 2 1 3 1 8 2 7 31 16 14 35 10 6 11 0
4 4 3 2 1 1 1 8 2 7 31 16 14 35 15 4 15 1
2 3 2 4 1 3 1 9 2 7 31 16 14 35 15 4 15 1
3 2 5 5 1 2 3 9 5 7 31 17 6 9 5 6 15 1
2 3 6 5 2 3 1 8 2 7 31 16 19 6 15 4 11 1
3 4 4 6 1 3 1 8 2 7 31 16 14 35 15 1 3 0
3 4 6 2 1 4 3 8 2 7 31 16 14 35 10 6 15 0
5 4 2 1 1 3 1 8 2 7 31 16 14 29 15 6 15 0
3 3 4 4 2 4 4 9 5 7 34 17 6 9 7 3 5 0
5 3 6 5 2 1 1 8 2 7 31 16 19 6 15 4 15 0
4 1 5 3 1 1 4 8 5 7 31 17 6 9 7 3 5 1
4 3 6 1 1 3 1 8 5 7 32 18 20 28 9 6 11 0
5 2 5 2 2 1 1 8 2 7 31 16 14 35 15 6 15 0
2 1 4 2 1 3 3 9 2 3 13 2 10 4 13 6 15 0
4 3 4 1 2 4 2 9 2 7 30 16 19 6 12 6 11 0
4 2 3 6 1 5 1 9 2 7 31 16 14 35 15 1 3 1
2 4 4 4 1 5 1 7 2 7 31 16 14 35 15 3 5 0
5 4 3 3 1 1 1 11 2 7 31 16 19 6 10 6 15 0
5 4 4 1 1 4 2 11 2 7 32 16 19 6 12 6 11 0
5 4 3 4 1 1 1 8 2 7 31 16 14 35 15 6 15 0
3 4 5 5 2 5 1 8 2 7 31 16 14 35 15 3 9 1
4 2 4 5 2 4 4 8 5 7 34 17 6 9 7 3 5 0
4 3 2 6 1 4 4 8 5 7 31 17 6 9 5 6 11 0
2 4 6 6 1 2 1 8 2 7 31 16 14 35 15 4 15 1
5 2 3 6 1 1 1 8 2 7 31 16 19 6 15 4 11 0
4 4 3 4 1 3 1 8 2 7 31 16 14 35 15 4 15 0
4 1 5 1 1 1 1 9 2 7 31 16 14 35 15 6 15 0
4 4 6 1 1 1 2 8 2 7 30 16 19 6 12 6 11 0
5 4 4 5 1 1 1 8 2 7 31 16 19 6 10 1 3 1
1 3 5 4 1 5 3 8 5 7 23 14 22 11 7 6 11 1
4 1 4 5 1 5 1 9 2 7 31 16 19 6 10 4 11 0
2 2 3 4 2 2 3 11 5 7 31 17 6 9 5 6 11 1
4 4 3 6 1 1 1 9 2 7 31 16 19 6 10 1 3 0
3 1 2 4 1 4 1 9 2 7 31 16 19 6 10 1 3 1
1 2 6 4 2 3 1 8 2 7 31 16 14 35 15 6 15 1
4 1 5 3 1 2 3 9 2 7 31 16 14 35 10 6 15 0
5 1 3 1 1 1 1 8 2 7 30 16 19 6 10 6 11 0
5 4 4 6 1 4 1 8 2 7 31 16 19 6 10 6 11 1
3 3 5 2 1 1 1 9 2 7 31 16 14 35 15 4 15 1
4 2 4 3 2 5 2 8 2 7 30 16 19 6 12 6 11 0
3 2 3 3 1 3 3 8 2 7 31 16 14 35 10 6 11 1
5 3 2 1 1 3 1 11 2 7 31 16 19 6 15 6 15 0
5 4 3 1 1 2 2 8 2 7 30 16 19 6 12 6 11 0
3 2 5 3 2 5 1 9 2 7 31 16 14 35 15 3 9 1
3 4 6 3 1 4 1 8 2 7 31 16 14 35 15 6 15 0
4 4 5 6 1 3 1 8 2 7 31 16 19 6 10 6 11 0
2 4 4 6 1 2 1 9 2 7 31 16 14 35 10 6 11 1
1 2 5 4 1 5 4 7 2 7 24 16 14 35 11 3 12 0
3 2 1 5 1 2 3 8 2 7 31 16 14 35 10 6 11 1
3 3 2 2 2 5 1 9 2 7 31 16 14 35 15 6 15 0
5 4 4 5 1 3 1 11 2 7 31 16 19 6 10 1 3 1
3 1 6 3 1 3 3 8 5 7 31 17 6 9 5 6 11 0
5 4 5 4 1 2 1 8 2 7 31 16 19 6 10 6 15 0
4 1 5 4 1 5 1 8 2 7 31 16 19 6 15 6 11 1
5 4 3 2 1 2 1 11 2 4 30 7 15 27 15 1 3 0
3 3 5 6 1 4 1 7 2 7 31 16 14 35 15 6 7 1
5 4 4 2 1 2 1 8 2 7 31 16 19 6 10 4 15 0
5 3 5 5 1 3 1 8 2 7 31 16 19 6 10 1 3 0
5 3 4 1 1 4 1 8 2 7 32 16 14 5 10 6 11 0
3 4 6 6 1 5 1 9 2 7 31 16 19 6 10 6 7 1
5 4 2 2 1 1 1 9 2 7 31 16 14 21 15 6 15 1
2 2 4 5 1 2 3 8 5 7 23 14 22 11 7 6 11 0
1 2 4 4 2 4 1 7 2 7 31 16 14 35 15 3 9 1
2 3 3 6 1 3 1 9 2 7 31 16 14 35 15 1 3 1
5 4 5 1 1 2 1 10 2 7 31 16 19 6 15 6 15 0
4 1 3 4 1 5 1 9 2 7 31 16 19 6 10 4 15 1
3 3 3 1 1 3 1 9 2 7 31 16 14 35 15 4 15 0
4 4 3 6 2 3 1 9 2 7 31 16 19 6 10 1 3 1
3 3 3 4 1 5 4 8 5 7 24 17 6 9 4 6 11 1
5 4 4 5 2 2 1 8 2 7 31 16 19 6 15 1 3 0
5 4 6 5 2 1 1 8 2 7 31 16 19 6 15 1 3 0
5 4 5 1 1 1 1 8 2 7 31 16 19 6 10 4 15 0
2 3 3 3 2 3 1 7 2 7 31 16 14 35 15 4 15 0
4 4 6 2 1 3 1 8 2 7 31 16 19 6 10 4 15 0
3 1 3 6 1 4 1 9 2 7 31 16 19 6 15 1 3 1
5 2 5 1 1 5 3 11 5 7 32 18 20 39 9 6 11 0
5 4 4 1 1 3 1 11 2 7 31 16 19 6 10 4 15 0
5 3 4 3 1 3 1 8 2 7 31 16 19 6 15 6 15 0
4 3 4 2 1 3 2 10 2 7 30 16 19 6 12 6 11 0
5 4 6 4 1 4 1 8 2 7 31 16 19 6 10 6 15 1
3 4 4 3 1 3 1 10 2 7 31 16 19 6 10 4 11 1
4 4 6 5 1 2 1 8 2 7 31 16 14 35 15 6 15 1
5 1 3 5 1 1 4 8 2 7 31 16 19 6 11 1 3 0
5 4 5 5 2 1 2 10 2 7 30 16 19 6 12 1 3 0
3 4 4 3 1 4 1 7 2 7 22 16 14 5 10 6 15 1
2 1 3 3 1 4 1 7 2 7 31 16 14 35 15 4 15 1
5 4 5 6 1 1 3 8 5 7 30 18 20 10 5 6 7 0
4 4 4 5 1 1 1 8 2 7 31 16 14 35 15 6 15 1
2 2 5 6 1 3 1 9 2 7 31 16 19 6 10 6 7 1
5 4 5 1 1 3 2 8 2 7 30 16 19 6 12 6 11 0
3 1 2 3 1 1 1 9 2 7 31 16 14 35 15 4 15 1
5 2 4 5 1 1 3 8 5 7 30 18 20 39 9 1 3 0
4 4 3 4 1 4 1 9 2 7 31 16 19 6 10 6 11 0
2 2 1 3 1 5 1 9 2 7 31 16 14 35 15 6 15 1
4 3 4 5 1 4 1 7 2 7 31 16 19 6 15 6 7 0
5 1 5 1 1 1 4 11 2 7 30 16 19 6 10 1 3 0
4 4 4 3 2 2 1 2 2 7 31 16 14 35 15 6 4 1
4 4 4 4 1 3 1 8 2 7 31 16 19 6 10 4 11 0
3 3 5 4 1 4 1 9 2 7 31 16 19 6 10 1 3 1
5 4 3 1 1 2 1 8 2 7 31 16 19 6 10 6 15 0
4 2 5 5 1 5 1 11 2 7 31 16 14 35 15 1 15 0
5 4 5 5 1 4 1 8 2 7 31 16 14 35 15 6 15 0
5 4 6 1 1 1 1 8 2 7 31 16 19 6 10 4 15 0
4 1 4 4 1 3 1 9 2 7 31 16 19 6 10 1 3 1
4 2 2 1 1 2 1 8 2 7 30 16 19 6 10 6 11 0
2 4 2 3 1 1 1 9 2 7 31 16 14 35 10 6 2 1
3 4 1 2 1 5 1 9 2 7 31 16 19 6 10 4 15 1
5 4 6 5 1 4 1 8 2 7 31 16 19 6 10 4 11 0
4 3 6 2 2 2 1 8 2 7 31 16 14 35 15 6 4 0
5 2 4 3 2 1 1 11 2 7 31 16 14 35 15 6 4 1
2 4 4 3 2 4 1 12 2 7 31 16 14 35 15 4 15 1
4 3 5 6 2 3 3 10 2 7 31 16 14 35 10 1 4 1
1 2 5 4 2 2 4 2 5 3 37 4 27 45 4 3 11 1
5 3 5 4 1 5 1 8 2 7 31 16 19 6 10 4 15 1
5 2 3 2 1 4 1 8 2 7 31 16 19 6 10 6 7 0
3 2 5 4 2 5 1 8 2 7 31 16 14 35 15 6 15 1
2 2 4 4 1 5 4 9 5 3 37 4 27 45 4 6 11 1
4 4 5 4 1 4 1 9 2 7 31 16 19 6 10 4 15 1
5 2 5 2 1 1 1 8 2 7 31 7 13 34 10 2 4 0
5 3 4 2 1 3 1 10 2 7 30 16 19 6 10 6 11 0
3 4 2 3 1 3 1 9 2 7 31 16 14 35 15 6 15 1
5 2 6 6 2 5 1 9 2 7 31 16 19 6 15 1 3 0
2 2 4 5 2 5 1 8 2 7 31 16 14 35 15 3 9 1
5 2 5 1 2 1 1 8 2 7 31 16 14 35 15 6 15 0
3 3 5 2 1 5 1 8 2 7 31 16 14 35 15 6 4 0
2 4 4 3 1 1 3 8 2 7 31 16 14 35 10 6 2 1
5 2 4 1 1 4 3 8 5 7 32 18 20 10 5 6 11 0
4 2 4 4 1 4 1 9 2 7 31 16 19 6 10 4 15 0
5 4 3 6 1 4 1 8 2 7 31 16 19 6 10 1 3 0
4 4 3 1 1 3 1 8 2 7 32 16 14 5 10 6 11 0
1 1 5 1 1 2 1 9 2 7 31 16 14 35 10 6 11 0
4 2 5 6 1 1 3 8 5 7 31 17 6 9 5 6 11 0
5 3 5 6 2 4 1 8 2 7 31 16 19 6 15 1 3 0
2 3 5 2 1 5 3 8 2 7 31 16 14 35 10 6 11 1
1 2 5 2 2 4 4 9 5 3 13 4 21 40 4 4 15 1
4 4 4 2 1 3 3 10 2 7 31 16 14 35 10 6 11 0
1 3 3 4 2 4 3 11 2 7 36 16 14 35 12 3 9 1
2 4 5 5 2 4 1 8 2 7 31 16 14 35 15 6 4 1
4 2 4 1 1 1 1 9 2 7 32 16 14 5 10 6 11 0
3 4 6 2 1 2 1 8 2 7 31 16 14 35 10 6 11 0
5 2 4 3 2 1 3 11 5 7 30 18 20 10 5 1 3 0
3 3 6 6 1 4 1 8 2 7 31 16 14 35 15 6 15 1
1 4 6 4 1 2 1 8 2 7 31 16 14 35 15 6 15 1
4 2 6 2 1 3 1 8 2 7 31 16 14 35 15 4 15 0
4 4 4 4 1 3 1 7 2 7 31 16 19 6 10 4 15 1
2 1 2 1 1 2 1 8 2 7 31 16 14 35 15 6 4 1
1 3 5 6 1 5 1 8 2 7 31 16 14 35 15 6 15 1
3 4 5 3 1 4 4 8 2 7 31 16 14 35 11 4 15 0
3 4 3 3 1 1 1 7 2 7 31 16 14 35 15 6 15 1
5 1 2 1 1 5 1 2 2 7 31 16 19 6 15 1 3 0
1 2 2 3 2 4 3 9 2 7 31 16 14 35 10 6 11 1
1 1 3 2 1 5 4 10 5 7 24 17 6 9 4 6 2 1
3 1 3 6 1 3 1 9 2 7 31 16 14 35 15 6 15 0
4 4 4 1 1 4 1 9 2 7 31 16 14 35 15 4 15 0
5 3 6 6 2 3 1 8 2 7 31 16 19 6 15 1 3 0
5 3 5 6 1 1 1 8 2 4 32 7 15 27 15 6 11 0
1 4 5 3 1 3 1 6 2 7 31 16 14 35 15 6 4 1
3 2 4 1 1 1 1 8 2 7 32 16 14 5 10 6 11 1
2 3 4 4 2 4 3 10 2 7 31 16 14 35 10 1 4 1
5 4 5 3 2 1 1 8 2 7 31 16 19 6 10 4 15 0
1 3 5 5 1 5 3 8 2 7 1 16 14 35 16 4 15 0
2 1 4 4 1 1 3 8 5 7 23 14 22 11 7 6 11 1
4 4 4 6 1 4 2 10 2 7 30 16 19 6 12 6 11 0
2 3 4 5 1 4 1 7 2 7 31 16 14 35 15 6 15 1
4 4 5 3 1 2 1 8 2 7 31 16 14 35 15 4 15 0
5 3 4 6 1 2 4 8 5 7 32 18 20 10 4 1 3 0
5 4 5 2 1 2 1 8 2 7 31 16 19 6 10 4 15 1
5 3 4 5 2 2 1 8 2 4 30 7 15 27 15 1 3 0
5 3 4 6 1 1 1 8 5 7 32 18 20 28 9 1 3 0
5 1 4 3 2 4 1 8 2 7 31 16 14 35 15 6 15 0
4 3 5 2 1 2 2 10 2 7 30 16 19 6 12 6 11 0
2 4 4 3 2 3 1 10 2 7 31 16 14 35 15 4 15 1
4 4 1 4 1 1 1 8 2 7 31 16 14 35 15 4 15 1
3 4 3 3 1 2 1 9 2 7 31 16 14 35 15 4 15 0
2 3 6 4 2 4 1 9 2 7 31 16 14 35 15 6 15 1
3 3 3 1 1 2 1 7 2 7 31 16 14 35 15 4 15 0
1 4 4 3 1 2 1 9 2 7 31 16 14 35 15 3 9 1
3 3 4 6 1 3 1 9 2 7 31 16 14 35 15 6 7 1
5 4 2 6 2 4 1 8 2 7 31 16 14 35 15 4 15 0
4 3 1 3 1 3 1 8 2 7 31 16 14 35 15 3 5 0
3 2 4 2 1 2 1 10 2 7 31 16 14 35 15 6 15 1
3 4 4 2 1 3 1 9 2 7 31 16 14 35 15 4 15 1
5 4 3 3 1 2 1 9 2 7 31 16 14 35 15 6 15 0
4 4 4 5 1 2 1 9 2 7 31 16 19 6 10 4 15 0
4 2 6 4 1 2 1 11 2 7 31 16 14 35 15 1 6 1
5 4 5 1 1 1 1 11 2 7 31 16 14 21 15 1 3 0
4 2 5 5 1 5 2 8 2 7 30 16 14 6 12 6 11 0
3 4 6 4 2 2 1 8 2 7 31 16 14 35 15 6 15 0
4 2 4 4 1 3 1 10 2 7 31 16 14 35 15 1 6 1
3 3 6 5 2 3 3 8 2 7 31 16 14 35 10 3 9 0
5 4 5 3 1 1 1 8 2 7 31 16 19 6 10 6 7 0
2 2 5 4 1 5 1 9 2 7 31 16 14 35 15 4 15 0
3 4 5 5 1 5 1 8 2 7 31 16 14 21 15 6 11 0
4 3 3 3 1 3 1 7 2 7 31 16 14 35 15 6 15 0
4 3 4 5 2 2 1 10 2 7 31 16 14 35 15 6 15 0
5 4 4 4 1 2 1 8 2 7 31 16 19 6 10 4 15 0
4 2 5 3 1 3 1 10 2 7 31 16 19 6 10 4 15 1
4 4 6 1 1 4 3 8 2 7 31 16 14 35 10 6 11 0
5 2 3 2 1 2 2 10 2 7 32 16 19 6 12 6 11 0
5 1 6 6 1 5 4 8 2 7 31 16 19 6 10 1 3 0
5 3 3 3 1 2 1 7 2 7 31 16 19 6 10 4 15 1
3 3 3 3 1 1 1 7 2 7 31 16 19 6 10 1 15 1
2 1 2 3 1 1 1 9 2 7 31 16 14 35 15 6 15 1
3 3 2 6 1 3 1 8 2 7 31 16 14 35 15 3 9 1
2 3 5 5 1 4 1 9 2 7 31 16 14 35 15 6 15 1
2 1 6 6 1 5 1 9 2 7 31 16 14 35 15 3 9 1
3 1 6 2 2 2 3 4 2 7 31 16 14 35 10 3 8 0
4 2 3 6 1 1 1 9 2 7 31 16 14 35 15 1 4 0
4 4 3 5 1 5 1 7 2 7 31 16 14 35 15 6 15 1
1 1 5 6 1 5 4 2 5 7 1 17 6 9 5 6 4 1
3 4 5 3 2 3 1 8 2 7 31 16 14 35 15 6 15 1
5 1 5 3 1 1 3 8 5 7 30 18 20 10 5 1 3 0
2 2 5 5 2 3 3 8 2 7 31 16 14 35 10 1 4 1
4 2 6 5 1 2 1 8 2 7 31 16 14 35 15 6 15 1
3 4 2 4 1 4 1 8 2 7 31 16 19 6 10 1 3 1
5 1 4 2 1 4 1 8 2 7 31 16 14 35 15 2 4 0
5 4 5 1 1 3 1 8 2 7 31 16 14 35 15 6 15 0
5 3 6 6 1 4 1 8 2 7 32 16 19 6 15 1 3 0
5 4 5 2 1 4 2 10 2 7 30 16 19 6 12 6 11 0
3 4 5 4 1 2 1 8 2 7 31 16 14 35 15 3 9 1
5 4 5 6 1 1 1 8 2 4 32 7 15 27 15 1 3 0
4 4 4 3 1 2 1 9 2 7 31 16 14 35 15 6 15 1
5 4 3 4 2 4 1 10 2 7 31 16 19 6 10 4 15 0
5 4 3 1 1 1 1 8 2 7 31 16 14 29 15 6 15 0
1 1 3 4 2 5 3 9 5 7 31 17 6 9 5 6 11 1
5 3 5 6 1 1 1 8 2 7 31 16 19 6 10 1 3 0
5 4 4 1 1 4 1 8 2 7 31 16 19 6 15 6 15 0
5 4 5 3 1 2 1 11 2 7 31 16 19 6 10 1 3 0
5 1 4 3 1 5 1 11 2 7 31 16 19 6 15 4 11 0
5 1 5 3 1 1 1 8 2 7 31 16 19 6 10 6 15 0
5 4 3 4 1 3 1 9 2 7 31 16 19 6 15 6 7 0
4 2 3 6 1 3 1 9 2 7 31 16 19 6 10 1 3 1
3 4 5 2 1 1 1 9 2 7 31 16 14 35 15 4 15 1
2 3 4 3 1 3 1 11 2 7 31 16 14 35 15 4 15 1
4 4 5 6 1 1 1 9 2 7 31 16 14 35 15 1 3 1
3 4 5 5 1 2 1 8 2 7 31 16 14 35 15 6 15 0
3 2 4 4 1 4 1 7 2 7 31 16 14 35 15 4 15 1
1 4 2 3 1 2 1 8 2 7 31 16 14 35 10 6 11 1
5 2 3 3 2 4 1 8 2 7 31 16 19 6 10 3 9 0
1 3 4 3 1 3 1 8 2 7 22 16 14 5 10 6 4 1
2 4 3 6 1 3 1 9 2 7 31 16 14 35 15 1 3 1
5 4 4 1 1 3 1 8 2 7 31 16 19 6 15 6 15 0
4 3 4 3 1 1 1 8 2 7 22 16 14 5 10 6 15 0
5 3 5 3 2 3 1 10 2 7 31 16 19 6 10 1 3 0
5 1 6 4 2 2 3 8 5 7 31 17 6 9 7 1 3 0
2 4 6 4 2 3 1 8 2 7 31 16 14 35 15 6 15 1
5 2 6 3 1 4 1 8 2 7 31 16 19 6 10 4 11 0
4 3 2 6 1 2 1 9 2 7 31 16 14 35 15 6 15 1
5 4 5 3 2 1 1 10 2 7 31 16 14 29 15 6 15 0
4 4 3 6 1 2 1 10 2 7 31 16 14 35 15 1 3 1
1 1 5 4 1 4 3 8 5 7 23 14 22 11 7 6 11 1
5 4 5 6 1 4 1 8 2 7 31 16 19 6 15 6 7 0
4 3 3 3 1 4 3 9 2 7 31 16 14 35 10 6 11 0
2 4 3 5 1 5 1 9 2 7 31 16 14 35 15 6 15 1
5 4 3 6 1 1 1 10 2 7 31 16 19 6 10 6 7 0
1 2 5 3 1 1 3 2 2 7 31 16 14 35 10 6 2 1
2 1 1 4 1 3 4 9 2 7 24 16 14 35 11 4 15 1
4 4 6 3 1 2 1 9 2 7 31 16 14 35 15 4 15 0
4 4 2 3 1 4 1 11 2 7 31 16 19 6 10 4 11 1
5 3 4 6 1 4 3 8 2 7 31 16 14 35 10 6 11 0
3 4 4 2 1 2 2 8 2 7 30 16 19 6 12 6 11 1
2 2 2 6 1 5 1 9 2 7 31 16 14 35 15 1 3 1
4 2 5 3 1 3 3 11 5 7 31 17 6 9 5 3 11 0
4 2 6 3 1 1 1 9 2 7 31 16 14 35 15 4 15 1
3 2 2 4 1 2 1 8 2 7 31 16 19 6 10 4 15 0
2 4 4 4 1 4 1 7 2 7 31 16 14 35 15 6 15 0
5 4 4 2 2 2 1 8 2 7 31 16 14 35 15 6 15 0
5 3 1 2 2 3 1 8 2 7 31 16 19 6 10 1 3 0
3 3 5 6 1 3 1 9 2 7 31 16 19 6 10 1 3 1
4 2 2 3 1 2 1 11 2 7 32 16 14 5 10 6 11 0
5 2 2 5 1 1 1 9 2 7 31 16 19 6 15 4 11 0
3 3 4 3 1 3 1 8 2 7 31 16 14 35 15 6 4 0
5 3 3 5 2 4 1 8 2 7 31 16 19 6 10 1 3 0
3 1 3 3 1 5 1 8 2 7 31 16 14 35 15 6 15 1
5 3 4 3 1 4 1 8 2 7 31 16 19 6 10 4 15 1
1 2 6 6 1 5 3 8 2 7 1 16 14 35 16 6 15 1
3 4 5 2 1 4 3 8 2 7 31 16 14 35 10 6 11 1
4 4 4 2 1 2 1 8 2 7 31 16 19 6 15 4 15 0
5 3 6 6 1 1 1 8 2 7 32 16 14 5 10 6 11 0
4 1 6 3 1 4 1 3 2 7 31 16 19 6 10 3 9 1
2 3 5 3 1 2 3 8 2 7 31 16 14 35 10 6 11 1
5 4 3 1 1 2 1 9 2 7 31 16 19 6 15 6 15 0
2 1 4 3 1 3 1 9 2 7 31 16 14 35 15 4 15 1
2 3 3 3 1 2 3 11 2 7 31 16 14 35 10 6 11 1
3 4 4 2 1 3 1 8 2 7 31 16 14 35 15 6 15 1
5 4 4 6 2 1 1 10 2 7 31 16 19 6 15 1 3 1
3 1 2 4 1 4 4 9 2 7 24 16 14 35 11 4 15 1
5 4 4 3 1 1 1 9 2 7 31 16 19 6 15 6 15 0
4 4 6 2 1 2 1 8 2 7 31 16 14 35 15 6 15 0
2 4 6 5 2 3 1 8 2 7 31 16 14 35 15 6 4 1
5 1 2 1 1 2 1 10 2 7 31 16 19 6 15 4 15 0
4 1 2 3 1 1 1 9 2 7 31 16 14 35 15 6 15 0
5 4 5 1 1 2 1 8 2 7 31 16 14 35 15 6 15 1
5 2 6 4 2 2 1 8 2 4 30 7 15 27 15 1 3 0
3 3 4 1 1 3 2 8 2 7 30 16 19 6 12 6 11 0
4 1 3 5 1 1 1 8 2 7 31 16 14 35 15 4 15 0
2 4 5 4 1 5 1 8 2 7 31 16 14 35 15 6 15 1
2 4 5 3 3 3 3 9 2 7 31 16 14 35 10 1 4 1
1 1 5 2 1 5 1 3 2 7 22 16 14 5 10 6 4 0
5 4 5 3 1 1 1 8 2 7 31 16 19 6 10 1 3 0
4 4 3 1 1 5 1 10 2 7 30 16 19 6 10 6 11 0
5 3 3 1 1 1 1 8 2 7 31 16 14 35 15 6 15 0
5 4 3 5 1 2 1 8 2 7 31 16 14 35 15 6 15 0
5 4 4 4 1 2 1 8 2 7 31 16 19 6 10 4 15 0
4 4 3 6 1 1 1 9 2 7 31 16 14 35 15 4 15 0
4 3 2 5 1 4 3 8 2 7 34 16 14 35 12 1 15 0
4 4 3 4 1 3 1 9 2 7 31 16 19 6 10 4 15 1
3 2 5 4 2 5 1 9 2 7 31 16 14 35 15 6 15 0
3 3 3 2 1 2 1 9 2 7 31 16 14 35 15 4 15 1
5 4 5 2 1 2 1 8 2 7 31 16 14 35 15 6 15 0
4 2 5 4 1 1 1 8 2 7 31 16 14 35 15 1 4 1
3 2 6 4 1 2 3 8 2 7 34 16 14 35 10 6 15 1
5 4 3 4 1 2 1 8 2 7 31 16 14 21 15 6 7 0
3 4 5 3 1 2 3 9 2 7 31 16 14 35 10 4 15 1
5 2 4 3 1 3 1 7 2 7 31 16 19 6 10 1 15 0
5 4 5 4 1 2 1 8 2 7 31 16 14 35 15 4 15 0
5 4 4 2 1 4 2 11 2 7 30 16 19 6 12 6 11 0
3 3 5 4 1 2 1 9 2 7 31 16 19 6 15 1 3 0
2 4 3 3 1 4 1 7 2 7 31 16 14 35 15 3 5 1
5 1 4 2 1 2 1 9 2 7 31 16 14 35 15 4 15 1
1 4 4 2 1 3 1 8 2 7 31 16 14 35 10 6 11 0
3 3 3 6 1 4 1 9 2 7 31 16 14 35 15 1 3 1
3 3 5 2 1 1 1 8 2 7 31 16 14 35 15 4 15 1
5 2 5 3 2 5 1 11 2 7 31 16 19 6 10 4 15 0
3 4 2 6 1 3 1 9 2 7 31 16 14 35 15 1 3 1
3 4 2 1 1 4 2 8 2 7 30 16 19 6 12 6 11 1
5 4 4 4 2 1 1 8 2 7 31 16 14 35 15 6 15 0
5 3 4 3 1 1 1 11 2 7 31 16 19 6 10 6 15 0
3 3 3 4 2 1 3 9 5 7 31 17 6 9 5 3 11 0
3 4 5 4 1 2 3 8 2 7 31 16 14 35 10 1 4 1
2 4 2 4 1 4 1 9 2 7 31 16 14 35 15 4 15 1
4 3 5 3 1 4 1 8 2 7 31 16 14 35 15 4 15 1
5 2 6 2 1 1 2 8 5 7 30 18 20 39 9 1 3 0
3 3 5 4 1 4 1 9 2 7 31 16 14 35 15 4 15 0
4 3 6 5 1 2 1 8 2 7 31 16 19 6 10 6 7 1
4 2 3 5 1 3 3 8 5 7 31 17 6 9 5 6 11 0
4 3 4 1 1 4 1 10 2 7 31 16 14 35 15 6 4 1
1 2 5 3 1 2 1 8 2 7 31 16 14 35 15 6 15 1
3 4 5 1 1 2 3 9 2 7 31 16 14 35 10 4 15 1
4 3 6 5 1 5 1 9 2 7 31 16 14 35 15 6 15 0
2 2 3 5 1 5 1 9 2 7 31 16 14 35 15 6 15 1
3 2 6 2 1 3 4 8 2 7 24 16 14 35 11 4 15 1
5 4 6 5 1 5 1 8 2 7 31 16 19 6 10 1 3 0
5 4 3 6 1 1 1 7 2 7 31 16 19 6 10 6 7 1
2 3 3 4 2 5 3 8 2 7 31 16 14 35 10 1 6 1
2 2 4 4 1 2 4 11 5 7 24 17 6 9 4 6 11 1
4 2 2 5 1 2 2 9 2 7 30 16 19 6 12 6 11 0
4 3 2 6 1 4 1 9 2 7 31 16 19 6 10 1 3 0
4 2 5 2 2 1 3 8 2 7 31 16 14 35 10 6 11 1
5 4 2 5 1 3 1 10 2 7 31 16 19 6 10 6 15 0
4 1 5 6 1 2 3 8 5 7 31 17 6 9 5 6 11 0
5 3 4 3 1 2 1 8 2 7 31 16 19 6 10 4 15 1
4 4 6 1 1 3 1 9 2 7 31 16 19 6 10 6 15 0
2 4 6 4 2 4 1 8 2 7 31 16 14 35 15 6 15 1
1 1 5 4 2 5 4 9 5 3 17 4 27 1 7 6 11 1
1 1 5 3 2 1 3 10 5 7 31 17 6 9 5 6 11 1
5 1 4 3 1 5 1 8 2 7 31 16 19 6 10 4 11 0
5 3 4 6 1 2 3 8 5 7 30 18 20 39 9 6 7 0
5 4 3 4 1 4 1 11 2 7 31 16 19 6 15 4 15 0
5 3 3 6 1 3 3 8 2 7 31 16 14 35 10 6 11 0
5 2 5 4 1 1 1 8 2 7 32 7 15 36 15 1 3 0
5 3 5 5 1 2 1 8 2 7 31 16 19 6 15 6 15 0
4 4 6 5 1 4 1 8 2 7 31 16 19 6 10 1 3 1
5 1 3 6 1 4 4 8 5 3 30 4 14 21 15 1 3 0
3 4 4 6 1 3 1 8 2 7 31 16 14 35 10 6 11 1
2 3 6 1 1 2 3 8 2 7 31 16 14 35 10 6 11 1
2 1 3 5 1 2 3 2 2 7 1 16 14 35 16 6 15 1
4 4 6 2 1 2 2 10 2 7 30 16 19 6 12 6 11 0
5 4 5 1 1 1 1 8 2 7 31 7 13 34 15 6 15 0
4 3 5 4 1 5 1 8 2 7 31 16 14 35 15 3 9 0
4 2 6 2 2 5 1 8 2 7 31 16 14 35 15 6 4 1
4 1 4 4 1 3 1 9 2 7 31 16 14 35 15 3 9 1
5 4 5 2 1 2 1 8 2 7 31 16 14 29 10 4 15 0
5 4 3 1 1 4 1 9 2 7 31 16 19 6 10 6 15 1
5 3 4 6 2 1 1 11 2 7 31 16 19 6 15 7 5 0
5 4 4 2 2 2 1 10 2 7 31 16 14 29 15 6 15 0
4 4 3 2 1 1 1 9 2 7 31 16 19 6 10 4 15 1
2 2 2 4 1 4 3 9 2 7 31 16 14 35 10 4 15 1
2 3 5 3 1 1 3 11 5 7 31 17 6 9 5 6 11 1
5 4 6 6 1 1 1 8 2 7 31 16 14 35 15 4 15 1
4 3 6 6 1 2 1 9 2 7 31 16 19 6 10 6 7 0
2 3 5 5 1 1 1 9 2 7 31 16 14 35 15 4 15 1
4 4 4 6 1 1 1 7 2 7 31 16 19 6 15 4 11 0
3 1 5 4 1 2 3 8 2 7 31 16 14 35 10 6 11 1
5 4 5 3 2 1 1 11 2 7 31 16 14 35 15 6 4 1
5 4 4 2 1 2 1 8 2 7 31 16 19 6 10 6 15 0
5 4 4 3 2 2 1 8 2 7 31 16 19 6 15 6 7 0
5 2 2 5 1 5 1 8 2 7 31 16 19 6 10 1 3 0
5 2 2 1 1 2 1 10 2 7 31 16 19 6 15 4 15 0
5 2 3 5 1 1 1 8 2 7 31 16 19 6 10 1 3 0
5 4 4 6 1 2 1 7 2 7 31 16 19 6 10 4 15 0
4 4 4 2 1 1 1 8 2 7 31 16 14 35 15 6 15 1
2 3 5 3 1 4 3 8 2 7 31 16 14 35 10 4 15 1
4 1 5 1 1 4 2 10 2 7 30 16 19 6 12 6 11 1
5 4 6 6 2 3 1 8 2 7 31 16 14 35 15 1 4 0
3 3 4 2 1 2 3 8 2 7 31 16 14 35 10 6 11 1
3 4 4 2 1 3 1 10 2 7 31 16 14 35 15 6 15 1
4 3 4 2 3 1 1 8 2 7 31 16 14 35 15 6 4 1
3 3 4 5 1 4 1 8 2 7 31 16 14 35 15 6 4 0
5 3 5 4 1 3 2 11 2 7 32 16 19 6 12 6 11 0
1 1 5 4 1 4 3 8 5 7 23 14 22 11 7 6 11 1
3 4 4 4 1 2 1 9 2 7 31 16 14 35 15 6 15 1
4 3 4 6 1 5 1 7 2 7 31 16 14 35 15 1 3 1
4 4 4 2 1 3 1 8 2 7 31 16 14 35 15 6 15 1
5 4 2 4 2 3 1 8 2 7 31 16 19 6 15 4 15 0
2 4 4 3 1 5 1 8 2 7 31 16 14 35 15 6 15 1
3 4 2 5 2 2 1 8 2 7 31 16 14 35 15 1 4 0
5 4 4 3 2 4 1 8 2 7 31 16 19 6 10 7 15 0
3 1 6 4 2 1 3 10 5 7 31 17 6 9 5 3 11 0
5 3 6 3 2 3 1 11 2 7 31 16 14 35 15 6 4 1
3 4 5 2 1 2 1 8 2 7 31 16 14 35 15 3 9 0
5 4 6 2 1 1 1 8 2 7 31 16 19 6 15 1 3 0
3 3 6 3 2 3 2 10 2 7 30 16 14 6 12 6 11 1
3 2 2 1 1 4 1 8 2 7 31 16 14 35 15 6 4 1
4 1 5 5 2 1 3 8 5 7 31 17 6 9 5 6 11 1
3 1 4 4 1 3 1 9 2 7 31 16 19 6 15 1 3 1
2 3 6 3 1 1 1 8 2 7 31 16 14 35 10 6 2 1
5 3 5 6 1 4 3 8 2 7 31 16 14 35 10 6 11 0
2 2 4 6 2 2 3 9 5 7 31 17 6 9 5 6 11 0
2 4 5 6 1 3 1 8 2 7 31 16 14 35 15 1 4 1
4 3 1 3 1 3 1 9 2 7 31 16 19 6 10 4 15 1
4 4 5 1 1 3 2 8 2 7 30 16 19 6 12 6 11 0
5 3 3 5 1 3 1 8 2 7 31 16 19 6 15 4 15 0
5 4 5 6 1 3 1 8 2 7 31 16 19 6 10 4 15 1
2 1 3 5 1 5 1 9 2 7 31 16 14 35 15 6 15 1
2 4 5 5 1 3 1 8 2 7 31 16 14 35 15 6 15 0
3 2 5 1 1 2 3 8 2 7 31 16 14 35 10 6 11 1
4 4 2 2 1 5 1 9 2 7 31 16 14 35 15 6 15 1
4 4 5 5 1 3 1 8 2 7 31 16 14 35 15 6 15 0
1 4 3 2 2 5 1 9 2 7 31 16 14 35 15 6 15 1
5 3 3 4 1 4 1 8 2 7 31 16 19 6 10 4 15 1
4 4 6 5 1 5 1 3 2 7 31 16 19 6 10 6 15 1
3 3 6 5 1 4 3 8 5 7 31 17 6 9 5 3 11 0
3 3 5 1 1 1 1 8 2 7 31 16 14 35 15 4 15 1
1 1 5 5 2 5 3 9 2 7 31 16 14 35 10 6 15 1
5 3 5 2 1 2 1 8 2 7 31 16 14 29 15 6 15 0
4 4 6 4 1 1 1 9 2 7 31 16 19 6 10 6 15 0
4 3 5 2 1 4 1 8 2 7 31 16 14 35 15 4 15 0
3 2 3 2 1 2 1 8 2 7 31 16 14 35 15 4 15 0
5 4 3 4 1 2 1 8 2 7 31 16 14 35 15 3 9 0
5 4 5 2 1 1 1 10 2 7 31 16 14 29 15 6 15 0
1 3 3 3 1 3 3 8 2 7 31 16 14 35 10 6 11 1
5 1 4 1 1 1 1 8 2 7 32 7 15 36 15 1 3 0
4 4 4 2 1 2 1 8 2 7 31 16 14 35 15 6 15 0
4 4 6 5 1 3 1 8 2 7 31 16 14 35 15 4 15 0
4 3 5 3 1 2 1 8 2 7 31 16 14 35 15 3 9 0
5 3 5 4 1 1 1 8 2 7 31 16 19 6 10 4 11 0
4 4 5 2 1 1 4 9 2 7 31 16 14 35 11 4 15 0
3 4 5 5 1 2 1 8 2 7 31 16 14 35 10 6 11 1
4 4 5 1 2 3 1 8 2 7 31 16 14 35 15 6 15 0
2 3 5 3 2 1 1 10 2 7 31 16 14 35 15 6 15 1
3 2 4 6 1 2 1 7 2 7 31 16 19 6 10 6 7 1
3 4 6 4 2 1 1 8 2 7 31 16 14 35 15 6 15 1
2 4 2 4 2 4 1 9 2 7 31 16 14 35 15 6 15 0
5 1 1 6 1 4 1 8 2 7 32 16 14 5 10 6 11 0
3 3 6 2 1 2 1 9 2 7 31 16 14 35 15 4 15 1
2 2 5 6 2 5 1 10 2 7 31 16 14 35 15 2 4 1
5 4 5 4 1 3 1 8 2 7 31 16 19 6 10 6 15 0
3 3 2 4 1 4 1 8 2 7 31 16 19 6 10 4 11 1
2 4 6 4 1 4 1 9 2 7 31 16 14 35 15 4 15 1
1 4 3 6 1 2 3 8 2 7 31 16 14 35 10 6 11 0
5 2 1 4 1 3 1 8 2 7 31 16 19 6 10 6 15 0
3 3 3 2 1 3 1 9 2 7 31 16 14 35 15 6 15 0
4 4 4 5 2 3 2 8 2 7 30 16 19 6 12 6 11 0
2 3 3 6 1 3 1 9 2 7 31 16 14 35 15 1 3 1
2 3 3 3 1 2 3 11 2 7 31 16 14 35 10 6 11 1
3 4 5 1 1 5 3 8 2 7 31 16 14 35 10 6 11 1
2 3 6 4 1 5 1 8 2 7 31 16 14 35 15 6 15 1
5 4 4 6 1 3 1 8 2 7 31 16 19 6 10 1 3 0
5 2 3 6 2 1 1 8 2 7 31 16 19 6 10 6 15 0
5 2 4 6 2 3 1 8 2 7 31 16 19 6 15 3 9 1
2 4 3 5 1 5 1 8 2 7 31 16 14 35 15 4 15 1
4 4 4 3 1 3 1 11 2 7 31 16 19 6 10 1 3 0
3 4 6 6 1 3 1 8 2 7 31 16 14 35 15 1 4 0
5 2 1 1 2 2 1 11 2 7 32 16 19 6 15 1 3 0
3 4 6 3 1 2 3 9 2 7 31 16 14 35 10 4 15 1
4 4 5 5 1 1 3 9 2 7 31 16 14 35 10 6 11 1
3 4 5 2 1 2 3 9 2 7 31 16 14 35 10 4 15 1
5 2 4 2 1 1 1 10 2 7 31 16 19 6 10 4 15 0
5 4 5 1 1 1 1 8 2 7 31 16 19 6 10 6 15 0
5 4 6 5 1 1 1 8 2 7 31 16 19 6 15 1 3 0
4 3 3 6 1 3 1 7 2 7 31 16 19 6 10 6 7 1
1 1 5 3 1 4 1 13 5 7 18 17 6 23 3 6 11 1
5 4 6 2 1 1 1 11 2 7 31 16 14 21 15 6 15 0
2 2 6 2 1 2 1 9 2 7 31 16 14 35 15 4 15 0
4 4 5 3 1 1 1 8 2 7 31 16 14 35 15 6 15 0
3 2 3 6 1 2 1 8 2 7 31 16 14 35 15 6 15 1
3 2 6 3 1 3 1 9 2 7 31 16 14 35 15 6 15 0
5 3 3 1 1 2 1 10 2 7 31 16 19 6 10 6 7 1
3 4 5 3 2 2 1 9 2 7 31 16 14 35 15 4 15 1
4 4 4 2 2 5 2 10 2 7 30 16 19 6 12 6 11 0
1 3 5 4 2 4 4 9 5 3 37 4 21 21 7 6 15 1
2 1 6 3 1 5 4 8 5 7 24 17 6 9 4 6 11 1
5 4 6 4 2 4 1 11 2 7 31 16 19 6 15 1 3 0
5 4 3 5 1 2 1 11 2 7 31 16 19 6 10 1 3 1
5 2 6 6 2 3 1 8 2 7 31 16 19 6 15 1 3 0
1 4 2 4 1 3 1 2 2 7 31 16 14 35 15 6 15 1
3 4 5 3 2 4 1 8 2 7 31 16 14 35 15 6 15 1
4 4 2 2 1 3 1 8 2 7 31 16 19 6 10 1 3 1
5 2 5 3 1 3 1 8 2 7 31 16 19 6 15 4 11 0
3 3 5 3 1 5 1 9 2 7 31 16 14 35 15 6 15 0
4 1 4 5 1 1 3 8 2 7 31 16 14 35 10 6 11 0
5 4 3 4 1 4 1 10 2 7 31 16 19 6 10 4 15 0
2 3 6 3 1 1 1 8 2 7 31 16 14 35 10 6 2 1
5 3 5 6 1 2 1 8 2 7 31 16 19 6 15 1 3 0
2 2 5 4 1 4 4 9 5 7 34 17 6 9 7 6 15 1
4 3 3 6 1 2 2 8 2 7 30 16 14 6 12 6 11 0
5 2 3 6 1 1 4 8 5 7 31 17 6 9 5 6 11 0
3 4 5 5 1 3 1 8 2 7 31 16 19 6 10 1 3 1
4 4 4 3 1 5 1 8 2 7 31 16 14 21 15 1 3 0
2 3 2 4 1 3 1 9 2 7 31 16 14 35 15 4 15 1
5 4 3 2 1 1 1 8 2 7 31 16 19 6 15 6 7 0
5 3 5 4 1 1 1 8 2 7 31 16 19 6 10 6 15 0
5 4 2 2 2 1 1 9 2 7 31 16 14 35 15 4 15 1
5 4 5 3 1 2 1 8 2 7 31 16 14 35 15 6 15 1
2 3 3 4 2 2 3 9 5 7 31 17 6 9 5 3 11 0
3 4 5 3 1 5 1 9 2 7 31 16 14 35 15 6 15 1
5 4 4 6 1 3 1 8 2 7 31 16 19 6 15 6 15 0
5 4 3 3 1 3 1 8 2 7 31 16 19 6 10 4 15 0
4 3 5 5 1 1 1 8 2 7 31 16 14 35 15 6 15 1
3 3 4 6 1 4 1 10 2 7 31 16 19 6 15 1 3 1
5 4 4 3 1 2 1 8 2 7 31 16 19 6 10 6 7 0
5 4 3 4 1 1 1 9 2 7 31 16 19 6 10 6 15 0
5 3 2 5 1 3 1 8 2 7 31 16 19 6 15 1 3 0
4 4 3 1 2 3 2 10 2 7 30 16 19 6 12 6 11 0
5 4 5 5 1 3 1 8 2 7 31 16 14 29 15 6 15 0
5 2 1 1 1 2 2 10 2 7 30 16 19 6 12 6 11 0
2 3 5 2 1 4 1 9 2 7 31 16 14 35 15 3 9 1
5 1 4 1 1 5 1 13 2 6 29 16 14 21 15 1 3 0
4 3 5 3 1 4 1 9 2 7 31 16 14 35 15 6 15 0
4 4 5 2 2 4 1 8 2 7 31 16 14 35 15 6 15 0
2 2 4 3 1 2 1 9 2 7 31 16 14 35 15 4 15 1
1 4 6 4 2 5 1 8 2 7 31 16 14 35 15 6 15 1
2 2 5 5 1 4 1 8 2 7 31 16 14 35 15 6 15 1
1 3 5 4 1 1 3 3 2 7 33 16 14 35 10 3 8 1
1 2 4 3 1 4 1 8 2 7 31 16 14 35 10 3 11 1
5 4 5 2 1 5 1 8 2 7 31 16 14 21 15 1 3 0
3 1 4 3 1 5 1 9 2 7 31 16 14 35 15 6 4 1
3 2 4 5 2 2 3 8 2 7 31 16 14 35 10 6 11 0
5 4 5 5 1 4 1 8 2 7 31 16 19 6 10 1 3 0
3 4 3 2 1 5 1 9 2 7 31 16 14 35 15 6 15 1
1 2 5 3 1 3 4 9 5 7 1 17 6 9 5 4 15 1
3 3 5 6 1 3 1 9 2 7 31 16 14 35 15 6 7 1
2 2 5 4 1 4 3 9 2 7 1 16 14 35 16 4 15 0
3 3 3 1 1 2 1 7 2 7 31 16 19 6 15 6 15 0
5 2 4 4 1 4 1 8 2 7 31 16 19 6 10 4 15 0
5 3 3 6 1 3 1 9 2 7 31 16 19 6 10 6 7 0
5 2 5 4 2 2 1 11 2 7 31 16 19 6 10 6 15 0
4 2 3 1 1 4 2 9 2 7 30 16 19 6 12 6 11 0
5 3 5 5 1 4 1 8 2 7 31 16 19 6 10 4 15 1
5 2 2 3 2 1 1 10 2 7 32 7 15 36 15 1 3 0
3 4 6 1 1 1 2 9 2 7 30 16 19 6 12 6 11 1
5 3 4 6 1 4 1 11 2 7 31 16 19 6 10 6 7 0
5 2 4 4 1 1 1 7 2 7 31 16 19 6 10 6 15 1
3 3 5 6 1 2 1 9 2 7 31 16 19 6 15 1 3 0
5 1 2 5 1 1 1 8 2 7 31 16 19 6 15 1 3 0
4 4 5 4 1 3 1 9 2 7 31 16 19 6 10 1 3 1
4 4 4 6 1 3 1 9 2 7 31 16 19 6 10 6 11 0
5 4 4 5 2 3 1 10 2 7 31 16 19 6 10 4 15 0
2 3 5 2 1 3 1 9 2 7 31 16 14 35 15 4 15 0
5 3 5 3 1 1 3 8 5 7 30 18 20 10 5 1 3 0
4 4 3 5 1 2 1 9 2 7 31 16 19 6 15 4 11 0
4 4 4 1 1 1 1 7 2 7 31 16 14 35 15 4 15 0
4 2 4 5 1 4 1 8 2 7 31 16 14 35 15 4 15 0
5 4 6 2 1 2 1 8 2 7 31 16 19 6 10 4 15 0
5 2 4 3 1 2 1 9 2 7 31 16 19 6 10 4 15 1
5 3 4 3 1 2 1 9 2 7 31 16 14 35 15 6 15 0
2 2 2 4 1 4 3 9 2 7 31 16 14 35 10 4 15 1
5 3 5 4 1 3 1 8 2 7 31 16 19 6 10 6 15 0
4 3 3 3 1 1 1 9 2 7 31 16 19 6 10 4 15 0
3 1 4 5 3 5 1 8 2 7 31 16 14 35 15 6 4 0
2 4 5 4 1 3 1 9 2 7 31 16 14 35 15 4 15 0
5 2 5 1 1 2 1 8 2 7 30 16 19 6 10 6 11 0
5 2 3 6 1 2 1 11 2 7 32 7 15 36 15 1 3 0
5 4 3 5 1 1 1 8 2 7 31 16 19 6 10 4 11 0
2 1 5 4 1 2 3 11 5 7 23 14 22 11 7 6 11 1
1 4 5 6 1 2 1 9 5 7 18 17 6 23 3 6 11 1
4 4 2 5 1 4 1 9 2 7 31 16 14 35 15 4 15 0
4 4 4 5 1 3 1 9 2 7 31 16 19 6 15 4 11 0
5 1 4 4 2 5 1 8 2 7 32 16 19 6 15 6 11 1
5 4 5 2 1 1 1 8 2 7 31 16 14 21 15 6 15 0
4 4 6 4 1 3 1 8 2 7 31 16 19 6 10 1 3 1
5 4 4 4 1 2 1 8 2 7 31 16 14 35 15 6 15 0
4 3 4 2 2 5 1 9 2 7 31 16 19 6 10 3 9 0
5 1 5 5 2 1 1 8 2 7 31 16 19 6 15 6 15 0
4 4 6 2 1 3 1 9 2 7 31 16 19 6 10 1 3 1
4 4 5 4 1 5 1 9 2 7 31 16 19 6 10 4 15 1
5 4 5 3 1 1 1 8 2 7 31 16 19 6 10 1 3 0
3 4 4 5 1 2 1 11 2 7 31 16 14 35 15 6 15 1
5 1 3 1 2 3 2 8 2 7 32 16 19 6 12 6 11 0
3 3 4 4 1 4 1 2 2 7 31 16 19 6 15 1 3 1
4 4 4 6 3 3 1 10 2 7 31 16 14 35 15 1 4 1
5 1 3 6 2 4 4 8 2 7 31 16 19 6 11 1 3 0
5 3 4 1 1 2 1 11 2 7 31 16 14 21 15 1 3 0
5 2 4 3 1 5 1 8 2 7 31 16 19 6 10 1 3 0
3 4 5 5 1 3 1 9 2 7 31 16 19 6 10 4 15 0
1 4 3 4 1 5 1 9 2 7 31 16 14 35 15 4 15 1
4 3 5 2 1 1 1 8 5 7 32 18 20 28 9 6 11 0
5 2 5 2 2 4 1 8 2 7 31 16 14 35 15 6 15 0
5 4 3 6 1 5 3 8 5 7 32 17 6 9 5 6 11 0
4 2 4 6 1 3 2 8 2 7 30 16 14 6 12 6 11 0
5 3 5 2 1 1 1 8 2 7 31 16 19 6 15 4 15 1
2 1 3 5 2 4 1 9 2 7 31 16 14 35 15 3 9 1
5 2 4 2 2 5 1 8 2 7 31 16 19 6 15 3 9 1
2 1 3 4 1 4 4 7 5 7 34 17 6 9 7 6 15 1
5 4 4 1 1 1 1 7 2 7 31 16 19 6 15 6 15 1
2 3 5 4 1 1 1 9 2 7 31 16 14 35 15 6 15 1
4 4 2 6 2 2 1 9 2 7 31 16 19 6 10 1 3 1
2 4 3 5 2 5 1 7 2 7 31 16 14 35 15 6 15 1
5 1 3 2 1 2 1 8 2 7 31 16 19 6 10 4 11 0
5 1 4 6 2 4 1 8 2 7 31 16 19 6 15 3 9 0
5 4 3 3 1 5 1 11 2 7 32 16 19 6 15 1 3 0
4 1 3 1 2 4 2 9 2 7 30 16 19 6 12 6 11 0
4 4 4 6 1 1 1 7 2 7 31 16 19 6 10 1 3 0
4 4 4 4 1 2 1 9 2 7 31 16 19 6 15 6 15 1
5 2 5 3 2 5 1 8 2 7 31 16 19 6 15 1 3 0
2 2 3 3 2 2 1 8 2 7 31 16 14 35 15 6 15 0
2 4 5 4 2 1 1 8 2 7 31 16 14 35 15 6 15 1
4 2 4 5 1 4 1 10 2 7 31 16 14 35 15 6 15 0
5 4 5 5 1 4 1 8 2 7 31 16 19 6 10 1 3 0
3 3 4 4 1 3 1 7 2 7 31 16 19 6 10 4 15 1
3 3 3 2 1 2 1 9 2 7 31 16 14 35 15 4 15 1
3 4 2 5 1 3 3 9 2 3 13 2 10 4 13 1 3 1
3 2 4 5 1 5 3 9 5 7 33 17 6 9 5 2 4 0
5 4 4 1 1 5 1 8 2 7 31 16 19 6 15 6 15 0
5 1 5 6 1 1 3 8 5 7 32 18 20 10 5 6 11 0
5 3 5 2 2 5 1 8 2 7 31 16 14 35 15 6 15 0
5 3 5 6 1 3 1 11 2 7 31 16 19 6 10 4 11 0
4 4 4 1 1 2 2 8 2 7 30 16 19 6 12 6 11 0
2 3 3 6 1 5 1 7 2 7 31 16 14 35 15 6 15 1
5 2 5 4 1 1 1 8 2 7 31 16 19 6 15 1 3 0
1 2 2 1 1 4 4 8 5 3 8 4 21 21 7 6 15 1
4 2 3 2 1 4 1 9 2 7 31 16 19 6 10 1 3 1
5 4 5 6 1 4 1 2 2 7 32 16 19 6 15 1 3 0
4 1 5 6 1 2 1 8 2 7 31 16 14 35 15 1 4 0
2 1 2 5 2 3 3 10 5 7 23 14 22 11 7 2 4 1
5 1 4 3 2 2 4 8 2 7 31 16 19 6 11 1 3 1
3 2 6 1 2 1 1 8 2 7 31 16 14 35 15 4 15 1
1 3 5 3 1 3 3 8 2 7 31 16 14 35 10 4 15 1
5 1 5 6 1 3 1 8 2 7 30 16 19 6 10 6 11 0
5 1 5 3 2 2 1 8 2 7 31 16 14 35 15 6 4 0
4 3 3 4 1 2 1 9 2 7 31 16 14 35 15 4 15 1
3 4 6 1 1 1 3 8 2 7 31 16 14 35 10 6 11 1
5 4 4 1 1 1 1 8 2 7 31 16 19 6 10 6 15 0
3 1 3 4 1 3 3 8 2 7 31 16 14 35 10 6 11 1
5 2 5 3 1 4 1 8 2 7 31 16 19 6 10 4 11 1
4 4 4 2 2 4 1 7 2 7 31 16 19 6 10 1 3 0
2 2 4 4 1 4 1 9 2 7 31 16 14 35 15 6 15 0
4 2 6 4 1 2 1 8 2 7 31 16 19 6 15 6 11 1
3 4 5 3 2 3 1 11 2 7 31 16 14 35 15 4 15 1
5 4 4 4 1 2 1 8 2 7 31 16 19 6 10 4 15 1
4 3 4 6 1 3 3 8 2 7 31 16 14 35 10 6 11 0
5 2 6 6 1 1 1 8 2 7 31 16 19 6 10 6 7 0
4 1 6 3 1 3 1 9 2 7 31 16 14 35 15 6 15 0
5 4 2 4 1 1 1 9 2 7 31 16 19 6 15 6 7 0
5 4 5 6 1 1 1 8 2 7 31 16 19 6 15 1 3 0
3 4 4 1 2 1 1 9 2 7 31 16 14 35 15 4 15 1
5 3 5 6 1 3 1 8 2 7 31 16 19 6 15 1 3 0
3 2 4 3 1 4 1 9 2 7 31 16 14 35 15 1 3 1
3 3 4 2 2 1 3 9 2 7 31 16 14 35 10 4 15 1
4 3 5 2 1 2 1 9 2 7 31 16 14 35 15 4 15 0
2 3 5 5 2 4 1 8 2 7 31 16 14 35 15 6 4 1
5 3 6 6 1 1 3 8 2 7 31 16 14 35 10 6 11 0
3 2 5 3 2 4 1 8 2 7 31 16 14 35 15 3 9 0
5 1 3 1 1 2 1 1 2 7 31 16 14 21 15 1 3 0
2 3 3 6 1 5 1 7 2 7 31 16 14 35 15 6 15 1
3 4 5 5 1 4 4 8 2 7 31 16 19 6 11 4 15 1
5 1 5 5 1 1 1 11 2 7 32 7 15 36 15 1 3 0
2 2 5 3 1 2 3 11 5 7 31 17 6 9 5 6 11 1
4 3 5 5 1 4 1 8 2 7 31 16 14 35 15 1 6 1
1 3 5 3 1 5 4 9 5 3 37 4 21 21 7 6 15 1
4 3 5 4 1 1 1 8 2 7 32 16 14 5 10 6 11 0
5 3 3 6 1 1 1 9 2 7 31 16 19 6 15 6 7 0
1 4 4 5 2 5 3 12 2 7 31 16 14 35 10 4 15 1
4 3 6 3 2 5 1 8 2 7 31 16 14 35 15 6 15 0
5 2 5 2 1 1 1 8 2 7 31 16 14 29 10 2 4 0
4 3 3 5 1 1 1 7 2 7 31 16 14 35 15 6 15 0
4 4 2 3 1 4 1 8 2 7 31 16 19 6 10 1 3 1
3 4 4 4 1 4 1 7 2 7 31 16 14 35 15 6 15 0
5 4 5 2 2 4 2 10 2 7 30 16 19 6 12 6 11 0
5 4 6 5 1 1 1 8 2 7 31 16 14 29 10 6 15 1
5 4 4 6 1 3 1 8 2 7 31 16 19 6 15 6 15 0
3 4 4 6 1 4 1 9 2 7 31 16 19 6 10 6 7 1
5 4 4 1 1 4 1 8 2 7 31 16 14 35 15 6 15 1
4 3 2 4 1 3 3 8 5 7 31 17 6 9 5 6 11 1
3 1 5 6 1 4 1 8 2 7 31 16 19 6 15 1 3 1
3 1 2 4 1 2 1 7 2 7 31 16 19 6 10 4 15 1
5 4 5 1 1 2 1 8 2 7 31 16 19 6 15 6 15 0
5 2 5 3 1 1 1 8 2 7 31 16 14 29 15 6 15 0
5 1 2 1 1 1 1 8 2 7 32 7 15 36 15 1 3 0
5 3 2 5 1 1 1 8 2 4 30 7 15 27 15 1 3 0
4 1 5 6 1 3 2 8 2 7 30 16 14 6 12 6 11 0
4 1 3 4 1 1 4 8 5 7 24 17 6 9 4 6 11 0
5 3 5 5 1 5 1 8 2 7 31 16 19 6 10 4 15 1
5 2 4 1 1 4 3 10 5 7 30 18 20 10 5 1 3 0
5 4 4 1 1 3 1 10 2 7 31 16 14 21 15 6 11 0
3 1 2 4 1 4 1 9 2 7 31 16 14 35 15 6 15 0
4 2 6 4 1 2 1 9 2 7 31 16 14 35 15 6 15 0
4 1 3 5 1 5 2 8 2 7 30 16 14 6 12 1 2 1
5 1 4 4 1 3 1 8 2 7 31 16 19 6 15 4 15 0
3 1 3 6 1 4 1 9 2 7 31 16 14 35 15 4 15 1
5 4 4 6 1 2 1 8 2 7 31 16 19 6 10 4 15 0
4 3 4 3 1 4 1 9 2 7 31 16 19 6 10 4 15 0
5 2 3 2 1 2 2 8 2 7 32 16 19 6 12 6 11 0
3 2 5 3 1 5 1 8 2 7 31 16 14 21 15 6 11 1
1 3 4 4 1 4 4 9 5 3 8 4 21 21 7 6 15 1
5 4 4 5 1 1 1 8 2 7 31 16 19 6 10 6 15 0
4 4 5 1 1 5 2 8 2 7 30 16 19 6 12 6 11 0
5 2 4 2 2 5 1 8 2 7 31 16 19 6 15 1 3 0
3 1 4 2 2 3 1 11 2 7 31 16 14 35 15 4 15 1
1 1 6 2 1 4 3 9 2 7 31 16 14 35 10 6 11 1
2 4 6 5 1 4 1 8 2 7 31 16 14 35 15 6 15 1
2 1 4 2 1 1 1 9 2 7 31 16 14 35 15 4 15 1
3 3 3 2 1 1 1 9 2 7 31 16 14 35 15 4 15 1
3 4 5 6 1 3 1 8 2 7 31 16 19 6 10 1 3 1
5 3 3 1 1 3 2 10 2 7 30 16 19 6 12 6 11 0
5 1 5 1 1 3 1 8 2 7 30 16 19 6 10 6 11 0
5 3 5 5 1 1 1 8 2 7 31 16 19 6 10 6 15 0
3 3 2 5 1 2 1 9 2 7 31 16 14 35 15 4 15 1
3 4 6 5 1 2 1 8 2 7 31 16 14 35 15 6 15 1
5 3 3 3 1 1 1 8 2 7 32 7 15 36 15 1 3 0
5 4 4 4 1 1 1 11 2 7 31 16 19 6 10 6 7 0
5 4 4 1 1 1 1 8 2 7 31 16 19 6 15 6 15 0
4 2 2 2 1 2 3 3 5 7 32 18 20 39 9 6 11 0
3 2 2 5 1 2 3 8 2 7 31 16 14 35 10 6 11 1
1 2 5 3 1 1 3 11 5 7 31 17 6 9 5 6 11 1
5 4 5 3 2 1 1 11 2 7 31 16 14 35 15 6 4 1
5 4 5 3 1 4 1 8 2 7 31 16 19 6 10 4 15 0
5 2 2 5 1 1 4 8 5 7 30 18 20 10 4 1 3 0
4 4 4 6 1 3 1 11 2 7 31 16 19 6 10 1 3 0
5 3 4 5 2 2 1 8 2 7 31 16 14 35 15 6 15 0
1 2 3 1 1 4 3 7 1 7 37 15 18 47 7 1 3 1
5 4 4 5 1 2 1 8 2 7 31 16 14 35 15 6 15 1
5 4 6 4 1 2 1 8 2 7 31 16 19 6 10 1 3 0
4 2 5 1 1 2 1 9 2 7 31 16 19 6 10 4 11 0
3 3 6 4 1 4 1 10 2 7 31 16 14 35 15 2 4 0
4 4 5 1 1 4 2 8 2 7 30 16 19 6 12 6 11 0
4 4 6 3 1 3 1 9 2 7 31 16 19 6 10 6 11 0
5 4 5 5 1 2 1 8 2 7 31 16 19 6 15 6 7 0
1 1 6 2 1 1 3 9 2 7 31 16 14 35 10 6 15 1
4 2 5 3 1 4 1 9 2 7 31 16 19 6 10 3 9 1
5 4 4 5 1 2 1 10 2 7 31 16 19 6 15 1 3 0
3 1 5 6 1 1 3 9 5 7 31 17 6 9 5 6 11 0
4 3 5 4 1 3 1 8 2 7 31 16 14 35 15 4 15 0
3 4 4 6 1 2 1 7 2 7 31 16 19 6 10 6 7 0
5 1 5 6 1 1 1 8 2 7 31 16 19 6 10 6 7 0
5 2 5 4 2 2 1 8 2 7 31 16 14 35 15 6 4 1
5 4 2 6 1 2 1 11 2 4 32 7 15 27 15 1 3 0
4 4 6 2 1 2 1 10 2 7 31 16 19 6 10 4 15 0
4 3 2 1 1 2 2 10 2 7 32 16 19 6 12 6 11 0
2 4 5 5 1 5 1 8 2 7 31 16 14 35 15 1 4 0
5 4 3 3 1 1 1 8 2 7 31 16 14 29 15 6 15 0
5 2 2 6 1 1 1 8 2 7 32 7 15 36 15 1 15 0
1 1 4 3 1 3 4 9 5 7 1 17 6 9 5 4 15 1
4 3 6 5 1 1 1 8 2 7 31 16 14 35 15 6 15 1
2 4 2 3 1 2 1 9 2 7 31 16 14 35 15 3 9 1
3 4 6 4 2 4 3 8 5 7 31 17 6 9 5 6 11 0
1 3 4 3 1 2 3 2 2 7 31 16 14 35 10 6 2 1
5 2 4 1 2 1 1 10 2 7 32 7 15 36 15 1 3 0
4 3 2 5 1 3 1 10 2 7 31 16 19 6 10 1 3 1
2 3 5 5 1 3 1 10 2 7 31 16 14 35 15 4 15 1
1 3 4 3 1 3 1 9 2 7 22 16 14 5 10 6 4 1
5 4 3 5 1 1 1 10 2 7 31 16 19 6 10 6 7 0
3 3 4 1 2 3 2 10 2 7 30 16 14 6 12 1 3 1
5 1 5 6 2 1 1 11 2 7 32 7 15 36 15 1 15 0
5 4 5 1 1 2 1 8 2 7 31 16 19 6 10 6 15 0
5 4 5 2 1 2 1 8 2 7 31 16 19 6 10 6 15 0
5 2 5 4 1 3 1 8 2 7 31 16 19 6 15 4 11 0
5 2 5 6 2 4 1 8 2 7 31 16 19 6 15 1 3 0
4 4 5 6 1 4 1 10 2 7 31 16 19 6 10 6 7 0
5 2 5 5 2 4 4 10 5 3 30 4 14 21 15 1 3 0
5 1 4 3 1 5 1 8 2 7 32 16 19 6 15 6 11 1
5 4 4 2 1 1 1 7 2 7 31 16 19 6 10 4 15 0
2 4 2 6 1 3 3 9 2 7 1 16 14 35 16 1 3 1
5 3 5 6 2 1 1 8 2 7 31 16 19 6 15 1 3 0
4 4 6 2 1 3 3 8 2 7 31 16 14 35 10 4 15 1
3 4 5 4 1 2 1 8 2 7 31 16 14 35 15 3 9 0
1 1 5 4 2 3 3 9 2 7 1 16 14 35 16 6 15 0
5 3 2 5 1 4 1 8 2 7 31 16 19 6 10 4 11 0
5 3 5 4 1 2 1 8 2 7 31 16 19 6 15 1 3 0
4 3 5 1 1 3 1 9 2 7 31 16 14 35 15 6 15 1
2 3 3 6 1 5 1 8 2 7 31 16 14 35 15 4 15 1
2 2 3 4 2 3 4 9 5 7 24 17 6 9 4 3 11 1
5 4 5 2 1 4 1 8 2 7 31 16 14 29 10 6 15 0
5 1 3 6 1 2 3 11 5 7 31 17 6 9 5 1 15 0
3 4 3 6 1 1 1 9 2 7 31 16 14 35 15 3 11 1
2 4 5 5 2 1 3 9 5 7 31 17 6 9 5 3 11 0
1 1 3 6 1 3 1 2 2 7 31 16 14 35 15 4 15 1
3 4 6 6 1 5 1 8 2 7 31 16 14 35 15 6 15 1
1 1 5 5 2 1 3 9 2 7 31 16 14 35 10 6 15 1
3 1 3 3 1 2 3 8 2 7 31 16 14 35 10 6 11 1
1 3 6 4 1 5 3 8 2 7 31 16 14 35 10 4 15 1
4 4 6 4 1 3 1 8 2 7 31 16 19 6 10 1 3 1
4 2 3 3 1 5 1 7 2 7 31 16 19 6 10 4 15 0
4 4 5 1 1 2 1 7 2 7 31 16 14 35 15 6 15 0
3 4 3 2 1 2 1 9 2 7 31 16 14 35 15 4 15 0
5 4 5 6 1 3 1 8 2 7 31 16 14 29 15 4 15 0
4 2 5 2 1 2 1 8 2 7 31 16 19 6 10 4 11 1
3 1 5 3 1 4 1 9 2 7 31 16 14 35 15 1 3 1
3 3 5 5 1 2 4 9 7 7 31 9 16 37 4 1 3 1
3 3 5 6 1 4 1 8 2 7 31 16 14 35 15 4 15 1
1 4 4 2 1 3 1 12 2 7 31 16 14 35 15 6 15 1
5 1 5 3 1 3 1 8 2 7 31 16 19 6 15 4 11 0
3 3 4 6 1 3 1 8 2 7 31 16 14 35 10 6 11 1
4 4 5 3 1 3 1 9 2 7 31 16 14 35 15 6 15 0
1 1 5 3 1 1 4 9 5 3 18 4 21 21 7 6 15 1
1 4 2 5 2 4 1 8 2 7 31 16 14 35 15 6 15 1
4 4 6 6 1 2 1 8 2 7 31 16 19 6 10 6 15 0
1 3 5 6 1 3 1 9 2 7 31 16 14 35 15 6 15 1
5 4 5 1 1 2 1 8 2 7 31 16 19 6 10 4 15 0
4 1 4 3 1 4 1 8 2 7 31 16 14 35 15 4 15 0
5 4 5 6 1 1 1 11 2 7 32 7 15 36 15 1 3 0
5 4 3 5 1 3 1 10 2 7 31 16 19 6 10 6 15 0
4 3 2 4 2 4 1 8 2 7 31 16 14 35 15 6 15 0
4 1 2 2 2 1 1 8 2 7 31 16 14 35 15 6 15 0
1 4 4 4 2 3 4 2 5 3 8 4 21 21 7 1 6 0
5 4 3 6 1 1 1 8 2 7 31 16 14 35 15 6 15 1
3 1 4 3 2 5 3 8 5 7 31 17 6 9 5 6 11 0
5 4 6 6 1 2 1 8 2 7 31 16 19 6 15 6 11 1
4 4 4 2 2 2 1 9 2 7 31 16 14 35 15 4 15 0
5 3 5 1 1 1 1 8 2 7 31 16 19 6 15 4 15 0
4 4 4 6 1 5 1 8 2 7 31 16 19 6 10 6 15 0
4 2 3 1 1 3 1 10 2 7 31 16 14 35 15 6 15 0
3 2 5 5 1 3 1 7 2 7 31 16 14 35 15 4 15 1
5 4 2 1 1 1 1 9 2 7 31 16 19 6 10 4 15 0
5 1 5 4 2 5 1 8 2 7 30 16 19 6 10 6 11 0
2 4 3 3 1 3 1 10 2 7 31 16 14 35 15 4 15 1
4 2 4 5 2 1 3 8 5 7 31 17 6 9 5 6 11 1
5 4 3 2 1 2 1 10 2 7 31 16 19 6 10 4 15 0
4 4 6 4 1 1 1 8 2 7 31 16 14 35 15 6 15 0
4 2 5 6 1 2 3 8 2 7 31 16 14 35 10 6 11 1
5 1 1 1 1 3 3 10 5 7 30 18 20 39 9 1 3 0
5 3 2 2 1 3 1 11 2 7 31 16 19 6 10 4 15 1
5 1 5 6 2 1 1 10 2 7 31 7 13 34 10 1 3 0
2 2 4 1 1 2 3 9 2 7 31 16 14 35 10 6 11 1
4 4 2 6 1 5 1 10 2 7 31 16 19 6 10 4 15 1
4 3 6 4 1 1 4 8 5 7 24 17 6 9 4 6 11 1
3 4 2 5 1 2 3 6 2 7 31 16 14 35 10 2 4 0
4 4 4 2 1 4 1 7 2 7 31 16 19 6 10 1 15 1
1 2 5 4 1 1 3 6 2 7 34 16 14 35 10 3 8 1
5 2 6 5 1 1 1 1 2 7 31 16 19 6 10 1 3 0
3 2 5 3 1 5 1 8 2 7 31 16 14 21 15 1 3 0
4 4 4 1 1 1 2 8 2 7 30 16 19 6 12 6 11 0
4 4 2 5 1 4 1 8 2 7 31 16 19 6 10 6 7 1
5 1 5 3 1 4 1 8 2 7 31 16 14 29 10 2 4 0
2 2 3 2 1 2 4 9 2 7 31 16 14 35 11 4 15 0
3 2 5 3 1 4 1 7 2 7 22 16 14 5 10 6 15 0
5 3 6 2 1 1 1 8 2 7 31 16 19 6 10 1 3 1
5 1 6 6 2 2 1 8 2 7 31 16 19 6 10 1 3 0
1 4 5 1 1 5 1 1 2 7 31 16 14 21 15 6 15 1
3 3 4 4 1 1 3 9 2 7 31 16 14 35 10 6 11 1
5 4 5 1 2 2 1 11 2 7 31 16 14 21 15 6 11 0
5 2 4 3 2 1 1 11 2 4 30 7 15 27 15 1 3 0
3 4 2 6 1 2 1 8 2 7 31 16 14 35 15 6 15 1
1 2 6 5 2 1 4 2 5 3 37 4 27 45 4 3 11 0
5 3 6 3 2 3 1 11 2 7 31 16 19 6 15 1 3 0
3 3 5 1 1 3 3 8 2 7 31 16 14 35 10 4 15 1
5 3 4 3 2 3 1 8 2 7 31 16 19 6 10 1 3 0
4 3 5 5 1 4 1 8 2 7 31 16 14 35 15 1 6 1
4 3 5 6 1 1 2 8 2 7 30 16 14 6 12 6 11 0
4 1 5 4 1 5 4 8 2 7 31 16 19 6 11 6 11 1
4 4 3 4 1 2 1 9 2 7 31 16 19 6 10 6 15 1
5 3 3 4 2 2 1 11 2 7 31 16 19 6 15 1 3 0
3 3 5 6 1 2 1 9 2 7 31 16 19 6 10 1 3 1
5 3 3 1 1 1 1 8 2 7 31 16 19 6 10 6 15 1
4 4 2 1 1 1 1 9 2 7 31 16 19 6 10 4 15 0
5 4 3 1 1 1 1 10 2 7 31 16 19 6 15 6 15 1
5 3 2 2 1 4 1 8 2 7 31 16 19 6 10 4 11 0
4 4 4 3 2 2 1 7 2 7 31 16 14 35 15 6 15 1
5 3 3 5 1 1 1 10 2 7 31 16 19 6 10 6 7 0
3 3 4 2 1 1 1 8 2 7 31 16 14 35 15 6 15 1
4 3 6 6 1 4 1 8 2 7 30 16 19 6 10 6 11 1
5 4 5 6 2 3 1 10 2 7 31 16 19 6 10 1 3 0
2 2 3 5 1 4 1 9 2 7 31 16 14 35 15 6 15 1
4 4 3 2 1 1 1 9 2 7 31 16 14 35 15 6 15 0
4 3 3 1 1 2 3 8 5 7 32 18 20 10 5 6 11 0
4 1 5 2 3 3 1 8 2 7 31 16 14 35 15 6 4 0
5 4 2 2 1 2 1 8 2 7 31 16 14 29 15 6 15 0
3 3 4 6 1 2 1 8 2 7 31 16 14 35 15 1 3 1
5 4 2 4 1 5 1 8 2 7 31 16 19 6 10 4 11 0
5 4 3 5 2 1 1 9 2 7 31 16 14 35 15 6 15 0
2 1 1 3 1 5 3 9 1 7 37 15 18 47 7 1 3 1
4 3 3 2 1 3 1 7 2 7 31 16 19 6 15 1 3 1
5 1 3 1 1 4 3 8 5 7 30 18 20 39 9 1 3 0
4 4 5 4 1 2 1 11 2 7 31 16 14 35 15 6 15 0
3 4 4 3 1 2 1 7 2 7 31 16 14 35 15 4 15 0
3 2 5 2 1 3 1 8 2 7 31 16 14 35 15 6 15 0
1 4 3 3 1 4 1 12 2 7 31 16 14 35 15 6 15 1
2 3 5 5 3 1 1 8 2 7 31 16 14 35 15 6 15 0
5 3 4 4 1 4 1 10 2 7 30 16 19 6 10 1 3 0
5 4 5 4 1 1 1 8 2 7 31 16 14 35 15 4 15 0
4 4 4 1 1 2 1 10 2 7 32 16 19 6 15 6 11 0
3 4 6 4 2 4 1 8 2 7 31 16 14 35 15 6 4 1
5 4 2 3 1 2 1 8 2 7 31 16 19 6 10 6 7 0
4 4 5 1 1 1 1 8 2 7 31 16 14 35 15 6 15 0
2 4 6 3 1 5 1 8 2 7 31 16 14 35 15 6 15 1
5 4 4 2 1 1 1 7 2 7 31 16 19 6 10 4 15 0
5 4 3 3 1 3 1 8 2 7 31 16 19 6 15 4 15 1
5 4 4 1 1 1 1 2 2 7 31 16 19 6 10 6 15 1
5 1 6 6 1 3 1 8 2 7 31 16 19 6 15 4 11 0
5 3 4 6 1 5 1 7 2 7 31 16 19 6 10 6 7 1
5 1 5 2 1 1 1 8 2 7 31 16 19 6 15 1 3 1
4 2 5 5 1 3 1 9 2 7 31 16 14 35 15 6 15 1
5 2 6 2 1 4 1 8 2 7 31 16 19 6 10 1 3 0
4 2 5 5 1 2 1 8 2 7 31 16 14 35 15 6 15 1
2 1 5 3 1 5 1 1 2 7 31 16 14 21 15 1 3 0
4 4 5 4 1 3 1 8 2 7 31 16 19 6 15 4 11 0
5 3 5 4 2 2 1 10 2 4 30 7 15 27 15 1 3 0
5 4 2 4 1 1 1 8 2 7 31 16 19 6 10 4 15 1
3 1 4 1 1 1 3 9 2 7 31 16 14 35 10 4 15 1
4 4 4 5 1 3 1 8 5 7 30 18 20 10 5 1 3 0
5 4 2 6 1 1 1 9 2 7 31 16 14 35 15 1 3 0
3 1 3 5 1 2 1 9 2 7 31 16 14 35 15 1 3 1
2 4 6 4 2 3 1 11 2 7 22 16 14 5 10 6 4 0
3 4 4 4 1 1 1 9 2 7 31 16 19 6 10 1 3 0
3 4 5 4 2 1 1 8 2 7 31 16 19 6 10 4 11 1
4 3 2 6 1 2 1 8 2 7 31 16 14 35 15 1 3 0
4 3 5 6 2 3 3 10 2 7 31 16 14 35 10 1 4 1
5 2 4 6 1 5 1 8 2 4 32 7 15 27 15 6 11 0
5 4 5 4 1 1 1 8 2 7 31 16 19 6 10 6 15 0
2 3 5 6 1 4 1 9 2 7 31 16 19 6 10 1 3 1
3 4 5 6 1 4 1 7 2 7 31 16 19 6 10 6 7 1
2 1 5 4 1 4 3 8 5 7 31 17 6 9 5 6 11 1
5 4 5 3 1 2 1 11 2 7 31 16 19 6 10 4 11 0
5 1 5 4 1 3 1 8 2 7 31 16 19 6 10 4 15 0
4 3 3 1 2 5 2 8 2 7 30 16 19 6 12 6 11 0
5 1 3 4 1 3 1 8 2 7 31 16 19 6 10 4 15 0
2 3 4 4 1 2 1 2 2 7 31 16 14 35 15 6 15 1
2 4 3 4 1 5 1 10 2 7 31 16 14 35 15 1 3 1
4 3 3 1 1 3 1 8 2 7 30 16 19 6 10 6 11 0
5 2 4 6 1 5 1 8 2 7 32 7 15 36 15 1 3 1
4 2 4 1 2 5 1 8 2 7 31 16 19 6 10 3 9 1
5 3 5 5 1 1 1 8 2 7 31 16 19 6 10 1 3 0
5 3 4 6 1 1 1 8 2 7 32 7 15 36 15 1 3 0
4 2 4 5 2 3 1 8 5 7 32 18 20 28 9 6 11 0
4 1 1 6 1 2 1 8 2 7 32 16 14 5 10 6 11 0
5 4 2 2 1 2 1 9 2 7 31 16 14 35 15 6 15 0
5 2 1 6 1 2 1 8 2 7 31 16 19 6 15 6 7 0
5 4 3 5 1 1 1 8 2 7 32 16 19 6 15 1 3 0
3 3 4 1 1 1 1 8 2 7 31 16 14 35 15 4 15 1
4 4 4 4 1 1 1 8 2 7 31 16 14 35 15 1 4 1
4 4 6 4 1 5 1 8 2 7 31 16 19 6 15 6 11 0
3 4 4 5 1 4 2 9 2 7 30 16 14 6 12 6 11 1
3 4 2 4 1 4 1 8 2 7 31 16 19 6 10 1 3 1
5 3 4 4 1 5 1 8 2 7 31 16 19 6 10 4 15 0
1 1 5 3 2 3 3 9 5 7 31 17 6 9 5 6 11 1
5 4 6 3 1 1 1 8 2 7 31 16 19 6 10 4 15 1
5 4 2 5 1 4 1 8 2 4 30 7 15 27 15 1 3 0
5 4 3 6 1 3 1 8 2 7 31 16 19 6 10 6 15 0
4 3 3 3 1 3 2 8 2 7 32 16 19 6 12 6 11 0
3 3 6 2 1 3 1 8 2 7 31 16 14 35 15 4 15 0
5 2 4 6 1 1 1 8 2 4 32 7 15 27 15 1 3 0
4 3 4 1 1 1 1 9 5 7 32 18 20 28 9 6 11 0
4 4 5 2 1 3 1 11 5 7 32 18 20 28 9 6 11 0
2 2 4 3 1 1 3 11 2 7 31 16 14 35 10 6 11 1
4 4 3 5 1 5 1 11 2 7 31 16 14 21 15 1 3 0
3 3 2 2 1 5 1 8 2 7 31 16 14 35 15 6 15 0
3 1 4 4 1 3 3 8 5 7 31 17 6 9 5 3 12 0
5 1 3 6 2 1 1 8 2 7 31 16 19 6 15 1 3 0
4 3 4 6 1 2 1 11 2 7 31 16 19 6 15 1 3 1
5 4 4 2 1 2 1 8 2 7 31 16 19 6 10 6 15 0
4 1 5 1 1 4 1 8 2 7 31 16 19 6 15 4 11 0
5 4 5 1 1 2 1 8 2 7 31 16 19 6 10 6 15 0
2 4 4 3 1 1 1 7 2 7 31 16 14 35 15 4 15 1
5 4 2 5 1 2 1 8 2 7 31 16 19 6 10 4 15 0
5 3 6 6 1 2 1 8 2 7 30 16 19 6 10 1 3 0
5 4 2 2 1 1 1 8 2 7 31 16 19 6 10 6 7 0
3 4 4 6 2 5 1 7 2 7 31 16 19 6 10 1 3 1
1 2 4 3 1 1 1 10 2 7 31 16 14 35 10 6 2 0
5 4 3 1 1 2 1 8 2 7 31 16 14 35 15 6 15 0
4 3 5 4 1 2 1 8 2 7 31 16 14 35 15 6 15 1
5 4 4 6 1 1 1 11 2 7 31 16 19 6 15 6 7 0
4 4 6 1 1 2 2 8 2 7 32 16 19 6 12 6 11 0
3 4 4 4 1 3 1 9 2 7 31 16 19 6 10 6 15 0
3 3 5 4 1 3 1 8 2 7 31 16 14 35 15 6 15 1
3 3 5 4 1 4 1 8 2 7 31 16 14 35 15 6 15 1
4 4 5 5 1 3 1 9 2 7 31 16 19 6 10 4 15 0
5 3 4 4 1 1 1 8 2 7 31 16 14 29 10 6 15 0
5 3 5 2 1 2 1 8 2 7 31 16 19 6 10 4 15 1
4 3 6 3 1 5 1 3 2 7 31 16 19 6 10 3 9 1
3 2 4 5 1 1 3 8 2 7 31 16 14 35 10 4 15 1
5 4 3 2 1 1 1 9 2 7 31 16 14 35 15 4 15 0
5 2 6 2 1 3 1 11 2 7 31 16 19 6 10 4 15 1
4 4 3 1 1 3 2 8 2 7 30 16 19 6 12 6 11 0
3 3 4 3 1 1 1 8 2 7 31 16 14 35 15 4 15 0
2 3 5 3 1 4 1 8 2 7 31 16 14 35 15 6 15 1
3 2 4 4 1 3 1 7 2 7 32 16 14 5 10 6 11 0
4 3 5 5 1 2 1 8 2 7 31 16 14 35 15 1 4 1
3 4 5 1 1 5 1 8 2 7 31 16 14 21 15 6 15 1
5 3 4 6 1 2 1 8 2 7 31 16 19 6 15 1 3 0
4 1 3 5 1 3 3 8 2 7 31 16 14 35 10 1 3 0
5 2 6 5 1 2 1 8 2 7 31 16 14 35 15 4 15 0
4 1 4 5 1 1 1 9 2 7 31 16 19 6 10 4 11 0
5 4 5 6 1 1 1 11 2 7 31 16 19 6 15 1 3 0
2 3 5 4 2 5 1 8 2 7 32 16 14 5 10 6 11 1
3 3 6 6 1 4 1 9 2 7 31 16 19 6 10 6 7 1
3 2 6 4 2 5 1 8 2 7 31 16 14 35 15 6 4 1
5 4 5 2 1 4 1 8 2 7 31 16 19 6 10 4 11 0
5 4 5 4 1 2 1 8 2 7 31 16 19 6 10 4 15 0
3 4 5 4 1 2 1 11 2 7 31 16 14 35 15 4 15 0
4 1 5 6 1 1 4 8 5 7 33 17 6 9 7 2 4 0
2 2 5 5 1 5 1 9 2 7 31 16 14 35 15 6 15 1
5 2 4 5 1 1 1 8 2 7 31 16 19 6 10 1 3 0
4 3 4 5 1 3 1 8 2 7 31 16 19 6 10 1 3 1
1 3 2 2 2 2 1 8 2 7 31 16 14 35 15 7 15 1
2 2 6 3 1 5 4 8 5 7 24 17 6 9 4 6 11 1
4 4 4 1 1 2 2 9 2 7 30 16 19 6 12 6 11 1
3 4 6 6 1 2 1 8 2 7 31 16 14 35 10 6 11 1
3 3 6 1 1 1 1 8 2 7 31 16 14 35 15 4 15 0
2 4 5 1 1 5 1 8 2 7 31 16 14 21 15 6 15 1
3 2 5 2 1 5 3 8 2 7 31 16 14 35 10 6 11 1
1 3 3 4 2 4 3 11 2 7 36 16 14 35 12 3 9 1
3 4 3 3 1 3 1 8 2 7 31 16 14 35 15 4 15 0
5 3 5 6 1 5 1 10 2 7 32 7 15 36 15 1 3 0
1 1 5 5 1 5 1 8 2 7 31 16 14 35 15 6 4 1
4 1 2 2 2 4 2 8 2 7 32 16 19 6 12 6 11 1
5 4 3 6 1 1 1 11 2 7 31 16 19 6 10 6 15 0
4 4 4 6 1 3 1 7 2 7 31 16 14 35 15 6 15 0
5 2 3 3 1 2 1 8 2 7 31 16 19 6 15 3 9 0
2 2 4 1 1 3 1 9 2 7 31 16 14 21 15 6 11 0
2 2 4 1 1 3 2 9 2 7 30 16 19 6 12 6 11 0
5 3 5 5 1 4 1 11 2 7 31 16 14 35 15 6 15 0
3 3 3 2 1 1 1 9 2 7 31 16 14 35 15 4 15 1
4 1 6 1 1 1 1 8 2 7 31 16 14 35 15 6 15 0
5 1 5 5 1 1 1 11 2 7 32 7 15 36 15 1 3 0
4 2 5 2 2 2 1 11 2 7 31 16 14 35 15 6 4 1
4 4 4 3 2 2 1 8 2 7 31 16 14 35 15 6 4 1
5 3 4 2 1 4 1 8 2 7 31 16 19 6 10 4 15 0
4 4 6 2 1 5 2 8 2 7 30 16 19 6 12 6 11 0
2 2 2 3 1 3 3 8 2 7 31 16 14 35 10 6 11 1
5 1 4 6 1 2 3 8 2 7 31 16 14 35 10 6 11 1
5 4 2 3 2 1 1 9 2 7 31 16 14 35 15 6 15 0
5 1 3 5 1 3 1 8 2 7 32 16 19 6 15 1 3 0
3 3 4 2 1 2 4 9 2 7 31 16 14 35 11 4 15 0
5 4 2 3 1 1 1 8 2 7 31 16 14 21 15 6 15 0
3 4 5 2 1 2 1 9 2 7 31 16 14 35 15 4 15 1
4 4 3 3 1 4 1 8 2 7 31 16 19 6 15 6 11 0
2 2 5 2 1 2 1 8 2 7 31 16 14 35 15 4 15 1
3 2 5 1 1 4 1 8 2 7 31 16 14 35 15 6 4 1
5 4 2 6 2 2 1 9 2 7 31 16 19 6 10 4 11 0
2 4 6 5 2 3 1 8 2 7 31 16 14 35 15 6 4 1
4 4 5 1 1 3 2 7 2 7 30 16 19 6 12 6 11 1
3 4 5 1 1 2 1 8 2 7 31 16 19 6 10 6 15 0
4 4 4 1 1 2 4 8 2 7 31 16 14 35 11 4 15 1
5 2 5 5 1 2 1 11 2 7 31 16 19 6 10 4 11 0
1 4 6 3 2 3 3 8 5 7 31 17 6 9 5 3 11 0
5 4 4 2 1 2 1 10 2 7 31 16 19 6 15 6 15 0
3 3 6 4 1 2 1 9 2 7 31 16 14 35 15 1 3 1
5 4 5 6 2 1 3 8 5 7 32 18 20 39 9 1 3 0
4 4 2 4 1 4 1 9 2 7 31 16 19 6 10 4 11 0
5 4 5 1 1 1 1 11 2 7 31 16 19 6 15 4 15 1
3 2 6 4 1 4 1 8 2 7 31 16 19 6 10 4 11 1
2 4 4 5 1 4 3 2 2 7 1 16 14 35 16 6 15 1
5 3 4 5 1 1 1 8 2 7 31 16 19 6 15 6 15 0
5 4 3 4 1 2 1 8 2 7 31 16 19 6 15 1 3 0
3 2 3 5 1 3 1 7 2 7 31 16 14 35 15 1 3 1
5 4 3 2 1 1 1 8 2 7 31 16 14 29 10 2 4 0
3 1 2 4 1 3 3 8 5 7 31 17 6 9 5 6 11 1
5 3 5 6 2 3 1 8 2 7 31 16 19 6 10 1 3 0
2 4 6 5 1 4 1 9 2 7 31 16 14 35 15 6 15 1
3 4 2 5 1 2 1 9 2 7 31 16 19 6 10 6 7 1
2 1 4 3 1 2 1 9 2 7 31 16 14 35 15 6 15 0
4 4 6 4 2 3 1 8 2 7 31 16 14 35 15 6 15 1
1 2 5 5 2 5 3 10 2 7 31 16 14 35 10 4 15 1
3 2 5 6 1 4 3 11 2 7 31 16 14 35 10 6 11 1
1 1 4 4 1 5 4 8 5 3 17 4 27 1 7 6 11 1
5 4 4 1 1 3 2 10 2 7 32 16 19 6 12 6 11 0
1 4 3 3 1 2 3 8 2 7 31 16 14 35 10 6 2 1
1 4 5 3 1 2 1 3 2 7 22 16 14 5 10 6 4 1
3 2 4 2 1 2 3 8 2 7 31 16 14 35 10 6 11 1
1 3 4 4 2 4 4 9 5 3 37 4 27 45 4 3 11 0
2 4 4 4 1 5 1 8 2 7 31 16 14 35 15 6 15 1
2 4 3 5 1 1 3 8 5 7 23 14 22 11 7 6 11 1
5 4 5 6 1 4 1 8 2 7 31 16 19 6 10 6 7 0
5 1 3 3 1 2 1 7 2 7 31 16 19 6 15 4 15 1
4 2 3 3 2 1 1 9 2 7 30 16 19 6 10 6 11 0
5 4 3 6 2 3 1 9 2 7 31 16 14 35 15 4 15 0
2 4 5 5 1 4 3 3 2 3 13 2 10 4 13 1 3 1
4 4 6 5 1 4 1 8 2 7 31 16 14 35 15 6 15 1
2 3 3 2 1 1 1 9 2 7 31 16 14 35 15 4 15 1
3 4 5 5 1 2 1 9 2 7 31 16 19 6 10 1 3 1
1 3 6 6 2 3 1 8 2 7 31 16 14 35 15 6 15 1
4 1 4 6 1 5 4 8 5 7 24 17 6 9 4 6 11 0
3 3 4 6 1 4 1 9 2 7 31 16 14 35 15 4 15 1
3 1 6 6 1 1 1 9 2 7 31 16 14 35 15 1 3 1
5 1 5 3 1 4 1 8 2 7 31 16 19 6 10 1 3 0
5 4 4 3 1 4 1 8 2 7 31 16 19 6 10 4 11 0
4 4 3 3 1 3 1 8 2 7 31 16 14 35 15 4 15 0
2 4 4 4 2 4 1 10 2 7 31 16 14 35 15 3 9 1
5 3 6 3 1 2 1 8 2 7 31 16 19 6 10 1 3 0
2 4 5 6 1 5 1 9 2 7 31 16 14 35 15 1 3 1
4 1 1 2 1 4 1 8 2 7 31 16 19 6 15 4 11 0
2 2 3 5 2 2 3 8 5 7 31 17 6 9 5 6 11 0
5 4 5 5 1 3 1 8 2 7 31 16 19 6 15 1 3 0
1 4 4 2 1 1 1 9 2 7 31 16 14 35 15 4 15 1
4 4 4 2 1 2 1 9 2 7 31 16 19 6 15 6 15 0
3 2 5 6 1 5 1 8 2 7 31 16 14 35 15 6 15 0
3 2 5 2 1 1 1 9 2 7 31 16 14 35 15 4 15 1
2 2 2 4 1 3 4 9 2 7 24 16 14 35 11 4 15 1
5 4 5 2 1 3 1 8 2 7 31 16 19 6 15 4 15 0
3 3 5 3 2 4 1 9 2 7 31 16 14 35 15 3 9 1
4 4 4 5 1 2 1 9 2 7 31 16 14 35 15 6 15 1
5 1 4 6 1 2 3 8 2 7 31 16 14 35 10 6 11 0
5 1 5 6 1 1 1 8 2 7 31 16 19 6 15 1 3 0
5 3 3 1 1 5 1 8 2 7 31 16 19 6 15 1 3 0
5 2 4 6 1 2 3 11 5 7 32 18 20 10 5 1 3 0
3 3 6 5 1 3 4 9 2 7 31 16 19 6 11 4 15 1
4 4 2 6 1 2 1 9 2 7 31 16 14 35 10 6 11 0
3 1 5 3 2 3 1 9 2 7 31 16 14 35 15 4 15 1
2 2 3 2 1 2 1 8 2 7 31 16 14 35 15 4 15 1
4 4 4 2 1 4 1 2 2 7 31 16 19 6 10 6 15 1
3 4 5 2 1 1 1 8 2 7 31 16 14 35 15 6 15 0
2 3 3 4 2 4 3 9 5 7 31 17 6 9 5 3 11 0
5 4 5 3 1 3 1 10 2 7 31 16 14 35 15 4 15 0
3 3 2 5 2 2 3 8 2 7 31 16 14 35 10 1 4 0
3 3 4 3 1 3 1 9 2 7 31 16 19 6 10 6 15 0
2 2 5 5 2 2 1 11 2 7 31 16 14 35 15 6 15 1
3 2 4 5 2 4 1 8 2 7 31 16 14 35 15 3 9 0
5 2 4 1 1 1 1 8 2 7 31 16 19 6 10 6 15 1
4 4 2 1 1 3 1 9 2 7 31 16 19 6 10 4 15 0
4 4 4 5 1 3 1 9 2 7 31 16 14 35 15 4 15 0
5 3 5 3 1 2 1 8 5 7 32 18 20 28 9 6 11 0
4 4 2 1 1 1 1 9 2 7 31 16 19 6 10 4 15 1
4 1 5 6 1 4 1 8 2 7 30 16 19 6 10 6 11 0
5 3 3 4 2 4 1 8 2 7 31 16 19 6 15 4 11 0
4 4 5 4 1 3 1 9 2 7 31 16 19 6 15 6 15 0
5 3 6 5 2 1 1 8 2 7 31 16 19 6 15 4 15 0
5 1 3 3 1 2 1 8 2 7 31 16 14 29 15 6 15 0
4 3 5 3 1 2 1 9 2 7 31 16 19 6 10 6 15 0
5 4 6 2 1 2 2 10 2 7 30 16 19 6 12 6 11 0
3 4 6 4 2 5 1 8 2 7 31 16 14 35 15 6 15 1
5 2 5 1 1 1 1 8 2 7 31 7 13 34 15 6 15 0
4 4 4 3 1 3 1 8 2 7 31 16 14 35 15 4 15 0
3 3 5 4 1 2 1 8 2 7 31 16 14 35 15 6 15 1
1 4 3 6 1 4 1 2 2 7 31 16 14 35 15 6 15 1
2 2 3 5 1 3 3 7 2 7 1 16 14 35 16 1 3 1
5 3 5 4 2 2 1 8 2 7 31 16 19 6 15 1 15 0
4 4 4 5 1 4 1 9 2 7 31 16 19 6 10 1 3 1
2 4 4 2 1 2 1 8 2 7 31 16 14 35 10 6 11 0
3 3 3 4 1 5 1 9 2 7 31 16 19 6 15 6 11 1
5 2 4 6 2 2 1 10 2 7 31 16 19 6 10 4 15 0
4 4 1 6 1 2 1 8 2 7 31 16 14 35 15 6 15 0
2 2 3 4 3 2 4 10 5 7 24 17 6 9 4 3 11 0
5 4 4 5 1 4 1 10 2 7 31 16 14 35 15 4 15 0
5 1 3 6 2 2 1 8 2 7 31 16 19 6 15 1 3 1
4 4 5 4 1 2 1 9 2 7 31 16 14 35 15 4 15 0
4 4 3 5 1 3 1 8 2 7 31 16 19 6 10 1 3 1
4 4 3 6 1 4 1 7 2 7 31 16 19 6 10 1 3 1
4 1 6 6 2 4 1 8 2 7 30 16 19 6 10 6 11 0
3 4 3 3 1 2 1 9 2 7 31 16 14 35 15 4 15 0
5 4 4 4 1 1 1 8 2 7 31 16 19 6 15 6 15 0
2 1 5 2 1 2 3 11 5 7 31 17 6 9 5 6 11 1
2 3 4 3 1 3 1 9 2 7 31 16 14 35 15 3 9 1
4 3 4 1 1 5 3 10 5 7 30 18 20 10 5 6 11 0
3 3 5 4 2 5 3 11 2 7 31 16 14 35 10 1 6 1
5 1 4 6 1 1 1 8 2 7 31 16 19 6 10 1 3 0
2 2 3 2 1 3 1 8 2 7 31 16 14 35 15 4 15 0
4 4 3 5 1 1 1 9 2 7 31 16 14 35 15 6 15 1
1 1 5 5 1 2 1 14 3 3 10 3 26 44 16 3 8 0
5 4 5 5 1 3 1 8 2 7 31 16 19 6 10 6 15 1
5 4 5 6 1 3 1 8 2 7 31 16 19 6 15 1 3 1
4 2 2 3 2 3 1 8 2 7 31 16 14 35 15 6 4 1
1 3 4 4 1 3 4 2 5 3 8 4 21 21 7 6 15 1
3 1 4 4 1 3 1 7 2 7 31 16 14 35 15 4 15 1
5 2 5 5 2 1 1 8 2 7 31 16 19 6 15 4 15 0
4 4 6 3 1 3 1 11 2 7 31 16 19 6 10 4 11 0
1 3 5 4 2 3 1 8 2 7 31 16 14 35 15 6 15 1
5 3 5 6 1 2 4 8 5 7 32 10 2 26 9 1 3 0
5 1 3 5 1 1 4 8 2 7 31 7 13 34 15 1 3 0
2 1 6 5 1 1 4 11 5 7 24 17 6 9 4 6 11 1
5 3 1 2 1 5 1 8 2 7 31 16 19 6 10 4 15 0
5 2 4 2 1 4 1 11 2 7 31 16 19 6 15 1 3 0
5 4 5 1 2 1 1 10 2 7 31 16 14 35 15 6 15 0
1 1 6 4 3 2 4 3 5 3 37 4 27 45 4 3 11 1
1 1 4 5 1 3 3 8 2 7 31 16 14 35 10 6 11 0
3 4 6 2 1 3 1 8 2 7 31 16 14 35 10 6 11 0
3 4 4 4 1 2 3 8 2 7 31 16 14 35 10 6 11 1
5 3 5 5 1 2 1 7 2 7 31 16 19 6 10 1 3 1
1 3 6 4 2 5 1 9 2 7 31 16 14 35 15 6 15 1
4 1 1 1 1 1 1 9 2 7 31 16 14 35 15 4 15 0
5 2 5 1 1 3 1 8 2 7 31 16 14 35 15 4 15 0
2 3 2 6 2 4 1 8 2 7 31 16 14 35 15 6 4 1
3 3 5 5 2 4 1 8 2 7 31 16 14 35 15 6 15 0
4 3 3 1 1 2 2 8 2 7 30 16 19 6 12 6 11 0
5 3 2 6 1 1 1 10 2 4 32 7 15 27 15 1 3 0
5 4 4 6 1 1 1 11 2 7 31 16 19 6 10 1 3 0
5 4 3 2 2 1 1 8 2 7 31 16 19 6 15 1 3 1
5 4 4 3 1 1 1 10 2 7 31 16 19 6 15 6 15 1
1 4 4 5 1 4 3 9 2 7 31 16 14 35 10 6 11 1
5 4 4 6 2 1 1 8 2 7 31 16 19 6 15 6 7 0
3 3 5 6 2 4 1 8 2 7 31 16 14 35 15 6 4 1
5 4 5 4 1 4 1 3 2 7 30 16 19 6 10 1 3 0
5 2 4 1 1 2 1 8 2 7 30 16 19 6 10 6 11 0
5 4 4 3 1 2 1 10 2 7 31 16 19 6 10 6 7 0
4 4 4 6 1 3 1 7 2 7 31 16 19 6 10 1 3 0
5 4 5 6 1 2 1 8 5 7 32 18 20 28 9 6 11 0
5 3 6 3 1 4 1 8 2 7 31 16 19 6 10 1 3 1
3 4 5 4 1 4 1 8 2 7 31 16 19 6 10 6 15 0
4 4 4 4 1 1 1 8 2 7 31 16 14 35 10 1 3 0
4 2 5 6 1 1 3 9 2 7 31 16 14 35 10 6 11 1
5 2 5 2 1 2 1 8 2 7 31 16 19 6 10 6 15 0
3 2 4 3 1 4 1 8 2 7 31 16 14 35 15 3 9 1
2 3 5 4 2 4 1 8 2 7 31 16 14 35 15 6 15 1
5 4 4 1 1 1 1 8 2 7 31 16 14 29 10 4 15 0
4 4 2 1 1 3 2 10 2 7 30 16 19 6 12 6 11 1
5 2 3 5 1 4 2 8 2 7 30 16 19 6 12 6 11 1
3 4 3 4 2 3 1 9 2 7 31 16 14 35 15 6 15 1
5 4 5 2 1 1 1 8 2 7 31 16 14 35 15 6 15 1
5 4 3 2 1 1 1 8 2 7 31 16 14 21 15 6 7 0
3 4 2 4 1 3 1 8 2 7 31 16 14 35 15 6 15 0
2 3 5 5 1 3 3 2 2 3 13 2 10 4 13 1 3 1
3 3 5 6 1 3 1 8 2 7 31 16 14 35 10 6 11 1
5 4 2 5 2 2 1 8 2 7 31 16 19 6 10 1 3 0
5 3 3 6 1 4 2 8 2 7 30 16 19 6 12 6 11 0
5 1 3 1 1 1 1 8 2 7 31 16 14 35 15 6 15 0
3 3 3 3 1 1 3 10 2 7 31 16 14 35 10 6 11 1
2 4 5 3 1 5 1 9 2 7 31 16 14 35 15 6 15 1
4 4 3 6 1 2 1 9 2 7 31 16 14 35 15 1 3 1
1 3 2 5 1 2 3 10 5 7 23 14 22 11 7 6 11 1
5 4 6 4 1 4 1 8 2 7 31 16 19 6 10 6 15 1
2 1 5 2 1 1 1 9 2 7 31 16 14 35 15 4 15 1
5 2 5 2 1 4 2 10 2 7 32 16 19 6 12 6 11 0
2 2 5 4 1 5 1 8 2 7 31 16 14 35 15 6 4 1
1 2 5 1 1 3 3 9 5 7 37 14 22 41 7 6 11 1
1 3 5 6 1 4 1 8 2 7 31 16 14 35 15 6 15 1
4 4 5 2 1 3 1 8 2 7 31 16 19 6 10 1 15 0
3 3 4 4 1 1 1 9 2 7 31 16 14 35 15 4 15 1
5 4 5 3 1 3 2 10 2 7 30 16 19 6 12 6 11 0
2 3 4 5 1 1 1 7 2 7 31 16 14 35 15 6 15 1
3 4 4 2 1 5 1 8 2 7 31 16 14 35 15 6 15 1
4 3 5 4 1 2 1 8 2 7 31 16 14 35 15 3 9 0
5 4 4 5 2 1 1 8 2 7 31 16 19 6 10 6 15 0
5 2 5 3 1 1 1 8 2 7 31 16 19 6 15 1 3 0
2 4 4 3 2 4 3 9 5 7 31 17 6 9 5 6 11 0
3 2 5 3 1 4 4 8 2 7 24 16 14 35 11 3 8 0
5 1 4 4 1 4 1 8 2 7 31 16 19 6 10 6 15 1
5 4 6 6 1 1 2 8 2 7 30 16 19 6 12 1 3 0
3 4 4 1 1 2 1 8 2 7 31 16 14 35 10 6 11 0
4 2 4 2 1 3 1 8 2 7 31 16 14 35 15 6 15 0
5 4 4 2 1 4 1 8 2 7 31 16 14 35 15 4 15 0
5 2 4 3 1 4 1 8 2 7 31 16 19 6 10 6 11 0
5 1 3 1 2 3 1 8 2 7 31 16 14 35 15 6 4 0
1 2 3 3 2 2 4 7 5 7 1 17 6 9 5 4 15 1
5 4 5 4 1 4 1 8 2 7 31 16 19 6 10 1 3 0
4 4 3 5 1 5 1 7 2 7 31 16 14 35 15 6 15 1
1 4 2 3 1 3 3 8 5 7 31 17 6 9 5 6 11 0
5 1 5 6 2 5 1 8 2 7 31 16 19 6 15 3 9 0
1 2 5 2 2 3 3 2 2 7 31 16 14 35 10 3 8 1
5 1 1 2 1 2 4 10 2 7 31 16 19 6 10 1 3 0
4 3 4 6 1 1 1 8 5 7 32 18 20 28 9 6 11 0
5 2 4 1 1 2 2 8 2 7 32 16 19 6 12 6 11 0
5 4 5 6 1 1 3 8 5 7 32 18 20 39 9 1 3 0
5 4 4 6 1 1 1 8 2 7 31 16 19 6 10 1 3 0
3 3 4 6 1 5 1 7 2 7 31 16 14 35 15 6 7 1
5 3 3 2 2 3 1 10 2 7 31 16 19 6 10 1 3 0
4 4 2 1 1 3 2 8 2 7 30 16 19 6 12 6 11 0
5 3 3 5 1 1 1 10 2 7 31 16 19 6 15 4 11 1
3 3 4 6 1 3 1 8 2 7 31 16 14 35 10 6 11 1
3 2 5 2 1 2 1 9 2 7 31 16 14 35 15 4 15 1
5 4 4 6 1 5 1 11 2 7 32 7 15 36 15 1 3 0
5 4 4 1 2 4 1 11 2 7 30 16 19 6 10 6 11 0
5 3 2 4 1 3 1 8 2 7 31 16 19 6 15 1 3 0
4 2 6 6 1 3 1 8 2 7 31 16 19 6 10 6 11 1
5 3 5 1 1 2 2 8 2 7 32 16 19 6 12 6 11 0
3 1 6 3 1 3 3 11 5 7 23 14 22 11 7 2 4 0
1 2 3 5 2 5 4 2 5 3 8 4 21 21 7 6 15 1
5 4 2 5 1 2 1 8 2 7 31 16 19 6 10 6 7 0
3 4 5 1 1 4 1 10 2 7 32 16 19 6 15 6 11 0
3 4 5 3 2 1 1 10 2 7 31 16 14 35 15 6 15 1
5 4 5 1 1 4 1 10 2 7 32 16 19 6 15 1 3 0
5 4 5 4 1 1 1 10 2 7 32 7 15 36 15 1 3 0
5 4 3 2 1 1 1 8 2 7 31 16 19 6 15 6 7 0
4 1 2 4 1 4 2 8 2 7 30 16 14 6 12 6 11 0
5 4 5 1 1 3 1 8 2 7 31 16 19 6 10 6 15 0
5 3 5 6 1 3 1 8 2 7 31 16 19 6 10 6 7 0
2 3 3 4 2 2 3 11 5 7 31 17 6 9 5 6 11 1
1 3 5 5 1 5 3 8 2 7 34 16 14 35 10 7 15 1
4 4 3 3 1 2 1 9 2 7 31 16 14 35 15 4 15 0
5 4 4 4 1 2 1 9 2 7 31 16 14 35 15 6 15 1
4 4 4 2 1 1 1 8 2 7 31 16 14 35 15 6 15 1
5 1 5 1 1 1 1 8 2 7 31 16 19 6 10 6 15 0
4 2 5 3 1 1 1 8 2 7 31 16 14 35 15 3 9 1
5 4 5 1 1 2 1 8 2 7 31 16 14 29 15 6 15 0
4 4 5 6 1 1 3 8 2 7 31 16 14 35 10 6 11 0
5 4 5 6 1 1 2 8 5 7 30 18 20 39 9 6 7 0
4 4 4 3 1 4 2 8 2 7 30 16 19 6 12 6 11 0
3 3 4 6 1 1 1 8 2 7 31 16 14 35 10 6 11 1
1 2 3 5 2 3 1 8 2 7 31 16 14 35 15 6 15 1
2 2 5 5 2 5 4 8 2 7 24 16 14 35 11 3 9 1
1 2 3 3 2 4 3 8 5 7 31 17 6 9 5 6 11 1
5 4 5 2 1 3 1 8 2 7 31 16 19 6 15 4 15 0
1 4 5 3 1 3 3 8 2 7 31 16 14 35 10 4 15 1
5 3 4 4 1 2 1 8 2 7 31 16 19 6 10 4 11 0
4 4 3 5 2 3 1 9 2 7 31 16 19 6 10 1 3 0
4 4 5 6 1 4 1 10 2 7 31 16 19 6 15 6 7 0
5 4 4 1 1 3 1 8 2 7 31 16 19 6 10 6 7 0
4 1 5 6 1 1 1 8 2 7 31 16 14 35 15 1 4 0
3 4 4 5 1 4 1 9 2 7 31 16 19 6 10 1 3 1
4 4 3 3 2 2 1 9 2 7 31 16 14 35 15 6 15 1
5 3 3 2 2 1 1 8 2 7 31 16 14 35 15 6 15 0
2 2 4 2 1 2 3 8 2 7 31 16 14 35 10 6 11 1
3 1 4 4 1 4 3 8 5 7 31 17 6 9 5 6 15 1
3 3 5 3 1 5 4 8 5 7 24 17 6 9 4 6 11 1
4 4 5 2 1 1 2 10 2 7 30 16 19 6 12 6 11 0
5 2 3 2 1 2 1 9 2 7 31 16 19 6 10 6 15 0
2 2 6 3 1 5 4 8 5 7 24 17 6 9 4 6 11 1
5 4 2 1 1 3 1 8 2 7 31 16 14 21 15 6 15 0
4 4 4 4 1 1 1 8 2 7 31 16 14 35 15 1 4 1
4 4 4 2 1 5 1 9 2 7 31 16 14 35 15 6 15 0
5 3 5 5 1 1 1 8 2 7 31 16 19 6 15 1 3 0
5 3 4 4 2 3 1 8 2 7 31 16 19 6 15 4 11 0
5 2 3 6 1 3 3 8 5 7 32 17 6 9 5 1 3 0
4 4 5 2 1 2 1 9 2 7 31 16 14 35 15 4 15 0
5 4 3 4 1 1 1 8 2 7 31 16 19 6 10 6 15 0
3 2 5 2 2 1 3 8 2 7 31 16 14 35 10 4 15 1
5 2 4 3 1 2 1 8 2 7 31 16 14 35 15 6 15 0
5 4 5 1 1 2 1 8 2 7 31 16 19 6 15 6 15 0
5 2 5 2 1 1 1 8 2 7 31 16 14 35 15 6 15 0
3 4 4 4 1 2 3 8 5 7 31 17 6 9 5 6 11 0
3 3 5 2 1 2 3 7 2 7 31 16 14 35 10 4 15 1
5 4 6 1 1 4 1 8 2 7 31 16 14 35 15 6 15 0
4 1 5 4 1 4 1 8 2 7 31 16 14 35 15 6 15 0
3 4 4 2 2 1 3 9 2 7 31 16 14 35 10 4 15 1
5 2 3 4 1 2 1 8 2 7 31 16 19 6 10 6 15 1
5 3 6 3 3 4 1 11 2 7 31 16 19 6 10 1 3 0
3 3 4 4 1 3 3 8 5 7 31 17 6 9 5 6 11 1
5 2 4 1 1 5 1 10 2 7 31 16 19 6 10 4 15 0
3 4 4 5 1 3 1 8 2 7 31 16 14 35 10 6 11 1
5 4 4 5 1 1 1 8 2 7 31 16 19 6 10 4 15 0
2 4 2 4 1 2 1 9 2 7 31 16 14 35 15 3 9 1
5 2 3 2 2 2 1 8 2 7 31 16 19 6 15 6 15 0
5 4 4 3 1 1 1 10 2 7 31 16 19 6 10 6 7 0
4 4 4 2 1 1 1 7 2 7 31 16 14 35 15 6 15 1
2 4 5 6 1 3 1 9 2 7 31 16 19 6 10 6 7 1
3 1 4 5 1 1 3 8 2 7 31 16 14 35 10 4 15 1
5 4 5 2 1 1 1 8 2 7 32 7 15 36 15 1 3 0
4 4 3 2 1 2 1 9 2 7 31 16 14 35 15 6 15 0
5 3 3 6 1 1 1 8 5 7 32 10 5 48 9 1 3 0
1 1 5 3 2 5 3 8 5 7 23 14 22 11 7 6 11 1
4 1 2 6 1 4 3 8 5 7 33 17 6 9 5 2 4 0
4 4 4 1 1 2 1 8 2 7 31 16 19 6 15 6 15 0
5 2 3 6 2 4 1 8 2 7 32 7 15 36 15 6 11 0
4 2 3 3 1 4 1 8 2 7 31 16 14 35 15 6 15 0
2 4 6 2 1 5 1 8 2 7 31 16 14 35 15 6 15 0
5 1 3 1 1 3 1 8 2 7 31 16 19 6 15 1 3 0
5 4 3 3 1 1 1 10 2 7 31 7 13 34 10 6 15 0
5 4 4 1 1 1 1 8 2 7 31 16 19 6 10 6 15 0
4 4 2 2 1 2 1 10 2 7 31 16 19 6 10 4 15 0
3 4 4 2 1 1 1 9 2 7 31 16 14 35 15 4 15 1
5 4 3 6 1 1 1 9 2 7 31 16 19 6 10 1 3 0
4 4 2 2 2 4 1 8 2 7 31 16 19 6 10 4 15 1
5 2 5 6 1 5 1 8 2 7 31 16 19 6 15 1 3 0
5 3 3 5 1 2 1 8 2 7 31 16 14 35 15 4 15 0
5 3 5 3 2 4 1 9 2 7 31 16 19 6 10 4 11 0
5 4 3 2 1 2 1 9 2 7 31 16 19 6 10 6 15 0
3 3 6 3 2 1 3 8 2 7 31 16 14 35 10 6 11 0
5 4 6 3 1 1 1 8 2 7 31 16 19 6 10 6 7 0
4 2 4 2 1 1 1 9 2 7 31 16 14 35 15 4 15 1
4 4 4 2 1 2 1 10 2 7 31 16 19 6 15 4 15 0
4 4 4 4 1 4 1 10 2 7 31 16 19 6 10 6 15 0
3 2 4 3 2 2 1 10 2 7 31 16 14 35 15 4 15 1
3 2 5 3 2 2 1 8 2 7 31 16 14 35 15 6 15 0
2 1 4 5 2 5 1 9 2 7 31 16 14 35 15 3 9 1
3 4 4 6 1 4 1 7 2 7 31 16 19 6 10 6 7 1
5 4 4 6 2 3 3 8 5 7 32 17 6 9 5 6 11 0
4 3 4 5 1 1 1 7 2 7 31 16 14 35 15 6 15 0
1 1 5 5 1 5 4 8 5 7 1 17 6 9 5 6 4 1
5 3 6 2 1 2 1 9 2 7 31 16 19 6 15 1 3 0
3 4 2 3 1 3 1 2 2 7 31 16 14 35 15 6 15 1
3 4 4 1 1 4 1 8 2 7 31 16 14 21 15 6 11 0
4 4 4 6 1 1 1 7 2 7 31 16 14 35 15 4 15 0
4 3 3 4 2 5 2 10 2 7 30 16 19 6 12 6 11 0
1 4 5 6 2 5 1 9 2 7 31 16 14 35 15 6 15 1
2 2 5 3 1 4 1 9 2 7 31 16 14 35 15 4 15 1
1 3 5 2 1 2 1 3 2 7 31 16 14 35 15 7 15 1
5 1 5 6 1 4 1 8 2 7 31 16 19 6 10 6 15 0
5 4 5 6 2 1 1 8 2 7 31 16 19 6 15 1 3 0
5 3 3 1 1 1 1 8 2 7 31 16 14 35 15 6 15 0
3 4 5 1 1 2 3 9 2 7 31 16 14 35 10 4 15 1
5 4 4 4 1 1 1 8 2 7 31 16 14 35 15 4 15 0
2 2 6 3 2 5 2 10 2 7 30 16 19 6 12 6 11 0
5 3 3 5 1 2 1 7 2 7 31 16 19 6 15 6 15 0
5 1 2 6 3 2 1 8 2 7 31 7 13 34 10 1 3 0
5 4 4 4 1 1 1 8 2 7 31 16 19 6 15 6 15 0
5 4 5 5 1 1 2 11 2 7 30 16 19 6 12 6 11 1
5 4 3 2 1 4 1 8 2 7 31 16 19 6 10 6 15 0
5 4 5 3 1 3 1 9 2 7 31 16 19 6 15 6 15 1
3 3 4 4 1 2 3 9 5 7 31 17 6 9 5 6 11 0
4 4 6 1 1 2 1 8 2 7 31 16 14 35 10 6 11 0
2 2 6 1 1 2 3 8 2 7 31 16 14 35 10 4 15 1
2 1 5 2 2 3 1 3 2 7 31 16 14 35 15 3 8 1
2 3 4 1 1 1 1 8 2 7 31 16 14 35 15 4 15 1
4 4 5 4 1 3 1 9 2 7 31 16 19 6 10 4 15 1
2 3 5 3 1 1 1 9 2 7 31 16 14 35 15 6 15 1
5 4 6 5 1 2 3 8 5 7 32 18 20 39 9 6 11 0
3 3 5 3 2 4 1 9 2 7 31 16 14 35 15 3 9 1
4 1 5 5 2 4 3 8 2 7 31 16 14 35 10 1 4 1
5 4 4 3 1 1 1 8 2 7 31 16 19 6 15 1 3 0
5 4 6 4 1 1 1 10 2 7 31 16 19 6 10 6 7 0
5 4 3 6 1 3 1 11 2 7 31 16 19 6 10 6 15 0
2 4 2 4 1 4 1 7 2 7 31 16 14 35 15 4 15 1
3 3 4 5 1 1 1 9 2 7 31 16 14 35 15 6 15 1
3 4 2 4 1 4 1 9 2 7 31 16 19 6 10 1 3 1
5 2 3 3 1 5 1 11 2 7 31 16 19 6 15 3 9 0
4 4 5 3 1 1 1 8 2 7 31 16 19 6 10 1 15 1
3 4 6 1 1 4 1 8 2 7 31 16 14 35 15 6 15 0
4 2 3 3 2 4 1 8 2 7 30 16 19 6 10 6 11 0
5 3 5 3 2 4 1 8 2 7 31 16 14 35 15 6 15 0
2 2 5 3 2 5 1 10 2 7 31 16 14 35 15 1 6 1
5 4 4 2 1 5 1 10 2 7 31 16 19 6 15 6 15 0
5 4 4 6 1 1 4 8 5 7 32 18 20 10 4 1 3 0
5 3 5 6 1 1 3 8 2 7 31 16 14 35 10 6 11 1
4 4 4 5 1 4 1 7 2 7 31 16 14 35 15 6 15 0
4 4 3 5 1 2 1 8 2 7 31 16 14 35 15 6 15 1
5 3 4 2 1 4 1 8 2 7 31 16 19 6 15 1 3 0
3 3 5 4 1 1 3 8 5 7 31 17 6 9 5 6 11 1
3 4 4 3 2 2 1 9 2 7 31 16 14 35 15 6 15 1
4 4 4 4 1 3 1 7 2 7 31 16 19 6 10 4 15 1
5 4 3 3 1 1 1 8 2 7 31 16 14 29 10 2 4 0
5 2 5 3 1 3 1 8 2 7 31 16 19 6 10 4 11 0
3 2 4 5 1 1 3 9 2 7 31 16 14 35 10 3 9 1
5 4 3 4 1 4 1 8 2 7 31 16 19 6 10 6 15 0
5 1 5 5 2 5 1 10 2 7 31 16 19 6 15 4 11 0
5 3 5 3 1 5 1 10 2 7 30 16 19 6 10 1 3 0
5 4 6 3 1 2 1 10 2 7 31 16 19 6 15 1 3 0
1 3 5 3 1 2 1 9 2 7 31 16 14 35 15 7 15 1
5 3 6 5 2 3 1 10 2 7 31 16 19 6 10 1 3 0
4 4 5 2 2 4 1 9 2 7 31 16 14 35 15 6 15 0
5 3 3 2 1 5 1 8 2 7 31 16 19 6 15 1 3 0
5 2 3 3 1 3 1 8 2 7 31 16 19 6 15 6 7 0
3 4 4 3 2 1 1 9 2 7 22 16 14 5 10 6 4 1
5 4 4 2 1 2 1 10 2 7 32 7 15 36 15 1 3 0
3 3 5 4 1 5 1 8 2 7 31 16 14 35 15 6 15 1
1 4 5 3 1 5 1 10 2 7 31 16 14 35 15 6 7 1
5 3 4 2 1 5 4 10 5 7 31 17 6 9 5 1 3 0
5 4 6 4 1 3 1 10 2 7 31 16 19 6 10 6 15 0
5 3 5 4 1 1 4 8 7 7 30 9 16 37 5 1 3 0
4 4 6 5 2 3 1 8 2 7 31 16 14 35 15 1 4 0
4 4 5 6 1 2 1 8 2 7 31 16 19 6 10 6 15 0
2 3 5 3 1 1 1 9 2 7 31 16 14 35 15 2 4 1
4 1 5 6 1 2 1 8 2 7 31 16 14 35 10 6 11 0
3 4 4 2 1 2 1 9 2 7 31 16 14 35 15 6 15 0
5 3 3 1 1 4 1 8 2 7 31 16 19 6 10 6 15 0
5 1 3 4 2 1 1 8 2 4 30 7 15 27 15 1 3 0
4 2 5 3 1 4 1 9 2 7 31 16 19 6 10 1 15 0
2 3 4 5 2 5 3 8 2 7 31 16 14 35 10 1 4 1
4 3 5 6 1 2 2 8 2 7 30 16 19 6 12 6 11 0
5 2 5 6 2 2 1 8 2 7 31 16 19 6 15 1 3 0
4 2 4 1 2 5 3 8 2 7 31 16 14 35 10 6 11 0
4 4 1 3 1 3 1 9 2 7 31 16 19 6 10 1 3 1
4 3 4 2 1 3 1 7 2 7 31 16 14 35 15 6 15 0
4 3 5 6 2 1 2 8 2 7 32 16 19 6 12 6 11 1
2 3 5 3 1 4 3 8 5 7 31 17 6 9 5 6 11 1
4 4 6 3 1 2 1 8 2 7 31 16 14 35 15 4 15 0
2 2 4 4 1 1 3 10 5 7 23 14 22 11 7 6 11 1
3 3 4 5 1 1 3 8 2 7 31 16 14 35 10 6 11 0
4 4 6 3 1 1 1 8 2 7 31 16 19 6 10 4 15 1
5 4 4 6 1 1 1 8 5 7 32 10 5 48 9 1 3 0
1 3 5 4 2 3 3 8 4 6 26 16 14 21 15 6 15 1
2 2 4 4 3 5 3 10 2 7 31 16 14 35 10 1 4 1
5 1 5 5 2 3 1 9 2 7 31 16 19 6 15 1 3 0
5 4 6 3 1 1 1 8 2 7 31 16 19 6 10 4 15 1
4 4 3 6 1 3 1 9 2 7 31 16 14 35 15 1 3 0
5 4 4 4 1 3 1 11 2 7 31 16 19 6 10 6 15 1
5 1 5 6 2 1 4 2 2 7 31 16 19 6 11 1 3 0
4 2 4 3 1 5 1 11 2 7 31 16 19 6 10 4 11 0
3 4 4 2 1 2 1 9 2 7 31 16 14 35 15 6 15 0
4 4 4 6 1 1 1 9 2 7 31 16 14 35 15 1 4 0
4 4 5 5 1 3 1 9 2 7 31 16 14 35 15 4 15 1
5 4 5 5 1 3 1 9 2 7 31 16 19 6 15 4 11 0
5 4 3 6 1 1 1 10 2 7 31 16 19 6 10 1 3 0
3 4 5 5 1 2 1 9 2 7 31 16 14 35 15 6 15 1
4 2 5 1 1 2 1 8 2 7 31 16 14 35 15 6 15 0
5 3 5 1 1 2 2 10 2 7 30 16 19 6 12 6 11 0
5 4 5 5 1 1 1 8 2 7 31 16 19 6 15 6 15 0
3 4 4 1 1 4 1 7 2 7 31 16 14 35 15 6 15 0
4 1 5 2 1 4 1 8 2 7 31 16 19 6 10 4 15 0
3 3 5 4 2 2 3 8 5 7 31 17 6 9 5 3 11 0
5 3 4 6 1 2 1 8 2 7 30 16 19 6 10 6 11 0
2 1 6 5 2 5 3 11 2 3 13 2 10 4 13 3 9 1
1 3 5 2 1 4 1 2 2 7 31 16 14 35 15 7 15 1
3 2 5 2 1 2 3 8 5 7 31 17 6 9 5 6 11 1
4 4 3 4 1 3 1 10 2 7 31 16 19 6 10 6 15 0
2 3 6 2 2 1 3 10 5 7 31 17 6 9 5 6 11 1
5 4 2 6 1 3 1 8 5 7 32 18 20 28 9 6 11 0
4 4 6 5 1 1 1 8 2 7 31 16 14 35 15 4 15 0
2 4 5 4 1 3 1 8 2 7 31 16 14 35 15 6 15 1
4 4 5 1 2 5 2 10 2 7 30 16 19 6 12 6 11 0
3 3 4 3 1 2 3 8 2 7 31 16 14 35 10 6 11 0
3 1 4 6 1 2 3 9 5 7 31 17 6 9 5 6 11 0
5 4 2 2 1 1 1 8 2 7 31 16 19 6 10 1 3 1
2 2 5 4 1 4 3 9 5 7 31 17 6 9 5 6 11 1
5 3 5 2 2 5 1 11 2 7 30 16 19 6 10 1 3 0
5 3 4 6 1 3 1 11 5 7 30 18 20 10 5 6 11 0
2 4 4 6 2 5 1 7 2 7 31 16 14 35 15 1 3 1
4 2 5 3 1 3 1 9 5 7 32 18 20 28 9 6 11 1
4 2 6 2 1 4 1 9 2 7 31 16 19 6 10 4 11 0
4 2 4 3 1 4 1 8 2 7 31 16 19 6 10 6 7 0
5 3 5 6 2 1 1 8 2 7 31 16 14 35 15 2 4 0
2 2 5 4 1 4 4 7 2 7 24 16 14 35 11 4 15 1
3 3 4 4 1 2 1 9 2 7 31 16 14 35 15 3 9 1
5 2 5 6 1 4 3 8 5 7 30 18 20 10 5 1 3 0
4 4 4 1 1 2 1 8 2 7 31 16 14 35 15 6 15 0
5 3 3 4 1 1 1 8 2 7 31 16 14 35 15 6 15 0
5 4 5 1 1 1 1 8 2 7 31 16 19 6 15 1 3 0
2 3 5 6 1 5 1 9 2 7 31 16 14 35 15 1 3 1
5 4 3 2 1 3 1 2 2 7 31 16 14 21 15 6 7 0
4 4 3 4 1 3 1 9 2 7 31 16 19 6 10 4 15 1
5 4 2 5 1 2 1 8 2 7 31 16 19 6 15 1 3 0
3 1 4 3 1 5 1 8 2 7 31 16 14 35 15 6 4 1
3 3 5 5 1 1 3 9 2 7 31 16 14 35 10 4 15 1
4 2 5 5 2 2 1 8 2 7 31 16 14 35 15 6 4 0
5 4 4 6 2 3 1 11 2 7 31 16 19 6 10 6 7 0
5 3 3 1 1 2 1 8 2 7 31 16 19 6 15 4 15 0
4 4 6 1 1 2 1 8 2 7 30 16 19 6 10 6 11 0
1 4 5 4 2 4 1 2 2 7 31 16 14 35 15 3 9 1
4 4 2 6 1 4 1 8 2 7 31 16 14 35 15 6 15 0
1 1 5 4 1 4 3 11 5 7 23 14 22 11 7 6 11 1
5 4 5 4 2 4 1 10 2 7 31 16 19 6 10 4 15 0
5 4 3 1 1 1 1 8 2 7 31 16 14 29 15 6 15 1
2 2 3 6 1 4 1 8 2 7 31 16 14 35 15 1 3 1
2 3 3 2 1 4 1 10 2 7 31 16 14 35 15 4 15 1
5 3 4 1 1 1 3 8 5 7 30 18 20 10 5 1 3 0
5 2 3 6 1 4 1 8 2 7 31 16 19 6 15 1 3 0
5 3 6 6 1 3 3 8 2 7 31 16 14 35 10 6 11 0
5 4 4 4 1 3 1 10 2 7 31 16 19 6 10 4 15 1
1 1 5 6 2 3 1 9 2 7 31 16 14 35 15 6 15 1
4 3 6 2 1 3 1 9 2 7 31 16 14 35 15 3 5 0
5 4 3 5 1 2 1 11 2 7 31 16 19 6 10 1 3 1
4 3 4 5 1 3 1 9 2 7 31 16 14 35 15 4 15 0
4 4 4 5 1 1 1 9 2 7 31 16 19 6 15 4 11 0
5 1 2 5 2 2 1 9 2 7 31 16 19 6 10 4 11 0
4 1 4 2 1 3 1 9 2 7 31 16 19 6 10 4 11 1
5 4 4 2 1 2 1 10 2 7 31 16 19 6 15 6 15 0
5 2 4 5 1 4 1 8 2 7 31 16 19 6 10 1 3 0
5 2 4 5 2 3 1 8 2 7 31 16 19 6 10 1 3 0
5 4 5 2 1 5 1 8 2 7 31 16 19 6 15 1 3 0
5 3 3 2 1 1 1 10 2 7 31 16 19 6 10 6 15 0
3 4 6 3 1 1 1 8 2 7 31 16 14 35 15 4 15 0
3 2 4 2 2 3 3 11 2 7 31 16 14 35 10 6 11 1
4 4 2 1 1 2 1 9 2 7 31 16 19 6 10 1 3 1
3 4 5 4 2 1 3 9 5 7 31 17 6 9 5 3 11 0
4 4 4 4 1 1 1 8 2 7 31 16 14 35 15 1 4 1
5 4 5 5 1 3 1 8 2 7 31 16 14 35 15 4 15 0
5 4 4 2 1 1 1 8 2 7 31 16 14 29 15 6 15 0
4 3 5 5 1 3 1 9 2 7 31 16 14 35 15 3 9 0
4 4 4 2 1 3 1 8 2 7 31 16 19 6 10 6 15 0
5 2 6 5 1 3 1 8 2 7 31 16 19 6 15 4 11 0
5 1 6 6 2 1 1 8 2 7 31 7 13 34 10 1 3 0
5 4 3 3 1 1 1 8 2 7 31 16 14 29 15 6 15 0
4 3 6 2 1 2 1 8 2 7 31 16 14 35 15 4 15 1
5 4 3 1 1 1 1 10 2 7 31 16 19 6 10 6 7 0
4 2 4 4 1 5 1 9 2 4 38 16 19 6 16 6 11 0
2 1 5 5 1 1 3 8 2 7 31 16 14 35 10 3 9 1
5 2 3 1 1 5 3 11 5 7 30 18 20 10 5 1 3 0
5 2 5 1 1 5 1 8 5 7 30 18 20 28 9 1 3 0
5 3 4 2 2 2 1 11 2 7 31 16 14 35 15 6 4 1
5 2 2 6 1 1 1 8 2 7 31 16 19 6 15 1 3 0
4 1 4 5 1 2 3 8 5 7 31 17 6 9 5 1 3 0
4 3 3 3 1 3 1 9 2 7 31 16 14 35 15 3 5 0
5 1 5 6 1 4 3 8 5 7 30 18 20 10 5 6 7 0
5 2 3 5 1 1 4 8 5 7 30 18 20 10 4 1 3 0
2 4 5 5 2 4 1 8 2 7 31 16 14 35 15 6 4 1
5 2 5 2 2 3 1 8 2 7 31 16 19 6 15 1 3 0
5 2 5 5 1 1 1 8 2 7 31 16 19 6 15 1 3 0
5 1 6 5 2 4 4 8 2 7 31 16 19 6 11 1 3 0
5 4 5 6 1 1 1 1 2 7 31 16 19 6 10 1 3 1
3 4 6 4 2 3 1 8 2 7 31 16 14 35 15 6 15 1
3 3 3 6 2 5 1 7 2 7 31 16 14 35 15 1 3 1
4 4 2 5 1 3 1 9 2 7 31 16 14 35 15 6 15 0
3 4 2 1 1 5 1 8 2 7 31 16 14 35 15 6 15 0
4 3 3 5 2 2 1 11 2 7 31 16 19 6 10 1 3 0
1 3 5 3 1 4 1 9 2 7 31 16 14 35 15 4 15 1
4 4 5 1 1 3 1 9 2 7 31 16 19 6 15 6 15 1
5 4 6 6 1 1 1 8 2 7 31 16 14 29 15 6 15 0
5 3 4 4 1 4 1 2 2 7 31 16 19 6 10 6 7 0
1 1 5 2 1 5 4 8 5 7 24 17 6 9 4 6 11 1
5 4 2 1 1 1 1 8 2 7 31 16 14 29 15 6 15 0
5 2 2 4 2 4 1 8 2 7 31 16 19 6 15 4 11 0
5 2 5 1 1 4 2 8 2 7 30 16 19 6 12 6 11 0
4 2 5 1 1 2 2 8 2 7 30 16 19 6 12 6 11 0
5 4 4 6 1 2 1 8 2 4 32 7 15 27 15 1 3 0
2 1 5 3 1 5 3 9 5 7 31 17 6 9 5 6 11 1
2 2 5 3 1 4 3 9 2 7 31 16 14 35 10 4 15 1
1 1 1 6 2 5 1 8 2 7 31 16 14 35 15 6 15 1
4 4 5 1 1 2 1 8 5 7 32 18 20 28 9 6 11 0
5 4 3 5 1 1 1 11 2 7 31 16 19 6 10 4 15 0
3 4 5 4 2 3 1 9 2 7 31 16 14 35 15 6 15 1
5 4 5 1 1 4 2 8 2 7 32 16 19 6 12 6 11 0
5 3 5 3 1 2 1 8 2 7 31 16 19 6 15 1 3 0
5 3 5 4 1 3 4 8 2 7 31 16 19 6 11 1 3 0
4 3 5 2 1 1 1 9 2 7 31 16 14 35 15 4 15 1
2 2 6 4 2 3 1 9 2 7 31 16 14 35 15 6 15 1
5 4 3 6 2 1 1 11 2 7 31 16 19 6 10 7 5 0
1 3 5 3 1 1 3 11 5 7 31 17 6 9 5 6 11 1
5 1 3 6 1 5 1 10 5 7 32 4 14 21 15 1 3 0
3 4 5 5 1 4 1 9 2 7 31 16 14 35 15 1 3 1
2 3 5 6 2 5 1 10 2 7 31 16 14 35 15 2 4 1
2 2 5 2 2 2 1 8 2 7 31 16 14 35 15 4 15 1
2 3 4 5 1 3 3 9 2 7 31 16 14 35 10 4 15 1
2 1 5 4 1 3 4 12 5 7 1 17 6 9 5 1 3 1
5 2 3 6 1 5 1 8 2 7 30 16 19 6 10 1 3 0
5 4 6 1 1 1 1 8 2 7 31 16 19 6 10 4 15 0
5 4 5 2 1 1 1 8 2 7 31 16 19 6 15 6 15 0
5 4 3 3 1 2 1 8 2 7 31 16 14 21 15 1 3 0
3 4 5 6 2 4 3 11 2 7 31 16 14 35 10 6 11 1
4 3 5 2 1 2 1 8 2 7 31 16 14 35 15 3 9 1
4 1 5 1 2 5 1 8 2 7 30 16 19 6 10 6 11 0
5 4 6 2 1 1 1 8 2 7 31 16 19 6 10 6 15 0
5 4 4 5 1 4 1 2 2 7 31 16 14 35 15 6 15 0
3 4 4 3 2 2 1 8 2 7 31 16 14 35 15 3 9 1
2 2 4 5 2 5 1 9 2 7 31 16 14 35 15 6 15 1
3 3 3 1 1 4 3 9 2 7 31 16 14 35 10 6 11 0
4 4 3 1 1 1 2 9 2 7 30 16 19 6 12 6 11 0
5 1 5 6 1 4 3 8 5 7 32 17 6 9 5 1 3 0
3 4 3 3 1 3 1 9 2 7 31 16 14 35 15 4 15 1
5 3 5 4 2 2 1 11 2 4 30 7 15 27 15 1 3 0
3 4 6 3 1 1 1 9 2 7 31 16 14 35 15 4 15 1
5 4 3 5 1 1 1 8 2 7 31 7 13 34 15 6 15 1
5 2 4 3 2 4 1 8 2 7 31 16 19 6 15 1 3 0
2 4 5 3 2 1 1 8 2 7 31 16 14 35 15 6 15 1
5 4 3 4 1 3 1 11 2 7 31 16 19 6 15 4 11 0
5 3 5 6 1 1 1 9 2 7 31 16 14 35 15 4 15 0
3 3 5 1 1 3 3 8 2 7 31 16 14 35 10 4 15 0
5 4 2 4 1 2 1 8 2 7 31 16 19 6 10 1 3 0
5 4 6 4 1 1 1 8 2 7 31 16 19 6 10 6 7 0
5 4 4 4 1 1 1 8 2 7 31 16 19 6 10 6 15 0
2 4 5 5 1 2 1 9 2 7 31 16 14 35 15 4 15 1
4 1 2 1 1 3 1 10 2 7 30 16 19 6 10 6 11 0
5 3 6 2 1 1 1 8 2 7 31 7 13 34 15 1 3 0
2 1 3 5 1 4 3 3 2 7 1 16 14 35 16 1 3 1
2 4 5 5 3 5 1 9 2 7 31 16 14 35 15 6 4 0
4 4 5 3 1 2 2 8 2 7 30 16 19 6 12 6 11 0
4 4 4 6 1 4 1 7 2 7 31 16 19 6 15 6 7 0
5 4 4 5 1 1 1 10 2 7 31 16 19 6 15 6 15 0
3 1 4 4 1 4 4 9 2 7 24 16 14 35 11 1 6 0
2 4 2 6 1 3 1 8 2 7 31 16 14 35 15 3 8 0
5 3 5 4 1 1 1 9 2 7 31 16 14 35 15 6 15 0
3 4 4 3 1 3 1 7 2 7 31 16 14 35 15 6 15 0
4 3 3 5 1 1 1 9 2 7 31 16 19 6 10 4 11 0
5 4 5 3 2 1 1 8 2 7 31 16 19 6 10 6 15 0
1 4 5 3 1 1 1 1 2 7 31 16 14 21 15 6 4 0
2 3 3 5 2 5 3 8 2 7 31 16 14 35 10 6 15 1
3 3 4 2 2 1 3 9 2 7 31 16 14 35 10 4 15 1
3 4 5 6 1 2 1 9 2 7 31 16 19 6 10 1 3 1
5 4 6 4 1 1 1 8 2 7 31 16 14 21 15 6 15 0
4 4 5 5 1 4 1 8 2 7 31 16 19 6 10 1 3 1
4 4 3 2 1 2 1 9 2 7 31 16 14 35 15 6 15 0
5 4 3 4 2 2 1 8 2 7 31 16 19 6 10 7 15 0
3 4 6 3 1 4 1 8 2 7 31 16 19 6 10 6 15 0
4 4 3 2 1 2 1 9 2 7 31 16 14 35 15 6 15 0
3 3 5 3 2 3 1 8 2 7 31 16 14 35 15 6 15 0
5 1 3 6 1 1 1 8 2 7 32 7 15 36 15 1 3 0
4 4 6 2 1 3 1 8 2 7 31 16 14 35 15 4 15 0
5 4 3 1 1 1 1 7 2 7 31 16 19 6 10 6 15 0
2 1 4 4 1 1 4 8 5 7 24 17 6 9 4 6 11 1
3 2 6 2 1 2 3 8 2 3 13 2 10 4 13 1 3 1
3 1 5 4 2 1 1 8 2 7 31 16 14 35 15 4 15 1
2 1 5 2 1 3 3 9 2 3 13 2 10 4 13 6 15 1
3 3 5 4 3 5 1 8 2 7 31 16 14 35 15 6 4 0
4 3 3 4 1 1 1 8 2 7 31 16 14 35 15 6 15 1
5 3 5 6 1 1 1 8 5 7 32 18 20 28 9 1 3 1
4 2 6 3 1 2 1 8 2 7 31 16 14 35 15 4 15 0
4 4 3 6 2 4 1 9 2 7 31 16 19 6 10 4 15 0
5 3 4 5 1 1 1 8 2 7 31 16 19 6 15 6 15 0
5 3 5 2 1 1 1 9 2 7 31 16 19 6 15 6 15 0
4 4 2 4 2 3 3 10 2 7 31 16 14 35 10 1 4 1
5 2 6 1 1 2 1 8 2 7 31 16 14 35 15 6 15 0
4 4 3 5 1 1 1 9 2 7 31 16 14 35 15 4 15 0
5 2 3 5 1 2 1 8 2 7 31 16 19 6 10 6 15 0
1 1 5 4 1 3 3 8 5 7 23 14 22 11 7 6 11 1
4 4 3 3 2 1 1 9 2 7 31 16 14 35 15 6 15 0
5 3 4 2 1 1 1 8 2 7 31 16 19 6 15 4 15 0
4 3 6 1 1 2 1 8 2 7 30 16 19 6 10 6 11 0
3 3 5 5 1 4 2 8 2 7 30 16 14 6 12 1 3 1
2 3 4 5 1 3 1 9 2 7 31 16 14 35 15 6 15 1
5 4 2 1 1 1 1 9 2 7 31 16 19 6 10 6 15 0
5 2 5 5 1 3 1 11 2 7 31 16 19 6 15 1 3 0
4 2 2 1 1 4 1 10 2 7 32 16 19 6 15 6 11 0
3 4 4 3 1 2 1 10 2 7 31 16 19 6 10 4 11 1
3 3 5 4 1 2 1 9 2 7 31 16 19 6 10 6 15 0
5 3 2 6 1 1 1 8 2 7 31 7 13 34 10 1 3 0
4 4 6 3 1 1 1 8 2 7 31 16 19 6 10 4 15 1
3 3 3 1 1 4 3 8 2 7 31 16 14 35 10 6 11 1
4 4 5 3 1 3 1 8 2 7 31 16 14 21 15 6 11 0
2 2 5 2 1 2 3 9 2 7 31 16 14 35 10 2 4 0
2 1 3 2 1 2 1 9 2 7 31 16 14 35 15 4 15 1
2 1 3 3 1 1 3 10 2 7 31 16 14 35 10 6 11 1
5 2 5 6 1 1 1 8 2 7 31 16 19 6 10 1 3 0
1 4 4 3 2 5 4 9 5 3 37 4 21 21 7 6 15 1
5 2 3 2 2 4 1 8 2 7 31 16 19 6 10 3 9 0
4 4 1 2 1 1 1 11 2 7 31 16 19 6 10 6 7 0
5 3 3 4 1 1 1 11 2 7 31 7 13 34 15 6 15 0
5 3 5 6 1 2 1 8 2 7 31 16 19 6 10 1 3 0
5 4 4 1 1 4 1 9 2 7 31 16 19 6 10 6 15 0
3 1 6 6 1 4 1 9 2 7 31 16 19 6 10 6 7 0
4 4 2 1 1 4 1 9 2 7 31 16 14 35 15 6 15 0
3 4 3 4 1 3 3 8 5 7 31 17 6 9 5 6 11 1
4 4 3 6 1 4 1 8 2 7 31 16 19 6 10 6 7 1
4 4 6 2 1 2 1 8 2 7 31 16 14 35 15 6 15 0
5 4 5 5 1 1 1 8 2 7 31 16 14 35 15 1 3 0
5 3 5 3 2 5 1 11 2 7 31 16 19 6 15 1 3 0
5 2 4 2 1 4 1 9 2 7 31 16 19 6 10 4 15 0
3 3 5 3 2 2 3 8 2 7 31 16 14 35 10 6 11 1
3 4 2 4 1 3 1 8 2 7 31 16 19 6 10 1 3 1
5 3 5 6 2 1 1 8 2 7 31 16 19 6 10 4 15 0
4 3 5 6 1 4 1 2 2 7 31 16 19 6 10 6 15 1
3 2 3 4 1 3 1 9 2 7 31 16 14 35 15 6 15 0
5 3 6 6 1 3 1 8 2 7 32 7 15 36 15 1 3 0
3 4 4 2 1 4 1 10 2 7 31 16 14 35 15 6 15 1
4 3 4 3 1 4 1 9 2 7 31 16 19 6 10 6 15 0
4 3 6 2 1 4 2 8 2 7 30 16 14 6 12 6 11 0
4 2 3 4 3 3 1 11 2 7 31 16 14 35 15 6 4 0
4 4 3 4 1 3 1 9 2 7 31 16 14 35 15 4 15 1
4 4 6 5 1 4 1 8 2 7 31 16 19 6 10 1 3 1
4 2 4 4 1 4 1 7 2 7 31 16 19 6 10 4 15 1
2 2 5 3 1 4 1 9 2 7 31 16 14 35 15 4 15 1
3 4 3 1 1 4 1 8 2 7 31 16 14 35 15 6 15 0
2 4 5 6 1 4 1 2 2 7 31 16 14 35 15 6 15 0
5 2 4 3 1 4 1 9 2 7 31 16 14 35 15 2 4 0
5 3 5 1 1 3 1 8 2 7 31 16 19 6 10 4 15 1
4 2 6 6 1 3 1 8 2 7 31 16 19 6 10 4 15 0
4 4 5 3 1 4 1 8 2 7 31 16 14 35 15 4 15 1
4 3 6 5 1 4 1 8 2 7 31 16 19 6 10 6 7 1
4 3 3 4 1 1 1 9 2 7 31 16 19 6 10 6 15 0
4 4 6 3 1 4 1 8 2 7 31 16 14 35 15 4 15 1
3 2 5 3 1 5 4 8 5 7 24 17 6 9 4 6 11 1
5 2 4 6 1 5 1 8 2 7 31 16 19 6 15 6 15 0
5 2 5 4 1 1 3 10 5 7 30 18 20 10 5 1 3 0
4 4 4 1 1 2 1 9 2 7 31 16 19 6 15 6 15 0
4 4 4 6 1 1 1 7 2 7 31 16 14 35 15 6 15 0
2 1 4 6 1 4 1 8 2 7 31 16 14 35 15 1 3 0
4 1 5 5 2 1 1 8 2 7 31 16 14 35 15 6 15 0
4 4 5 5 1 3 1 10 2 7 31 16 19 6 10 1 3 1
3 4 5 3 1 2 1 11 2 7 31 16 14 35 15 3 9 0
3 4 6 2 1 5 1 8 2 7 31 16 14 35 15 6 15 1
5 3 4 4 1 2 1 8 2 7 31 16 19 6 10 1 3 0
5 1 3 6 1 2 4 8 2 7 31 16 19 6 11 1 3 0
4 3 5 6 1 2 1 9 2 7 31 16 19 6 10 1 3 1
3 2 5 4 1 2 1 8 2 7 31 16 14 35 15 3 9 1
1 2 5 3 2 2 4 9 5 7 34 17 6 9 7 7 1 1
5 4 4 6 1 2 1 8 2 4 32 7 15 27 15 1 3 0
5 4 2 4 1 4 1 8 2 7 31 16 14 35 15 6 15 0
5 4 3 3 1 1 1 7 2 7 31 16 19 6 10 4 15 0
5 3 5 1 1 1 1 8 2 7 31 16 14 35 15 6 15 0
4 1 2 1 2 5 1 9 2 7 30 16 19 6 10 6 11 0
5 3 3 3 1 1 1 11 2 7 31 16 14 35 15 6 15 0
2 3 3 3 1 4 3 7 2 7 31 16 14 35 10 4 15 1
5 3 2 1 1 2 1 8 2 7 31 16 19 6 15 4 15 0
4 3 5 4 1 1 1 8 2 7 31 16 14 35 15 4 15 0
2 4 5 3 2 1 1 8 2 7 31 16 14 35 15 6 15 1
3 3 6 3 1 2 3 8 2 7 31 16 14 35 10 6 11 1
4 4 6 1 2 1 1 8 2 7 31 16 14 35 15 6 15 0
5 2 4 4 2 5 1 9 2 7 31 16 19 6 10 4 11 0
4 2 2 4 1 4 4 8 5 7 31 17 6 9 5 6 11 0
5 3 3 2 1 1 1 8 2 7 31 16 14 35 15 6 15 0
1 4 5 6 2 5 1 9 2 7 31 16 14 35 15 6 15 1
3 2 2 4 1 4 1 9 2 7 31 16 19 6 10 4 15 1
5 4 4 5 1 3 1 11 2 7 31 16 19 6 15 6 7 0
4 3 5 2 1 4 1 8 2 7 31 16 19 6 10 4 15 1
5 4 3 6 2 4 1 10 2 7 31 16 19 6 10 6 7 0
4 4 5 5 1 5 4 9 2 7 31 16 19 6 11 6 11 1
5 2 3 2 1 2 1 9 2 7 31 16 19 6 10 6 7 1
4 4 5 4 1 2 1 11 5 7 32 18 20 28 9 6 11 0
4 4 3 3 1 4 1 9 2 7 31 16 19 6 10 4 15 0
1 3 6 4 2 3 1 11 2 7 31 16 14 35 15 4 15 1
4 2 3 4 1 3 1 8 2 7 31 16 14 35 15 4 15 1
1 1 5 5 2 1 3 8 2 7 31 16 14 35 10 6 15 1
4 4 5 4 1 4 1 9 2 7 31 16 19 6 10 4 15 1
4 1 3 5 1 2 1 9 2 7 31 16 14 35 15 6 7 0
2 3 5 4 1 1 1 9 2 7 31 16 14 35 15 4 15 1
3 4 6 4 2 4 1 8 2 7 31 16 14 35 15 6 4 1
3 4 4 1 1 3 1 8 2 7 31 16 14 35 15 6 15 0
4 4 5 3 1 4 1 8 5 7 30 18 20 10 5 1 3 1
4 4 6 3 2 2 1 8 2 7 31 16 14 35 15 4 15 0
3 2 5 3 1 3 1 9 2 7 31 16 14 35 15 6 15 1
5 4 3 5 1 5 1 8 2 7 31 16 19 6 10 7 15 1
5 3 6 2 1 3 1 8 2 7 31 16 19 6 10 3 9 0
5 2 3 1 1 4 1 8 2 7 31 16 19 6 10 6 15 1
5 4 5 2 1 1 1 8 2 7 31 16 19 6 10 4 15 0
4 4 4 1 1 1 1 9 2 7 31 16 19 6 10 4 15 0
5 3 3 4 1 1 1 10 2 7 31 16 19 6 10 4 15 1
5 1 3 1 2 3 1 8 2 7 31 16 19 6 15 3 9 0
5 4 6 6 2 2 1 8 2 7 31 16 19 6 15 1 3 0
4 4 3 1 1 3 1 9 2 7 31 16 19 6 10 6 15 1
3 3 4 6 2 3 1 7 2 7 31 16 14 35 15 1 3 1
4 2 5 4 1 2 1 8 2 7 31 16 19 6 10 4 11 0
1 1 5 3 2 4 3 8 5 7 31 17 6 9 5 6 11 1
4 3 4 5 1 1 1 7 2 7 31 16 19 6 10 1 3 1
5 1 5 6 1 1 1 10 2 7 32 7 15 36 15 1 3 0
5 4 3 2 1 3 1 8 2 7 31 16 19 6 15 6 15 0
5 4 4 4 1 5 1 8 2 7 31 16 19 6 15 6 7 0
4 3 5 5 1 3 1 9 2 7 31 16 19 6 10 6 7 1
5 4 2 6 2 2 1 10 2 7 31 16 19 6 15 1 3 0
3 1 5 1 2 5 3 10 2 7 31 16 14 35 10 6 11 0
5 3 2 4 2 4 1 9 2 7 31 16 19 6 10 4 11 0
5 3 5 5 1 3 2 10 2 7 30 16 19 6 12 6 11 0
5 3 5 3 1 2 1 8 2 7 32 7 15 36 15 1 3 0
3 2 5 4 1 3 3 9 2 3 13 2 10 4 13 1 3 1
5 4 1 4 1 1 1 8 2 7 31 16 14 35 15 4 15 1
3 3 5 2 1 4 3 8 2 7 31 16 14 35 10 6 11 1
3 3 4 4 1 3 1 7 2 7 31 16 14 35 15 4 15 1
2 3 3 6 1 5 1 7 2 7 31 16 19 6 10 6 7 1
3 1 6 2 1 1 1 9 2 7 31 16 14 35 15 4 15 1
4 3 5 1 1 1 3 8 2 7 31 16 14 35 10 6 15 0
5 4 6 3 1 2 1 11 2 7 31 16 19 6 15 6 7 0
4 3 4 1 1 2 1 7 2 7 31 16 14 35 15 6 15 0
4 4 6 3 1 4 1 8 2 7 31 16 19 6 10 1 3 1
3 4 3 6 2 2 1 8 2 7 31 16 19 6 10 1 3 1
5 2 4 1 1 2 3 8 5 7 30 18 20 10 5 1 3 0
5 3 3 4 1 3 1 8 2 7 32 16 14 5 10 6 11 0
5 1 5 4 2 2 4 8 2 7 31 16 19 6 11 1 3 0
5 4 2 1 1 3 2 8 2 7 30 16 19 6 12 6 11 0
2 2 5 6 2 4 1 8 2 7 31 16 14 35 15 6 4 0
1 3 5 6 2 2 1 9 2 7 31 16 14 35 15 6 15 1
5 4 5 4 1 4 1 8 2 7 31 16 19 6 10 6 7 0
5 2 3 6 2 2 1 8 2 7 31 16 19 6 10 1 3 0
2 4 1 6 1 2 1 9 2 7 31 16 14 35 15 1 3 1
4 4 3 6 1 1 1 8 2 7 31 16 19 6 10 6 7 1
5 2 5 5 1 1 1 8 2 7 32 7 15 36 15 1 3 0
2 2 4 6 1 5 1 9 2 7 31 16 14 35 15 6 15 1
1 3 5 3 2 4 1 9 2 7 31 16 14 35 15 6 15 1
5 4 6 1 1 1 1 10 2 4 32 7 15 27 15 1 3 0
2 2 6 6 1 2 1 8 2 7 31 16 14 35 15 4 15 1
4 3 5 1 1 3 1 9 2 7 31 16 19 6 10 4 15 1
5 3 4 6 2 4 1 8 2 7 31 16 19 6 10 1 3 0
4 3 3 2 1 3 1 7 2 7 31 16 19 6 10 4 11 0
4 3 5 4 1 1 1 8 2 7 31 16 14 35 15 1 4 1
4 4 6 2 1 4 1 8 2 7 31 16 19 6 10 4 11 1
2 3 3 3 1 3 1 9 2 7 31 16 14 35 15 4 15 1
5 2 5 6 1 1 1 10 2 7 31 16 19 6 10 1 3 0
5 1 4 6 1 1 1 8 2 7 32 7 15 36 15 1 3 0
3 4 5 6 1 3 1 9 2 7 31 16 19 6 10 6 7 1
3 4 6 1 1 3 3 8 2 7 31 16 14 35 10 6 11 0
5 4 6 4 1 1 1 8 2 7 31 16 14 29 10 2 4 0
4 4 5 4 1 4 1 10 2 7 31 16 19 6 10 1 3 1
5 2 3 4 2 1 1 10 2 7 31 16 19 6 10 4 15 1
5 4 3 4 1 3 1 8 2 7 31 16 19 6 10 4 15 0
4 3 4 2 1 2 1 7 2 7 31 16 14 35 15 4 15 0
4 2 5 5 1 3 1 8 2 7 31 16 14 35 15 1 4 1
5 4 5 2 2 2 1 11 2 7 31 16 14 35 15 6 4 1
3 4 3 6 1 4 1 9 2 7 31 16 14 35 15 6 15 1
5 4 6 6 1 3 1 8 2 7 31 16 19 6 10 1 3 1
5 3 4 3 1 1 1 8 2 7 31 16 14 29 15 6 15 1
5 3 5 3 2 1 1 10 2 7 31 16 14 29 10 6 15 0
1 3 6 6 1 4 1 8 2 7 31 16 14 35 15 6 15 1
2 3 4 1 1 3 3 8 2 7 31 16 14 35 10 6 11 1
1 3 6 4 2 3 1 8 2 7 31 16 14 35 15 6 15 1
5 3 3 4 1 2 1 8 2 7 31 16 19 6 10 1 3 0
4 3 5 2 1 2 1 8 2 7 30 16 19 6 10 6 11 1
5 3 2 3 1 2 1 8 2 7 31 16 19 6 10 6 11 0
5 2 3 5 1 1 4 11 5 7 32 10 2 26 9 1 3 0
3 4 6 4 1 2 3 8 2 7 31 16 14 35 10 1 4 0
2 4 5 5 2 5 3 11 2 7 31 16 14 35 10 3 9 1
3 3 5 2 1 2 3 8 5 7 31 17 6 9 5 6 11 1
4 4 4 6 1 2 1 10 2 7 31 16 14 35 15 1 3 1
4 3 5 3 1 4 1 9 2 7 31 16 14 35 15 6 15 0
5 3 5 3 1 2 1 9 2 7 31 16 19 6 10 4 11 0
2 4 2 4 2 3 1 8 2 7 31 16 14 35 15 3 9 1
3 4 3 1 1 3 1 9 2 7 31 16 14 35 15 6 15 0
3 2 5 1 1 4 2 9 2 7 30 16 19 6 12 6 11 0
2 3 3 5 1 4 1 9 2 7 31 16 14 35 15 6 15 1
3 3 6 1 2 1 1 8 2 7 31 16 14 35 10 6 11 0
5 4 4 5 1 3 2 8 2 7 30 16 19 6 12 1 3 0
5 3 5 6 1 2 4 8 5 7 32 10 2 16 2 6 11 0
3 4 6 1 1 2 1 8 2 7 31 16 14 35 10 6 11 0
3 4 6 1 1 2 3 8 2 7 31 16 14 35 10 6 11 0
5 1 4 3 1 2 1 8 2 7 31 16 19 6 15 6 7 0
1 3 5 4 2 3 3 3 4 6 26 16 14 21 15 6 15 1
5 1 5 2 1 2 1 8 2 7 32 7 15 36 15 1 3 0
5 1 5 3 2 5 1 8 2 7 31 16 19 6 15 1 3 0
4 3 6 6 1 3 1 8 2 7 31 16 19 6 10 6 11 0
5 4 2 6 1 3 1 9 2 7 31 16 19 6 10 1 3 1
5 4 3 2 2 3 1 10 2 7 31 16 19 6 10 1 3 0
4 4 3 3 1 1 1 8 2 7 31 16 14 35 15 6 15 0
4 3 4 4 1 2 1 8 2 7 31 16 14 35 10 1 3 0
5 4 4 1 1 2 2 9 2 7 30 16 19 6 12 6 11 0
5 2 3 5 1 1 1 9 2 7 31 16 19 6 15 4 11 1
1 2 5 5 1 2 3 13 2 7 34 16 14 35 10 3 8 1
5 4 5 3 1 5 1 8 2 7 31 16 14 35 15 6 15 0
3 2 6 2 1 2 1 9 2 7 31 16 14 35 15 6 15 1
3 1 4 3 1 3 1 9 2 7 31 16 14 35 15 4 15 1
2 4 6 5 1 4 1 8 2 7 31 16 14 35 15 6 15 1
4 3 5 1 1 3 1 11 2 7 30 16 19 6 10 6 11 0
2 2 4 2 1 2 3 8 2 7 31 16 14 35 10 6 11 0
5 4 5 2 1 4 1 8 2 4 32 7 15 27 15 6 11 0
4 4 6 4 1 2 3 8 2 7 31 16 14 35 10 1 4 1
5 3 5 2 1 1 1 8 2 7 31 16 19 6 10 6 7 0
5 4 5 5 1 2 1 8 2 7 31 16 19 6 15 1 3 0
3 4 6 2 1 5 1 8 2 7 31 16 14 35 15 6 15 0
5 3 5 6 1 4 1 8 2 7 31 16 19 6 10 4 11 0
4 4 4 1 1 5 2 9 2 7 30 16 19 6 12 6 11 0
5 2 5 5 2 1 1 8 2 7 31 16 19 6 15 1 15 0
5 3 3 6 1 1 1 10 2 7 31 16 19 6 10 4 15 0
5 2 4 4 1 2 1 8 2 7 31 16 19 6 10 6 7 0
5 4 5 3 1 3 1 11 2 7 31 16 14 21 15 6 11 1
4 2 5 1 1 3 2 9 2 7 30 16 19 6 12 6 11 0
3 2 4 4 2 3 1 8 2 7 31 16 14 35 15 6 4 1
2 4 2 3 1 2 1 8 2 7 31 16 14 35 15 4 15 1
4 2 3 4 1 1 1 8 2 7 32 16 14 5 10 6 11 0
2 3 2 4 2 5 1 9 2 7 31 16 14 35 15 6 7 1
5 2 6 6 2 1 3 8 2 7 31 16 14 35 10 6 11 0
3 4 5 3 1 3 1 8 2 7 31 16 14 35 15 4 15 1
4 4 4 1 1 5 1 8 2 7 31 16 14 35 15 6 15 1
3 3 5 4 1 4 1 9 2 7 31 16 19 6 10 4 15 1
4 3 4 5 2 2 3 10 2 7 31 16 14 35 10 1 4 0
2 2 3 3 1 3 1 9 2 7 31 16 14 35 15 4 15 1
4 3 6 4 1 3 1 8 2 7 31 16 19 6 15 6 7 0
3 4 5 4 1 4 1 8 2 7 31 16 14 35 15 6 15 1
2 3 2 3 2 2 3 8 5 7 31 17 6 9 5 3 11 0
5 1 6 1 1 1 1 8 2 7 31 16 19 6 15 1 3 0
5 4 3 2 1 3 1 8 2 7 31 16 14 35 15 6 15 1
3 4 6 5 1 4 1 9 2 7 31 16 19 6 10 1 3 1
5 2 3 2 1 2 1 8 2 7 31 16 19 6 15 2 4 0
3 4 4 2 1 1 1 9 2 7 31 16 14 35 15 4 15 0
4 4 4 5 1 1 1 7 2 7 31 16 19 6 10 1 3 1
3 2 5 6 1 3 1 9 2 7 31 16 19 6 10 1 3 1
2 4 5 2 1 5 1 8 2 7 31 16 14 21 15 6 15 0
5 3 6 3 2 1 1 11 2 4 30 7 15 27 15 1 3 0
5 2 4 2 2 1 1 8 2 7 31 16 14 29 10 6 15 0
3 3 5 5 1 5 1 10 2 7 31 16 14 35 15 6 4 1
5 4 5 1 1 3 1 8 2 7 31 16 19 6 15 4 15 0
3 4 6 5 1 3 1 8 2 7 31 16 14 35 15 6 15 1
4 1 2 4 1 1 1 9 2 7 31 16 19 6 10 6 15 0
3 3 6 5 1 1 1 8 2 7 31 16 14 35 15 1 3 1
5 2 4 6 1 4 1 8 2 7 31 16 19 6 15 6 7 0
4 3 4 2 1 3 1 8 2 7 31 16 19 6 10 1 3 1
4 2 2 1 2 5 3 8 2 7 31 16 14 35 10 6 11 0
5 1 2 5 1 4 3 8 5 7 30 18 20 10 5 1 3 0
3 3 5 4 2 5 1 9 2 7 31 16 14 35 15 6 15 1
2 2 5 6 1 5 1 9 2 7 31 16 14 35 15 1 3 1
5 4 4 3 1 3 1 8 2 7 31 16 19 6 15 6 7 0
5 4 5 6 1 1 1 10 2 7 32 7 15 36 15 6 11 0
4 4 5 2 2 4 1 8 2 7 31 16 14 35 15 6 15 1
5 4 3 4 1 2 1 8 2 7 31 16 19 6 10 6 15 0
5 2 5 2 1 1 1 8 2 7 31 16 19 6 15 1 3 0
1 1 6 3 1 4 4 13 5 3 17 4 27 1 7 6 11 1
5 4 5 6 1 3 1 8 2 7 31 16 19 6 15 1 3 1
1 3 4 6 2 5 1 2 2 7 31 16 14 35 15 6 15 0
5 4 2 3 1 3 1 11 2 7 31 16 14 35 15 6 15 0
5 4 3 2 1 2 1 8 2 7 31 16 19 6 15 6 15 0
3 2 5 5 1 1 3 8 2 7 31 16 14 35 10 6 11 0
4 4 3 6 1 1 1 7 2 7 31 16 19 6 10 1 3 0
5 4 5 3 1 2 1 8 2 7 31 16 14 35 15 4 15 0
3 3 5 3 2 2 1 10 2 7 31 16 14 35 15 6 15 1
4 3 3 6 2 2 1 9 2 7 31 16 19 6 10 1 3 1
5 1 6 3 1 3 1 8 2 7 31 16 14 29 10 2 4 0
4 4 5 3 1 4 1 11 2 7 31 16 19 6 10 4 11 0
5 1 5 6 1 1 1 8 5 7 32 18 20 28 9 1 3 1
5 4 5 6 1 1 1 11 2 7 32 7 15 36 15 6 11 0
5 3 2 1 1 1 1 8 2 7 31 16 14 29 15 6 15 0
5 2 4 4 1 2 1 8 2 7 31 16 19 6 10 6 15 0
3 3 5 2 1 3 2 9 2 7 30 16 19 6 12 6 11 0
3 3 5 6 1 1 1 8 2 7 31 16 14 35 15 1 4 0
3 2 4 1 1 3 2 8 2 7 30 16 19 6 12 6 11 0
4 2 4 1 1 2 1 10 2 7 31 16 14 35 15 6 15 0
1 2 4 3 1 3 3 8 2 7 31 16 14 35 10 4 15 1
2 2 3 5 1 2 4 9 5 3 37 4 21 21 7 4 15 1
4 4 6 3 1 3 1 8 2 7 31 16 14 35 15 6 15 0
5 4 4 5 1 5 1 7 2 7 31 16 19 6 10 4 15 1
2 4 2 4 1 4 1 10 2 7 31 16 14 35 15 1 3 1
2 3 3 3 1 2 1 8 2 7 31 16 14 35 15 6 15 1
5 4 6 1 1 2 1 11 2 7 31 16 19 6 15 6 15 0
1 3 4 5 1 3 3 2 2 7 1 16 14 35 16 1 3 0
5 4 4 2 1 2 1 8 2 7 31 16 19 6 10 4 15 0
5 3 4 5 2 2 1 8 2 7 31 16 19 6 15 1 3 0
5 2 4 4 1 3 1 11 2 7 31 16 19 6 10 4 15 0
3 3 6 4 1 1 1 8 2 7 31 16 14 35 10 6 11 0
5 3 3 5 1 2 3 8 5 7 30 18 20 10 5 6 7 0
2 2 4 4 2 4 3 8 2 7 31 16 14 35 10 1 4 1
2 3 5 4 1 4 3 8 2 7 31 16 14 35 10 6 2 1
5 2 3 3 1 3 1 10 2 7 31 16 19 6 10 4 15 1
5 3 6 6 1 4 1 8 2 7 31 7 13 34 15 1 3 1
5 4 4 4 1 1 1 8 2 7 31 16 19 6 10 1 3 0
5 4 2 1 2 4 1 8 2 7 30 16 19 6 10 6 11 1
4 4 6 6 1 1 1 8 2 7 31 16 14 35 15 1 4 0
4 2 4 6 1 1 2 8 2 7 30 16 19 6 12 6 11 0
5 2 3 2 1 1 1 11 2 7 31 16 19 6 15 6 15 0
4 4 4 3 2 2 1 10 2 7 31 16 14 35 15 6 15 0
4 4 3 6 1 4 1 8 2 7 31 16 19 6 10 6 15 1
4 4 5 1 1 1 4 8 2 7 31 16 14 35 11 4 15 1
5 4 4 1 1 3 1 10 2 7 31 16 19 6 15 6 15 0
2 3 6 4 1 4 1 8 2 7 31 16 14 35 15 6 15 1
3 3 5 6 1 3 1 9 2 7 31 16 19 6 10 1 3 1
2 3 5 5 1 4 1 8 2 7 31 16 14 35 15 1 3 0
5 4 6 5 2 2 1 8 2 7 31 16 19 6 10 6 15 0
3 4 5 5 1 3 1 9 2 7 31 16 14 35 15 4 15 1
4 3 4 6 2 2 1 7 2 7 31 16 14 35 15 1 3 1
1 4 5 5 2 5 1 9 2 7 31 16 14 35 15 6 15 1
5 3 4 6 2 1 1 10 2 7 31 16 19 6 10 1 3 0
3 3 5 5 1 5 1 8 2 7 31 16 19 6 15 4 15 0
3 3 5 2 1 2 3 8 5 7 31 17 6 9 5 6 11 1
4 4 4 6 1 2 2 9 2 7 30 16 19 6 12 6 11 0
5 2 5 6 1 1 1 8 2 7 31 16 19 6 10 1 3 0
4 4 5 6 1 1 1 8 2 7 31 16 14 35 15 6 15 1
3 4 4 2 1 3 1 7 2 7 31 16 14 35 15 4 15 1
5 4 3 2 1 4 1 8 2 7 31 16 19 6 15 4 15 0
4 2 6 6 1 1 1 8 2 7 31 16 14 35 10 6 11 1
2 3 3 2 1 4 3 9 2 7 31 16 14 35 10 6 15 0
2 2 5 5 2 4 1 8 2 7 31 16 14 35 15 6 4 1
4 4 3 3 1 2 1 7 2 7 31 16 19 6 15 1 15 1
4 4 5 3 1 1 1 8 2 7 31 16 14 35 10 1 3 0
3 3 6 5 1 1 1 8 2 7 31 16 14 35 15 6 15 1
4 4 6 1 1 4 1 8 2 7 31 16 19 6 10 4 15 1
4 3 3 3 1 1 1 8 2 7 31 16 19 6 10 4 15 1
5 4 5 1 1 1 1 9 2 7 31 16 19 6 10 6 15 0
4 4 4 6 2 5 1 7 2 7 31 16 19 6 10 1 3 0
1 3 5 2 1 5 1 9 2 7 31 16 14 35 15 6 15 0
2 4 3 4 1 5 1 8 2 7 31 16 14 35 15 6 15 1
3 4 5 5 1 1 1 9 2 7 31 16 14 35 15 6 15 1
4 3 4 6 1 3 3 10 5 7 31 17 6 9 5 6 11 0
5 4 4 2 1 1 1 8 2 7 31 16 19 6 10 4 15 0
5 4 3 5 1 2 1 9 2 7 31 16 19 6 10 4 15 0
3 1 4 2 1 1 1 9 2 7 31 16 14 35 15 4 15 1
4 4 6 6 1 3 1 8 2 7 31 16 19 6 10 1 3 1
5 4 4 6 1 3 1 8 2 7 31 16 14 35 15 1 4 1
5 2 5 6 1 2 1 8 2 4 32 7 15 27 15 1 3 0
3 3 5 3 1 3 1 9 2 7 31 16 19 6 10 4 15 0
4 2 5 5 1 1 1 8 2 7 31 16 14 35 15 6 15 1
2 3 3 4 2 3 1 9 2 7 31 16 14 35 15 1 6 1
5 3 5 5 1 1 1 8 2 7 32 7 15 36 15 1 3 0
4 4 4 3 1 3 1 9 2 7 31 16 14 35 15 6 15 0
4 4 3 2 1 4 1 8 2 7 31 16 14 35 15 4 15 1
4 1 3 6 1 3 1 9 2 7 31 16 19 6 10 4 15 1
2 4 4 6 1 4 1 7 2 7 31 16 14 35 15 6 15 1
5 4 5 6 1 3 1 8 2 7 31 16 19 6 15 1 3 1
5 4 3 3 1 1 1 9 2 7 31 16 14 35 15 6 15 0
1 4 2 5 2 4 1 8 2 7 31 16 14 35 15 6 15 1
1 2 5 3 2 2 4 9 5 7 34 17 6 9 7 7 1 1
4 3 4 2 1 5 2 8 2 7 30 16 19 6 12 6 11 0
5 1 6 3 2 2 1 8 2 7 32 7 15 36 15 1 3 0
2 4 5 5 1 5 1 11 2 7 31 16 14 35 15 6 4 1
5 4 4 6 1 5 1 8 2 7 31 16 19 6 15 1 3 0
5 4 4 5 1 1 1 11 2 7 31 7 13 34 15 6 15 0
2 3 5 6 1 3 1 8 2 7 31 16 14 35 15 2 4 0
5 4 4 1 1 1 2 9 2 7 32 16 19 6 12 6 11 0
5 3 6 5 1 1 3 8 5 7 30 18 20 39 9 1 3 0
4 4 4 3 2 2 1 10 5 7 32 18 20 28 9 6 11 0
5 4 5 3 1 2 1 8 2 7 31 16 14 21 15 6 7 0
5 1 3 4 2 4 1 8 2 7 31 16 19 6 10 1 3 0
5 2 5 4 1 4 1 8 2 7 31 16 19 6 10 4 15 1
5 1 5 6 1 1 1 8 2 7 32 16 14 5 10 6 11 0
5 2 5 3 1 4 1 11 2 7 31 16 14 35 15 4 15 0
5 2 1 1 1 1 1 8 2 7 31 16 19 6 15 1 3 0
3 2 4 5 1 4 3 9 5 7 31 17 6 9 5 3 11 0
5 4 5 5 1 2 1 2 2 7 31 16 19 6 10 6 15 0
4 3 5 3 2 4 1 8 2 7 31 16 14 35 15 4 15 1
5 4 4 5 1 1 1 8 2 7 31 16 19 6 10 1 3 1
5 1 6 6 1 2 1 8 2 7 32 7 15 36 15 1 3 0
5 4 2 6 1 4 1 8 2 4 32 7 15 27 15 1 3 0
4 2 5 3 1 1 1 9 2 7 31 16 19 6 10 4 15 1
4 3 5 6 2 1 1 8 2 7 31 16 14 35 15 2 4 0
2 2 6 2 2 1 1 9 2 7 31 16 14 35 15 4 15 1
3 4 4 4 2 4 1 10 2 7 31 16 14 35 15 3 9 1
5 3 3 6 1 3 1 8 2 7 32 16 14 5 10 6 11 0
2 3 2 6 1 4 1 9 2 7 31 16 14 35 15 1 3 1
5 3 5 5 2 3 1 10 2 7 31 16 19 6 10 6 7 0
5 2 5 2 1 5 3 10 5 7 30 18 20 10 5 1 3 0
4 3 4 1 1 5 1 8 2 7 31 16 14 35 15 6 15 0
2 1 4 4 1 1 4 8 5 7 24 17 6 9 4 6 11 1
4 4 4 4 2 1 1 10 2 7 31 16 19 6 10 4 15 0
1 3 5 2 1 5 3 8 2 7 31 16 14 35 10 6 11 1
5 4 5 6 1 1 1 8 2 7 31 16 19 6 10 6 7 0
4 4 5 4 1 2 1 9 2 7 31 16 14 35 15 4 15 0
2 3 3 3 1 3 1 9 2 7 31 16 14 35 15 4 15 1
5 3 5 2 1 3 2 8 2 7 32 16 19 6 12 6 11 0
1 3 6 4 1 5 3 8 2 7 31 16 14 35 10 4 15 1
2 4 5 6 2 3 1 2 2 7 31 16 19 6 10 1 3 1
4 4 5 3 1 2 1 9 2 7 31 16 19 6 15 6 15 0
5 4 6 5 1 1 1 11 2 7 31 16 19 6 10 4 15 0
3 4 6 2 1 3 1 8 2 7 31 16 14 35 15 4 15 0
2 4 5 4 1 3 1 8 2 7 31 16 14 35 15 6 15 0
5 4 5 6 1 4 1 8 2 7 31 16 19 6 10 6 7 0
4 4 2 1 1 4 2 9 2 7 30 16 19 6 12 6 11 0
4 3 4 4 1 1 3 8 2 7 31 16 14 35 10 1 4 1
5 3 4 5 1 4 1 9 2 7 31 16 19 6 10 4 11 0
5 4 5 3 1 1 1 8 2 7 31 16 19 6 15 6 7 0
3 1 5 4 2 5 1 10 2 7 31 16 14 35 15 6 15 0
4 3 6 5 1 2 1 9 2 7 31 16 14 35 15 6 15 0
5 4 6 6 2 4 1 8 2 7 31 16 19 6 15 6 11 0
3 4 5 6 1 4 1 9 2 7 31 16 19 6 10 6 7 1
5 4 5 3 1 5 1 8 2 7 31 16 14 35 15 6 15 0
4 4 4 2 1 2 1 7 2 7 31 16 14 35 15 6 15 1
3 3 4 2 1 2 3 8 5 7 31 17 6 9 5 6 11 1
4 3 2 6 1 3 1 8 2 7 31 16 14 35 15 6 15 0
2 3 2 3 1 4 1 10 2 7 31 16 14 35 15 4 15 1
5 3 3 2 2 3 1 9 2 7 31 16 19 6 10 4 11 0
5 4 4 3 1 2 1 8 2 7 31 16 14 35 15 6 15 0
5 4 3 4 2 2 1 8 2 7 31 16 19 6 15 1 15 0
5 1 5 6 1 5 1 8 2 7 32 7 15 36 15 1 3 0
1 4 4 5 1 4 1 9 2 7 31 16 14 35 15 6 15 1
3 4 3 5 1 3 1 11 2 7 31 16 14 35 15 6 15 1
5 4 3 6 1 5 1 8 2 7 31 16 19 6 10 6 15 0
5 4 4 1 1 1 2 8 2 7 30 16 19 6 12 6 11 0
5 4 3 3 2 1 1 10 2 7 31 16 14 29 15 6 15 0
3 3 2 6 1 3 1 9 2 7 31 16 14 35 15 1 3 1
5 1 1 6 1 3 1 8 2 7 32 7 15 36 15 1 3 0
4 2 6 1 1 5 1 9 2 7 31 16 14 35 15 4 15 1
5 4 4 2 1 5 1 8 2 7 31 16 19 6 10 6 15 0
4 4 3 4 1 2 1 9 2 7 31 16 19 6 10 4 15 0
4 1 5 3 2 3 3 8 5 7 31 17 6 9 5 6 11 0
4 4 4 3 1 3 1 8 2 7 31 16 14 35 15 4 15 0
5 4 5 6 1 1 1 11 2 4 32 7 15 27 15 6 11 0
5 2 3 1 1 3 1 8 2 7 31 16 19 6 15 1 3 0
1 3 3 2 1 3 4 11 5 3 37 4 27 45 4 6 11 1
4 4 6 4 2 4 1 10 2 7 31 16 14 35 15 6 4 1
5 1 3 2 1 1 1 8 2 7 31 16 19 6 10 1 3 0
4 4 5 3 1 1 1 8 2 7 31 16 19 6 10 1 15 1
5 4 2 4 1 3 1 8 2 7 31 16 19 6 10 4 11 0
2 4 5 3 1 4 3 8 2 7 31 16 14 35 10 4 15 1
4 4 4 1 1 2 1 10 2 7 31 16 19 6 15 6 15 0
5 4 3 1 2 1 1 10 2 7 31 16 19 6 10 6 15 1
5 1 1 4 1 4 4 1 2 7 31 16 19 6 11 1 3 0
3 3 5 2 1 3 3 8 2 7 31 16 14 35 10 6 11 1
2 2 5 3 2 2 4 11 5 7 33 17 6 9 7 7 1 1
5 4 4 3 1 4 1 9 2 7 31 16 19 6 10 4 15 1
2 2 5 3 1 5 3 9 5 7 23 14 22 11 7 6 11 1
5 4 4 5 1 1 1 10 2 7 31 16 19 6 10 1 3 0
2 3 5 3 2 4 3 11 5 7 31 17 6 9 5 6 11 1
5 2 5 6 1 3 1 10 2 7 30 16 19 6 10 1 3 0
3 4 6 6 1 5 1 8 2 7 31 16 14 35 15 6 15 1
4 3 5 3 1 3 1 9 2 7 31 16 19 6 10 4 11 0
4 2 5 6 1 3 1 9 2 7 31 16 19 6 10 6 7 1
5 3 5 2 1 2 1 8 2 7 31 16 14 35 15 3 9 0
3 2 5 5 1 3 1 8 2 7 31 16 14 35 15 1 4 0
3 4 5 5 2 5 1 8 2 7 31 16 14 35 15 3 9 1
4 3 4 5 1 2 1 8 2 7 31 16 19 6 10 4 15 0
3 4 6 1 1 3 2 8 2 7 30 16 19 6 12 6 11 1
2 4 5 5 1 2 1 9 2 7 31 16 14 35 15 4 15 1
3 2 2 5 1 3 3 8 2 7 31 16 14 35 10 6 11 1
5 4 4 5 1 4 1 11 2 7 31 16 14 21 15 6 7 0
5 4 5 2 1 3 1 8 2 7 31 16 14 35 15 6 15 0
2 3 4 4 2 5 1 9 2 7 31 16 14 35 15 6 15 1
5 3 6 2 1 1 1 8 2 7 31 16 19 6 15 1 3 0
5 2 3 6 2 1 1 8 2 7 31 16 19 6 15 1 3 0
4 4 6 4 1 4 2 8 2 7 30 16 14 6 12 1 3 1
4 4 4 3 1 1 1 9 2 7 31 16 14 35 15 4 15 1
1 2 6 3 2 3 4 11 5 7 33 17 6 9 7 7 1 1
3 2 2 5 2 1 3 9 5 7 31 17 6 9 5 6 11 1
3 3 4 2 2 4 3 8 5 7 31 17 6 9 5 6 11 0
3 1 5 3 1 5 1 8 2 7 31 16 14 35 15 6 4 1
4 2 4 1 1 1 2 8 2 7 32 16 19 6 12 6 11 0
4 4 4 3 1 1 1 9 2 7 31 16 14 35 15 4 15 1
2 2 4 5 1 4 1 9 2 7 31 16 14 35 15 6 15 1
2 4 6 3 1 4 3 8 5 7 31 17 6 9 5 6 11 1
4 2 5 1 1 1 1 7 2 7 31 16 19 6 15 6 15 0
2 4 4 6 1 5 3 7 2 7 1 16 14 35 16 6 15 1
4 4 4 2 1 1 1 7 2 7 31 16 14 35 15 4 15 1
5 4 4 6 2 3 1 8 2 7 31 16 14 35 15 1 4 1
2 4 5 5 2 5 1 8 2 7 31 16 14 35 15 6 11 0
5 4 3 6 1 1 1 10 2 7 31 16 19 6 15 1 3 1
5 4 4 6 1 3 3 11 5 7 32 18 20 10 5 1 3 0
3 3 4 4 1 2 4 7 2 7 24 16 14 35 11 4 15 1
2 4 6 6 1 5 1 8 2 7 31 16 14 35 15 6 15 1
3 3 4 3 1 2 3 7 2 7 31 16 14 35 10 4 15 0
5 4 3 3 1 1 1 8 2 7 31 16 19 6 10 6 15 0
2 4 5 3 1 4 3 9 2 7 31 16 14 35 10 4 15 0
5 4 4 6 1 3 1 10 2 7 31 16 14 35 15 6 15 0
5 4 4 3 1 3 1 8 2 7 31 16 14 35 15 6 15 0
5 3 3 6 1 3 1 9 2 7 31 16 19 6 10 1 3 1
5 2 4 6 1 1 1 8 2 7 31 16 19 6 10 6 15 0
2 3 5 4 1 4 4 9 5 7 34 17 6 9 7 6 15 1
2 3 5 5 2 3 3 10 2 7 31 16 14 35 10 4 15 1
1 2 5 4 1 5 3 8 2 7 34 16 14 35 12 7 15 1
2 4 5 2 1 4 3 8 2 7 31 16 14 35 10 6 11 1
1 4 5 4 1 2 1 8 2 7 22 16 14 5 10 6 4 1
2 3 5 3 1 4 3 8 2 7 31 16 14 35 10 4 15 1
5 4 4 5 1 4 1 10 2 7 31 16 19 6 15 6 7 0
4 3 1 6 1 1 1 8 2 7 31 16 14 35 15 6 15 1
5 4 3 6 1 1 1 10 2 7 31 16 14 35 15 4 15 0
2 3 5 2 1 3 3 9 2 7 31 16 14 35 10 4 15 1
4 2 4 5 1 1 1 8 2 7 31 16 14 35 15 6 15 0
4 4 3 4 1 1 1 7 2 7 31 16 14 35 15 4 15 0
3 2 6 2 1 2 1 8 2 7 31 16 14 35 15 6 4 1
5 2 3 1 1 1 1 8 2 7 31 16 19 6 10 6 15 0
5 3 3 3 1 1 1 10 2 7 31 16 14 35 15 6 15 0
3 4 2 3 1 4 1 9 2 7 31 16 14 35 15 3 5 0
3 4 6 2 2 2 4 8 5 7 34 17 6 9 7 6 4 1
5 3 6 6 2 3 1 8 2 7 31 16 14 35 15 2 4 0
4 4 5 3 1 4 1 9 2 7 31 16 14 35 15 4 15 1
5 3 4 2 2 3 1 8 2 7 31 16 14 35 15 6 15 0
4 3 5 2 1 2 3 9 5 7 32 18 20 39 9 6 11 0
5 4 4 2 1 4 1 8 2 7 31 16 19 6 15 1 3 0
3 2 6 3 1 4 1 2 2 7 31 16 14 35 15 1 3 1
2 1 3 3 1 2 4 10 5 7 24 17 6 9 4 6 11 1
5 3 4 5 1 2 1 7 2 7 31 16 19 6 10 1 3 1
3 4 4 4 1 2 1 9 2 7 31 16 14 35 15 6 15 1
1 3 5 3 2 5 1 9 2 7 31 16 14 35 15 6 15 1
4 1 5 1 1 1 1 8 2 7 31 16 14 35 15 6 15 1
5 3 2 5 1 1 1 8 2 7 31 16 19 6 10 6 15 0
5 4 2 1 1 2 1 8 2 7 31 16 14 35 15 6 15 0
4 2 5 2 2 1 1 10 2 7 31 16 14 35 15 6 4 0
5 4 5 1 1 4 1 11 2 7 31 16 14 21 15 6 11 0
5 3 3 3 1 2 1 9 2 7 31 16 19 6 10 4 15 1
5 2 3 2 1 3 1 9 2 7 31 16 19 6 15 6 15 0
1 4 5 6 1 5 3 8 2 7 34 16 14 35 10 7 15 1
5 3 2 3 1 2 1 8 2 7 31 16 19 6 10 6 7 1
4 3 3 3 1 1 2 11 2 7 30 16 19 6 12 6 11 1
4 4 3 6 1 4 1 9 2 7 31 16 19 6 10 6 7 1
3 3 5 2 1 4 3 8 2 7 31 16 14 35 10 6 11 1
5 4 5 4 1 5 1 8 2 7 31 16 19 6 10 4 11 0
5 4 2 5 1 3 1 8 2 7 31 16 19 6 10 6 11 0
2 1 2 5 1 1 3 7 2 7 1 16 14 35 16 4 15 1
5 4 4 3 1 4 2 11 2 7 30 16 19 6 12 6 11 0
1 2 6 4 1 5 1 6 2 7 22 16 14 5 10 6 4 1
3 3 4 1 1 4 2 8 2 7 30 16 19 6 12 6 11 0
4 4 5 2 2 2 1 9 2 7 31 16 14 35 15 6 15 0
5 4 5 1 1 1 1 8 2 7 31 16 19 6 15 6 15 0
3 4 3 2 1 4 1 11 2 7 31 16 14 35 15 4 15 1
5 4 3 3 1 2 1 8 2 7 31 16 14 35 15 6 15 1
2 4 4 2 2 3 4 7 2 7 31 16 14 35 11 4 15 1
5 1 1 1 1 3 1 1 2 7 31 16 14 21 15 1 3 0
4 4 5 2 2 4 2 8 2 7 30 16 19 6 12 6 11 0
4 4 5 1 2 5 2 8 2 7 30 16 19 6 12 6 11 0
5 3 3 3 1 4 1 9 2 7 31 16 19 6 10 4 15 0
5 3 6 4 1 2 1 8 2 7 31 16 19 6 10 4 11 0
4 3 4 5 1 2 1 10 2 7 31 16 14 35 15 6 15 1
5 4 6 4 1 3 1 8 2 7 31 16 14 35 15 4 15 0
2 1 5 3 2 2 3 8 5 7 31 17 6 9 5 3 11 0
1 1 3 3 2 2 4 12 5 7 1 17 6 9 5 4 15 1
5 2 4 2 1 3 1 8 2 7 31 16 19 6 15 1 3 0
5 4 3 5 2 2 1 9 2 7 31 16 19 6 10 4 11 1
4 4 4 1 1 3 1 9 2 7 31 16 19 6 15 6 15 1
5 2 5 2 1 3 1 9 2 7 31 16 19 6 10 4 15 1
3 4 5 3 1 1 1 7 2 7 31 16 19 6 10 1 15 1
4 4 5 1 1 1 1 8 2 7 30 16 19 6 10 6 11 1
3 3 2 6 1 4 1 9 2 7 31 16 14 35 15 1 3 1
3 4 2 1 1 5 1 8 2 7 31 16 14 35 15 6 15 0
3 2 5 3 1 2 1 10 2 7 31 16 14 35 15 4 15 1
5 3 6 1 1 1 3 10 5 7 30 18 20 10 5 1 3 0
4 3 2 5 2 2 1 8 2 7 31 16 14 35 15 6 15 1
1 1 5 5 1 1 3 12 2 7 33 16 14 35 10 7 15 0
5 1 5 6 1 2 4 8 5 7 31 17 6 9 5 6 11 0
3 3 4 4 1 2 3 8 2 7 31 16 14 35 10 6 11 1
2 3 3 3 1 1 1 9 2 7 31 16 14 35 15 4 15 0
2 3 5 3 1 3 4 8 5 7 24 17 6 9 4 6 11 1
1 3 5 5 1 5 3 13 2 7 34 16 14 35 10 3 8 1
2 3 6 3 1 5 1 8 2 7 31 16 14 35 15 6 15 1
3 4 5 6 1 2 1 9 2 7 31 16 14 35 15 4 15 0
3 3 4 1 1 1 1 9 2 7 31 16 14 35 10 6 11 0
2 4 4 3 1 2 1 8 2 7 31 16 14 35 10 6 11 1
4 4 5 1 1 1 1 8 2 7 31 16 14 35 15 6 15 1
5 4 6 1 1 1 1 8 2 7 31 16 19 6 10 6 15 0
3 4 6 6 1 3 1 8 2 7 31 16 14 35 15 6 15 1
5 4 6 2 1 5 1 8 2 7 31 16 19 6 10 1 3 1
3 3 4 3 1 5 1 9 2 7 31 16 14 35 15 6 15 1
2 4 5 3 2 1 1 9 2 7 31 16 14 35 15 6 15 1
4 4 5 1 1 3 1 8 2 7 31 16 19 6 15 6 15 0
1 4 5 3 2 5 1 2 2 7 22 16 14 5 10 6 4 0
4 3 4 3 2 5 2 8 2 7 30 16 19 6 12 6 11 0
2 1 4 5 1 1 3 9 2 7 31 16 14 35 10 3 9 1
3 2 4 4 1 2 1 7 2 7 31 16 19 6 10 1 3 1
3 3 2 4 1 4 1 8 2 7 31 16 14 35 15 4 15 1
3 2 3 3 1 2 1 9 2 7 31 16 14 35 15 6 15 0
4 4 3 6 1 3 1 9 2 7 31 16 19 6 10 6 15 0
3 2 4 3 1 3 1 8 2 7 32 16 14 5 10 6 11 1
2 1 4 4 1 1 4 8 5 7 24 17 6 9 4 6 11 1
5 4 4 5 1 2 1 8 2 7 31 16 19 6 15 1 3 0
1 4 5 4 1 1 1 8 2 7 31 16 14 35 15 6 4 1
5 2 5 6 1 1 1 8 2 7 31 16 19 6 10 1 3 0
3 2 2 4 1 2 3 8 2 7 34 16 14 35 10 6 15 1
2 2 6 6 1 3 1 9 2 7 31 16 14 35 15 1 3 1
5 3 5 6 1 1 1 9 2 7 31 16 14 35 15 4 15 0
4 3 6 2 1 2 1 8 2 7 31 16 19 6 10 4 15 0
2 4 6 2 1 5 1 8 2 7 31 16 14 35 15 6 4 1
5 4 4 1 1 3 1 8 2 7 31 16 19 6 15 6 15 0
5 4 5 1 1 3 1 8 2 7 31 16 19 6 15 6 15 0
4 4 4 1 1 1 1 8 5 7 32 18 20 28 9 6 11 0
4 4 5 5 2 3 1 8 5 7 30 18 20 10 5 6 11 0
5 1 2 5 2 2 1 11 2 7 31 16 19 6 15 1 15 0
5 3 4 4 2 5 1 11 2 7 31 16 19 6 15 1 3 0
5 4 1 5 1 1 1 8 2 7 31 16 14 21 15 6 7 0
3 4 4 4 1 5 1 7 2 7 31 16 19 6 10 4 15 0
4 2 6 6 1 1 3 8 5 7 31 17 6 9 5 1 2 0
2 2 5 3 2 3 3 10 5 7 23 14 22 11 7 6 4 0
3 3 5 6 1 4 3 8 2 7 31 16 14 35 10 6 11 0
4 2 6 4 1 5 1 8 2 7 31 16 19 6 15 6 11 0
5 4 4 3 1 1 1 10 2 7 31 16 19 6 10 4 15 1
4 2 3 3 1 3 1 9 2 7 31 16 19 6 10 4 15 1
3 3 4 2 1 4 1 9 2 7 31 16 14 35 15 3 9 1
3 4 3 6 1 3 1 9 2 7 31 16 14 35 15 6 15 1
2 3 4 6 1 5 1 7 2 7 31 16 14 35 15 1 3 1
5 4 2 6 1 1 1 10 2 7 31 16 19 6 10 6 7 1
4 4 4 4 1 1 1 7 2 7 31 16 14 35 15 6 15 0
5 2 3 1 1 2 1 11 2 7 31 16 14 35 15 6 15 0
3 3 5 2 1 1 1 8 2 7 30 16 19 6 10 6 11 0
5 3 6 2 1 3 1 10 2 7 30 16 19 6 10 6 11 0
3 4 6 6 1 5 1 9 2 7 31 16 19 6 10 6 7 1
3 1 4 4 1 4 3 8 5 7 31 17 6 9 5 6 11 1
3 1 4 1 1 1 1 9 2 7 31 16 14 35 15 4 15 1
3 2 6 6 1 4 1 8 2 7 31 16 14 35 15 6 15 1
5 3 6 1 1 4 1 8 2 7 31 16 19 6 15 1 3 0
5 3 6 4 1 4 1 8 2 7 31 16 19 6 15 1 3 0
5 1 3 6 1 2 1 7 2 7 31 16 19 6 15 6 7 0
5 2 3 4 2 1 1 10 2 7 31 16 19 6 15 1 3 0
2 3 5 3 1 1 1 10 2 7 31 16 14 35 15 6 15 0
4 3 5 3 1 2 1 9 2 7 31 16 19 6 10 1 3 1
4 3 4 5 1 5 2 8 2 7 30 16 19 6 12 6 11 0
5 4 6 1 1 5 1 8 2 7 31 16 19 6 15 1 3 0
2 3 5 3 1 4 1 8 2 7 31 16 14 35 15 6 15 1
4 3 5 4 1 1 1 9 2 7 31 16 14 35 15 4 15 1
5 2 6 6 1 4 1 8 2 7 31 7 13 34 15 1 3 1
2 1 5 2 2 1 3 8 5 7 31 17 6 9 5 6 11 1
5 3 4 4 1 2 1 9 2 7 31 16 19 6 15 6 15 0
4 4 6 3 1 4 1 8 2 7 31 16 19 6 10 1 3 1
3 1 3 6 1 2 3 9 5 7 31 17 6 9 5 6 11 0
3 3 5 2 1 1 1 9 2 7 31 16 14 35 15 4 15 1
4 4 4 3 1 5 1 11 2 7 31 16 19 6 10 1 3 0
4 4 5 1 1 2 1 8 2 7 31 16 14 35 15 6 4 1
2 1 6 3 1 5 1 9 2 7 31 16 14 35 15 6 15 1
4 4 2 1 1 3 1 8 2 7 31 16 14 35 15 6 4 1
4 1 6 1 1 1 1 10 2 7 31 16 14 21 15 6 11 0
4 3 4 4 1 3 1 2 2 7 31 16 14 35 15 6 15 0
5 4 4 4 2 1 1 8 2 7 31 16 19 6 10 1 15 0
3 3 5 2 2 1 4 9 2 7 31 16 14 35 11 4 15 1
1 4 5 4 1 3 3 6 2 7 34 16 14 35 10 3 8 1
5 3 4 6 2 1 1 11 2 7 31 16 19 6 15 1 3 0
3 1 5 1 1 1 3 9 2 7 31 16 14 35 10 4 15 1
3 2 5 2 2 2 4 8 2 7 24 16 14 35 11 4 15 1
4 4 5 2 1 1 1 8 2 7 31 16 14 35 15 4 15 0
4 4 5 1 1 4 2 8 2 7 30 16 19 6 12 6 11 0
4 4 5 1 1 4 2 8 2 7 30 16 19 6 12 6 11 0
5 2 6 5 1 4 1 8 2 7 31 16 19 6 10 4 15 1
4 3 6 2 1 2 1 11 2 7 31 16 19 6 10 4 15 1
4 2 5 5 1 1 1 8 2 7 31 16 14 35 15 6 15 1
2 1 5 5 1 1 3 8 2 7 31 16 14 35 10 3 9 1
3 2 6 3 1 3 1 9 2 7 31 16 14 35 15 4 15 0
5 3 2 1 1 4 3 8 5 7 30 18 20 10 5 1 3 0
2 2 3 3 2 2 1 9 2 7 31 16 14 35 15 4 15 1
4 3 4 5 2 3 1 8 2 7 31 16 14 35 15 6 4 1
4 3 5 5 1 1 3 9 2 7 31 16 14 35 10 6 11 1
4 4 3 2 1 2 1 9 2 7 31 16 14 35 15 6 15 1
5 1 5 5 1 3 1 8 2 7 31 16 19 6 15 4 11 0
2 3 5 3 1 1 1 9 2 7 31 16 14 35 15 2 4 1
4 2 5 6 1 4 1 8 2 7 31 16 14 35 15 1 4 0
5 3 4 5 1 1 1 8 2 7 31 16 14 35 15 1 4 0
4 3 5 2 1 3 1 9 2 7 31 16 19 6 10 1 3 0
3 3 5 1 2 1 1 9 2 7 31 16 14 35 15 4 15 1
2 1 3 4 1 3 1 9 2 7 31 16 14 35 15 4 15 1
5 4 5 2 1 1 1 8 2 7 31 16 14 35 15 6 15 0
1 1 3 5 2 4 4 2 5 7 1 17 6 9 5 4 15 1
4 1 5 4 1 2 1 2 2 7 31 16 19 6 15 4 11 0
4 4 4 6 1 3 3 11 2 7 31 16 14 35 10 6 11 1
5 2 2 5 1 1 4 8 2 7 31 16 19 6 11 1 3 0
1 3 4 3 1 5 4 9 5 3 37 4 21 21 7 6 15 1
5 4 4 4 1 1 1 8 2 7 31 16 19 6 10 6 15 1
5 4 3 3 1 2 1 8 2 7 31 16 14 21 15 6 15 0
4 4 2 2 1 1 1 8 2 7 31 16 14 35 15 4 15 0
2 4 5 3 1 1 1 8 2 7 31 16 14 35 10 6 2 1
4 3 5 5 1 3 1 8 2 7 31 16 19 6 10 1 3 1
2 4 5 1 1 5 1 8 2 7 31 16 14 21 15 6 15 1
2 1 1 6 1 5 3 9 2 7 1 16 14 35 16 1 3 1
4 4 4 5 1 2 1 8 2 7 31 16 19 6 10 6 15 0
4 4 4 6 1 3 1 8 2 7 31 16 14 35 10 6 11 1
3 4 4 5 1 4 1 9 2 7 31 16 19 6 10 1 3 1
5 4 4 6 1 1 1 8 2 7 30 16 19 6 10 6 11 0
5 4 3 5 1 3 1 9 2 7 31 16 14 35 15 6 15 0
5 3 6 3 2 1 1 10 2 7 31 16 14 35 15 6 15 0
3 4 5 2 1 5 1 10 2 7 31 16 14 21 15 6 15 0
5 3 5 6 1 1 1 8 5 7 32 18 20 28 9 1 3 1
5 4 3 2 1 4 2 10 2 7 30 16 19 6 12 6 11 0
4 4 4 5 2 1 1 8 2 7 31 16 14 35 15 1 4 0
5 2 3 2 1 2 1 8 2 7 31 16 19 6 10 4 15 1
5 4 5 1 1 2 1 9 2 7 31 16 14 35 15 6 15 0
4 2 2 6 1 2 1 8 2 7 31 16 14 35 15 1 4 0
5 4 4 5 1 2 1 8 2 7 31 16 14 35 15 6 15 1
3 2 4 4 1 1 3 10 2 7 31 16 14 35 10 6 11 1
1 4 6 6 1 2 1 8 2 7 31 16 14 35 10 6 11 1
5 2 3 6 2 4 4 10 5 7 32 10 2 16 2 6 11 0
5 4 4 1 2 4 2 11 2 7 30 16 19 6 12 6 11 0
4 4 4 4 1 1 1 9 2 7 31 16 14 35 15 6 15 1
4 4 2 2 1 4 1 9 2 7 31 16 19 6 10 4 11 1
1 4 5 3 1 3 1 8 2 7 31 16 14 35 15 3 9 0
3 4 2 4 2 5 1 8 2 7 31 16 14 35 15 6 15 0
1 2 5 2 2 3 3 3 2 7 31 16 14 35 10 3 8 1
5 3 3 6 1 4 1 8 2 7 32 7 15 36 15 1 3 0
4 2 4 2 1 3 2 8 2 7 32 16 19 6 12 6 11 0
5 3 4 5 2 5 2 10 2 7 30 16 14 6 12 1 2 0
5 1 4 6 1 1 1 8 2 7 31 16 14 35 15 1 4 0
5 3 5 6 1 3 1 8 2 7 31 16 19 6 10 6 7 0
4 4 5 4 1 4 1 9 2 7 31 16 19 6 10 1 3 1
5 3 6 6 2 5 1 11 2 7 31 16 19 6 15 1 3 0
1 2 5 2 2 4 4 9 5 7 1 17 6 9 5 4 15 1
5 3 4 3 1 1 1 8 2 7 31 16 19 6 15 6 15 0
4 4 3 6 1 5 1 7 2 7 31 16 14 35 15 6 15 0
2 3 4 5 1 3 1 10 2 7 31 16 19 6 10 4 15 0
5 4 1 1 1 1 1 8 2 7 31 16 19 6 10 4 15 0
4 4 5 1 1 2 1 8 2 7 31 16 14 35 15 6 15 0
5 4 3 3 1 2 1 9 2 7 31 16 19 6 15 6 15 0
1 1 6 3 1 2 1 9 2 7 22 16 14 5 10 6 4 1
1 3 4 6 1 3 1 7 2 7 31 16 14 35 10 6 11 0
2 4 3 5 2 5 1 8 2 7 31 16 14 35 15 4 15 0
5 4 5 3 1 1 1 9 2 7 31 16 14 29 15 6 15 0
3 4 4 6 2 5 1 7 2 7 31 16 14 35 15 1 3 1
4 4 5 2 1 1 1 8 2 7 31 16 14 35 15 4 15 0
4 4 2 1 1 3 2 8 2 7 30 16 19 6 12 6 11 0
4 3 3 6 1 4 1 9 2 7 30 16 19 6 10 6 11 0
4 3 6 2 3 1 1 8 2 7 31 16 14 35 15 6 4 0
5 3 5 5 1 3 1 8 2 7 31 16 14 35 15 3 5 0
5 2 4 6 1 5 1 10 5 7 30 18 20 10 5 1 3 0
5 4 5 1 1 2 1 8 2 7 31 16 19 6 10 4 15 0
3 3 3 2 1 3 1 9 2 7 31 16 19 6 10 1 15 1
5 3 4 3 1 1 1 8 2 7 31 16 19 6 10 4 15 0
5 3 4 3 2 1 1 10 2 7 31 16 14 35 15 6 4 1
2 1 3 3 1 4 1 7 2 7 31 16 14 35 15 4 15 1
2 2 2 5 1 3 3 9 2 7 31 16 14 35 10 4 15 1
4 2 5 6 1 2 1 8 2 7 31 16 14 35 15 1 3 0
5 2 3 6 1 2 1 8 2 7 31 16 14 29 10 2 4 0
5 4 4 5 1 1 1 8 2 7 31 16 14 35 15 2 4 0
3 3 4 4 1 3 4 8 5 7 24 17 6 9 4 6 11 0
4 4 5 3 1 4 1 10 2 7 31 16 14 35 15 4 15 1
5 4 5 6 1 2 1 11 2 7 32 7 15 36 15 6 11 0
5 4 4 2 1 1 1 9 2 7 31 16 19 6 10 4 15 0
4 4 6 4 1 5 1 9 2 7 31 16 14 35 15 6 15 0
4 4 5 4 1 3 1 8 2 7 31 16 19 6 10 4 15 1
2 1 2 2 1 4 1 9 2 7 31 16 14 35 15 4 15 0
5 4 2 2 1 2 1 8 2 7 31 16 19 6 10 6 15 0
5 2 5 1 2 4 3 11 5 7 30 18 20 10 5 1 3 0
5 2 2 5 1 3 1 11 2 7 31 16 19 6 10 6 15 1
4 3 2 6 2 3 1 8 2 7 30 16 19 6 10 6 11 0
5 2 4 2 1 2 3 8 5 7 30 18 20 39 9 1 3 0
5 1 4 3 2 1 1 11 2 7 31 16 14 35 15 6 4 1
4 4 5 2 1 2 1 9 2 7 31 16 19 6 10 6 15 0
5 3 5 6 2 4 1 8 2 7 31 16 14 35 15 1 4 0
4 3 2 2 1 2 1 9 2 7 31 16 14 35 15 4 15 0
5 2 4 2 1 4 1 8 2 7 32 16 19 6 15 6 11 1
3 4 5 6 1 2 3 8 2 7 31 16 14 35 10 6 11 1
1 3 4 6 1 5 3 2 2 7 1 16 14 35 16 6 15 1
5 3 4 6 1 1 1 8 2 4 32 7 15 27 15 6 11 0
3 3 4 3 1 2 1 8 2 7 32 16 14 5 10 6 11 1
1 2 6 3 1 4 3 9 2 7 1 16 14 35 16 4 15 1
3 4 2 6 1 1 1 9 2 7 31 16 14 35 15 1 4 0
4 4 4 6 1 3 3 11 2 7 31 16 14 35 10 6 11 1
3 2 4 2 1 4 1 9 2 7 22 16 14 5 10 6 15 0
4 4 2 2 1 4 1 11 2 7 31 16 19 6 10 4 15 1
5 3 4 6 1 2 1 8 2 7 31 16 14 21 15 6 15 0
5 3 4 1 1 5 3 3 5 7 30 18 20 39 9 1 3 0
4 2 3 3 1 4 1 13 2 7 31 16 14 21 15 4 15 0
4 3 1 4 2 2 3 8 2 7 31 16 14 35 10 6 11 1
5 4 5 3 1 5 1 9 2 7 31 16 19 6 10 4 11 1
3 1 2 1 1 4 1 8 2 7 31 16 14 35 15 6 4 1
5 4 4 2 1 2 1 10 2 7 31 16 19 6 15 6 7 0
2 3 5 5 1 3 3 9 2 3 13 2 10 4 13 1 3 1
1 1 5 4 1 4 4 8 5 3 37 4 27 45 4 6 11 1
5 4 2 6 1 1 1 8 2 7 31 16 14 35 10 6 11 0
4 3 5 4 1 1 1 8 2 7 31 16 14 35 15 4 15 1
5 4 5 4 1 1 1 2 2 7 31 16 19 6 10 1 3 0
5 4 5 3 1 1 1 8 2 7 31 16 19 6 10 6 15 1
2 2 5 3 1 1 3 11 2 7 31 16 14 35 10 4 15 1
4 1 5 6 1 1 3 8 5 7 31 17 6 9 5 1 2 0
5 4 3 3 1 2 1 10 2 7 31 16 19 6 10 1 3 0
4 4 5 3 1 4 1 8 5 7 30 18 20 10 5 1 3 1
4 3 2 6 1 5 1 11 2 7 31 16 19 6 10 6 7 1
5 3 3 4 1 2 1 11 2 7 31 16 19 6 15 6 15 0
4 3 5 4 1 4 1 8 2 7 31 16 19 6 10 1 3 1
5 2 6 5 1 4 1 8 2 7 31 16 19 6 15 6 7 0
5 4 5 3 1 2 1 8 2 7 31 16 19 6 10 6 15 0
5 1 3 4 1 1 1 8 2 7 31 16 19 6 15 4 15 1
5 2 5 5 1 5 1 8 2 7 31 16 19 6 10 4 15 1
1 1 2 3 1 4 1 8 2 7 31 16 14 35 10 6 11 1
3 4 4 2 1 4 1 8 2 7 31 16 14 35 15 6 4 1
5 4 3 2 1 4 2 9 2 7 30 16 19 6 12 6 11 0
3 3 1 4 2 4 1 9 2 7 31 16 14 35 15 6 15 1
4 4 4 6 1 2 1 9 2 7 31 16 19 6 10 1 3 0
5 3 6 3 1 3 1 9 2 7 31 16 14 29 10 4 15 0
4 3 2 1 1 2 2 8 2 7 32 16 19 6 12 6 11 1
4 3 4 1 3 2 1 8 2 7 31 16 14 35 15 6 4 1
5 4 3 5 1 1 1 9 2 7 31 16 14 35 15 4 15 0
4 4 4 5 2 2 1 11 2 7 31 16 14 35 15 6 15 0
1 3 5 2 1 3 1 12 2 7 31 16 14 35 15 4 15 1
3 4 4 5 1 3 1 9 2 7 31 16 19 6 10 1 3 1
4 3 2 5 1 3 1 8 2 7 31 16 19 6 10 1 3 1
5 4 5 4 1 1 1 8 2 7 31 16 14 35 15 4 15 0
3 3 4 4 1 2 1 8 2 7 31 16 14 35 15 6 15 1
4 1 6 6 2 1 1 8 2 7 31 16 14 35 15 2 4 0
5 4 3 1 1 2 2 8 2 7 30 16 19 6 12 6 11 0
2 3 5 5 1 4 3 10 2 3 13 2 10 4 13 1 3 1
5 3 3 1 1 1 1 8 2 7 31 16 14 29 15 6 15 0
5 4 4 2 1 2 1 8 2 7 31 16 14 29 15 6 15 1
5 4 5 6 2 1 1 8 2 7 31 16 14 21 15 1 3 0
3 4 4 6 3 5 1 8 2 7 31 16 14 35 15 6 4 1
5 4 4 6 1 5 1 9 2 7 31 16 19 6 15 1 3 0
5 2 5 3 1 2 1 8 2 7 31 16 14 29 10 6 15 0
3 4 2 2 1 5 1 9 2 7 31 16 14 35 15 6 15 0
3 4 6 4 1 2 1 9 2 7 31 16 19 6 10 4 15 0
5 2 4 3 1 1 1 8 2 7 31 16 19 6 15 1 3 0
4 1 5 5 1 1 1 8 2 7 31 16 14 35 15 6 15 1
1 3 4 4 1 5 3 8 5 7 23 14 22 11 7 6 11 1
3 3 4 1 1 2 3 8 2 7 31 16 14 35 10 6 11 1
1 1 3 3 1 1 3 8 5 7 31 17 6 9 5 6 11 1
5 4 5 1 1 3 1 8 2 7 31 16 19 6 15 6 15 0
4 4 6 5 1 3 1 9 2 7 31 16 19 6 10 1 3 1
5 2 5 1 1 2 3 11 5 7 30 18 20 39 9 1 3 0
3 3 4 1 1 4 1 9 2 7 31 16 14 35 15 6 15 1
5 4 3 3 1 4 1 9 2 7 31 16 19 6 10 4 15 0
3 3 5 4 1 1 1 8 2 7 31 16 14 35 15 1 4 0
4 4 6 3 1 3 1 8 2 7 31 16 14 35 15 6 15 0
2 4 4 3 2 3 4 12 2 7 31 16 14 35 11 4 15 1
5 1 6 6 1 1 1 8 2 7 32 7 15 36 15 1 3 0
3 3 3 6 1 3 1 10 2 7 31 16 14 35 15 6 7 1
4 3 5 6 2 3 3 8 2 7 31 16 14 35 10 1 4 1
5 1 2 5 1 4 1 9 2 7 31 16 19 6 15 4 11 0
5 4 5 2 1 4 1 8 2 7 31 16 19 6 10 4 11 0
3 4 3 6 2 3 3 10 2 7 31 16 14 35 10 1 4 1
4 4 5 6 1 4 1 9 2 7 31 16 19 6 10 1 3 0
:test
3 4 4 3 1 4 1 7 2 7 31 16 14 35 15 4 15 0
4 4 6 4 1 4 1 8 2 7 31 16 19 6 10 4 15 0
3 3 6 3 1 4 1 9 2 7 31 16 14 35 15 1 3 1
4 4 4 2 1 1 1 8 2 7 31 16 14 35 15 6 15 1
3 3 3 1 1 2 2 7 2 7 30 16 19 6 12 6 11 0
4 4 3 5 1 1 1 9 2 7 31 16 19 6 10 4 11 0
4 3 6 2 3 2 1 8 2 7 31 16 14 35 15 6 4 1
5 3 3 5 1 4 1 9 2 7 31 16 19 6 15 1 3 0
5 2 5 5 1 2 4 10 2 7 31 16 19 6 10 1 3 0
5 4 6 1 1 2 1 8 2 7 31 16 14 35 15 6 15 0
5 4 4 2 1 2 1 10 2 7 31 16 19 6 10 4 15 1
3 1 5 4 1 1 4 11 5 7 24 17 6 9 4 6 11 1
3 3 2 1 1 1 1 8 2 7 30 16 19 6 10 6 11 0
5 4 3 5 1 3 1 10 2 7 31 16 14 35 15 6 15 0
5 2 5 1 1 4 3 8 5 7 30 18 20 10 5 1 3 0
5 3 4 6 1 1 1 11 2 7 31 16 19 6 10 1 3 0
2 3 5 4 2 5 1 9 2 7 31 16 14 35 15 6 15 0
4 3 4 6 1 4 1 7 2 7 31 16 19 6 15 1 3 1
4 4 5 4 1 1 1 8 2 7 31 16 14 35 15 4 15 0
5 4 2 2 1 4 1 8 2 7 31 16 19 6 10 4 15 0
4 4 4 3 1 2 1 9 2 7 31 16 19 6 10 4 15 1
3 2 6 2 1 4 3 11 5 7 23 14 22 11 7 6 11 1
4 1 4 1 1 1 2 10 2 7 30 16 19 6 12 6 11 0
5 2 5 5 2 2 1 8 2 7 31 16 19 6 10 1 3 0
4 1 5 2 1 5 2 9 2 7 30 16 19 6 12 6 11 0
2 3 4 5 1 2 1 7 2 7 31 16 19 6 10 1 3 1
3 2 5 5 1 5 1 10 2 7 31 16 14 35 15 6 4 1
4 4 4 2 1 4 1 2 2 7 31 16 19 6 10 6 15 1
5 4 4 1 1 4 2 8 2 7 30 16 19 6 12 6 11 0
5 3 2 6 1 2 1 8 2 7 31 16 19 6 10 1 3 0
5 3 4 1 1 1 1 8 2 7 31 16 19 6 15 1 3 0
2 4 4 6 1 3 1 9 2 7 31 16 14 35 15 3 11 0
2 3 6 3 1 1 3 11 5 7 31 17 6 9 5 6 11 1
4 4 6 6 2 2 1 8 2 7 31 16 19 6 15 6 7 0
3 4 5 5 1 3 1 8 2 7 31 16 19 6 10 1 3 1
4 4 6 2 2 2 1 8 2 7 31 16 14 35 15 6 15 0
4 4 4 3 2 2 1 9 2 7 31 16 14 35 15 6 15 1
4 4 3 1 1 5 2 10 2 7 30 16 19 6 12 6 11 0
4 4 5 6 1 1 1 9 2 7 31 16 14 35 15 1 3 1
5 3 4 2 1 2 3 10 5 7 30 18 20 39 9 1 3 0
3 1 5 6 1 2 1 9 2 7 31 16 14 35 15 6 7 1
5 2 5 4 1 2 1 8 2 7 31 16 14 35 15 6 15 0
5 3 4 1 1 2 1 8 2 7 31 16 19 6 15 4 15 0
1 1 5 5 1 1 3 3 2 7 33 16 14 35 10 3 8 1
5 3 3 2 1 2 2 8 2 7 32 16 19 6 12 6 11 0
4 3 5 2 1 3 1 8 2 7 31 16 19 6 10 4 15 0
5 2 6 5 2 5 1 8 2 7 31 16 19 6 15 1 3 0
3 2 5 2 1 2 3 8 5 7 31 17 6 9 5 6 11 1
2 1 1 4 2 4 1 8 2 7 31 16 14 35 15 3 9 1
2 2 5 5 1 2 3 10 5 7 23 14 22 11 7 6 11 1
4 4 6 4 1 4 1 8 2 7 31 16 14 35 15 6 15 1
5 4 5 5 1 4 1 11 2 7 31 16 19 6 10 6 15 1
1 3 5 5 1 4 1 12 2 7 31 16 14 35 15 4 15 1
5 4 4 1 1 4 1 10 2 7 31 16 14 35 15 6 15 1
5 4 5 6 1 1 1 9 2 7 31 16 14 35 15 4 15 0
5 3 4 4 1 4 1 8 2 7 31 16 19 6 10 4 15 1
4 3 3 6 1 2 1 8 2 7 31 16 19 6 10 1 3 0
2 4 2 4 1 4 1 2 2 7 31 16 14 35 15 6 15 1
1 4 4 3 1 5 1 2 2 7 31 16 14 35 15 6 15 1
5 4 6 4 1 1 1 8 2 7 31 16 14 35 15 4 15 1
2 3 4 4 1 3 4 7 2 7 24 16 14 35 11 4 15 1
4 4 3 5 1 1 1 7 2 7 31 16 19 6 10 1 3 1
2 3 4 2 1 2 3 8 2 7 31 16 14 35 10 6 11 1
3 1 5 4 1 3 3 9 2 3 13 2 10 4 13 1 3 1
4 3 5 3 1 3 1 9 2 7 31 16 19 6 10 4 15 0
3 2 2 5 2 4 1 9 2 7 31 16 19 6 10 1 3 0
2 2 3 5 2 5 3 9 2 7 31 16 14 35 10 6 15 1
3 3 5 2 1 2 3 9 2 3 13 2 10 4 13 1 3 1
5 4 5 4 1 1 1 11 2 7 31 16 19 6 10 6 15 0
2 3 6 5 1 4 1 9 2 7 31 16 14 35 15 6 15 1
3 1 5 5 1 3 3 8 5 7 31 17 6 9 5 6 11 1
5 4 3 2 2 4 1 10 2 7 31 16 19 6 10 1 3 0
5 1 5 3 1 1 1 1 2 7 31 16 14 21 15 1 3 0
4 2 3 1 1 5 1 8 2 7 30 16 19 6 10 6 11 1
3 4 6 3 1 3 1 9 2 7 31 16 14 35 15 4 15 0
4 3 4 4 1 1 3 8 2 7 31 16 14 35 10 1 4 1
5 1 2 5 2 5 4 8 2 7 31 16 19 6 10 1 3 0
1 4 6 1 1 5 1 8 2 7 31 16 14 21 15 6 15 1
3 1 2 4 2 5 1 11 2 7 22 16 14 5 10 6 4 0
2 4 3 5 2 5 1 7 2 7 31 16 14 35 15 6 15 1
2 3 5 5 1 3 1 10 2 7 31 16 14 35 15 4 15 1
1 1 5 5 1 2 3 10 5 7 23 14 22 11 7 6 11 1
2 1 5 5 2 1 1 8 2 7 31 16 14 35 15 6 15 1
3 4 3 4 2 3 1 10 2 7 31 16 19 6 15 4 11 1
3 4 5 5 1 3 1 8 2 7 31 16 14 35 15 6 15 1
4 2 3 5 2 1 3 8 5 7 31 17 6 9 5 6 11 0
2 3 5 3 1 4 1 9 2 7 31 16 14 35 15 4 15 0
2 4 5 4 1 5 1 8 2 7 31 16 14 35 15 6 4 1
5 4 3 2 1 1 1 8 2 7 31 16 14 35 15 6 15 0
3 1 5 5 1 4 1 9 2 7 31 16 14 35 15 6 7 1
4 4 6 4 1 1 1 8 2 7 31 16 14 35 15 6 15 0
5 2 3 3 2 5 1 8 2 7 32 16 19 6 15 1 3 0
3 3 4 5 1 2 1 9 2 7 31 16 14 35 15 6 15 0
3 4 4 6 1 1 1 9 2 7 31 16 14 35 15 6 15 0
4 3 5 3 1 2 1 9 2 7 31 16 14 35 15 6 15 1
2 1 4 2 1 1 1 9 2 7 31 16 14 35 15 6 15 1
5 3 5 1 1 2 1 8 2 7 30 16 19 6 10 6 11 0
5 3 4 3 1 3 1 9 2 7 31 16 19 6 10 6 11 1
2 3 2 4 2 4 3 9 5 7 31 17 6 9 5 3 11 1
5 3 5 6 2 2 1 8 2 7 31 16 19 6 10 1 3 0
2 1 5 5 1 1 3 8 2 7 31 16 14 35 10 3 9 1
2 3 3 4 2 5 3 8 2 7 31 16 14 35 10 1 6 1
5 1 5 6 1 4 3 8 5 7 30 18 20 39 9 1 3 0
2 1 4 4 1 1 3 8 5 7 23 14 22 11 7 6 11 1
4 2 2 6 1 4 1 8 2 7 31 16 19 6 10 6 11 1
4 2 3 3 1 2 1 9 2 7 31 16 19 6 15 1 15 0
5 3 5 2 1 1 1 8 2 7 31 16 19 6 15 4 15 1
4 4 5 1 1 3 1 8 2 7 31 16 19 6 10 6 15 0
5 2 6 6 1 1 3 8 5 7 32 18 20 10 5 6 11 0
5 4 1 6 2 4 1 8 2 7 31 16 19 6 15 6 11 0
4 1 5 6 2 2 1 9 2 7 31 16 19 6 10 6 7 0
1 4 4 5 2 5 1 2 2 7 31 16 14 35 15 6 15 1
5 2 4 6 2 4 1 11 2 7 31 16 19 6 15 1 3 0
3 2 6 4 2 2 1 8 2 7 31 16 14 35 15 6 4 1
4 4 5 1 2 1 1 10 2 7 31 16 14 35 15 6 15 1
2 2 6 3 1 4 1 9 2 7 31 16 14 35 15 3 9 1
4 3 5 3 2 2 1 8 2 7 31 16 14 35 15 6 15 1
5 4 5 6 2 3 1 8 2 4 32 7 15 27 15 6 11 0
5 2 3 4 1 1 1 8 2 7 32 7 15 36 15 1 3 0
5 2 3 2 1 3 1 8 2 7 31 16 19 6 10 6 11 0
4 4 3 5 1 3 1 8 2 7 31 16 19 6 10 1 3 1
5 2 6 6 1 4 1 8 2 7 31 16 14 35 10 1 3 0
5 3 3 2 1 1 1 10 2 7 31 16 19 6 15 6 15 0
3 1 3 2 1 2 1 9 2 7 31 16 14 35 15 6 15 0
5 4 2 6 1 3 1 8 2 7 31 16 19 6 10 4 11 0
5 4 4 4 1 3 1 8 2 7 31 16 14 29 15 4 15 0
4 2 4 3 1 5 1 9 2 7 31 16 19 6 10 4 15 1
2 3 5 2 1 2 1 9 2 7 31 16 14 35 15 4 15 1
3 2 2 2 1 5 1 9 2 7 31 16 14 35 15 6 15 0
5 2 5 3 1 4 4 8 2 7 31 16 19 6 10 1 3 0
4 1 4 3 1 5 1 9 2 7 31 16 14 35 15 4 15 1
1 3 4 6 1 3 1 2 2 7 31 16 14 35 15 4 15 1
3 4 5 3 1 2 1 8 2 7 31 16 14 35 15 4 15 1
5 4 4 6 1 1 1 7 2 7 31 16 19 6 10 6 15 0
4 2 4 3 1 3 1 10 2 7 30 16 19 6 10 6 11 1
5 4 4 6 1 1 1 11 5 7 32 18 20 28 9 6 11 0
5 4 4 6 2 2 1 10 2 7 31 16 19 6 15 1 3 0
2 2 4 5 1 2 3 8 5 7 23 14 22 11 7 6 11 1
5 3 2 3 1 1 1 10 2 7 31 16 19 6 10 1 3 0
5 4 5 6 2 2 1 8 2 7 31 16 19 6 10 6 7 0
5 4 6 6 1 2 1 8 2 7 32 7 15 36 15 1 3 0
3 3 4 6 1 3 1 7 2 7 31 16 14 35 15 6 7 1
4 4 4 1 1 2 2 8 2 7 30 16 19 6 12 6 11 0
5 4 6 5 2 5 2 8 2 7 30 16 19 6 12 6 11 0
4 2 5 1 2 2 1 8 2 7 31 16 14 35 15 6 15 0
3 3 4 6 2 3 1 7 2 7 31 16 14 35 15 1 3 1
5 2 4 1 1 3 1 10 5 7 32 18 20 28 9 6 11 0
1 2 3 5 1 4 4 9 5 7 31 17 6 9 5 1 3 1
5 4 4 3 1 1 1 8 2 7 31 16 19 6 10 6 15 0
4 3 3 6 1 2 3 9 5 7 32 18 20 10 5 6 11 0
5 3 4 5 1 5 1 8 2 7 31 16 19 6 10 4 11 0
4 4 3 6 2 2 1 11 2 7 31 16 19 6 10 6 7 1
4 4 3 1 1 3 1 9 2 7 31 16 14 35 15 6 15 0
2 1 4 6 1 3 1 9 2 7 31 16 14 35 15 1 3 1
2 1 6 4 2 4 3 10 2 7 31 16 14 35 10 1 4 1
3 2 5 2 1 4 3 11 5 7 23 14 22 11 7 6 11 1
2 2 4 5 2 5 3 8 2 7 31 16 14 35 10 1 4 1
1 1 6 3 1 5 4 8 5 3 37 4 21 21 7 6 15 1
3 3 5 5 1 4 1 9 2 7 31 16 14 35 15 6 15 1
5 3 3 6 1 3 1 10 2 4 32 7 15 27 15 1 3 0
3 4 3 6 1 5 1 9 2 7 31 16 14 35 15 1 3 0
4 4 5 3 1 1 1 8 2 7 31 16 14 35 15 4 15 1
4 2 5 1 2 5 1 8 2 7 30 16 19 6 10 6 11 0
4 2 4 2 1 2 1 9 2 7 31 16 14 35 15 4 15 0
2 3 5 5 1 3 1 9 2 7 31 16 14 35 15 6 15 1
5 2 5 5 1 2 1 8 2 7 31 16 19 6 15 1 3 0
4 3 4 4 1 5 4 8 2 7 31 16 19 6 11 6 11 0
3 4 6 5 1 2 1 8 2 7 31 16 14 35 15 6 15 0
1 2 4 3 2 4 3 8 5 7 31 17 6 9 5 6 11 1
4 4 5 2 1 4 1 8 2 7 31 16 14 35 15 6 15 1
5 4 6 2 1 1 1 8 2 7 31 16 19 6 15 1 3 0
5 4 3 1 1 3 1 11 2 7 31 16 14 21 15 6 11 0
4 4 4 2 1 1 1 9 2 7 31 16 19 6 10 4 15 0
5 4 3 1 1 1 1 7 2 7 31 16 14 35 15 6 15 0
5 4 2 5 1 1 1 9 2 7 31 16 14 35 15 6 15 0
1 4 5 6 2 5 1 8 2 7 31 16 14 35 15 6 15 1
4 4 4 3 1 1 1 9 2 7 31 16 19 6 10 4 15 1
3 2 6 2 1 2 3 8 5 7 31 17 6 9 5 6 11 1
4 4 5 5 2 4 1 11 2 7 31 16 19 6 10 1 3 0
3 2 6 3 1 1 1 8 2 7 31 16 14 35 15 6 15 0
1 4 4 2 1 4 1 2 2 7 31 16 14 35 15 6 15 1
4 4 2 6 1 4 1 8 2 7 31 16 19 6 10 6 7 0
3 2 3 5 2 2 4 8 5 7 24 17 6 9 4 6 11 0
5 4 2 4 1 3 1 9 2 7 31 16 19 6 10 4 11 0
3 4 6 3 1 2 3 9 2 7 31 16 14 35 10 4 15 1
4 2 5 5 1 4 1 8 2 7 31 16 14 35 15 4 15 1
3 3 4 3 1 5 1 2 2 7 31 16 19 6 10 4 15 1
5 4 2 6 1 5 1 11 2 7 31 16 19 6 10 6 15 1
1 2 3 5 2 3 1 8 2 7 31 16 14 35 15 6 15 1
3 4 5 3 2 4 1 9 2 7 31 16 14 35 15 3 9 1
5 2 4 6 2 4 3 8 5 7 32 18 20 39 9 1 3 0
3 2 1 3 2 5 1 8 2 7 31 16 14 35 15 3 9 0
3 2 4 3 1 4 1 9 2 7 31 16 14 35 15 1 3 1
5 4 4 6 1 1 1 8 2 7 31 16 19 6 15 1 3 0
3 3 6 5 1 1 1 8 2 7 31 16 19 6 10 4 11 0
5 4 2 2 1 2 1 8 2 7 31 16 14 35 15 4 15 0
2 4 6 6 1 5 1 8 2 7 31 16 14 35 15 6 15 1
4 4 4 1 1 1 2 9 2 7 30 16 19 6 12 6 11 0
5 1 4 6 1 1 1 8 2 7 31 16 19 6 15 1 3 0
5 4 4 1 1 3 1 8 2 7 31 16 19 6 15 6 15 0
5 1 4 6 2 5 1 2 2 7 31 16 19 6 15 6 15 0
4 4 5 1 1 4 1 9 2 7 31 16 14 35 15 6 15 1
5 4 4 6 1 4 1 8 2 4 32 7 15 27 15 1 3 0
1 2 6 6 1 5 1 8 2 7 31 16 14 35 15 6 15 1
4 3 5 1 1 2 1 11 2 7 30 16 19 6 10 6 11 0
5 1 6 4 2 2 1 11 2 7 31 16 19 6 10 4 11 0
5 2 3 1 1 2 1 8 2 7 30 16 19 6 10 6 11 0
2 4 5 6 1 3 1 8 2 7 31 16 14 35 15 1 4 1
3 4 3 1 2 2 3 8 2 7 31 16 14 35 10 6 11 0
5 4 2 6 1 5 3 8 5 7 32 18 20 39 9 1 3 0
4 2 2 6 1 5 2 9 2 7 30 16 14 6 12 6 11 0
3 1 4 5 1 4 2 8 2 7 30 16 14 6 12 1 3 1
3 3 5 3 2 2 1 8 2 7 31 16 14 35 15 6 15 1
4 3 4 3 1 4 1 9 2 7 31 16 14 35 15 6 15 0
5 4 5 6 1 2 1 8 2 7 31 16 19 6 15 4 11 0
5 4 3 1 1 1 1 8 2 7 31 16 14 35 15 6 15 0
2 3 6 2 1 3 1 8 2 7 31 16 14 35 10 6 11 0
5 1 3 5 1 1 2 10 2 7 32 16 19 6 12 1 2 0
4 2 3 6 1 3 1 8 2 7 31 16 19 6 10 4 15 1
5 4 3 1 1 1 1 8 2 7 31 16 19 6 10 4 15 0
4 4 4 1 1 2 1 8 2 7 31 16 14 21 15 6 11 0
4 3 3 6 1 3 1 7 2 7 31 16 19 6 10 6 7 1
1 3 5 3 1 3 3 9 2 7 31 16 14 35 10 4 15 1
2 2 4 3 1 5 3 9 5 7 31 17 6 9 5 6 11 1
4 4 3 6 1 2 1 7 2 7 31 16 19 6 10 6 7 0
5 4 6 6 3 2 1 8 2 7 31 16 19 6 10 1 3 0
4 4 2 3 1 2 1 8 2 7 31 16 19 6 10 4 15 0
4 2 5 3 1 3 1 8 2 7 31 16 19 6 15 1 3 0
4 2 5 2 1 2 1 9 2 7 31 16 14 35 15 4 15 1
3 4 4 5 1 4 1 8 2 7 31 16 14 35 15 6 15 1
5 4 2 6 1 5 1 9 2 7 31 16 19 6 10 4 15 0
3 2 5 4 2 5 1 8 2 7 31 16 14 35 15 6 4 1
5 4 4 3 1 4 1 8 2 7 31 16 19 6 10 4 11 0
4 3 4 6 1 2 1 9 2 7 31 16 19 6 10 6 7 1
5 3 3 6 1 2 3 8 2 7 31 16 14 35 10 6 11 0
1 4 6 3 1 4 1 8 2 7 31 16 14 35 15 6 15 1
5 4 3 2 1 2 1 9 2 7 31 16 14 35 15 6 15 0
3 4 4 3 2 2 1 8 2 7 31 16 14 35 15 6 4 1
5 2 3 6 2 5 1 10 2 4 30 7 15 27 15 1 3 0
2 3 5 2 1 2 3 9 2 7 31 16 14 35 10 4 15 1
1 3 4 3 1 4 1 12 2 7 31 16 14 35 15 4 15 1
1 4 3 3 1 3 1 9 2 7 31 16 14 35 15 6 15 1
5 4 5 1 1 4 1 9 2 7 31 16 19 6 10 4 15 0
5 2 4 4 2 4 1 8 2 7 31 16 19 6 10 4 11 0
3 4 5 3 2 3 1 8 2 7 31 16 14 35 15 4 15 1
3 4 5 2 1 2 1 8 2 7 31 16 14 35 15 6 4 1
3 2 5 4 1 2 1 9 2 7 31 16 19 6 15 6 11 1
5 3 3 4 1 3 1 8 2 7 31 16 19 6 15 1 3 0
5 2 5 1 1 1 3 8 5 7 30 18 20 10 5 1 3 0
3 4 3 5 1 1 1 9 2 7 31 16 14 35 15 6 15 0
3 1 5 3 2 5 1 8 2 7 31 16 14 35 15 3 9 1
5 4 5 3 1 1 1 8 2 7 31 16 19 6 15 4 15 0
5 4 5 1 1 1 1 9 2 7 31 16 19 6 15 6 15 1
5 3 2 1 1 5 1 8 2 7 31 16 19 6 10 4 15 1
2 2 6 3 1 1 1 9 2 7 31 16 14 35 15 6 15 1
5 1 5 2 1 1 1 11 2 7 31 7 13 34 15 1 3 0
3 2 4 1 2 1 3 9 5 7 31 17 6 9 5 6 11 0
4 3 3 3 1 3 1 9 2 7 31 16 19 6 10 4 15 1
5 4 6 5 1 1 1 8 2 7 31 16 19 6 10 4 11 0
3 2 6 6 1 2 1 9 2 7 31 16 14 35 15 1 3 1
2 3 3 4 2 3 1 11 2 7 31 16 14 35 15 4 15 1
4 2 3 4 1 2 3 9 5 7 31 17 6 9 5 3 11 0
4 3 6 5 1 3 3 8 2 7 31 16 14 35 10 6 11 0
5 3 4 4 1 3 1 9 2 7 31 16 19 6 10 4 11 0
5 3 4 6 3 1 1 11 2 7 31 7 13 34 10 1 3 0
2 2 3 3 1 4 1 10 2 7 31 16 14 35 15 4 15 1
3 4 3 2 1 3 1 9 2 7 31 16 14 35 15 6 15 0
5 4 2 4 1 1 1 8 2 7 32 16 19 6 15 1 3 0
4 4 4 6 1 1 1 8 2 7 31 16 14 35 15 6 15 0
4 1 2 1 2 5 1 9 5 7 17 18 20 22 3 6 11 0
4 2 1 1 1 1 2 9 2 7 32 16 19 6 12 6 11 0
5 4 6 3 2 1 1 8 2 7 31 16 19 6 10 4 15 0
5 4 2 4 2 3 1 8 2 7 31 16 19 6 10 4 11 0
1 2 5 3 1 3 4 12 5 7 1 17 6 9 5 4 15 1
5 4 3 5 1 3 1 11 2 7 31 16 14 21 15 1 3 0
1 3 4 5 1 4 1 2 2 7 31 16 14 35 15 1 3 1
4 2 2 3 1 4 1 8 2 7 31 16 14 35 15 4 15 1
5 2 4 6 2 2 1 8 2 7 31 16 19 6 15 3 9 1
5 3 5 3 2 3 1 11 2 7 31 16 19 6 15 1 3 0
5 2 5 5 1 1 1 8 2 7 31 16 19 6 15 6 15 0
5 4 2 6 1 4 1 9 2 7 31 16 19 6 10 6 11 0
5 2 3 6 3 1 1 8 2 7 31 7 13 34 10 1 3 0
3 3 2 5 2 5 1 9 2 7 31 16 14 35 15 6 15 1
3 1 5 4 1 2 1 9 2 7 31 16 14 35 15 3 9 0
2 2 5 3 1 2 3 9 2 7 31 16 14 35 10 2 4 0
5 2 5 6 2 3 3 10 5 7 32 18 20 39 9 1 3 0
4 3 4 5 1 5 1 8 2 7 31 16 14 35 15 1 15 0
4 4 5 5 1 2 1 9 2 7 31 16 14 35 15 6 15 0
5 2 4 5 1 2 1 8 2 7 31 16 19 6 15 6 15 0
3 3 5 4 1 4 1 9 2 7 31 16 14 35 15 4 15 1
5 4 3 1 1 2 1 8 2 7 31 16 14 21 15 6 11 0
3 3 3 6 1 4 1 8 2 7 31 16 19 6 10 1 3 1
4 4 6 2 1 1 1 8 2 7 31 16 14 35 15 4 15 0
2 4 2 4 1 4 1 8 2 7 31 16 14 35 15 1 3 1
5 2 5 6 1 2 1 8 2 7 31 16 19 6 10 1 3 0
5 3 4 3 1 3 1 11 2 7 31 16 19 6 15 6 15 0
1 3 4 3 1 4 1 1 2 7 31 16 14 35 10 6 2 1
5 1 2 6 2 5 1 11 2 7 31 16 19 6 10 6 7 0
4 4 2 6 1 4 1 9 2 7 31 16 19 6 10 1 3 0
4 3 4 4 1 1 1 8 2 7 31 16 14 35 15 1 4 1
3 4 5 2 1 3 1 11 2 7 31 16 14 35 15 4 15 1
4 4 5 1 1 2 1 8 2 7 31 16 19 6 15 6 15 1
1 3 4 4 1 5 3 8 5 7 23 14 22 11 7 6 11 1
5 4 6 3 1 1 1 9 2 7 31 16 14 35 15 6 15 0
5 2 4 5 1 1 1 8 2 7 31 16 19 6 15 6 15 0
2 1 3 5 1 3 1 2 2 7 31 16 14 35 15 6 15 1
5 4 5 1 1 2 1 8 2 7 31 16 19 6 15 6 15 0
4 4 4 1 1 2 1 8 5 7 32 18 20 28 9 6 11 0
5 4 3 3 1 2 1 8 2 7 31 16 14 21 15 6 7 0
5 1 2 1 1 1 1 8 2 7 31 16 19 6 15 1 3 0
3 4 5 6 2 3 1 9 2 7 31 16 19 6 10 1 3 1
4 3 5 6 1 4 3 8 5 7 32 17 6 9 5 1 3 0
4 4 4 3 1 4 1 7 2 7 31 16 14 35 15 4 15 0
3 4 4 5 1 4 1 7 2 7 31 16 14 35 15 1 3 0
5 3 6 3 1 2 1 8 2 7 31 16 19 6 15 4 11 1
5 4 6 1 1 1 1 8 2 7 31 16 19 6 10 6 15 0
4 4 1 6 1 4 1 8 2 7 31 16 14 35 15 6 15 0
3 4 5 3 1 5 1 9 2 7 31 16 14 35 15 6 15 1
4 4 2 2 2 4 1 8 2 7 31 16 14 35 15 6 15 0
4 2 5 5 1 4 1 10 2 7 31 16 14 35 15 1 6 1
4 4 4 6 1 4 1 9 2 7 31 16 19 6 10 1 3 0
4 2 2 2 1 4 1 9 2 7 31 16 19 6 10 6 15 0
5 2 5 1 1 2 1 10 2 7 30 16 19 6 10 6 11 0
5 4 4 4 1 2 1 8 2 7 31 16 19 6 10 4 11 0
5 3 2 2 1 5 1 11 5 7 32 18 20 28 9 6 11 0
3 4 5 2 1 3 1 7 2 7 31 16 14 35 15 4 15 0
5 4 2 4 2 4 1 8 2 7 31 16 19 6 10 4 15 0
5 2 3 5 1 1 1 8 2 7 31 16 19 6 10 6 15 0
3 4 4 6 1 3 1 9 2 7 31 16 14 35 15 6 7 1
3 3 4 1 1 4 1 9 2 7 31 16 14 35 15 6 15 1
5 2 6 6 1 4 1 8 2 7 31 16 19 6 10 6 11 0
2 4 4 5 2 5 1 9 2 7 31 16 14 35 15 6 15 0
3 2 3 3 1 1 1 9 2 7 31 16 14 35 15 4 15 1
5 4 4 2 1 4 1 9 2 7 31 16 19 6 10 4 15 0
2 4 5 3 1 3 1 9 2 7 31 16 14 35 15 7 15 0
4 4 4 2 1 5 1 8 2 7 31 16 14 35 15 4 15 1
5 4 6 1 1 2 1 8 2 7 31 16 14 21 15 6 15 0
5 4 5 4 1 4 1 8 2 7 31 16 19 6 10 6 15 0
5 3 4 5 1 1 1 9 2 7 31 16 19 6 10 6 15 0
4 4 5 4 1 4 1 9 2 7 31 16 19 6 10 1 3 1
3 1 5 3 2 3 1 8 2 7 31 16 14 35 15 6 4 1
5 3 4 5 2 1 4 8 2 7 31 16 19 6 11 1 3 0
1 3 5 5 2 5 1 9 2 7 31 16 14 35 15 6 15 1
1 3 2 4 1 5 1 11 2 7 31 16 14 35 15 4 15 1
4 4 3 5 1 3 2 10 2 7 30 16 19 6 12 6 11 0
5 4 2 1 1 1 2 11 2 7 30 16 19 6 12 6 11 0
5 4 4 3 1 1 1 8 2 7 31 16 19 6 15 6 15 0
3 2 5 5 2 2 3 9 5 7 31 17 6 9 5 6 11 1
1 1 5 3 1 1 3 9 5 7 31 17 6 9 5 6 11 1
2 4 5 3 1 4 3 8 5 7 31 17 6 9 5 6 11 1
2 2 5 4 1 1 3 10 5 7 23 14 22 11 7 6 11 0
5 4 4 3 2 2 1 9 2 7 31 16 19 6 10 4 15 1
5 4 5 2 1 1 1 8 2 7 31 16 19 6 15 6 7 0
5 3 4 2 1 4 1 8 2 7 31 16 19 6 15 1 3 0
5 3 2 6 1 4 1 8 2 7 31 16 19 6 10 6 15 0
5 3 5 4 1 2 1 11 2 7 31 16 19 6 10 4 11 0
2 2 5 5 1 3 1 10 2 7 31 16 14 35 15 4 15 1
3 2 5 2 1 4 3 11 5 7 31 17 6 9 5 6 11 1
5 4 3 3 1 3 1 8 2 7 31 16 19 6 10 4 11 0
3 4 4 5 1 3 1 7 2 7 31 16 19 6 10 1 3 0
5 2 4 3 2 1 3 11 5 7 30 18 20 10 5 1 3 0
3 3 4 6 2 3 1 9 2 7 31 16 14 35 15 1 3 1
4 4 4 5 2 4 1 8 2 7 31 16 19 6 10 1 3 0
5 2 6 5 1 2 1 8 2 7 31 16 19 6 10 6 15 0
1 2 4 5 1 5 1 7 2 7 31 16 14 35 15 6 15 0
4 3 3 1 1 1 3 8 5 7 32 18 20 10 5 6 11 0
3 4 5 5 1 3 1 9 2 7 31 16 19 6 10 1 3 1
4 4 5 3 1 3 1 9 2 7 31 16 14 35 15 6 15 0
2 4 5 4 1 5 1 8 2 7 31 16 14 35 15 6 4 1
3 3 2 5 1 3 3 8 5 7 31 17 6 9 5 6 4 1
5 1 4 3 2 5 1 8 2 7 31 16 19 6 15 1 3 0
4 3 2 5 1 2 1 9 2 7 31 16 14 35 15 6 15 0
4 2 3 5 1 5 2 8 2 7 30 16 19 6 12 6 11 0
2 3 5 5 1 2 3 8 5 7 23 14 22 11 7 6 11 1
4 4 4 2 1 3 1 8 2 7 31 16 14 35 15 6 4 0
3 4 5 5 2 5 3 8 2 7 31 16 14 35 10 1 4 0
4 3 5 3 2 3 1 10 2 7 31 16 14 35 15 6 15 0
5 3 4 5 1 1 1 8 2 7 31 16 19 6 15 1 3 0
3 4 5 5 1 3 1 8 2 7 31 16 14 35 15 6 15 1
3 1 5 6 2 4 1 9 2 7 31 16 19 6 10 6 7 0
3 3 5 1 1 1 1 8 2 7 31 16 14 35 15 6 15 0
5 3 2 4 1 1 1 8 2 7 31 16 14 29 10 2 4 0
2 4 3 4 1 3 1 7 2 7 31 16 14 35 15 4 15 1
3 3 5 2 1 2 1 8 2 7 31 16 14 35 15 6 15 1
4 4 3 4 1 2 3 9 5 7 32 18 20 39 9 6 11 0
2 2 6 6 1 5 1 9 2 7 31 16 14 35 15 1 3 1
3 3 3 3 1 5 1 9 2 7 31 16 14 35 15 4 15 1
5 3 4 3 2 4 2 8 2 7 30 16 19 6 12 6 11 0
3 4 2 3 1 2 1 8 2 7 31 16 14 35 10 6 11 0
5 3 5 3 1 4 1 8 2 7 31 16 19 6 15 1 3 0
3 4 6 5 1 4 1 8 5 7 30 18 20 10 5 6 11 0
4 4 4 6 1 4 1 9 2 7 31 16 19 6 15 6 7 0
2 2 3 3 1 2 3 10 2 7 31 16 14 35 10 6 11 1
5 3 3 1 1 4 1 8 2 7 31 16 19 6 10 6 15 1
4 1 6 2 2 2 1 10 2 7 31 16 14 35 15 6 4 0
5 1 6 2 1 3 1 8 2 7 31 16 19 6 10 4 15 1
5 3 4 6 1 4 1 8 2 7 31 16 14 21 15 6 11 0
2 4 2 4 1 4 3 8 5 7 31 17 6 9 5 6 11 1
5 3 6 2 1 1 1 8 2 7 31 16 14 21 15 6 15 0
2 2 3 6 1 3 1 9 2 7 31 16 14 35 15 6 15 1
2 3 2 4 1 3 1 9 2 7 31 16 14 35 15 4 15 1
5 2 4 1 1 2 1 8 2 7 31 16 14 29 15 4 15 0
5 3 6 6 2 1 1 8 2 7 31 7 13 34 10 1 3 0
4 2 3 5 1 5 3 8 5 7 31 17 6 9 5 6 11 0
5 4 4 2 2 2 1 8 2 7 32 7 15 36 15 1 3 0
3 4 5 2 1 4 1 9 2 7 31 16 14 35 15 6 15 1
3 3 4 5 1 2 1 7 2 7 31 16 19 6 15 1 3 1
4 3 5 2 1 2 1 8 2 7 31 16 14 35 15 6 15 1
5 1 5 1 1 1 3 8 5 7 30 18 20 39 9 1 3 0
4 4 4 5 1 4 1 9 2 7 31 16 19 6 10 6 7 0
4 2 5 2 1 4 1 8 2 7 31 16 14 35 15 6 4 0
5 3 4 2 1 5 1 8 2 7 31 16 19 6 10 1 3 0
2 1 2 4 1 3 4 9 2 7 24 16 14 35 11 4 15 1
5 3 2 4 2 1 1 8 2 7 31 16 19 6 10 1 3 0
2 3 3 2 1 1 1 9 2 7 31 16 14 35 15 4 15 1
4 4 4 6 1 2 3 8 5 7 31 17 6 9 5 6 11 0
3 4 6 4 1 4 1 8 2 7 31 16 19 6 10 4 11 1
5 4 4 6 1 4 1 8 2 4 32 7 15 27 15 1 3 0
4 4 5 3 2 1 1 8 2 7 31 16 14 35 15 6 15 0
5 3 2 6 2 1 1 11 2 7 31 16 19 6 10 7 5 1
5 4 2 6 2 2 1 10 2 7 31 16 19 6 10 1 3 0
2 3 6 3 1 3 4 8 5 7 24 17 6 9 4 6 11 1
5 3 6 6 1 4 2 10 2 7 30 16 19 6 12 6 11 0
4 4 2 5 2 4 1 3 2 7 31 16 19 6 10 6 15 1
5 4 5 4 1 1 1 10 2 7 31 16 19 6 10 6 15 0
5 4 6 1 1 3 2 8 2 7 30 16 19 6 12 6 11 0
4 2 4 6 1 3 1 13 2 7 31 16 19 6 10 4 15 0
2 3 4 1 1 5 3 9 2 7 31 16 14 35 10 6 11 1
4 4 4 6 1 3 1 8 2 7 31 16 19 6 15 1 3 1
5 4 4 1 1 4 2 11 2 7 30 16 19 6 12 6 11 0
4 4 2 5 1 2 1 10 2 7 31 16 14 35 15 4 15 0
4 1 6 5 1 1 1 9 2 7 32 16 14 5 10 6 11 1
4 3 6 2 1 2 2 10 2 7 30 16 19 6 12 6 11 0
3 4 3 6 1 5 3 9 5 7 31 17 6 9 5 6 11 0
5 3 4 4 2 3 1 9 2 7 31 16 19 6 10 7 15 1
5 4 2 4 1 4 1 8 2 7 31 16 19 6 10 4 11 0
5 1 5 6 1 1 1 8 2 7 31 16 14 35 15 2 4 0
2 4 5 1 1 2 1 8 2 7 31 16 14 35 10 6 11 0
5 3 5 3 1 1 1 8 2 7 31 16 19 6 15 1 3 0
4 4 3 5 2 1 1 9 2 7 31 16 19 6 10 4 15 0
5 1 4 2 2 5 2 8 2 7 32 16 19 6 12 6 11 0
3 1 4 1 1 2 1 8 2 7 32 16 14 5 10 6 11 1
5 4 5 3 1 2 1 8 2 7 31 16 14 35 15 6 15 0
5 1 3 4 2 3 2 8 2 7 30 16 19 6 12 6 11 0
2 2 4 1 1 5 3 9 5 7 37 14 22 41 7 6 11 1
5 2 5 6 2 5 4 8 5 3 30 4 14 21 15 1 3 0
3 3 3 3 1 1 1 8 2 7 31 16 14 35 10 6 2 1
5 4 4 6 1 2 1 8 2 7 31 16 19 6 10 1 3 1
2 1 2 3 1 2 1 10 2 7 31 16 14 35 15 4 15 1
5 4 5 2 1 2 1 8 2 4 32 7 15 27 15 1 3 0
2 4 3 4 1 4 1 8 2 7 31 16 14 35 10 6 2 0
3 4 5 4 2 2 1 9 2 7 31 16 14 35 15 6 15 0
4 4 4 2 1 3 1 9 2 7 31 16 14 35 15 6 15 0
5 3 5 4 1 5 1 8 2 7 31 16 19 6 10 4 15 1
2 4 3 2 1 1 3 8 2 7 31 16 14 35 10 6 11 1
4 4 4 4 1 4 1 9 2 7 31 16 19 6 15 6 7 0
3 3 4 3 1 4 1 7 2 7 31 16 14 35 15 4 15 0
5 4 5 4 2 1 1 8 2 7 31 16 14 35 15 1 4 0
5 2 3 5 1 3 1 8 2 7 31 16 19 6 15 2 4 0
5 4 6 5 1 1 1 8 2 7 31 16 14 21 15 4 15 1
5 4 5 2 1 3 1 8 2 7 31 16 14 35 15 6 15 0
4 4 5 2 2 3 2 11 2 7 30 16 19 6 12 6 11 0
5 1 4 4 2 4 1 8 2 7 31 16 19 6 15 1 3 1
4 3 3 5 1 2 1 8 2 7 31 16 19 6 10 1 3 0
4 4 4 2 1 4 1 3 2 7 31 16 19 6 10 6 15 1
5 4 3 5 2 3 1 10 2 7 31 16 19 6 10 4 15 0
4 3 6 4 2 4 1 10 2 7 31 16 14 35 15 6 4 1
2 1 5 3 1 5 3 9 2 7 1 16 14 35 16 6 15 1
3 4 5 1 1 1 2 8 2 7 30 16 19 6 12 6 11 1
5 3 4 5 1 2 1 11 2 7 31 16 19 6 10 1 3 1
3 4 5 4 2 3 1 8 2 7 31 16 14 35 15 6 15 1
4 3 5 2 1 4 1 9 2 7 31 16 19 6 15 6 15 0
1 2 6 6 2 3 1 9 2 7 31 16 14 21 15 6 15 1
3 3 4 5 1 4 1 7 2 7 31 16 14 35 15 6 15 0
2 3 3 4 1 3 1 9 2 7 31 16 14 35 15 4 15 1
3 3 5 3 1 1 1 8 2 7 31 16 14 35 15 3 9 0
4 4 5 2 2 2 1 8 2 7 31 16 14 35 15 4 15 0
2 2 5 3 1 5 1 9 2 7 31 16 14 35 15 3 9 1
5 3 2 3 2 2 1 10 2 7 31 16 19 6 10 4 11 0
4 4 4 6 2 5 1 7 2 7 31 16 19 6 15 1 3 1
1 2 5 3 1 1 1 10 2 7 31 16 14 35 15 3 5 1
2 1 3 4 3 1 4 9 5 7 24 17 6 9 4 3 11 0
4 3 5 6 1 2 1 8 2 7 31 16 14 35 15 2 4 0
3 1 5 4 1 2 1 8 2 7 31 16 14 35 15 3 9 1
4 4 6 3 1 2 1 8 2 7 31 16 19 6 10 4 15 1
5 4 5 1 1 1 1 9 2 7 31 16 19 6 15 6 15 1
5 3 4 4 2 2 1 8 2 7 31 16 19 6 15 4 11 0
4 2 5 6 1 4 1 8 2 7 32 16 14 5 10 6 11 0
4 4 6 4 1 2 1 8 2 7 31 16 19 6 15 6 15 0
4 3 5 5 1 2 1 9 2 7 31 16 14 35 15 1 3 1
3 4 4 3 2 3 1 10 2 7 31 16 14 35 15 4 15 1
5 4 4 3 1 2 1 7 2 7 31 16 19 6 15 6 15 0
2 4 5 1 1 5 1 1 2 7 31 16 14 21 15 6 15 1
5 2 2 2 1 1 1 8 2 7 31 16 19 6 10 1 3 0
1 3 5 5 1 2 3 4 2 7 34 16 14 35 10 2 4 1
4 2 4 4 2 4 4 8 5 7 34 17 6 9 7 6 4 0
4 2 5 4 1 1 1 8 2 7 31 16 14 35 15 1 4 1
5 4 4 6 1 1 3 8 5 7 32 17 6 9 5 1 3 0
5 4 3 1 1 3 1 8 2 7 31 16 19 6 10 6 15 1
3 2 4 6 1 3 1 7 2 7 31 16 14 35 15 6 7 1
4 3 5 4 2 5 1 8 2 7 31 16 14 35 15 6 4 1
5 3 3 3 1 1 1 8 2 7 31 7 13 34 10 2 4 0
4 3 4 3 1 2 1 9 2 7 31 16 14 35 15 4 15 0
2 2 3 4 1 3 1 9 2 7 31 16 14 35 15 4 15 1
3 3 2 4 1 3 1 9 2 7 31 16 19 6 15 1 3 1
5 2 6 1 1 1 2 8 2 7 30 16 19 6 12 6 11 0
1 3 5 5 2 5 1 8 2 7 31 16 14 35 15 6 15 1
5 1 6 5 1 1 1 8 2 7 31 16 19 6 15 2 4 0
4 4 5 6 1 2 1 8 2 7 31 16 14 35 15 1 4 0
4 4 4 2 1 5 1 10 2 7 31 16 14 21 15 6 11 0
5 4 5 1 1 2 1 10 2 7 31 16 19 6 10 4 15 0
1 2 4 4 2 5 3 9 2 7 31 16 14 35 10 1 6 1
4 4 6 4 2 5 2 8 2 7 30 16 19 6 12 6 11 0
4 2 4 4 1 2 1 8 2 7 31 16 14 35 15 6 15 1
4 4 4 5 1 4 1 8 2 7 31 16 19 6 15 1 3 1
3 2 5 3 1 5 1 9 2 7 31 16 14 35 15 3 5 0
3 4 5 5 1 5 1 9 2 7 31 16 14 35 15 6 15 0
5 2 1 6 1 2 3 8 5 7 30 18 20 10 5 1 3 0
4 4 4 4 1 3 1 7 2 7 31 16 19 6 10 4 15 1
1 4 3 5 2 3 3 12 2 7 31 16 14 35 10 4 15 1
3 4 5 2 1 5 1 8 2 7 31 16 14 21 15 6 11 0
4 4 4 2 1 1 1 8 2 7 31 16 14 35 15 4 15 1
5 4 4 4 1 2 1 8 2 7 31 16 14 35 15 3 9 1
2 4 4 3 2 4 1 12 2 7 31 16 14 35 15 4 15 1
5 4 5 6 1 1 3 8 5 7 30 18 20 39 9 6 7 0
5 1 4 6 2 2 1 10 2 7 31 16 19 6 10 1 3 0
4 2 3 5 2 1 3 11 5 7 23 14 22 11 7 2 4 0
2 4 4 4 1 3 1 8 2 7 31 16 14 35 15 6 15 0
5 2 4 6 1 3 1 7 2 7 31 16 19 6 10 6 15 1
5 2 2 4 1 1 1 8 2 7 31 7 13 34 15 1 3 0
2 2 4 3 1 2 1 9 2 7 31 16 14 35 15 4 15 1
3 3 4 3 1 4 1 9 2 7 31 16 14 35 15 1 3 1
5 2 3 3 2 2 3 11 5 7 31 17 6 9 7 1 3 0
2 3 4 1 1 3 4 8 5 7 31 17 6 9 5 1 3 1
5 3 4 6 1 3 3 8 5 7 32 18 20 39 9 1 3 0
5 3 4 4 1 2 1 8 2 7 31 16 19 6 10 1 3 1
4 3 5 3 1 2 1 8 2 7 31 16 14 35 15 4 15 0
4 3 4 6 1 4 1 9 2 7 31 16 19 6 10 4 15 1
4 3 5 5 1 2 1 9 2 7 31 16 14 35 15 1 3 1
4 3 4 2 1 3 1 11 5 7 32 18 20 28 9 6 11 0
4 3 4 6 1 3 3 8 2 7 31 16 14 35 10 6 11 0
4 4 4 3 1 2 1 9 2 7 31 16 14 35 15 4 15 1
3 3 6 5 1 3 3 8 5 7 31 17 6 9 5 6 4 1
5 4 2 4 1 5 1 10 2 7 30 16 19 6 10 1 3 0
1 3 3 1 1 4 1 8 5 7 30 18 20 10 5 1 3 1
2 3 2 6 2 3 1 8 2 7 31 16 14 35 15 6 4 1
2 3 4 2 1 1 1 9 2 7 31 16 14 35 15 4 15 1
5 4 5 2 2 4 1 8 2 7 31 16 19 6 10 6 15 0
5 4 4 3 1 3 1 7 2 7 31 16 14 35 15 6 15 0
5 4 6 4 2 3 1 9 2 7 31 16 19 6 10 4 11 0
4 4 3 4 2 4 1 10 2 7 31 16 14 35 15 1 4 1
5 4 5 6 2 4 1 8 2 4 32 7 15 27 15 6 11 0
3 4 3 3 1 2 1 7 2 7 31 16 19 6 10 1 15 1
2 4 3 2 1 2 4 7 2 7 31 16 14 35 11 4 15 0
5 3 2 3 1 2 1 8 2 7 31 16 19 6 10 6 7 0
4 3 6 5 1 2 1 8 2 7 31 16 19 6 10 6 7 1
5 4 4 5 1 2 1 10 2 7 31 16 19 6 15 6 15 0
4 4 6 1 1 3 2 8 2 7 30 16 19 6 12 6 11 0
4 4 3 5 1 3 1 9 2 7 31 16 19 6 10 4 15 0
3 4 4 3 1 1 1 9 2 7 31 16 14 35 15 6 15 0
5 3 2 1 1 1 1 8 2 7 31 16 14 35 15 6 15 0
1 4 6 5 1 5 3 3 2 7 34 16 14 35 10 7 15 1
1 4 4 5 1 2 1 2 2 7 31 16 14 35 10 6 11 1
4 1 5 5 2 2 1 8 2 7 31 16 14 35 15 6 15 0
5 3 6 6 1 2 1 8 2 7 31 16 19 6 10 1 3 0
2 1 5 4 1 2 4 11 5 7 24 17 6 9 4 6 11 1
5 4 4 2 1 2 1 11 2 7 31 16 19 6 10 6 15 0
1 3 4 5 2 5 1 2 2 7 31 16 14 35 15 6 15 1
4 4 5 2 1 2 1 11 5 7 32 18 20 28 9 6 11 0
5 3 3 2 1 2 1 11 2 7 31 16 19 6 10 6 7 1
4 3 4 5 1 1 3 8 2 7 31 16 14 35 10 6 11 0
2 4 5 5 2 5 3 10 2 7 31 16 14 35 10 3 9 1
2 3 5 1 1 3 1 8 2 7 31 16 14 35 15 6 15 1
3 3 5 4 1 3 1 9 2 7 31 16 14 35 15 6 15 0
4 3 2 6 1 2 1 8 2 7 31 16 19 6 10 1 3 1
5 4 3 3 2 1 1 10 2 4 30 7 15 27 15 1 3 0
2 3 6 5 1 3 3 9 5 7 31 17 6 9 5 6 11 0
5 2 3 3 1 1 1 11 2 4 30 7 15 27 15 1 15 0
4 1 4 3 2 4 3 8 5 7 31 17 6 9 5 6 11 1
5 2 5 2 1 1 1 10 2 7 32 7 15 36 15 1 3 0
4 4 4 3 1 1 1 9 2 7 31 16 14 35 15 6 15 0
2 2 5 4 1 3 1 2 2 7 22 16 14 5 10 6 4 1
5 2 6 3 1 4 1 8 2 7 31 16 14 35 15 3 9 0
4 3 3 4 1 2 1 10 2 7 31 16 19 6 10 4 11 1
4 3 4 3 1 1 1 9 2 7 31 16 19 6 10 4 15 1
2 3 6 4 1 3 1 9 2 7 31 16 14 35 15 4 15 1
4 4 2 2 1 3 1 8 2 7 31 16 19 6 10 4 11 0
5 4 3 5 1 3 1 8 2 7 31 16 19 6 15 4 11 0
5 4 4 3 1 3 1 8 2 7 31 16 19 6 10 6 15 0
2 4 4 3 1 5 1 8 2 7 31 16 14 35 15 6 4 1
5 2 3 4 1 3 2 11 5 7 30 18 20 39 9 6 7 0
5 4 3 6 1 2 3 8 5 7 32 17 6 9 5 1 3 0
4 3 4 4 1 1 3 9 2 7 31 16 14 35 10 6 11 1
3 1 3 2 1 4 1 7 2 7 31 16 19 6 10 6 15 0
4 1 5 5 1 2 1 8 2 7 31 16 14 35 15 2 4 0
3 4 5 2 1 2 3 9 2 7 31 16 14 35 10 4 15 1
5 2 4 3 2 5 1 8 2 7 31 16 19 6 15 1 3 0
4 3 6 5 1 4 3 9 2 7 31 16 14 35 10 4 15 0
4 3 5 5 1 1 1 8 2 7 31 16 14 35 15 6 15 1
5 4 6 1 1 1 2 8 2 7 30 16 19 6 12 6 11 0
4 4 5 4 2 2 3 10 2 7 31 16 14 35 10 3 11 0
3 4 4 5 1 3 1 9 2 7 31 16 19 6 10 4 11 1
4 4 6 6 1 4 1 11 2 7 31 16 19 6 10 6 7 1
5 3 3 4 2 2 1 8 2 7 31 16 19 6 15 6 11 0
2 4 4 3 1 2 1 9 2 7 31 16 14 35 15 3 9 1
2 3 2 2 2 1 3 8 2 7 31 16 14 35 10 6 11 1
1 2 5 4 1 1 3 3 2 7 33 16 14 35 10 3 8 1
3 4 5 3 1 3 1 8 2 7 31 16 14 35 15 6 15 1
2 2 2 6 2 2 1 8 2 7 31 16 14 35 15 3 9 1
1 1 4 4 1 2 4 2 5 3 8 4 21 21 7 6 15 1
4 2 3 1 2 5 3 8 5 7 32 18 20 10 5 6 11 1
5 3 4 6 1 1 1 10 2 7 32 7 15 36 15 1 3 0
4 2 4 3 1 2 3 8 5 7 31 17 6 9 5 6 11 0
4 4 3 6 1 4 3 8 2 7 31 16 14 35 10 6 11 0
4 4 5 5 1 2 1 9 2 7 31 16 19 6 10 4 11 0
4 4 5 5 1 1 1 9 2 7 31 16 19 6 15 6 15 0
5 4 3 5 1 3 1 8 2 7 31 16 14 21 15 6 7 0
2 4 2 4 1 2 1 8 2 7 22 16 14 5 10 6 4 0
1 2 4 5 1 4 3 2 2 7 31 16 14 35 10 6 11 1
3 2 6 6 1 4 1 9 2 7 31 16 14 35 15 6 15 1
3 4 5 1 1 1 1 9 2 7 31 16 19 6 15 6 15 0
4 1 5 3 1 5 4 8 2 7 31 16 19 6 11 6 11 1
5 1 2 1 1 4 1 8 2 7 31 16 19 6 10 6 15 1
4 3 4 6 1 3 1 7 2 7 31 16 14 35 15 4 15 0
3 2 5 2 1 4 3 8 2 7 31 16 14 35 10 6 11 1
3 4 4 4 1 2 1 7 2 7 31 16 14 35 15 6 15 0
5 2 3 4 1 1 1 11 2 7 31 16 19 6 15 6 15 0
4 4 5 3 1 3 1 9 2 7 31 16 19 6 10 1 3 1
3 2 3 6 1 5 3 8 5 7 31 17 6 9 5 6 11 0
5 3 3 4 1 1 1 8 2 7 32 7 15 36 15 1 3 0
1 4 6 5 1 5 1 8 2 7 31 16 14 35 15 6 15 1
2 2 5 2 1 5 1 8 2 7 31 16 14 21 15 6 15 0
5 4 4 3 1 3 1 8 2 7 31 16 19 6 10 6 15 0
3 1 4 4 1 4 3 8 5 7 31 17 6 9 5 3 11 1
4 4 2 3 1 4 1 8 2 7 31 16 19 6 10 1 3 1
3 2 3 5 2 3 1 8 2 7 32 16 14 5 10 6 11 0
4 4 4 6 2 5 1 8 2 7 31 16 14 35 15 1 4 1
5 4 2 5 1 3 1 8 2 7 31 16 19 6 10 6 15 0
5 1 3 1 1 1 2 8 2 7 32 16 19 6 12 6 11 0
2 3 4 4 2 5 1 7 2 7 31 16 14 21 15 6 11 0
1 4 4 5 2 5 1 2 2 7 31 16 14 35 15 6 15 1
1 3 5 6 2 5 1 9 2 7 31 16 14 35 15 6 15 1
2 1 5 4 2 1 3 9 5 7 37 14 22 41 7 3 11 0
5 3 4 5 1 2 1 8 2 7 31 16 19 6 10 6 15 0
5 3 6 4 2 1 1 8 2 7 31 16 19 6 15 4 15 0
5 4 4 6 1 3 1 8 2 7 31 16 19 6 10 6 11 0
4 2 2 5 2 2 1 8 2 7 31 16 14 35 15 6 15 1
5 4 5 6 1 4 1 8 2 7 31 16 19 6 10 1 3 0
5 3 2 4 1 5 1 8 2 7 31 16 19 6 10 4 15 0
2 3 5 4 2 5 1 8 2 7 22 16 14 5 10 6 4 0
4 4 6 2 1 3 1 9 2 7 31 16 19 6 10 1 3 1
1 2 4 5 1 4 3 9 2 7 1 16 14 35 16 6 15 1
5 4 5 6 1 3 1 8 2 7 31 16 19 6 15 1 3 1
4 2 2 6 1 3 1 8 2 7 31 16 14 35 15 4 15 0
4 4 6 5 1 3 1 8 2 7 31 16 14 35 15 1 4 0
2 3 5 5 1 2 4 8 2 7 24 16 14 35 11 6 11 1
5 4 3 1 1 2 1 9 2 7 31 16 19 6 10 4 15 0
5 2 5 1 1 3 1 11 2 7 31 16 19 6 15 1 3 0
3 3 5 2 1 2 1 9 2 7 31 16 14 35 15 4 15 0
3 1 4 4 1 3 1 8 2 7 32 16 14 5 10 6 11 0
5 4 4 4 1 3 1 8 2 7 31 16 19 6 10 4 15 0
2 1 5 6 1 4 1 7 2 7 31 16 19 6 10 6 7 1
5 1 4 2 1 1 1 8 2 7 31 16 14 35 15 4 15 0
3 4 5 2 1 2 1 9 2 7 31 16 14 35 15 4 15 1
4 4 4 5 1 1 1 9 2 7 31 16 14 35 15 6 15 1
5 4 6 2 1 1 1 8 2 7 31 16 19 6 10 6 15 0
2 2 5 2 1 2 1 9 2 7 31 16 14 35 15 4 15 1
1 2 5 5 1 1 3 10 5 7 23 14 22 11 7 6 11 1
4 2 5 6 1 4 1 9 2 7 31 16 19 6 10 6 7 1
4 4 2 4 2 5 2 11 2 7 30 16 19 6 12 6 11 0
5 3 1 3 1 2 1 8 2 7 31 16 19 6 10 6 7 0
1 4 3 2 2 3 1 10 2 7 31 16 14 35 15 3 8 1
5 4 4 2 1 1 1 10 2 7 31 16 19 6 10 4 15 0
4 4 4 6 1 1 1 7 2 7 31 16 19 6 10 1 3 1
3 4 4 4 1 2 1 9 2 7 32 16 14 5 10 6 11 0
4 2 4 6 1 4 3 8 5 7 32 17 6 9 5 6 11 0
5 4 6 1 1 3 1 8 2 7 31 16 19 6 10 6 15 0
5 3 6 5 2 4 1 8 2 7 31 16 19 6 10 6 7 0
4 3 3 6 1 1 3 8 5 7 31 17 6 9 5 6 11 0
5 4 5 2 2 2 1 11 2 7 31 16 14 35 15 6 4 1
2 3 5 3 1 1 3 11 5 7 31 17 6 9 5 6 11 1
4 3 5 6 1 2 2 8 2 7 30 16 19 6 12 6 11 0
2 2 5 5 1 4 3 10 2 3 13 2 10 4 13 1 3 1
3 4 3 6 1 5 1 7 2 7 31 16 19 6 10 6 7 1
2 3 5 3 1 3 1 11 2 7 31 16 14 35 15 4 15 1
5 3 5 5 1 4 1 8 2 7 31 16 19 6 10 4 15 1
4 3 4 4 1 5 4 8 5 7 31 17 6 9 5 6 11 0
5 4 6 2 1 2 1 8 2 7 31 16 14 29 15 6 15 0
3 2 4 4 1 4 1 9 2 7 31 16 14 35 15 2 4 0
4 3 6 3 1 4 1 8 2 7 30 16 19 6 10 6 11 0
5 4 4 6 1 2 3 8 5 7 32 18 20 39 9 1 3 0
2 1 3 6 1 4 3 10 2 3 13 2 10 4 13 1 3 1
5 4 3 3 1 1 1 8 2 7 31 16 19 6 10 1 3 0
4 4 5 2 1 3 1 8 2 7 31 16 19 6 15 6 15 0
3 3 5 5 1 1 3 9 2 7 31 16 14 35 10 6 11 0
3 4 3 6 2 3 1 9 2 7 31 16 19 6 10 1 3 1
5 4 4 5 1 3 1 8 2 7 31 16 19 6 10 1 3 1
4 4 5 1 1 1 1 9 2 7 31 16 14 35 15 6 15 0
3 3 3 6 1 4 1 9 2 7 31 16 19 6 15 1 3 1
4 1 3 2 1 3 1 10 2 7 31 16 14 35 15 6 15 0
4 1 4 1 1 2 1 8 5 7 32 18 20 28 9 6 11 0
5 2 2 5 2 1 1 8 2 7 31 16 19 6 15 4 15 0
2 1 5 2 1 2 1 8 2 7 31 16 14 35 15 4 15 1
3 4 5 2 2 1 1 10 2 7 31 16 14 35 15 6 15 1
5 4 4 5 1 1 1 8 2 7 31 16 19 6 10 6 7 0
4 1 3 6 1 3 3 9 5 7 32 18 20 10 5 6 11 0
5 3 2 5 2 5 1 10 2 7 31 16 19 6 10 4 11 0
4 4 2 4 1 2 1 8 2 7 31 16 14 35 15 4 15 0
2 1 6 5 1 3 3 10 5 7 31 17 6 9 5 2 4 1
4 3 5 5 1 3 1 9 2 7 31 16 14 35 15 6 15 1
4 4 3 3 1 2 1 9 2 7 31 16 14 35 15 6 15 0
5 4 6 5 1 1 1 8 2 7 31 16 19 6 15 4 11 0
4 3 5 2 1 5 1 8 2 7 31 16 14 35 15 6 4 0
5 4 3 5 1 1 1 10 2 7 31 16 14 35 15 6 15 0
5 4 4 3 1 4 1 11 2 7 31 16 19 6 10 1 3 1
5 4 4 1 1 3 1 9 2 7 31 16 19 6 15 4 15 0
4 1 5 4 1 5 1 8 2 7 31 16 14 35 15 3 9 0
1 4 3 4 2 4 1 2 2 7 31 16 14 35 15 6 15 1
5 3 4 1 1 1 1 7 2 7 31 16 14 35 15 6 15 0
4 3 3 2 2 5 2 11 2 7 30 16 14 6 12 1 3 0
3 1 4 5 1 1 1 7 2 7 31 16 14 35 15 6 15 1
3 3 4 5 1 5 1 8 2 7 31 16 19 6 15 1 3 0
3 2 4 2 1 3 3 8 2 7 31 16 14 35 10 6 11 1
5 4 3 2 1 2 1 10 2 7 31 16 19 6 10 6 15 0
5 4 6 3 1 1 1 8 2 7 31 7 13 34 15 6 15 0
5 2 6 6 1 4 1 8 2 7 31 7 13 34 15 1 3 1
2 3 4 3 1 1 3 11 2 7 31 16 14 35 10 6 11 1
4 4 3 3 1 1 1 8 2 7 31 16 19 6 10 4 15 1
2 3 6 2 1 3 1 9 2 7 31 16 14 35 15 4 15 1
4 4 4 1 1 3 2 10 2 7 30 16 19 6 12 6 11 0
5 4 4 3 2 5 1 11 2 7 30 16 19 6 10 1 3 0
2 1 5 5 2 5 1 9 2 7 31 16 14 35 15 6 15 1
4 3 2 1 2 4 2 8 2 7 30 16 19 6 12 6 11 0
5 4 2 4 1 3 1 8 2 7 31 16 19 6 10 4 11 0
4 4 2 4 1 1 1 8 2 7 31 16 14 35 15 4 15 1
5 4 4 4 1 1 1 8 2 7 31 16 14 29 15 6 15 0
3 1 6 2 1 2 1 8 2 7 31 16 14 35 15 4 15 1
4 2 5 2 2 5 1 3 2 7 31 16 19 6 15 3 9 0
5 3 5 2 2 3 1 8 2 7 31 16 14 35 15 6 15 0
1 3 1 2 1 2 1 10 2 7 31 16 14 35 15 4 15 1
4 4 5 3 1 4 1 8 2 7 31 16 14 35 15 6 15 0
3 4 4 6 1 1 1 9 2 7 31 16 14 35 15 3 11 1
2 3 5 5 1 2 4 8 2 7 24 16 14 35 11 6 11 1
2 3 2 4 1 3 4 9 5 3 37 4 21 21 7 4 15 1
4 4 6 6 1 2 1 8 2 7 31 16 14 35 15 6 15 0
5 3 5 2 2 5 1 8 2 7 31 16 14 35 15 3 9 0
3 3 5 4 1 5 1 8 2 7 31 16 14 35 15 6 15 1
2 3 4 4 1 3 4 9 2 7 24 16 14 35 11 4 15 1
2 4 3 4 1 5 1 10 2 7 31 16 14 35 15 1 3 1
4 3 3 5 1 2 1 9 2 7 31 16 19 6 10 1 3 1
5 2 6 6 1 5 2 8 2 7 30 16 19 6 12 6 11 0
2 4 3 3 1 1 1 9 2 7 31 16 14 35 15 6 15 1
4 4 2 1 1 3 1 8 2 7 30 16 19 6 10 6 11 0
4 3 4 6 2 2 3 8 2 7 31 16 14 35 10 1 3 1
1 2 6 3 1 5 4 8 5 3 37 4 27 45 4 6 11 0
3 2 3 5 2 4 3 8 2 7 34 16 14 35 12 1 15 0
4 3 2 2 1 3 1 8 2 7 31 16 14 35 15 6 4 0
4 3 4 6 2 3 1 8 2 7 31 16 14 35 15 1 4 1
4 3 4 3 1 2 1 9 2 7 31 16 19 6 10 4 15 0
5 3 6 4 2 3 1 8 2 7 31 16 19 6 15 4 11 0
4 3 2 5 1 2 1 8 2 7 31 16 14 35 15 6 15 1
2 1 5 2 1 2 1 9 2 7 31 16 14 35 15 4 15 1
4 2 3 2 1 3 1 9 2 7 31 16 19 6 15 1 15 0
5 1 2 1 1 1 1 8 2 7 31 16 14 29 15 6 15 0
3 2 5 3 2 1 1 8 2 7 32 16 14 5 10 6 11 0
5 2 3 3 2 4 2 7 2 7 30 16 19 6 12 6 11 1
3 2 5 5 1 1 3 8 2 7 31 16 14 35 10 4 15 1
5 3 4 1 1 2 3 8 5 7 30 18 20 10 5 1 3 0
3 2 4 5 2 4 1 8 2 7 31 16 14 35 15 6 4 1
3 4 4 2 1 1 1 8 2 7 31 16 14 35 10 6 11 0
5 2 4 3 1 5 1 8 2 7 31 16 19 6 10 4 11 0
3 4 2 3 1 3 1 8 2 7 31 16 14 35 15 6 15 0
5 2 5 1 1 2 1 8 2 7 30 16 19 6 10 6 11 0
5 3 4 6 1 2 3 10 5 7 32 18 20 39 9 1 3 0
3 3 2 6 2 4 1 8 2 7 31 16 14 35 15 6 4 1
3 4 4 3 1 5 1 2 2 7 31 16 19 6 10 4 15 1
2 2 2 4 1 5 1 8 2 7 31 16 14 35 15 6 15 1
5 1 4 3 2 3 1 8 2 7 31 16 19 6 15 1 3 0
2 4 6 1 1 2 3 8 2 7 31 16 14 35 10 6 11 1
3 2 4 3 1 3 3 9 2 7 31 16 14 35 10 3 5 0
4 4 3 4 1 4 1 8 2 7 31 16 14 35 15 6 15 0
5 4 6 2 1 2 1 8 2 7 31 16 19 6 10 1 3 0
3 3 5 2 1 2 3 8 5 7 31 17 6 9 5 6 11 1
5 2 5 2 1 5 1 11 2 7 31 16 19 6 15 4 11 0
4 4 5 3 1 3 1 8 2 7 31 16 14 35 15 6 15 0
3 4 6 1 1 1 3 8 2 7 31 16 14 35 10 6 11 1
5 1 4 2 1 1 1 8 2 7 31 16 14 29 10 2 4 0
4 4 5 6 1 2 1 8 2 7 32 16 19 6 15 6 11 0
5 2 3 1 1 4 3 11 5 7 30 18 20 39 9 1 3 0
5 2 4 6 1 4 1 8 2 7 31 16 19 6 15 1 3 0
2 2 3 6 1 3 1 9 2 7 31 16 14 35 15 6 15 1
3 1 3 4 1 1 3 8 2 7 31 16 14 35 10 6 11 0
4 3 6 6 1 4 1 9 2 7 31 16 19 6 10 6 7 1
3 2 5 1 1 5 1 8 2 7 31 16 14 35 10 6 11 0
3 1 3 5 1 2 1 9 2 7 31 16 14 35 15 1 3 1
1 3 2 5 1 2 3 8 5 7 23 14 22 11 7 6 11 1
4 3 6 4 2 4 1 10 2 7 31 16 14 35 15 6 4 1
1 2 2 3 1 5 1 9 2 7 31 16 14 35 15 6 15 1
2 4 5 2 1 5 1 8 2 7 31 16 14 35 15 6 4 1
5 4 5 6 1 5 1 11 2 7 31 16 19 6 10 1 3 0
3 2 4 2 2 3 4 8 2 7 24 16 14 35 11 6 15 0
3 4 3 2 1 2 1 9 2 7 31 16 14 35 15 4 15 1
5 3 5 3 1 1 1 11 2 7 31 16 19 6 10 6 15 0
3 3 5 2 1 3 1 9 2 7 31 16 14 35 15 4 15 1
4 2 3 1 1 5 1 8 2 7 30 16 19 6 10 6 11 0
4 2 2 6 1 2 1 9 2 7 31 16 14 35 15 1 3 1
4 4 3 5 1 3 1 9 2 7 31 16 19 6 15 6 15 0
5 4 5 5 1 1 1 8 2 7 31 16 19 6 15 1 3 0
3 3 6 5 2 3 3 8 5 7 31 17 6 9 5 6 11 0
2 4 5 4 2 4 1 9 2 7 31 16 14 35 15 4 15 1
1 1 5 2 1 2 1 10 2 7 31 16 14 35 15 4 15 1
4 3 2 5 2 5 3 8 5 7 31 17 6 9 5 1 15 0
4 3 5 5 1 2 1 9 2 7 31 16 14 35 15 1 3 1
2 3 3 6 1 5 1 7 2 7 31 16 14 35 15 6 15 1
5 4 4 6 1 1 1 8 2 7 31 16 19 6 15 1 3 0
4 4 6 1 1 2 2 8 2 7 30 16 19 6 12 6 11 0
5 3 6 4 1 3 1 8 2 7 31 16 19 6 10 1 3 0
5 4 3 5 2 2 1 8 2 7 31 16 19 6 10 4 15 0
4 4 2 4 1 3 1 11 2 7 31 16 19 6 10 4 15 1
4 1 5 4 1 2 1 8 2 7 31 16 19 6 10 1 3 0
4 2 5 4 1 4 1 11 2 7 31 16 19 6 10 1 3 1
5 4 4 6 1 3 3 8 5 7 30 18 20 39 9 1 3 0
5 4 3 4 1 2 1 8 2 7 31 16 14 35 15 6 15 0
5 4 5 1 1 1 1 8 2 7 31 16 14 35 15 6 15 0
4 1 6 4 1 2 1 9 2 7 31 16 14 35 15 4 15 1
2 4 2 3 3 4 3 10 2 7 31 16 14 35 10 1 4 1
4 4 5 1 1 1 2 8 2 7 30 16 19 6 12 6 11 0
4 3 5 2 2 2 1 11 2 7 31 16 14 35 15 6 4 1
5 3 5 6 1 2 4 11 5 7 32 10 2 26 9 1 3 0
3 3 2 4 1 3 1 9 2 7 31 16 14 35 15 4 15 1
4 3 3 4 1 5 1 9 2 7 31 16 14 35 15 4 15 0
5 4 4 6 1 1 1 8 2 7 31 16 19 6 10 1 3 0
2 3 4 1 1 2 3 9 2 7 31 16 14 35 10 6 11 1
5 3 5 2 1 5 1 8 2 7 31 16 19 6 10 1 3 1
5 2 5 6 1 1 2 8 2 7 32 16 19 6 12 6 11 0
2 3 2 4 1 4 1 9 2 7 31 16 14 35 15 4 15 1
3 4 5 2 2 1 1 8 2 7 22 16 14 5 10 6 4 1
3 1 3 3 1 2 1 9 2 7 31 16 19 6 10 4 15 1
4 2 2 5 1 2 2 9 2 7 30 16 19 6 12 6 11 0
5 4 5 6 1 3 1 8 2 7 31 16 19 6 10 1 3 0
2 1 4 2 2 2 1 7 2 7 31 16 14 35 15 4 15 1
5 1 5 6 1 3 1 8 2 7 31 16 19 6 15 1 3 0
4 4 5 6 1 4 1 9 2 7 31 16 19 6 10 1 3 0
5 3 2 4 1 5 1 8 2 7 31 16 19 6 10 1 3 0
5 1 5 1 1 1 1 8 2 7 31 16 14 35 15 6 15 0
5 3 3 3 1 2 1 8 2 7 31 16 19 6 10 4 11 0
5 3 5 6 1 5 2 11 2 7 32 16 19 6 12 6 11 0
5 4 3 5 1 1 1 8 2 7 31 16 19 6 15 6 15 0
1 2 6 4 2 5 3 2 2 3 37 2 10 4 13 6 15 1
5 4 3 2 1 2 1 10 2 7 31 16 19 6 10 6 15 0
3 4 5 4 1 1 3 8 5 7 31 17 6 9 5 6 11 1
3 4 3 2 1 4 1 9 2 7 31 16 14 35 15 4 15 1
1 2 4 3 1 1 1 10 2 7 31 16 14 35 15 3 5 1
4 2 4 2 1 2 3 8 2 7 31 16 14 35 10 6 11 1
5 2 6 1 1 1 4 10 7 7 30 9 16 37 5 1 3 1
3 3 3 2 1 3 1 9 2 7 31 16 14 35 15 4 15 0
5 4 6 2 2 3 1 8 2 7 31 16 19 6 10 6 15 0
2 3 4 1 1 1 1 9 2 7 31 16 14 35 15 4 15 1
4 3 2 3 1 3 1 8 2 7 31 16 14 35 15 4 15 0
1 2 5 6 1 2 1 8 2 7 31 16 14 35 15 6 15 0
3 4 3 3 1 3 1 9 2 7 31 16 19 6 10 1 15 1
5 4 3 5 2 1 1 8 2 7 31 16 19 6 15 1 3 0
2 1 5 2 1 2 1 9 2 7 31 16 14 35 15 4 15 1
5 4 6 6 1 2 1 8 2 7 31 16 19 6 15 1 3 0
5 3 2 6 1 1 1 8 2 7 31 16 14 35 15 4 15 0
3 4 6 4 1 2 1 8 2 7 31 16 14 35 10 6 2 0
3 4 5 4 2 1 1 8 2 7 31 16 19 6 10 4 11 1
1 4 6 3 2 4 1 9 2 7 31 16 14 35 15 6 15 1
2 4 5 3 2 4 3 11 5 7 31 17 6 9 5 6 11 1
3 2 4 3 1 4 1 8 2 7 32 16 14 5 10 6 11 1
3 2 2 6 2 1 3 8 5 7 31 17 6 9 5 6 11 0
2 4 5 4 1 1 1 2 2 7 31 16 19 6 10 1 3 1
5 4 2 3 2 2 1 9 2 7 31 16 19 6 10 4 15 0
1 3 6 5 1 4 1 9 2 7 31 16 14 35 15 6 15 1
3 2 4 4 1 4 1 7 2 7 31 16 19 6 15 1 3 1
3 3 5 2 1 1 3 10 2 7 31 16 14 35 10 4 15 1
3 3 4 6 1 5 1 7 2 7 31 16 14 35 15 1 3 0
2 3 5 3 1 3 1 11 2 7 31 16 14 35 15 4 15 1
2 4 5 2 1 5 1 8 2 7 31 16 14 35 15 6 15 1
4 3 4 4 1 2 1 8 2 7 31 16 14 35 15 1 4 1
3 2 5 4 1 4 3 8 2 7 31 16 14 35 10 1 4 1
2 3 3 2 1 3 1 10 2 7 31 16 14 35 15 4 15 1
4 2 5 6 1 1 1 9 2 7 31 16 14 35 10 6 11 1
4 4 6 4 1 2 1 8 2 7 31 16 14 35 15 4 15 0
5 2 5 3 2 3 2 8 2 7 32 16 19 6 12 6 11 0
3 4 5 6 1 3 1 9 2 7 31 16 19 6 15 4 11 0
2 1 5 6 2 3 1 8 2 7 31 16 14 35 15 6 4 1
4 3 3 6 1 5 3 8 2 7 31 16 14 35 10 6 11 0
5 3 3 5 3 1 1 11 2 7 31 16 19 6 15 6 7 0
5 3 2 6 2 2 4 8 2 7 31 16 19 6 11 1 3 0
5 4 3 1 1 1 1 8 2 7 31 16 14 29 15 6 15 0
4 4 5 6 1 2 1 9 2 7 31 16 14 35 15 1 3 0
4 4 3 2 1 5 2 10 2 7 30 16 19 6 12 1 3 0
3 2 5 1 1 5 3 8 5 7 31 17 6 9 5 6 11 1
5 4 3 4 2 2 1 8 2 7 31 16 19 6 10 4 15 0
5 4 5 3 1 2 1 8 2 7 31 16 19 6 10 1 3 1
2 2 5 6 1 3 1 9 2 7 31 16 14 35 15 1 3 1
3 3 5 6 1 5 1 9 2 7 31 16 19 6 10 6 7 1
4 3 2 2 1 2 2 8 2 7 30 16 19 6 12 6 11 0
4 2 1 4 1 2 1 8 2 7 31 16 14 35 15 4 15 1
3 3 3 2 1 1 1 8 2 7 31 16 14 35 15 6 15 1
4 3 4 3 2 4 1 8 2 7 31 16 14 35 15 6 15 0
5 4 3 6 1 3 1 10 2 7 31 16 19 6 10 6 15 0
5 4 5 1 1 1 1 8 2 7 31 16 19 6 10 4 15 0
5 4 2 5 1 1 1 9 2 7 31 16 14 35 15 6 15 0
5 1 6 5 1 2 1 8 2 7 31 16 19 6 15 1 3 0
3 4 5 6 1 3 1 9 2 7 31 16 19 6 10 6 7 0
3 3 4 2 1 1 1 8 2 7 31 16 14 35 15 6 15 1
5 4 4 1 1 1 1 9 2 7 31 16 19 6 15 6 15 1
1 4 2 4 1 4 4 2 5 3 8 4 21 21 7 6 15 1
4 4 5 2 1 3 1 8 2 7 31 16 14 35 15 6 15 0
4 3 4 6 1 2 2 8 2 7 30 16 14 6 12 6 11 0
2 2 2 4 1 3 1 9 2 7 31 16 14 35 15 4 15 1
4 4 5 2 1 1 1 8 2 7 31 16 19 6 10 4 15 0
2 3 2 2 1 1 3 8 5 7 31 17 6 9 5 6 11 1
2 2 4 3 2 3 1 9 2 7 31 16 14 35 15 4 15 1
5 4 5 5 1 1 1 3 2 7 31 16 19 6 10 6 15 1
3 3 4 4 1 3 4 9 2 7 24 16 14 35 11 4 15 1
5 3 4 3 1 2 1 8 2 7 31 16 19 6 10 1 3 0
5 4 5 4 1 3 1 8 2 7 31 16 19 6 10 4 11 0
4 4 6 5 1 3 1 9 2 7 31 16 19 6 10 6 7 0
5 4 5 3 1 2 1 8 2 7 31 16 19 6 10 4 15 0
3 1 4 3 2 1 1 10 2 7 22 16 14 5 10 6 4 0
3 3 5 2 1 4 3 11 5 7 23 14 22 11 7 6 11 1
3 3 5 3 1 3 3 9 2 7 31 16 14 35 10 6 11 0
5 4 5 6 1 3 3 11 5 7 30 18 20 10 5 1 3 0
4 4 5 5 1 4 2 11 2 7 30 16 19 6 12 6 11 0
5 1 2 5 1 3 1 8 2 7 31 16 19 6 15 1 3 0
2 3 1 4 1 4 3 9 2 7 31 16 14 35 10 4 15 1
3 3 5 3 1 2 3 8 2 7 31 16 14 35 10 6 11 1
5 4 5 5 1 2 1 10 2 7 31 16 19 6 10 6 15 1
4 2 5 5 2 3 1 8 2 7 31 16 14 35 15 6 15 0
5 1 2 5 1 1 4 8 2 7 31 16 19 6 10 1 3 0
4 3 4 4 2 5 1 7 2 7 31 16 14 35 15 6 15 1
5 4 3 2 1 3 1 8 2 7 31 16 19 6 10 6 7 0
3 4 5 1 1 4 1 11 2 7 32 16 14 5 10 6 11 1
5 4 4 1 1 2 1 8 2 7 31 16 19 6 15 6 15 0
2 4 5 3 1 2 1 3 2 7 22 16 14 5 10 6 4 1
5 4 4 4 1 2 1 8 2 7 31 16 19 6 10 4 15 0
2 2 5 5 1 3 1 12 2 7 31 16 14 35 15 4 15 1
3 3 4 2 1 4 1 7 2 7 31 16 19 6 15 6 15 0
3 1 3 2 1 1 1 9 2 7 31 16 14 35 15 4 15 1
4 4 5 1 1 2 1 9 2 7 31 16 14 35 15 6 15 1
3 4 2 2 1 2 1 8 2 7 31 16 14 35 15 4 15 0
4 3 3 1 1 4 1 8 2 7 31 16 14 35 15 6 4 1
2 3 3 4 1 4 3 9 5 7 31 17 6 9 5 3 12 0
2 4 3 6 1 3 1 9 2 7 31 16 14 35 15 6 15 0
3 3 3 6 1 5 1 7 2 7 31 16 19 6 10 1 3 0
5 3 2 4 2 3 1 9 2 7 31 16 19 6 10 4 11 0
4 4 2 5 1 4 1 8 2 7 31 16 19 6 10 6 11 0
5 2 2 5 1 1 1 11 2 7 32 7 15 36 15 1 3 0
2 3 6 1 1 5 1 9 2 7 31 16 14 35 15 6 15 0
5 4 3 2 1 2 1 9 2 7 31 16 19 6 10 4 15 0
5 1 1 1 1 2 3 10 5 7 30 18 20 39 9 1 3 0
5 4 3 1 1 2 1 8 2 7 31 16 19 6 15 6 15 0
5 4 3 2 1 1 1 11 2 7 31 16 19 6 10 6 7 0
2 3 4 4 1 3 1 7 2 7 31 16 14 35 15 7 15 0
5 4 5 6 2 1 1 8 2 7 31 16 14 35 15 4 15 0
1 2 4 4 1 3 1 8 2 7 31 16 14 35 10 6 11 0
5 2 3 6 1 2 3 8 2 7 31 16 14 35 10 6 11 0
2 1 4 6 1 4 3 9 2 3 13 2 10 4 13 1 3 1
5 4 2 4 1 2 1 8 2 7 31 16 14 35 15 6 15 0
5 1 3 1 1 4 3 10 5 7 30 18 20 39 9 1 3 0
5 1 5 3 2 4 1 8 2 7 31 16 19 6 15 1 3 0
4 4 5 4 2 4 1 8 2 7 31 16 14 35 15 6 15 1
1 1 5 5 1 4 1 8 2 7 31 16 14 35 15 6 15 1
5 1 3 3 2 1 1 8 2 7 32 7 15 36 15 1 3 1
2 1 2 3 1 5 3 9 2 7 1 16 14 35 16 6 15 1
4 4 5 4 2 1 1 8 2 7 31 16 14 35 15 4 15 1
2 4 4 1 1 5 1 6 2 7 31 16 14 35 15 6 15 1
1 4 5 3 1 3 1 1 2 7 31 16 14 35 15 6 4 1
4 4 6 2 1 3 1 8 2 7 31 16 14 35 15 3 5 0
5 4 3 6 2 2 1 10 2 4 30 7 15 27 15 1 3 0
4 4 5 5 1 4 1 9 2 7 31 16 19 6 10 6 11 0
5 2 4 3 1 2 2 8 2 7 30 16 19 6 12 6 11 0
4 3 6 6 1 4 1 9 2 7 31 16 19 6 10 6 7 1
5 3 6 2 1 3 1 11 2 7 31 16 19 6 10 4 15 1
5 3 4 5 2 1 1 10 2 7 31 16 19 6 15 1 15 0
2 2 5 6 1 4 1 9 2 7 31 16 19 6 10 6 7 1
5 3 3 6 1 3 4 8 5 7 32 18 20 10 4 6 11 0
3 4 6 3 1 4 1 9 2 7 31 16 14 35 15 1 3 1
5 4 4 4 1 1 1 8 2 7 31 16 19 6 15 1 3 0
5 4 5 3 1 2 1 8 2 7 31 16 19 6 15 6 7 0
1 3 6 3 2 5 4 12 5 5 35 17 6 13 4 4 15 1
5 1 5 1 1 1 4 10 7 7 30 9 16 37 5 1 3 1
4 3 6 1 1 1 1 8 2 7 31 16 14 35 15 6 15 0
5 4 5 1 1 2 1 8 2 7 31 16 14 35 15 6 15 1
5 3 2 5 2 3 1 8 2 7 31 16 19 6 10 4 11 0
2 3 4 6 1 5 3 2 2 7 1 16 14 35 16 6 15 0
3 1 4 5 1 4 1 8 2 7 31 16 14 35 15 6 15 1
4 3 5 2 1 1 1 8 2 7 31 16 19 6 10 4 15 0
4 3 5 4 1 4 1 8 2 7 31 16 14 35 15 6 15 0
5 1 3 1 1 4 1 8 2 7 31 16 19 6 15 1 3 0
3 2 4 1 1 4 1 8 2 7 32 16 14 5 10 6 11 1
5 3 5 1 1 1 1 8 2 7 31 16 19 6 15 4 15 0
2 4 4 4 1 4 1 7 2 7 31 16 14 35 15 3 5 1
3 1 6 1 1 4 1 8 2 7 31 16 14 35 15 6 4 1
3 3 5 2 2 1 1 8 2 7 31 16 14 35 15 6 15 0
2 3 4 6 1 5 3 14 5 3 18 4 14 21 15 6 7 1
5 2 5 5 1 2 1 8 2 7 31 16 19 6 15 1 3 0
5 3 3 2 1 5 2 8 2 7 30 16 19 6 12 6 11 0
5 3 2 1 1 3 1 8 2 7 31 16 19 6 15 6 15 0
4 4 2 2 1 3 1 8 2 7 31 16 14 35 15 6 15 0
5 2 2 6 1 2 1 8 2 7 32 2 14 21 15 1 3 0
4 4 2 6 1 4 1 8 2 7 31 16 19 6 10 1 3 0
5 3 5 5 1 1 1 8 2 7 31 16 19 6 15 6 15 0
3 4 5 2 1 1 1 10 2 7 31 16 14 35 15 6 15 1
3 2 5 2 1 3 3 11 2 7 31 16 14 35 10 6 11 1
5 4 6 3 1 2 1 8 5 7 32 18 20 28 9 6 11 0
1 3 2 3 1 4 4 8 5 3 8 4 21 21 7 6 15 1
4 3 6 3 1 4 1 9 2 7 31 16 14 35 15 6 15 0
5 4 3 3 1 2 1 8 2 7 31 16 19 6 10 6 15 1
1 4 5 3 2 5 1 9 2 7 31 16 14 35 15 6 15 1
5 4 5 4 1 5 1 8 2 7 31 16 19 6 10 4 15 1
5 2 3 3 1 1 1 8 2 7 31 16 14 29 10 2 4 0
5 2 5 4 1 4 1 2 2 7 31 16 19 6 10 6 15 1
2 2 6 2 2 1 3 8 5 7 31 17 6 9 5 6 11 1
5 4 4 3 1 2 1 8 2 7 31 16 14 35 15 6 15 0
2 3 5 6 1 5 1 2 2 7 31 16 14 35 15 1 3 1
1 2 6 4 1 5 1 8 2 7 31 16 14 35 15 6 4 0
5 2 5 3 1 2 1 9 2 7 31 16 19 6 10 1 3 0
5 1 5 3 1 3 1 10 2 7 32 16 19 6 15 6 11 0
4 4 6 6 1 2 1 9 2 7 31 16 19 6 10 1 3 1
5 3 4 4 1 2 1 10 2 7 31 16 14 29 15 6 15 0
5 2 5 1 1 2 1 8 2 7 30 16 19 6 10 6 11 0
5 4 5 1 1 1 1 11 2 7 31 16 14 21 15 6 11 0
4 2 2 4 1 5 1 10 2 7 31 16 14 35 15 1 15 0
5 4 5 3 1 1 1 8 2 7 31 16 14 29 10 6 15 0
4 2 6 6 1 2 2 8 2 7 32 16 19 6 12 6 11 1
2 4 4 5 1 5 1 10 2 7 31 16 14 35 15 6 15 1
4 1 5 3 1 4 3 8 2 7 31 16 14 35 10 6 11 0
3 4 6 3 1 2 3 8 2 7 31 16 14 35 10 6 11 1
2 4 5 4 2 4 1 8 2 7 31 16 14 35 15 3 9 1
5 3 2 4 1 2 1 8 2 7 31 16 19 6 15 1 3 0
4 3 4 1 1 1 3 8 5 7 32 18 20 39 9 6 11 0
5 3 3 6 2 1 1 8 2 7 31 7 13 34 10 1 3 0
2 2 1 3 2 3 1 8 2 7 31 16 14 35 15 3 9 1
4 4 5 6 1 4 1 9 2 7 31 16 19 6 10 1 3 0
3 3 2 1 1 1 1 8 2 7 31 16 14 35 15 6 4 1
5 2 3 3 1 1 1 8 2 7 32 16 19 6 10 1 3 0
3 4 5 5 1 3 1 8 2 7 31 16 14 35 15 6 15 1
3 4 5 2 1 2 1 9 2 7 31 16 14 35 15 4 15 0
5 1 4 4 1 5 4 8 5 7 32 10 2 16 2 6 11 0
2 1 6 2 1 5 4 8 5 7 24 17 6 9 4 6 11 1
2 3 5 2 1 3 3 9 2 7 31 16 14 35 10 4 15 1
5 4 4 5 1 1 1 7 2 7 31 16 19 6 10 6 15 0
5 3 6 6 1 2 1 10 2 7 31 16 19 6 15 6 7 0
3 4 6 6 1 5 1 8 2 7 31 16 14 35 15 6 15 1
2 1 4 4 1 1 3 8 5 7 31 17 6 9 5 6 11 0
5 4 3 1 1 1 1 8 2 7 31 16 19 6 10 6 15 0
3 3 5 1 1 1 3 8 2 7 31 16 14 35 10 4 15 1
4 4 4 3 1 1 1 9 2 7 31 16 14 35 15 4 15 1
5 4 3 6 1 5 1 8 2 7 31 16 19 6 10 3 9 0
1 3 2 5 1 2 3 10 5 7 23 14 22 11 7 6 11 1
5 4 3 4 1 2 1 8 2 7 31 16 14 35 15 4 15 0
5 1 4 2 1 2 1 11 5 7 32 18 20 28 9 6 11 0
4 4 5 5 2 5 1 8 2 7 31 16 14 35 15 2 4 0
5 3 3 4 1 1 1 10 2 7 31 16 19 6 10 4 15 1
4 4 4 3 1 5 1 10 2 7 31 16 19 6 10 4 11 1
5 2 5 2 2 3 4 8 2 7 31 16 19 6 11 1 3 1
5 3 6 4 1 2 1 8 2 7 31 16 14 35 15 6 15 0
4 2 3 6 1 5 3 8 5 7 31 17 6 9 5 6 11 0
2 1 4 4 1 5 3 9 5 7 31 17 6 9 5 6 11 1
5 4 4 1 1 5 1 10 2 7 31 16 14 21 15 6 11 0
4 4 2 4 2 3 3 8 5 7 31 17 6 9 5 6 11 0
4 2 3 6 2 2 3 10 5 7 32 18 20 10 5 6 11 0
1 3 3 4 2 3 1 9 2 7 31 16 14 35 15 1 6 1
4 2 5 6 1 5 1 9 2 7 31 16 19 6 10 6 7 1
5 3 5 1 1 3 1 8 2 7 30 16 19 6 10 6 11 0
5 4 4 4 1 4 1 8 2 7 31 16 19 6 15 6 15 0
2 2 4 2 1 3 3 8 2 7 31 16 14 35 10 6 11 1
5 3 4 1 2 2 1 10 2 7 30 16 19 6 10 6 11 0
2 1 5 6 1 3 1 9 2 7 31 16 14 35 15 6 15 1
3 2 2 6 2 5 1 8 2 7 31 16 14 35 15 2 4 0
4 2 3 6 1 5 3 8 2 7 34 16 14 35 12 1 15 1
5 2 5 3 1 2 1 8 2 7 31 16 19 6 10 6 7 0
2 4 3 6 1 3 3 9 2 7 1 16 14 35 16 1 3 1
2 4 2 3 2 4 3 11 5 7 31 17 6 9 5 6 11 1
2 4 3 6 1 5 1 9 2 7 31 16 14 35 15 1 3 1
1 4 2 4 1 5 1 6 2 7 22 16 14 5 10 6 4 1
4 3 5 2 3 2 1 8 2 7 31 16 14 35 15 6 4 1
4 4 6 5 1 3 1 9 2 7 31 16 19 6 10 1 3 1
4 1 4 4 1 1 3 8 2 7 31 16 14 35 10 1 4 1
4 2 3 6 1 2 2 8 2 7 30 16 14 6 12 6 11 0
5 3 4 3 2 1 1 11 2 7 32 7 15 36 15 1 3 0
5 4 6 6 2 1 1 8 2 7 31 7 13 34 15 1 3 1
4 3 5 2 1 4 1 8 2 7 31 16 14 35 15 6 15 1
5 2 5 5 2 5 1 8 2 7 31 16 19 6 10 1 3 0
5 3 5 1 1 1 1 8 2 7 31 16 19 6 10 6 15 0
3 2 6 6 1 2 1 9 2 7 31 16 14 35 15 1 3 1
5 4 5 6 1 1 1 8 2 7 31 16 14 29 10 6 15 0
3 4 4 1 1 1 1 8 2 7 31 16 14 35 10 6 11 0
5 4 2 1 1 3 1 8 2 7 31 16 19 6 10 6 15 0
2 3 2 4 1 3 4 9 5 3 37 4 21 21 7 4 15 1
4 4 4 5 1 5 1 8 2 7 31 16 14 35 15 6 15 0
4 4 2 3 1 2 1 8 2 7 31 16 14 35 15 6 15 0
5 4 5 1 1 1 1 8 2 7 31 16 19 6 10 4 15 0
5 3 4 1 1 2 1 8 2 7 31 16 19 6 10 4 15 1
3 4 3 5 2 4 3 9 2 3 13 2 10 4 13 6 15 1
1 4 4 2 1 2 1 9 3 4 18 8 28 21 15 4 15 1
4 4 4 6 1 4 1 10 2 7 31 16 19 6 15 6 7 0
5 2 4 5 1 2 1 11 2 7 31 16 19 6 10 4 15 0
4 4 5 6 1 2 1 9 2 7 31 16 19 6 10 6 7 0
5 3 4 4 1 1 1 8 2 7 31 16 14 35 15 6 15 1
4 4 3 6 1 3 1 9 2 7 31 16 14 35 15 1 3 1
3 4 3 2 2 2 3 8 5 7 31 17 6 9 5 6 11 0
1 1 4 4 2 2 3 2 5 7 31 17 6 9 5 3 11 1
5 4 2 2 1 1 1 10 2 7 31 16 14 35 15 4 15 1
2 3 4 1 1 3 3 8 2 7 31 16 14 35 10 6 11 1
5 3 6 6 1 2 1 8 2 7 31 16 19 6 10 1 3 0
5 3 3 2 1 1 1 8 2 7 31 16 14 29 10 2 4 0
2 1 5 4 1 3 4 11 5 7 24 17 6 9 4 6 11 1
5 4 4 5 1 1 1 8 2 7 31 16 19 6 15 6 15 1
5 4 5 4 1 1 1 8 2 7 31 16 14 21 15 6 7 0
2 1 4 4 1 5 1 8 2 7 31 16 14 35 15 6 15 1
4 2 2 5 2 5 1 8 2 7 31 16 19 6 10 6 7 0
5 4 5 3 2 1 1 11 2 7 31 16 14 35 15 6 4 1
4 4 4 2 2 4 1 7 2 7 31 16 19 6 10 1 3 0
5 4 5 4 1 2 1 8 2 7 31 16 19 6 10 6 15 1
3 4 4 6 1 5 1 9 2 7 31 16 14 35 15 1 3 1
4 4 2 1 1 4 1 2 2 7 31 16 19 6 10 6 15 1
3 2 3 1 2 3 1 8 2 7 32 16 14 5 10 6 11 0
5 3 3 6 1 1 1 8 2 7 30 16 19 6 10 6 11 0
4 4 4 2 1 1 1 7 2 7 31 16 14 35 15 6 15 0
2 1 3 4 1 2 1 9 2 7 31 16 14 35 15 4 15 1
1 1 2 4 1 4 3 9 5 7 31 17 6 9 5 3 12 0
5 2 3 5 2 5 4 8 5 7 31 17 6 9 5 6 11 0
5 4 2 1 1 2 1 8 2 7 30 16 19 6 10 6 11 0
5 4 4 5 1 3 1 8 2 7 31 16 19 6 10 6 15 0
3 4 6 5 1 3 1 9 2 7 31 16 14 35 15 4 15 1
2 3 6 6 1 5 1 8 2 7 31 16 14 35 15 6 15 0
2 3 5 2 1 4 1 9 2 7 31 16 14 35 15 7 15 0
3 3 4 4 1 2 3 8 5 7 31 17 6 9 5 3 11 0
1 2 4 4 1 4 4 2 5 3 8 4 21 21 7 6 15 1
4 1 3 3 1 2 1 10 2 7 31 16 19 6 15 4 11 0
4 4 6 4 1 4 1 11 2 7 31 16 19 6 10 1 3 1
5 2 3 1 1 3 1 8 2 7 31 16 19 6 15 1 3 0
2 4 4 6 2 5 1 7 2 7 31 16 14 35 15 1 3 1
5 4 4 5 1 1 1 7 2 7 31 16 14 35 15 6 15 0
2 2 5 3 1 2 3 8 2 7 31 16 14 35 10 4 15 1
5 4 3 3 1 1 1 8 2 7 31 16 19 6 15 1 3 0
5 3 5 2 1 2 1 8 2 7 31 16 19 6 15 1 3 0
3 4 6 1 1 2 1 8 2 7 31 16 14 35 10 6 11 0
5 4 4 2 1 1 1 11 2 7 31 16 14 35 15 6 15 0
5 3 6 3 1 2 1 9 2 7 31 16 19 6 10 4 11 0
1 3 5 6 1 4 1 8 2 7 31 16 14 35 15 6 15 1
1 3 5 5 1 3 3 13 2 7 34 16 14 35 10 3 8 1
2 1 5 3 1 2 3 9 2 7 31 16 14 35 10 4 15 1
4 3 4 2 1 1 1 9 2 7 31 16 14 35 15 4 15 0
2 3 4 1 1 2 3 9 2 7 31 16 14 35 10 6 11 1
3 3 3 5 1 1 1 9 2 7 31 16 19 6 10 1 3 1
4 4 3 6 1 3 1 9 2 7 31 16 14 35 15 1 3 0
4 4 4 2 1 1 1 7 2 7 31 16 19 6 10 6 15 0
3 3 5 2 2 2 1 8 2 7 31 16 14 35 15 4 15 1
3 4 5 2 2 1 1 10 2 7 31 16 14 35 15 6 15 1
4 4 5 6 1 2 3 8 2 7 31 16 14 35 10 6 11 0
3 3 4 2 2 1 4 8 2 7 24 16 14 35 11 4 15 1
5 1 5 5 1 1 1 8 2 7 31 16 19 6 15 1 3 0
4 4 3 4 2 4 1 9 2 7 31 16 19 6 10 4 11 1
4 3 4 4 1 2 1 8 2 7 31 16 14 35 15 3 9 1
4 2 2 4 1 5 1 10 2 7 31 16 14 35 15 6 15 0
4 1 3 2 1 1 1 9 2 7 31 16 14 35 15 4 15 1
5 2 3 6 1 3 1 9 2 7 31 16 19 6 10 6 7 0
3 3 6 2 1 2 1 9 2 7 31 16 14 35 15 4 15 1
5 3 1 1 1 4 3 8 5 7 30 18 20 10 5 1 3 0
5 4 4 2 1 2 1 10 2 7 31 16 19 6 10 4 15 1
5 2 2 3 1 1 1 8 2 7 31 16 19 6 10 4 15 0
5 4 4 2 1 3 1 7 2 7 31 16 19 6 10 4 15 0
3 3 3 3 1 5 1 7 2 7 31 16 14 35 15 4 15 1
3 3 5 5 1 1 3 9 2 7 31 16 14 35 10 4 15 1
1 1 6 3 1 1 4 9 5 3 18 4 21 21 7 6 15 1
5 3 4 4 1 1 1 8 2 7 31 16 19 6 10 6 15 1
5 4 3 1 1 1 1 10 2 7 30 16 19 6 10 6 11 0
4 1 6 3 2 4 1 8 2 7 31 16 14 35 15 6 15 0
5 3 6 6 1 3 1 8 2 7 31 16 19 6 10 4 11 1
2 4 3 2 1 2 1 9 2 7 31 16 14 35 15 4 15 1
5 4 2 2 1 2 1 8 2 7 31 16 14 29 15 4 15 0
3 2 5 1 1 1 3 9 2 7 31 16 14 35 10 4 15 1
5 1 3 2 2 2 1 8 2 7 31 16 19 6 10 3 9 0
5 4 4 1 1 2 1 8 2 7 31 16 19 6 15 6 15 0
5 3 3 1 1 1 3 8 5 7 30 18 20 10 5 1 3 0
5 4 4 1 1 1 1 11 2 7 31 16 19 6 15 4 15 0
1 3 2 3 1 1 1 8 2 7 31 16 14 35 10 6 2 1
4 4 4 2 2 2 1 8 2 7 31 16 14 35 15 6 15 0
4 3 4 4 1 4 1 8 2 7 31 16 19 6 10 4 15 0
5 3 5 5 1 2 1 10 2 7 31 16 19 6 15 6 15 0
5 4 4 2 1 1 1 8 2 7 31 16 19 6 15 6 15 0
1 2 5 4 2 3 4 9 5 3 37 4 27 45 4 3 11 1
3 1 4 4 1 2 3 8 2 7 31 16 14 35 10 1 4 1
2 1 1 2 1 2 1 8 2 7 31 16 14 35 15 4 15 1
4 4 3 4 2 5 1 10 2 7 31 16 14 35 15 6 4 1
3 2 5 2 1 2 1 9 2 7 31 16 14 35 15 4 15 0
5 4 2 4 1 2 1 11 2 7 32 16 19 6 15 1 3 0
4 4 4 1 1 1 2 9 2 7 30 16 19 6 12 6 11 0
5 3 6 6 2 4 1 8 2 7 31 16 19 6 10 1 3 0
2 1 5 3 1 1 3 8 2 7 31 16 14 35 10 6 11 1
5 4 4 1 1 1 1 9 2 7 31 16 19 6 15 6 15 0
3 3 6 3 1 2 3 8 5 7 31 17 6 9 5 6 11 1
5 1 4 4 1 2 1 7 2 7 31 16 14 35 15 6 15 0
4 4 5 2 1 3 1 8 2 7 31 16 14 21 15 6 15 1
3 4 6 2 1 5 1 9 2 7 31 16 19 6 10 1 3 1
3 3 5 5 1 1 3 8 2 7 31 16 14 35 10 4 15 1
5 4 4 6 1 4 1 8 2 7 31 16 19 6 10 6 11 0
4 4 6 6 1 2 1 8 2 7 31 16 14 35 15 6 15 1
5 4 5 1 1 2 1 9 2 7 31 16 14 35 15 6 15 0
5 3 4 2 1 1 1 8 2 4 30 7 15 27 15 1 3 0
4 4 2 2 1 4 1 11 2 7 31 16 19 6 10 4 15 1
5 2 3 5 1 3 1 8 2 7 31 16 19 6 15 1 3 1
4 2 5 2 2 1 1 8 2 7 31 16 14 35 15 6 15 0
3 4 4 4 2 2 1 8 2 7 31 16 14 35 15 6 4 1
5 4 4 5 1 3 1 8 2 7 31 16 19 6 10 6 15 0
2 1 6 4 1 2 3 8 5 7 23 14 22 11 7 6 11 1
3 4 2 6 2 3 1 8 2 7 31 16 19 6 10 6 7 1
3 3 5 2 1 1 1 8 2 7 31 16 14 35 15 4 15 1
4 3 6 1 1 3 2 10 2 7 30 16 19 6 12 6 11 0
4 4 5 3 1 2 1 8 2 7 31 16 14 35 15 6 15 0
4 4 4 6 1 2 1 9 2 7 31 16 14 35 15 1 4 0
5 1 5 6 1 2 1 8 2 7 31 16 14 35 15 1 4 0
4 2 5 6 1 2 1 9 2 7 31 16 19 6 10 6 7 0
3 1 6 5 1 3 3 8 2 7 31 16 14 35 10 6 11 1
5 1 5 5 1 1 1 8 2 7 31 16 14 35 15 4 15 0
2 1 5 5 1 2 3 11 5 7 23 14 22 11 7 6 11 1
5 4 5 4 1 1 1 8 2 7 31 16 14 29 15 2 4 0
4 3 6 4 1 4 1 9 2 7 31 16 19 6 10 1 3 1
1 1 5 4 2 4 1 9 2 7 31 16 14 35 15 6 15 1
5 3 6 3 1 3 1 8 2 7 31 16 19 6 10 6 15 0
4 2 4 1 1 2 2 8 2 7 32 16 19 6 12 6 11 0
1 3 5 5 1 3 1 12 2 7 31 16 14 35 15 4 15 1
2 4 5 3 1 5 1 9 2 7 31 16 14 35 15 6 15 1
5 3 5 1 1 2 2 11 2 7 30 16 19 6 12 6 11 0
3 2 3 4 1 3 1 9 2 7 31 16 14 35 15 6 15 1
3 2 5 3 1 5 4 8 5 7 24 17 6 9 4 6 11 1
3 1 1 1 1 3 3 8 2 7 31 16 14 35 10 6 11 1
3 2 5 2 1 2 3 11 5 7 31 17 6 9 5 6 11 1
2 4 4 1 1 3 1 8 2 7 31 16 14 35 10 6 11 1
5 2 4 6 1 2 1 8 2 7 31 16 19 6 15 6 11 0
5 4 5 2 1 4 1 8 2 7 31 16 14 21 15 6 7 0
5 1 4 3 2 2 1 10 2 7 31 16 19 6 15 1 3 0
4 1 4 4 1 1 3 8 2 7 31 16 14 35 10 1 4 1
3 4 5 5 1 2 1 8 2 7 31 16 14 35 15 6 15 0
5 3 5 5 1 1 1 8 2 7 31 16 19 6 15 1 3 0
3 2 6 6 1 2 3 8 5 7 31 17 6 9 5 6 11 0
4 4 3 3 1 2 1 7 2 7 31 16 19 6 10 4 15 0
3 2 2 1 2 1 4 8 2 7 24 16 14 35 11 4 15 1
3 3 4 4 1 3 2 8 2 7 30 16 19 6 12 6 11 0
1 4 5 4 2 5 1 8 2 7 31 16 14 35 15 6 15 1
2 2 5 6 1 3 1 9 2 7 31 16 14 35 15 4 15 1
5 4 4 4 1 1 1 9 2 7 31 16 14 35 15 4 15 0
4 2 3 1 2 5 1 10 2 7 30 16 19 6 10 6 11 0
5 1 5 2 2 2 4 8 2 7 31 16 19 6 11 1 3 0
5 4 4 6 1 4 1 8 2 7 31 16 19 6 15 1 3 0
4 4 5 1 1 2 2 10 2 7 30 16 19 6 12 6 11 0
4 4 4 5 1 4 1 7 2 7 31 16 14 35 15 4 15 0
5 3 4 4 2 1 1 11 2 4 30 7 15 27 15 1 3 0
2 4 5 5 2 5 1 8 2 7 31 16 14 35 15 3 9 1
4 4 5 2 1 1 2 10 2 7 30 16 19 6 12 6 11 0
5 4 4 4 1 3 1 10 2 7 31 16 19 6 10 1 3 0
2 1 5 1 1 4 3 10 2 7 31 16 14 35 10 6 11 0
5 3 5 5 1 5 1 8 2 4 32 7 15 27 15 1 3 0
4 3 3 2 1 2 1 7 2 7 31 16 14 35 15 6 15 1
4 2 5 2 1 4 1 8 2 7 31 16 19 6 10 4 11 0
3 3 5 6 1 3 1 8 2 7 31 16 14 35 15 2 4 0
4 3 5 6 2 2 3 10 2 7 31 16 14 35 10 1 4 1
4 3 2 2 2 1 1 8 2 7 31 16 14 35 15 6 15 0
4 4 3 5 2 4 1 9 2 7 31 16 19 6 10 6 15 1
5 2 2 6 1 1 3 11 5 7 30 18 20 39 9 1 3 0
4 2 4 4 1 3 1 8 2 7 31 16 19 6 10 1 3 1
5 1 5 1 1 1 1 8 2 7 32 7 15 36 15 1 3 0
5 2 5 5 1 2 4 8 5 7 30 18 20 10 4 1 3 0
3 4 5 5 1 1 1 9 2 7 31 16 14 35 15 1 3 0
4 4 3 1 1 2 1 8 2 7 30 16 19 6 10 6 11 0
5 4 3 1 1 5 1 10 2 7 31 16 14 21 15 6 11 0
2 3 6 6 2 1 1 9 2 7 31 16 14 35 15 1 3 1
2 3 5 2 2 4 3 8 2 7 31 16 14 35 10 6 11 1
4 3 1 2 1 1 1 8 2 7 31 16 19 6 10 6 7 1
3 2 3 3 1 1 1 10 2 7 31 16 14 35 15 4 15 1
5 4 4 6 1 2 1 8 2 7 31 16 19 6 10 1 3 1
1 3 5 5 2 4 1 12 2 7 31 16 14 35 15 6 15 1
3 2 4 2 2 3 4 11 5 7 24 17 6 9 4 6 11 1
2 2 5 3 1 3 1 11 2 7 31 16 14 35 15 4 15 1
4 4 4 5 1 1 1 10 2 7 31 16 14 35 15 6 15 1
3 2 4 3 1 2 3 8 5 7 31 17 6 9 5 6 11 0
5 2 2 1 1 2 1 11 2 7 30 16 19 6 10 6 11 0
5 3 5 2 1 3 1 8 2 7 31 16 19 6 10 4 11 0
5 1 5 6 1 2 3 8 2 7 31 16 14 35 10 6 11 1
3 4 5 2 1 4 1 8 2 7 31 16 19 6 10 1 3 1
5 2 5 4 2 2 1 8 2 7 31 16 14 35 15 6 4 1
4 4 2 1 1 3 1 8 2 7 31 16 14 35 10 6 11 0
5 4 4 4 1 1 1 10 2 7 31 16 19 6 10 6 15 0
4 4 4 3 1 4 1 9 2 7 31 16 19 6 10 4 15 1
4 3 6 2 2 5 1 10 2 7 31 16 14 35 15 6 4 1
3 4 3 2 1 3 1 2 2 7 31 16 19 6 10 1 3 1
1 1 3 2 1 4 1 8 2 7 31 16 14 35 10 6 11 1
5 4 5 1 2 3 1 11 2 7 32 16 19 6 10 1 3 0
1 2 4 2 1 2 1 12 3 4 18 8 28 21 15 4 15 1
5 2 2 6 1 4 3 8 5 7 32 17 6 9 5 6 11 0
3 2 3 1 1 4 2 8 2 7 30 16 19 6 12 6 11 0
3 4 4 3 2 1 1 7 2 7 22 16 14 5 10 6 4 1
5 3 4 6 1 1 1 8 2 7 31 16 14 35 15 2 4 0
4 4 2 4 1 1 1 9 2 7 31 16 14 35 15 6 15 1
5 1 5 2 2 5 1 8 2 7 31 16 14 35 15 6 15 0
3 3 5 6 1 3 1 9 2 7 31 16 14 35 15 6 15 0
5 1 4 1 1 1 3 10 5 7 30 18 20 10 5 1 3 0
5 4 4 1 1 2 1 7 2 7 31 16 14 35 15 6 15 0
5 2 6 6 1 1 1 8 2 7 31 16 19 6 15 1 3 0
5 3 4 5 1 3 1 9 2 7 31 16 19 6 10 1 3 1
4 4 5 3 1 4 1 8 2 7 31 16 19 6 10 4 11 0
5 3 3 2 1 1 1 11 2 7 31 16 19 6 10 4 15 1
5 2 5 6 1 2 1 8 2 7 31 16 19 6 15 6 7 0
4 4 2 6 1 1 1 8 2 7 31 16 14 35 15 1 3 1
5 4 2 1 1 4 1 8 2 7 31 16 19 6 10 1 3 0
3 4 4 3 1 2 1 8 2 7 31 16 14 35 15 6 15 0
5 2 2 4 1 4 1 3 2 7 31 16 19 6 10 6 15 1
4 4 4 2 1 3 1 7 2 7 31 16 19 6 15 6 11 0
3 1 5 6 1 1 3 8 2 7 31 16 14 35 10 6 11 1
5 4 3 1 1 1 1 8 2 7 31 16 14 35 15 6 15 0
5 4 3 2 1 2 1 8 2 7 31 16 19 6 15 6 15 0
1 3 4 5 1 3 3 10 2 7 31 16 14 35 10 6 11 1
5 4 5 2 1 1 1 8 2 7 31 16 14 35 15 6 15 0
2 2 3 6 1 5 1 7 2 7 31 16 19 6 10 6 7 1
4 4 3 4 1 4 1 11 2 7 31 16 19 6 10 4 15 1
5 4 4 5 1 3 3 11 5 7 32 18 20 10 5 6 11 0
4 3 2 2 1 3 1 8 2 7 31 16 19 6 10 1 3 1
5 4 3 1 1 1 1 8 2 7 31 16 14 35 15 6 15 0
5 1 5 6 2 4 3 8 2 7 31 16 19 6 10 1 3 0
5 4 6 3 1 4 1 8 2 7 31 16 19 6 10 6 7 0
3 1 3 3 1 2 1 9 2 7 31 16 19 6 10 4 15 1
5 4 5 1 2 1 1 8 2 7 31 16 14 35 15 6 15 0
4 4 3 1 1 5 1 8 2 7 31 16 14 35 15 4 15 1
4 3 5 6 1 3 3 8 2 7 31 16 14 35 10 6 11 0
5 4 5 3 2 4 1 8 2 7 31 16 19 6 10 6 15 0
5 1 5 2 1 1 1 2 2 7 32 7 15 36 15 1 3 0
5 2 4 6 1 2 2 8 2 7 32 16 19 6 12 6 11 0
3 4 4 3 2 5 1 9 2 7 31 16 14 35 15 6 15 0
5 3 5 6 2 4 1 8 2 7 31 16 19 6 15 1 3 0
5 4 4 4 1 1 1 11 2 7 31 7 13 34 15 6 15 0
5 4 4 1 1 1 1 8 2 7 31 16 19 6 15 6 15 1
4 4 2 5 1 2 1 10 2 7 31 16 14 35 15 4 15 0
2 4 4 4 1 5 1 7 2 7 31 16 14 35 15 2 4 0
2 3 5 4 2 1 1 8 2 7 31 16 14 35 15 6 15 1
4 1 4 5 2 2 1 8 2 7 31 16 19 6 15 3 9 0
5 4 6 1 1 3 1 8 2 7 31 16 19 6 15 6 15 0
5 4 5 2 2 4 1 8 2 7 31 16 19 6 10 4 11 0
4 2 4 3 1 3 3 8 2 7 31 16 14 35 10 6 15 0
5 4 4 6 1 2 1 8 2 7 32 7 15 36 15 1 3 0
3 1 5 1 1 1 3 9 2 7 31 16 14 35 10 4 15 1
2 3 3 4 1 3 1 9 2 7 31 16 14 35 15 6 15 0
3 4 4 5 1 4 1 9 2 7 31 16 14 35 15 1 3 0
4 3 4 3 1 2 1 8 2 7 31 16 19 6 10 4 15 0
5 4 3 6 1 2 3 8 5 7 32 18 20 10 5 6 11 0
2 1 6 6 1 5 1 9 2 7 31 16 14 35 15 4 15 1
4 1 4 6 1 3 1 8 2 7 31 16 14 35 10 6 11 0
2 2 6 4 2 2 1 8 2 7 31 16 14 35 15 6 4 1
5 1 5 5 1 1 1 8 2 7 31 16 14 29 10 2 4 0
5 3 4 3 1 3 1 8 2 7 31 16 19 6 10 6 7 0
5 4 4 5 1 3 1 8 2 7 31 16 14 35 15 4 15 0
3 3 3 2 1 5 1 9 2 7 31 16 14 35 15 4 15 1
5 1 6 4 1 4 1 11 2 7 31 16 19 6 15 4 11 0
4 3 5 2 2 4 1 11 2 7 31 16 14 35 15 6 4 0
5 1 5 2 1 1 1 2 2 7 32 7 15 36 15 1 3 0
4 4 5 6 1 3 1 8 2 7 31 16 14 35 10 6 11 0
4 4 4 3 2 1 1 9 2 7 22 16 14 5 10 6 4 1
3 4 3 6 1 3 1 9 2 7 31 16 14 35 15 6 15 0
2 4 2 3 1 1 1 12 2 7 31 16 14 35 15 4 15 1
4 3 3 1 1 3 2 7 2 7 30 16 19 6 12 6 11 0
1 1 3 5 2 4 1 9 2 7 31 16 14 35 15 4 15 1
5 3 5 1 1 1 1 8 2 7 31 16 14 29 15 6 15 0
5 1 4 1 1 2 3 10 5 7 30 18 20 39 9 1 3 0
4 4 5 3 1 2 1 8 2 7 31 16 19 6 10 6 7 0
3 4 4 3 1 5 1 2 2 7 31 16 19 6 10 4 15 1
4 4 4 1 1 2 1 8 2 7 31 16 19 6 10 6 7 0
2 2 3 5 2 5 3 9 2 7 31 16 14 35 10 6 15 1
3 2 3 4 1 2 3 8 5 7 31 17 6 9 5 3 11 0
3 3 2 6 1 3 3 8 2 7 34 16 14 35 12 2 4 0
5 4 4 4 1 1 1 8 2 7 31 16 19 6 10 1 3 0
3 3 4 2 1 1 1 10 2 7 31 16 14 35 15 6 15 1
4 2 4 3 1 4 1 9 2 7 31 16 14 35 15 6 15 0
5 4 5 6 1 1 1 8 2 4 32 7 15 27 15 1 3 0
3 3 6 6 2 4 3 8 2 7 31 16 14 35 10 1 4 1
5 3 5 6 2 2 1 11 2 7 31 16 14 21 15 1 3 0
2 1 4 4 1 5 3 11 2 7 31 16 14 35 10 4 15 0
1 1 5 5 1 1 1 9 2 7 31 16 14 35 15 6 15 1
5 4 3 2 1 1 1 10 2 7 31 16 14 29 15 6 15 0
5 4 6 2 1 1 1 10 2 7 31 16 19 6 10 6 7 0
5 4 3 3 1 1 1 9 2 7 31 16 19 6 10 4 15 1
5 4 4 4 1 1 1 10 2 7 31 16 19 6 15 6 15 0
4 4 5 2 1 2 1 8 5 7 30 18 20 10 5 6 11 0
5 3 2 6 1 3 1 8 2 7 31 16 19 6 15 1 3 0
3 4 2 4 1 1 1 9 2 7 31 16 14 35 15 6 15 0
2 1 3 6 1 5 3 9 2 3 13 2 10 4 13 1 3 0
4 2 2 6 1 2 2 8 2 7 32 16 19 6 12 6 11 1
5 4 3 4 1 4 1 10 2 7 31 16 19 6 15 1 3 0
5 1 3 6 1 4 1 8 5 7 32 4 14 21 15 1 3 0
3 4 6 6 1 5 1 8 2 7 31 16 14 35 15 1 3 0
1 4 6 2 1 4 1 8 2 7 31 16 14 35 15 4 15 1
2 2 6 3 2 3 1 9 2 7 31 16 14 35 15 3 9 0
4 1 6 5 2 5 1 11 2 7 31 16 19 6 15 6 7 1
2 3 5 3 1 2 3 9 5 7 31 17 6 9 5 1 15 1
5 2 5 4 2 1 1 10 2 7 31 16 19 6 15 4 15 0
5 3 4 2 1 4 1 11 2 7 30 16 19 6 10 6 11 0
4 3 4 5 1 1 1 9 2 7 31 16 14 35 15 6 15 0
4 4 5 1 1 5 1 8 2 7 31 16 14 35 15 6 15 1
4 3 4 4 1 3 1 9 2 7 31 16 19 6 10 4 15 1
2 1 3 5 1 4 1 10 2 7 31 16 14 35 15 1 3 1
4 2 5 5 1 3 1 8 2 7 31 16 19 6 10 1 3 1
5 2 4 3 1 2 1 8 2 7 31 16 14 35 15 6 15 1
3 2 5 3 1 2 1 9 2 7 31 16 14 35 15 4 15 1
4 1 4 2 3 5 1 8 2 7 31 16 14 35 15 6 4 0
5 1 4 2 2 5 1 8 2 7 31 16 19 6 15 1 3 0
5 4 4 5 2 3 1 9 2 7 31 16 14 35 15 6 15 1
4 2 6 4 1 3 1 9 2 7 31 16 19 6 10 1 3 1
4 4 4 2 1 3 1 9 2 7 31 16 19 6 10 4 15 0
5 1 3 5 2 1 1 8 2 7 31 7 13 34 10 1 3 0
4 2 5 4 1 3 1 9 2 7 31 16 19 6 10 1 3 1
5 3 5 1 1 3 1 8 2 7 31 16 14 35 15 4 15 0
5 3 3 6 3 1 1 8 2 7 31 7 13 34 10 7 5 0
3 4 6 4 1 4 1 8 2 7 31 16 19 6 10 1 3 1
5 4 4 5 1 1 1 2 2 7 31 16 19 6 10 6 15 1
5 4 6 2 2 1 1 8 2 4 30 7 15 27 15 1 3 1
4 2 4 2 1 1 1 8 2 7 31 16 14 35 15 6 4 1
5 4 6 5 1 1 1 8 2 7 31 16 14 29 10 6 15 1
5 4 4 6 1 3 3 8 5 7 32 17 6 9 5 1 3 0
3 2 3 3 1 2 1 9 2 7 31 16 14 35 15 4 15 1
2 4 5 6 1 2 1 8 2 7 31 16 14 35 10 6 11 1
5 1 5 5 2 3 4 8 2 7 31 16 19 6 11 1 3 0
2 3 6 1 1 3 1 8 2 7 31 16 14 35 10 6 11 0
4 4 4 1 2 5 2 8 2 7 32 16 19 6 12 6 11 0
4 4 4 1 1 3 1 9 2 7 31 16 19 6 10 4 11 0
4 4 5 1 1 1 1 8 2 7 31 16 19 6 15 6 15 0
4 4 3 5 2 1 1 8 2 7 31 16 14 35 15 1 3 0
2 3 5 3 2 3 3 11 5 7 31 17 6 9 5 6 11 1
2 3 5 1 1 3 1 8 2 7 31 16 14 35 15 6 15 1
3 3 5 1 1 1 3 8 2 7 31 16 14 35 10 4 15 1
5 4 5 1 1 2 1 8 2 7 31 16 19 6 15 6 15 0
5 4 4 4 1 1 1 10 2 7 31 16 19 6 10 6 15 0
1 3 6 1 1 5 1 9 2 7 31 16 14 35 15 6 15 0
4 2 5 1 1 1 1 9 2 7 31 16 14 35 15 4 15 0
5 4 3 6 1 3 1 9 2 7 31 16 19 6 10 1 3 0
3 3 5 2 1 2 3 8 2 7 31 16 14 35 10 6 11 1
5 3 4 4 1 3 1 8 2 7 31 16 19 6 10 4 11 0
4 3 3 2 1 3 1 9 2 7 31 16 19 6 10 6 15 0
3 2 3 1 1 1 1 8 2 7 31 16 14 35 15 4 15 1
1 3 4 5 1 4 1 2 2 7 31 16 14 35 10 6 11 1
5 4 6 4 1 2 1 8 2 7 31 16 19 6 15 1 3 0
5 4 3 1 1 3 1 8 2 7 31 16 19 6 10 4 15 0
1 3 3 5 2 5 4 2 5 3 8 4 21 21 7 6 15 1
2 3 5 1 1 3 1 8 2 7 31 16 14 35 15 6 15 1
3 3 4 2 2 3 1 10 2 7 31 16 14 35 15 4 15 1
3 4 5 1 1 2 3 9 2 7 31 16 14 35 10 4 15 1
3 3 4 5 1 4 1 8 2 7 31 16 14 35 15 3 11 0
5 4 4 1 1 2 1 10 2 7 31 16 19 6 15 6 15 0
2 2 3 6 2 2 1 8 2 7 31 16 14 35 15 3 9 1
1 4 6 2 1 4 1 8 2 7 31 16 14 35 15 4 15 1
4 4 5 4 1 3 1 8 2 7 31 16 14 35 15 6 15 0
5 4 6 6 1 5 3 8 5 7 32 18 20 39 9 6 11 0
4 2 4 4 1 2 3 8 2 7 31 16 14 35 10 6 11 0
5 4 4 4 1 4 1 8 2 4 32 7 15 27 15 1 3 0
5 4 5 4 1 5 4 11 5 7 30 10 5 48 4 1 3 0
2 4 3 6 2 4 1 7 2 7 31 16 19 6 10 1 3 1
3 3 3 2 1 2 1 9 2 7 31 16 19 6 10 1 3 1
5 3 2 4 1 4 1 8 2 7 31 16 19 6 10 6 7 0
3 3 5 5 1 3 1 10 2 7 31 16 14 35 15 1 15 1
2 3 4 5 1 4 3 9 2 7 31 16 14 35 10 4 15 1
5 2 4 6 1 3 1 8 2 7 32 7 15 36 15 1 3 0
2 1 5 4 1 5 3 9 5 7 31 17 6 9 5 3 11 1
3 4 5 5 2 5 1 8 2 7 31 16 14 35 15 3 9 1
5 1 4 6 1 1 1 10 2 7 31 16 19 6 10 1 3 0
3 3 6 4 1 4 1 8 2 7 31 16 19 6 10 4 11 1
1 1 4 3 1 4 3 12 2 7 1 16 14 35 16 4 15 1
4 4 6 5 1 4 1 8 2 7 31 16 19 6 10 1 3 1
5 3 2 5 1 2 1 8 2 7 31 16 19 6 10 4 15 0
5 4 4 1 1 1 1 8 2 7 31 16 19 6 15 1 3 0
5 4 4 1 1 4 1 8 2 7 31 16 19 6 10 4 11 0
5 3 4 6 1 2 1 8 2 7 31 16 19 6 10 6 15 0
3 4 3 5 1 2 1 8 2 7 31 16 14 35 10 6 11 0
3 3 5 2 1 2 3 9 2 7 31 16 14 35 10 4 15 0
3 4 5 6 1 1 3 8 5 7 31 17 6 9 5 6 11 0
5 1 4 5 1 4 4 8 2 7 31 16 19 6 11 1 3 0
4 4 3 1 1 2 1 8 2 7 31 16 14 35 15 6 15 1
5 1 6 1 1 3 1 10 2 7 30 16 19 6 10 6 11 0
1 3 4 3 1 1 3 2 2 7 31 16 14 35 10 3 9 1
2 1 4 5 1 2 1 9 2 7 31 16 19 6 10 1 3 1
2 1 2 2 1 3 3 9 2 7 31 16 14 35 10 6 11 0
5 3 3 3 1 3 4 8 5 7 32 10 2 26 9 1 3 0
5 1 3 6 2 3 1 8 2 7 31 16 19 6 15 3 9 0
4 4 3 5 1 5 1 8 2 7 31 16 14 35 15 3 9 0
4 3 4 2 1 5 1 10 2 7 30 16 19 6 10 6 11 0
2 3 2 5 1 2 3 10 5 7 23 14 22 11 7 6 11 1
5 1 4 1 1 4 3 10 5 7 30 18 20 39 9 1 3 0
5 4 3 4 1 4 1 9 2 7 31 16 19 6 10 6 15 0
5 1 4 5 1 4 1 8 2 7 31 16 19 6 10 4 15 1
2 1 2 4 2 5 1 8 2 7 31 16 14 35 15 4 15 1
4 4 5 2 1 2 1 9 2 7 31 16 14 35 15 6 15 0
2 2 5 6 1 5 4 9 5 3 37 4 21 21 7 3 9 1
5 1 5 2 1 1 1 8 2 7 32 7 15 36 15 1 3 0
5 4 2 1 1 3 1 8 2 7 31 16 14 29 15 6 15 0
3 1 3 2 1 5 3 8 2 7 31 16 14 35 10 6 15 0
3 2 5 5 1 5 1 10 2 7 31 16 14 35 15 6 4 1
4 3 4 2 1 1 1 9 2 7 31 16 14 35 15 4 15 1
5 4 2 2 1 3 1 8 2 7 31 16 14 29 15 4 15 0
4 3 3 1 1 3 2 10 2 7 30 16 19 6 12 6 11 0
3 4 4 2 2 1 3 9 2 7 31 16 14 35 10 4 15 1
5 3 3 4 1 5 1 11 2 7 31 16 19 6 10 4 11 0
5 3 5 2 2 5 1 11 2 7 31 16 19 6 15 4 15 0
2 2 5 4 1 3 1 9 2 7 31 16 14 35 15 4 15 1
3 1 4 5 1 2 3 9 5 7 31 17 6 9 5 6 15 1
4 1 3 4 1 3 1 9 2 7 31 16 19 6 10 6 15 0
5 2 3 5 1 2 1 10 2 7 31 16 19 6 10 6 15 1
5 3 3 6 1 2 1 8 2 7 31 16 19 6 15 1 3 0
1 1 2 3 1 2 1 13 5 7 18 17 6 23 3 6 11 1
4 1 4 4 1 5 1 7 2 7 31 16 19 6 10 4 15 0
3 4 5 6 2 3 1 8 2 7 31 16 19 6 10 1 3 1
3 4 6 1 1 1 2 8 2 7 30 16 19 6 12 6 11 1
1 3 6 1 1 3 3 9 5 7 37 14 22 41 7 6 11 1
5 1 4 6 2 2 4 8 5 3 30 4 14 21 15 1 3 0
5 4 3 4 1 1 1 8 2 7 31 16 19 6 15 6 15 0
4 4 4 1 1 1 1 9 2 7 31 16 19 6 10 4 15 0
5 3 2 3 1 1 1 8 2 7 31 16 19 6 15 2 4 0
5 1 6 2 1 3 1 9 2 7 31 16 19 6 15 4 11 0
2 2 6 2 2 3 1 9 2 7 31 16 14 35 15 4 15 0
4 4 6 1 1 3 1 8 2 7 31 16 14 35 15 6 15 0
3 3 3 4 1 4 1 9 2 7 31 16 14 35 15 4 15 0
5 4 5 3 2 4 1 8 2 7 31 16 19 6 10 6 15 0
5 1 5 2 1 5 3 10 5 7 30 18 20 10 5 1 3 0
1 3 3 2 1 2 4 8 5 3 37 4 27 45 4 6 11 1
5 4 3 6 1 2 1 8 2 7 31 16 19 6 15 6 11 0
5 2 5 6 1 3 4 8 5 7 31 17 6 9 5 6 11 0
4 4 4 1 1 1 1 8 2 7 31 16 14 35 15 6 15 0
3 2 2 5 2 4 3 8 2 7 31 16 14 35 10 1 6 1
4 4 4 4 1 4 3 8 2 7 34 16 14 35 10 6 15 0
4 2 4 2 1 5 1 8 2 7 31 16 14 35 15 4 15 1
5 4 2 5 1 3 1 9 2 7 31 16 14 35 15 6 15 0
5 1 5 1 1 1 1 8 2 7 30 16 19 6 10 6 11 0
3 3 4 5 1 3 1 8 2 7 31 16 14 35 15 6 15 1
3 3 5 3 2 3 1 8 2 7 31 16 14 35 15 6 15 1
2 2 3 4 2 5 1 9 2 7 31 16 14 35 15 3 9 1
4 4 3 3 1 2 1 9 2 7 31 16 14 35 15 4 15 0
3 1 3 4 1 2 1 9 2 7 31 16 19 6 10 4 11 0
3 2 3 4 1 2 1 9 2 7 31 16 14 35 15 1 3 1
4 2 5 2 2 2 1 8 2 7 31 16 14 35 15 6 15 0
5 4 3 1 1 1 1 8 2 7 31 16 14 29 15 6 15 0
5 4 6 4 1 1 1 8 2 7 31 16 19 6 10 4 15 0
1 1 5 4 1 2 1 8 2 7 31 16 14 35 15 6 15 1
4 1 3 5 1 1 1 9 2 7 31 16 14 35 15 4 15 0
5 1 3 4 2 5 2 8 2 7 32 16 19 6 12 6 11 0
4 2 3 1 1 3 1 8 5 7 32 18 20 28 9 6 11 0
4 4 3 2 1 5 1 9 2 7 31 16 19 6 10 4 15 0
5 4 6 5 1 4 2 8 2 7 30 16 19 6 12 1 3 0
1 4 2 5 1 2 3 8 5 7 23 14 22 11 7 6 11 1
1 4 5 4 1 1 3 8 2 7 34 16 14 35 10 3 8 1
5 2 3 6 2 1 4 8 5 7 32 10 2 16 2 6 11 0
4 3 3 4 1 1 4 11 2 7 24 16 14 35 11 1 6 0
5 1 4 2 1 2 1 8 2 7 31 16 19 6 15 1 3 0
2 4 6 4 2 4 1 8 2 7 31 16 14 35 15 3 9 1
2 2 5 2 1 5 3 8 2 7 31 16 14 35 10 6 11 1
5 3 2 4 1 1 1 11 2 7 32 7 15 36 15 1 3 0
5 4 5 6 2 3 1 8 2 4 32 7 15 27 15 6 11 0
3 4 4 6 1 4 1 8 2 7 31 16 19 6 10 6 7 1
4 1 4 1 1 5 1 8 2 7 31 16 19 6 15 4 11 1
2 2 4 2 1 3 2 8 2 7 30 16 14 6 12 6 11 0
5 2 2 5 1 1 1 9 2 7 31 16 14 35 15 6 15 0
3 3 6 1 2 1 1 8 2 7 31 16 14 35 15 4 15 1
4 4 4 1 1 3 1 8 2 7 31 16 14 35 15 6 15 1
1 3 4 4 2 4 4 2 5 3 8 4 21 21 7 6 15 1
4 4 3 5 1 2 1 9 2 7 31 16 19 6 15 6 7 1
1 1 5 6 2 3 1 8 2 7 31 16 14 35 15 6 4 1
3 1 3 3 1 4 1 9 2 7 31 16 19 6 10 4 15 1
2 2 4 4 1 4 4 12 5 3 13 4 21 40 4 4 15 1
3 1 5 2 1 2 1 10 2 7 31 16 14 35 15 6 15 1
5 3 3 2 2 5 1 8 2 7 31 16 19 6 10 3 9 0
4 3 5 6 1 2 1 8 2 7 31 16 14 35 15 1 4 0
5 1 1 6 2 1 1 11 2 7 31 7 13 34 10 1 3 0
4 3 4 5 1 3 1 8 2 7 31 16 14 35 15 1 4 1
5 4 4 1 2 1 1 8 2 7 31 16 14 35 15 6 15 0
5 1 4 1 1 2 1 2 2 7 31 7 13 34 10 1 3 0
4 4 3 2 1 1 1 7 2 7 31 16 14 35 15 6 15 0
3 4 4 3 1 1 1 8 2 7 31 16 14 35 10 6 2 1
2 4 5 4 1 2 1 9 2 7 31 16 14 35 15 6 15 1
3 4 2 2 1 3 3 10 2 7 31 16 14 35 10 6 11 1
5 4 2 4 1 1 1 9 2 7 31 16 14 35 15 6 15 0
4 4 4 3 1 2 1 9 2 7 31 16 14 35 15 6 15 0
4 4 5 6 1 3 1 9 2 7 31 16 19 6 15 6 15 0
3 4 4 6 1 4 1 7 2 7 31 16 19 6 10 6 7 1
1 2 5 5 1 4 1 8 2 7 31 16 14 35 15 6 15 1
4 4 4 5 1 2 1 9 2 7 31 16 14 35 15 6 15 1
5 4 6 1 1 2 1 8 2 7 31 16 19 6 10 4 15 0
3 4 3 3 1 2 1 9 2 7 31 16 14 35 15 4 15 0
1 4 3 5 2 5 1 7 2 7 31 16 14 35 15 6 15 1
3 3 6 5 1 3 3 8 5 7 31 17 6 9 5 6 11 1
5 3 4 5 1 1 1 9 2 7 31 16 19 6 15 4 11 0
5 4 4 5 2 1 1 10 2 7 31 16 19 6 10 4 15 0
5 4 5 4 1 4 1 8 2 7 31 16 19 6 10 4 15 1
3 4 5 5 1 2 1 8 2 7 31 16 14 35 15 6 15 1
5 1 2 6 3 1 1 11 2 7 31 7 13 34 10 1 3 0
3 4 5 6 2 3 1 9 2 7 31 16 19 6 10 1 3 1
5 4 5 5 1 1 1 10 2 7 31 16 19 6 10 6 15 1
5 4 3 5 1 3 1 8 2 7 31 16 14 29 15 6 15 1
3 2 5 4 1 3 1 8 2 7 31 16 14 35 15 6 15 0
1 1 2 6 1 4 1 8 2 7 31 16 14 35 15 4 15 1
5 1 4 1 1 3 1 10 2 7 31 16 19 6 10 6 7 0
3 2 4 5 1 3 1 9 2 7 31 16 14 35 15 4 15 1
4 4 4 3 1 2 1 9 2 7 31 16 19 6 10 6 15 1
2 1 4 6 1 3 1 9 2 7 31 16 19 6 10 1 3 1
4 1 2 3 1 3 1 8 2 7 31 16 14 35 15 3 5 0
3 4 3 2 2 2 3 11 2 7 31 16 14 35 10 6 11 0
5 1 3 2 2 5 1 8 2 7 31 16 19 6 10 3 9 0
2 3 3 2 2 3 1 9 2 4 39 16 24 7 14 6 11 1
3 3 5 4 1 1 3 11 5 7 23 14 22 11 7 6 4 1
4 3 5 4 2 2 1 8 2 7 31 16 14 35 15 6 15 0
2 3 3 2 1 4 1 11 2 7 31 16 14 35 15 4 15 1
5 3 3 2 1 3 1 8 2 7 31 16 19 6 15 4 15 0
2 3 5 3 1 1 1 9 2 7 31 16 14 35 15 6 15 1
3 2 4 2 1 3 1 10 2 7 31 16 14 35 10 6 11 0
5 2 3 5 1 3 1 8 2 7 31 16 19 6 15 6 15 0
5 4 2 1 1 1 1 8 2 7 31 16 19 6 10 4 15 0
5 3 4 2 2 1 1 8 2 7 31 16 14 35 15 6 15 0
3 4 5 4 2 5 1 8 2 7 31 16 14 35 15 6 15 1
5 4 3 6 1 4 1 8 2 4 30 7 15 27 15 1 3 0
3 3 4 3 1 5 1 3 2 7 31 16 19 6 10 4 15 1
5 4 6 6 1 3 1 8 2 7 31 16 14 35 15 6 15 0
4 4 4 4 1 3 1 8 2 7 31 16 14 35 15 1 4 1
5 3 6 2 1 2 1 10 2 7 31 16 19 6 10 4 15 0
4 3 5 6 1 2 1 9 2 7 31 16 19 6 10 6 15 0
3 2 5 2 1 3 3 11 2 7 31 16 14 35 10 6 11 1
4 4 5 1 1 2 1 8 2 7 30 16 19 6 10 6 11 0
2 2 2 5 1 2 4 9 5 3 37 4 21 21 7 4 15 1
4 2 6 3 1 1 1 9 2 7 31 16 14 35 15 4 15 1
4 4 5 3 1 1 1 9 2 7 31 16 19 6 10 1 15 1
4 3 2 5 1 2 1 11 2 7 31 16 14 35 15 1 6 1
4 3 5 1 1 2 1 9 2 7 31 16 19 6 10 4 15 0
5 1 5 6 1 1 1 8 2 7 31 16 14 29 10 2 4 0
3 4 5 1 1 5 1 8 2 7 31 16 14 35 15 6 15 1
3 1 5 2 1 5 1 7 2 7 31 16 14 35 15 4 15 1
5 4 3 6 1 1 1 8 2 4 32 7 15 27 15 1 3 0
2 2 5 3 2 3 3 8 5 7 31 17 6 9 5 6 11 0
4 1 6 2 1 2 1 9 5 7 32 18 20 28 9 6 11 0
5 2 3 1 1 3 1 8 2 7 31 16 14 21 15 6 15 0
5 4 5 5 1 1 1 8 2 7 31 16 19 6 15 1 3 0
4 2 4 5 2 1 3 8 5 7 31 17 6 9 5 6 11 0
5 4 4 4 1 1 1 9 2 7 31 16 19 6 15 6 15 0
4 2 6 2 1 4 1 3 2 7 31 16 19 6 15 6 15 1
5 3 5 5 1 5 1 8 2 7 31 16 19 6 10 1 3 0
5 4 3 2 2 2 1 8 2 7 31 16 14 35 15 6 15 0
5 2 3 5 1 4 1 8 2 7 31 16 19 6 15 1 3 0
5 2 3 4 1 1 1 10 2 7 31 16 19 6 10 6 15 0
3 2 4 3 2 5 1 9 2 7 31 16 14 35 15 3 9 1
4 4 4 2 1 2 1 9 2 7 31 16 19 6 10 1 3 1
4 3 2 2 3 1 1 8 2 7 31 16 14 35 15 6 4 1
4 2 5 3 1 3 1 8 2 7 31 16 14 35 15 4 15 1
5 1 5 2 2 5 1 8 2 7 31 16 14 35 15 6 15 0
3 1 5 5 1 3 4 8 5 7 33 17 6 9 7 2 4 0
5 3 4 2 1 1 1 9 2 7 31 16 19 6 15 6 15 1
2 4 5 5 1 3 1 8 2 7 31 16 14 35 15 6 15 1
4 4 5 6 1 1 1 9 2 7 31 16 14 35 15 1 3 1
2 1 6 2 1 1 1 9 2 7 31 16 14 35 15 6 15 1
4 4 4 3 1 5 1 8 2 7 31 16 19 6 10 4 15 1
1 3 4 5 1 4 3 2 2 7 1 16 14 35 16 1 3 1
3 3 5 2 1 2 3 8 5 7 31 17 6 9 5 6 11 1
5 4 4 6 2 2 1 7 2 7 31 16 14 35 15 1 3 0
2 3 3 4 2 5 3 8 2 7 31 16 14 35 10 1 6 1
5 2 4 1 1 4 1 10 2 7 30 16 19 6 10 6 11 0
5 4 4 6 1 1 1 9 2 7 31 16 19 6 10 6 15 0
3 2 5 5 1 4 4 8 5 7 24 17 6 9 4 6 11 0
5 4 5 2 1 1 1 8 2 7 31 16 19 6 15 6 15 0
5 3 4 6 1 5 1 9 2 7 31 16 19 6 10 6 7 1
2 4 5 5 1 5 1 8 2 7 31 16 14 35 15 6 4 1
4 4 5 5 1 2 1 9 2 7 31 16 14 35 15 6 15 0
4 3 6 1 1 1 1 8 2 7 31 16 14 35 15 6 15 0
4 3 3 4 1 1 1 8 2 7 31 16 14 35 15 1 4 0
3 4 6 5 1 3 3 8 5 7 31 17 6 9 5 6 11 1
4 4 5 6 1 1 1 9 2 7 31 16 14 35 15 6 15 0
5 3 4 5 2 2 4 8 2 7 31 16 19 6 11 1 3 0
5 3 5 6 1 1 3 8 2 3 13 2 10 4 13 1 3 1
5 4 4 6 1 2 1 8 2 7 31 16 19 6 15 1 3 0
3 3 5 3 1 1 1 9 2 7 31 16 14 35 15 2 4 1
5 3 3 2 1 2 3 8 5 7 30 18 20 10 5 1 3 0
5 4 2 3 1 2 1 8 2 7 31 16 19 6 10 4 11 0
5 3 4 5 2 3 1 10 2 7 31 16 14 35 15 6 15 0
1 2 6 2 1 3 1 9 2 7 31 16 14 35 15 4 15 1
3 4 2 5 1 3 1 9 2 7 31 16 19 6 10 4 11 0
2 4 5 2 1 4 3 8 2 7 31 16 14 35 10 6 11 0
5 2 2 5 1 1 1 2 2 7 31 16 19 6 10 6 15 1
4 2 5 5 1 1 1 8 2 7 31 16 14 35 15 6 15 1
1 1 6 6 1 5 1 9 2 7 31 16 14 35 15 4 15 1
4 3 4 2 1 4 1 9 2 7 31 16 14 35 15 4 15 1
5 4 5 3 1 1 1 8 2 7 31 16 14 29 15 2 4 0
5 2 4 6 1 4 1 8 5 7 32 18 20 28 9 6 11 0
5 1 5 2 1 1 1 1 2 7 31 16 14 21 15 1 3 0
1 3 1 2 1 4 4 8 5 3 8 4 21 21 7 6 15 1
4 4 5 2 1 2 1 11 2 7 31 16 14 35 15 6 15 0
4 3 5 2 1 4 1 8 2 7 31 16 14 35 15 4 15 1
4 4 5 6 1 4 1 10 2 7 31 16 19 6 10 6 7 0
5 3 2 4 2 3 1 8 2 7 31 16 19 6 15 4 15 0
2 3 2 4 1 4 3 9 2 7 31 16 14 35 10 4 15 1
5 2 5 2 2 1 1 8 2 7 31 16 19 6 15 4 11 0
2 4 3 4 2 5 3 9 2 7 31 16 14 35 10 1 6 1
4 4 3 6 1 5 1 9 2 7 31 16 19 6 10 6 7 1
5 4 5 2 1 2 1 8 2 7 31 16 19 6 15 6 7 0
3 4 4 4 1 3 3 8 5 7 31 17 6 9 5 6 11 1
5 2 6 6 1 2 1 8 2 7 32 16 19 6 15 6 11 0
2 4 6 3 2 4 3 11 5 7 31 17 6 9 5 6 11 1
5 4 2 2 1 2 1 8 2 7 31 16 19 6 10 6 15 0
4 2 2 2 1 2 2 8 2 7 30 16 19 6 12 6 11 0
3 3 5 3 1 3 3 10 2 3 13 2 10 4 13 4 15 1
3 3 4 5 2 4 1 8 2 7 31 16 14 35 15 6 4 1
5 4 5 2 1 3 2 11 2 7 30 16 19 6 12 6 11 0
5 3 4 2 1 5 1 8 2 7 31 16 19 6 10 4 11 0
1 4 6 3 2 5 1 8 2 7 31 16 14 35 15 3 9 1
5 3 2 5 1 2 1 8 2 7 31 16 14 35 15 6 15 0
4 4 4 1 2 1 1 8 2 7 30 16 19 6 10 6 11 0
1 4 4 5 2 5 3 7 2 7 31 16 14 35 10 4 15 1
5 3 4 6 1 4 1 8 2 4 32 7 15 27 15 1 3 0
3 4 4 3 1 1 1 9 2 7 31 16 14 35 15 3 9 0
3 2 4 4 1 3 1 9 2 7 31 16 19 6 15 1 3 1
4 2 2 2 1 3 1 8 2 7 31 16 19 6 10 4 11 0
2 2 6 1 2 1 1 9 2 7 31 16 14 35 15 4 15 1
4 3 4 6 1 4 2 8 2 7 30 16 14 6 12 6 11 1
4 3 3 2 1 4 1 9 2 7 31 16 14 35 15 4 15 0
5 3 3 6 1 5 4 11 5 7 32 10 2 26 9 1 3 0
4 3 3 1 1 1 3 8 2 7 31 16 14 35 10 6 11 1
5 4 4 2 1 1 1 10 2 7 31 16 19 6 15 6 15 0
5 2 3 2 1 3 1 8 2 7 31 16 19 6 15 1 3 0
4 4 5 4 1 5 1 8 2 7 31 16 19 6 10 4 15 1
4 4 5 3 1 1 1 8 2 7 31 16 14 35 15 3 9 1
5 3 3 3 2 3 1 8 2 7 31 16 19 6 15 4 11 0
3 2 3 1 1 2 1 9 2 7 31 16 14 35 15 4 15 0
4 4 6 2 1 1 1 9 2 7 31 16 19 6 10 4 15 0
2 1 2 4 2 5 1 8 2 7 31 16 14 35 15 3 9 1
4 4 5 6 1 2 1 9 2 7 31 16 19 6 10 1 3 1
5 4 3 4 1 3 1 8 2 7 31 16 19 6 10 4 15 1
4 2 6 3 1 2 1 11 2 7 31 16 19 6 10 4 15 1
4 4 5 3 2 2 1 8 2 7 31 16 14 35 15 4 15 0
5 4 3 4 1 2 1 8 2 7 31 16 19 6 10 6 15 1
5 4 5 3 2 1 1 8 2 7 31 16 14 29 10 6 15 0
4 4 6 6 1 4 1 8 2 7 31 16 14 35 15 1 3 0
5 4 4 3 1 1 1 8 2 7 31 16 19 6 15 6 15 0
4 3 2 3 1 3 1 8 2 7 31 16 14 35 15 4 15 0
3 3 5 4 1 3 1 2 2 7 31 16 19 6 15 1 3 1
5 3 4 5 1 2 1 11 2 7 31 16 19 6 10 1 3 1
5 2 3 5 1 4 1 9 2 7 31 16 19 6 10 1 3 1
2 4 2 4 1 4 1 9 2 7 31 16 14 35 15 4 15 1
3 1 6 1 1 2 1 10 2 7 32 16 14 5 10 6 11 0
5 4 4 4 1 2 1 8 2 7 31 16 19 6 10 6 15 0
5 3 5 5 1 2 1 8 2 7 31 16 19 6 10 6 7 0
4 4 5 4 1 2 1 9 2 7 31 16 19 6 10 4 11 0
4 3 4 1 1 3 1 8 2 7 30 16 19 6 10 6 11 1
4 2 2 2 2 5 1 8 2 7 30 16 19 6 10 6 11 0
5 3 4 6 1 1 1 8 2 7 31 16 14 35 15 1 4 0
4 4 5 4 1 3 1 8 2 7 31 16 14 35 15 4 15 0
4 4 2 3 1 1 1 8 2 7 31 16 14 35 10 6 2 0
2 3 5 5 1 3 3 8 2 7 31 16 14 35 10 4 15 1
4 4 5 6 1 4 1 8 2 7 31 16 14 35 15 4 15 1
5 3 5 4 2 4 3 8 2 7 31 16 14 35 10 1 3 0
3 2 4 5 1 1 1 8 2 7 31 16 14 35 10 6 11 0
4 4 4 3 1 2 1 7 2 7 31 16 14 35 15 6 15 1
4 4 5 2 2 3 1 9 2 7 31 16 14 35 15 6 15 1
5 1 5 5 1 5 1 8 2 7 31 16 14 35 15 1 15 0
3 2 5 4 1 4 3 8 5 7 31 17 6 9 5 3 11 0
5 3 4 6 3 3 1 2 2 7 31 16 19 6 15 6 7 0
4 2 3 2 2 5 1 8 2 7 31 16 19 6 15 3 9 1
5 3 6 3 1 2 1 8 2 7 31 16 19 6 15 1 3 0
4 4 2 5 1 4 1 9 2 7 31 16 19 6 15 6 7 0
4 4 3 3 1 1 2 9 2 7 30 16 19 6 12 6 11 0
2 1 6 4 2 2 1 8 2 7 31 16 14 35 15 6 15 1
5 4 4 6 2 4 1 11 2 7 31 16 19 6 10 6 7 0
5 4 4 1 1 3 1 8 2 7 31 16 19 6 10 6 15 0
3 4 3 2 1 3 1 8 2 7 31 16 14 35 15 6 15 0
5 1 2 4 1 1 1 8 2 7 31 16 19 6 15 6 15 0
4 4 6 6 1 4 1 8 2 7 31 16 19 6 10 1 3 1
5 1 4 4 1 3 1 8 2 7 31 16 19 6 10 1 3 0
5 3 4 2 2 3 1 2 2 4 30 7 15 27 15 1 3 0
5 4 5 5 2 4 1 8 2 7 31 16 19 6 10 4 15 0
4 4 4 1 1 1 1 9 2 7 31 16 19 6 10 4 15 0
5 4 4 1 1 1 1 8 2 7 31 16 14 29 15 6 15 1
4 3 4 3 2 3 3 8 2 7 31 16 14 35 10 6 11 1
5 4 4 2 1 5 1 8 2 7 31 16 19 6 10 4 11 0
1 1 3 5 1 5 1 8 2 7 31 16 14 35 15 6 4 1
5 4 4 4 1 4 1 9 2 7 31 16 19 6 10 6 15 1
4 4 6 4 1 3 1 9 2 7 31 16 14 35 15 3 5 0
4 1 5 3 1 2 1 9 2 7 31 16 19 6 10 6 7 0
5 1 4 6 2 1 1 8 2 4 30 7 15 27 15 1 15 0
2 3 2 4 1 3 1 9 2 7 31 16 14 35 15 4 15 1
5 3 5 3 1 3 1 11 2 7 31 16 14 21 15 6 11 0
2 2 3 2 1 2 1 10 2 7 31 16 14 35 15 4 15 1
5 1 5 5 1 2 1 8 2 7 31 16 19 6 15 6 15 0
5 3 5 4 1 2 2 8 2 7 30 16 19 6 12 6 11 1
2 4 5 3 1 3 1 8 2 7 31 16 14 35 15 6 15 0
5 4 3 1 1 2 1 9 2 7 31 16 14 35 15 6 15 0
4 2 3 2 1 5 1 8 2 7 31 16 14 35 15 6 15 0
5 4 2 1 1 1 1 11 2 7 31 7 13 34 10 1 3 0
5 2 3 3 1 1 2 8 5 7 30 18 20 39 9 1 3 0
1 2 5 5 1 1 3 2 2 7 34 16 14 35 10 3 8 1
4 4 2 4 1 1 1 8 2 7 31 16 14 35 15 6 15 1
5 3 3 6 1 2 1 8 2 7 31 16 19 6 10 1 3 1
5 4 4 2 1 2 1 11 2 7 31 16 19 6 15 6 7 0
4 4 4 6 1 5 1 13 2 7 31 16 19 6 10 4 15 1
3 3 4 4 1 3 1 9 2 7 31 16 19 6 10 4 15 1
2 3 3 3 2 3 1 7 2 7 31 16 14 35 15 4 15 0
4 3 5 5 1 1 1 8 2 7 31 16 14 35 15 6 15 1
5 3 3 2 1 5 1 2 2 7 32 16 19 6 15 1 3 0
5 4 2 2 2 1 2 8 2 7 30 16 19 6 12 6 11 0
1 4 3 2 2 5 1 8 2 7 31 16 14 35 15 6 15 1
4 4 3 5 1 3 1 9 2 7 31 16 19 6 15 6 7 0
1 4 3 3 1 3 3 8 5 7 31 17 6 9 5 1 2 0
4 2 3 6 2 2 1 9 2 7 31 16 19 6 10 1 3 1
1 1 5 3 2 4 3 8 5 7 31 17 6 9 5 6 11 1
3 2 6 3 1 4 4 2 5 7 1 17 6 9 5 1 3 1
5 1 4 2 1 3 1 10 2 7 32 7 15 36 15 1 3 0
3 3 3 3 1 1 3 10 2 7 31 16 14 35 10 6 11 1
1 4 3 2 2 5 1 2 2 7 31 16 14 35 15 6 15 1
1 3 5 2 1 5 1 9 2 7 31 16 14 35 15 6 15 1
5 4 3 1 1 1 1 8 2 7 31 16 14 29 15 6 15 0
2 1 6 2 2 3 3 2 5 7 37 14 22 41 7 6 11 0
4 3 4 2 1 2 1 7 2 7 31 16 14 35 15 4 15 0
4 4 2 2 1 2 1 8 2 7 31 16 14 35 15 6 15 0
4 3 4 5 1 3 1 8 2 7 31 16 19 6 10 1 3 0
4 4 4 4 1 1 1 7 2 7 31 16 19 6 15 4 15 1
5 4 5 6 1 3 1 8 2 7 31 16 19 6 15 1 3 0
4 1 3 3 1 4 1 9 2 7 31 16 19 6 10 1 15 1
5 4 5 3 1 3 1 8 2 7 31 16 19 6 15 6 15 0
4 4 5 5 1 1 1 9 2 7 31 16 14 35 15 1 3 1
4 4 5 3 2 4 1 9 2 7 31 16 14 35 15 6 15 0
5 3 3 4 1 1 3 11 5 7 32 18 20 10 5 6 11 0
5 4 6 3 2 1 1 8 2 7 31 16 19 6 15 1 3 0
4 4 4 6 1 5 1 11 2 7 31 16 19 6 10 6 7 0
2 3 3 3 1 2 3 11 2 7 31 16 14 35 10 6 11 1
4 3 2 2 1 3 1 10 2 7 31 16 19 6 10 1 3 1
4 3 5 5 1 2 1 8 5 7 32 18 20 28 9 6 11 0
4 4 3 5 1 2 1 9 2 7 31 16 14 35 15 4 15 1
5 2 5 3 1 3 1 8 2 7 31 16 19 6 15 1 3 0
5 3 6 3 1 5 2 8 2 7 30 16 14 6 12 6 11 0
5 4 4 4 1 3 1 8 2 7 31 16 14 35 15 4 15 1
3 3 2 1 2 4 3 9 2 7 31 16 14 35 10 6 11 0
5 3 5 4 1 3 1 8 2 7 31 16 19 6 10 4 11 0
2 3 6 3 1 5 1 8 2 7 31 16 14 35 15 6 15 1
5 3 3 4 1 2 1 8 2 7 31 16 14 35 15 6 15 0
3 1 3 5 1 3 1 9 2 7 31 16 19 6 10 1 3 1
4 3 3 3 1 5 1 8 2 7 31 16 19 6 10 4 15 0
3 4 6 2 1 2 1 8 2 7 31 16 14 35 15 4 15 1
2 1 4 4 1 3 4 9 2 7 24 16 14 35 11 4 15 1
5 3 3 6 2 1 1 11 2 7 31 16 19 6 15 1 3 0
5 1 1 5 1 4 1 9 2 7 31 16 19 6 10 6 11 1
5 3 5 5 1 1 1 8 2 7 31 16 14 35 15 6 15 0
5 4 5 5 1 1 1 8 2 7 31 16 19 6 10 4 15 0
5 4 5 1 1 2 1 8 2 7 31 16 19 6 15 1 3 0
3 4 6 2 1 2 1 8 2 7 31 16 14 35 15 4 15 1
5 4 6 3 1 1 1 8 2 7 31 16 19 6 10 6 15 0
2 2 5 5 1 3 1 9 2 7 31 16 19 6 10 1 3 1
2 4 5 5 1 5 1 8 2 7 31 16 14 35 15 6 15 1
5 4 3 1 1 2 1 8 2 7 31 16 19 6 10 4 15 0
2 4 4 4 1 2 1 9 2 7 31 16 14 35 15 6 15 1
5 4 3 2 1 2 1 9 2 7 31 16 14 35 15 4 15 0
5 4 3 5 1 1 1 8 2 7 31 16 14 21 15 6 15 0
5 3 4 2 1 3 1 10 2 7 31 16 19 6 15 4 15 0
1 1 6 6 1 3 1 9 2 7 31 16 14 35 15 6 15 1
4 4 3 6 1 2 1 10 2 7 31 16 14 35 15 1 3 1
4 3 6 1 1 2 3 8 5 7 32 18 20 10 5 6 11 0
4 3 3 5 1 4 1 8 2 7 31 16 14 35 15 6 15 0
3 3 4 2 2 3 1 11 2 7 31 16 14 35 15 4 15 1
3 2 4 1 1 5 2 8 2 7 30 16 19 6 12 6 11 0
5 2 4 2 2 2 1 8 2 7 31 16 19 6 15 1 3 0
3 2 2 2 2 4 3 8 5 7 33 17 6 9 5 6 4 0
4 4 2 1 1 1 2 9 2 7 30 16 19 6 12 6 11 0
4 4 3 1 1 4 2 11 2 7 30 16 19 6 12 6 11 0
3 3 5 5 1 1 3 8 2 7 31 16 14 35 10 4 15 1
4 2 6 4 1 3 1 8 2 7 31 16 19 6 15 6 7 0
2 1 6 2 1 3 3 8 2 7 31 16 14 35 10 4 15 1
4 4 5 4 1 4 3 8 2 7 34 16 14 35 10 6 15 0
4 3 5 6 1 3 1 8 2 7 31 16 19 6 10 1 3 1
4 4 6 2 2 5 1 10 2 7 31 16 14 35 15 6 4 1
3 2 2 4 2 4 3 9 5 7 31 17 6 9 5 3 11 0
2 2 5 3 1 2 1 9 2 7 31 16 14 35 15 4 15 1
1 3 5 6 1 4 1 8 2 7 31 16 14 35 15 6 15 1
5 3 5 6 1 1 3 8 2 3 13 2 10 4 13 1 3 1
2 4 3 6 1 3 1 9 2 7 31 16 14 35 15 1 3 1
5 3 4 1 1 2 1 8 2 7 31 16 19 6 10 6 15 1
5 4 6 1 1 1 1 8 2 7 31 16 14 29 15 4 15 0
4 4 5 1 1 3 1 9 2 7 31 16 19 6 15 6 15 0
1 1 5 4 1 5 4 14 5 3 8 4 21 21 7 3 5 1
3 3 4 2 2 4 3 11 2 7 31 16 14 35 10 6 11 0
1 2 2 5 2 5 1 9 2 7 31 16 14 35 15 6 15 1
2 4 3 5 1 5 1 8 2 7 31 16 14 35 15 6 15 1
4 3 5 4 1 4 3 8 2 7 31 16 14 35 10 6 11 0
1 3 5 3 2 5 4 9 2 7 24 16 14 35 11 4 15 1
5 4 6 5 2 1 1 8 2 7 31 16 14 29 10 6 15 0
5 4 5 2 1 2 1 8 2 7 31 16 19 6 15 4 15 1
3 3 6 3 1 1 3 10 2 7 31 16 14 35 10 4 15 1
4 4 4 1 1 1 1 7 2 7 31 16 19 6 10 6 15 0
5 1 5 1 1 5 3 8 5 7 30 18 20 39 9 1 3 0
3 4 4 1 1 1 1 9 2 7 31 16 14 35 15 4 15 0
5 4 3 5 1 1 1 10 2 7 31 16 19 6 10 6 15 0
3 4 3 4 1 1 1 9 2 7 31 16 14 35 15 6 15 0
4 1 5 5 2 4 1 2 2 7 31 16 19 6 10 6 15 1
2 1 5 3 1 1 1 9 2 7 31 16 14 35 15 4 15 1
5 1 3 3 1 5 3 11 5 7 30 18 20 10 5 1 3 0
4 4 3 1 1 5 1 10 2 7 31 16 14 21 15 6 11 0
3 3 4 2 1 3 3 8 2 7 31 16 14 35 10 6 11 0
4 4 5 5 1 2 1 11 2 7 31 16 19 6 10 6 7 0
5 1 4 1 2 3 3 8 5 7 32 18 20 10 5 6 11 0
4 4 5 3 1 1 1 8 2 7 31 16 14 35 15 4 15 0
4 4 4 5 1 3 3 8 2 7 31 16 14 35 10 6 11 1
2 4 3 4 1 4 1 9 2 7 31 16 14 35 15 4 15 1
5 4 4 5 1 1 1 8 2 7 31 16 14 35 15 3 9 0
4 3 6 4 1 1 1 11 2 7 31 16 14 35 15 4 15 0
4 4 6 6 1 3 1 8 2 7 31 16 14 35 10 6 11 0
1 1 5 4 2 3 1 9 2 7 31 16 14 35 15 6 15 1
5 4 4 6 1 4 1 8 2 7 31 16 19 6 10 1 3 1
5 3 5 3 1 5 1 8 2 7 31 16 19 6 10 1 3 0
2 3 6 6 1 5 1 9 2 7 31 16 14 35 15 1 3 1
5 4 2 4 1 5 1 11 2 7 31 16 19 6 10 6 15 1
3 4 6 4 2 4 3 8 2 7 31 16 14 35 10 1 4 1
5 4 5 2 1 1 1 8 5 7 32 18 20 28 9 6 11 0
4 3 4 3 1 4 1 8 2 7 31 16 19 6 10 4 15 1
5 4 4 5 2 2 1 2 2 7 31 16 19 6 10 6 15 0
2 3 5 3 1 4 1 8 2 7 31 16 14 35 15 6 15 1
5 4 6 1 2 1 1 8 2 7 31 16 19 6 15 6 15 0
5 3 2 6 1 4 1 8 2 7 31 16 19 6 15 1 3 0
4 3 3 4 1 4 1 8 2 7 31 16 19 6 10 1 3 1
2 2 4 5 1 4 3 10 2 7 31 16 14 35 10 4 15 1
4 3 3 6 1 3 1 9 2 7 31 16 19 6 10 6 7 1
4 4 5 1 1 2 2 8 2 7 30 16 19 6 12 6 11 0
4 2 4 3 2 3 1 8 2 7 31 16 14 35 15 3 9 1
2 1 4 1 1 5 4 8 5 7 24 17 6 9 4 6 11 0
5 1 5 2 1 3 1 11 2 7 30 16 19 6 10 6 11 0
5 2 6 5 1 1 4 10 2 7 30 16 19 6 10 1 3 0
4 3 5 4 1 4 2 10 2 7 30 16 19 6 12 6 11 0
4 4 3 6 1 1 3 8 5 7 31 17 6 9 5 6 11 0
1 2 2 4 1 1 4 9 5 3 18 4 21 21 7 6 15 1
4 1 5 5 2 4 1 2 2 7 31 16 19 6 10 6 15 1
5 4 5 1 1 2 2 11 2 7 30 16 19 6 12 6 11 0
5 4 5 6 2 4 1 8 2 7 31 16 19 6 10 6 7 0
5 2 2 2 1 2 3 8 5 7 30 18 20 10 5 1 3 0
3 3 5 1 1 3 3 8 2 7 31 16 14 35 10 6 11 1
5 1 4 5 1 4 1 11 5 7 32 18 20 28 9 6 11 0
3 3 5 2 1 1 1 9 2 7 22 16 14 5 10 6 15 0
5 1 5 5 1 1 1 8 2 7 32 7 15 36 15 1 3 0
5 1 3 1 1 3 1 8 2 7 31 16 19 6 10 1 3 0
3 4 4 3 1 2 1 8 2 7 31 16 14 35 15 6 15 1
1 1 6 3 1 1 3 9 2 3 13 2 10 4 13 3 9 1
4 4 6 4 1 3 1 9 2 7 31 16 19 6 10 1 3 1
2 4 4 6 2 3 1 8 2 7 31 16 14 35 15 6 4 0
5 4 3 5 1 3 1 9 2 7 31 16 19 6 10 4 11 0
3 1 5 4 2 5 1 9 2 7 31 16 14 35 15 6 15 1
5 1 4 2 1 1 1 10 2 7 31 16 19 6 15 1 3 0
4 1 3 1 1 2 1 8 2 7 30 16 19 6 10 6 11 0
5 4 4 4 1 5 1 8 2 7 31 16 19 6 15 4 11 0
4 4 3 6 2 2 1 8 2 7 31 16 19 6 10 1 3 1
4 4 5 3 1 4 3 8 2 7 31 16 14 35 10 6 11 0
5 4 3 5 1 2 1 10 2 7 31 16 19 6 15 6 15 0
4 4 4 3 1 1 1 9 2 7 31 16 19 6 10 4 15 1
5 3 4 1 1 4 2 8 2 7 30 16 19 6 12 6 11 0
5 4 2 5 2 4 1 8 2 7 31 16 19 6 15 1 15 0
5 4 4 5 1 1 1 8 2 7 31 16 14 35 15 1 4 1
5 2 3 6 2 3 1 8 2 7 31 16 19 6 15 1 3 0
3 2 4 5 2 3 1 8 2 7 31 16 14 35 15 3 9 0
2 3 5 4 2 4 1 8 2 7 31 16 14 35 15 6 15 0
3 3 2 4 1 4 1 2 2 7 31 16 14 35 15 6 15 1
2 2 5 5 1 4 3 2 2 3 13 2 10 4 13 1 3 1
1 3 6 2 1 5 1 8 2 7 31 16 14 35 15 6 15 1
5 3 3 6 2 4 3 11 5 7 32 17 6 9 5 1 3 0
5 1 4 1 2 3 1 8 2 7 31 16 19 6 15 3 9 0
4 1 5 1 2 5 2 8 2 7 32 16 19 6 12 6 11 0
5 4 6 2 2 4 3 8 5 7 30 18 20 10 5 1 3 0
4 4 4 6 1 1 1 7 2 7 31 16 14 35 15 6 15 0
5 4 3 3 1 1 1 8 2 7 31 16 19 6 10 6 15 1
4 4 5 3 1 3 1 8 2 7 31 16 19 6 10 4 15 0
4 4 3 6 1 2 2 10 2 7 30 16 19 6 12 6 11 0
5 4 5 5 2 4 1 8 2 7 31 16 19 6 10 6 15 0
5 3 4 3 2 1 1 8 2 7 31 16 14 35 15 6 15 0
3 3 2 1 1 1 1 8 2 7 31 16 14 35 15 6 15 0
4 4 6 6 1 4 1 10 2 7 31 16 19 6 10 1 3 1
5 3 4 4 1 5 1 8 2 7 31 16 14 35 15 6 15 0
1 3 2 4 2 2 1 9 2 7 31 16 14 35 15 6 15 1
2 3 3 2 2 1 1 9 2 7 31 16 14 35 15 4 15 1
5 4 2 3 1 1 1 9 2 7 31 16 14 35 15 6 15 0
3 1 4 6 1 2 1 7 2 7 31 16 19 6 10 6 7 1
4 4 5 2 2 3 1 13 2 7 31 16 14 21 15 6 11 0
3 2 5 3 1 1 1 8 2 7 31 16 14 35 15 4 15 0
5 4 2 5 1 4 1 8 2 7 31 16 19 6 10 1 3 0
5 3 5 1 1 3 1 8 2 7 31 16 19 6 10 4 11 0
1 2 5 3 1 1 3 11 5 7 31 17 6 9 5 6 11 1
5 4 5 2 1 2 1 8 2 7 31 16 19 6 10 6 15 0
5 4 5 4 1 4 1 8 2 7 31 16 14 35 15 6 15 0
4 3 4 5 1 3 3 8 5 7 31 17 6 9 5 6 11 0
5 3 4 1 1 1 1 8 2 7 31 16 19 6 15 6 15 0
4 3 5 3 1 2 1 8 2 7 31 16 14 35 15 6 15 1
5 4 5 2 1 2 1 8 2 7 31 16 14 35 15 6 15 0
3 4 1 5 1 3 1 9 2 7 31 16 19 6 10 1 3 1
5 1 2 5 2 1 1 8 2 7 32 7 15 36 15 1 3 0
5 3 4 1 1 4 1 10 2 7 31 16 19 6 10 6 15 1
5 3 6 1 1 4 2 10 2 7 30 16 19 6 12 6 11 0
5 4 4 5 1 2 1 8 2 7 31 16 14 29 15 2 4 1
5 4 5 6 1 3 1 2 2 7 32 16 19 6 15 1 3 0
5 2 3 1 1 5 3 8 5 7 30 18 20 10 5 1 3 0
4 4 5 5 1 2 1 8 2 7 31 16 19 6 10 4 11 1
5 4 6 4 1 4 1 8 2 7 31 16 19 6 10 6 11 0
5 4 3 4 1 3 1 7 2 7 31 16 19 6 10 4 15 1
4 3 4 1 1 2 3 7 2 7 31 16 14 35 10 6 11 0
5 1 1 2 1 1 1 10 2 7 31 7 13 34 15 1 3 0
4 3 5 3 1 3 1 8 2 7 31 16 14 35 15 6 15 0
5 4 5 2 1 4 1 8 2 7 31 16 19 6 10 1 3 1
4 4 4 1 1 4 2 8 2 7 30 16 19 6 12 6 11 0
5 2 6 1 1 1 1 8 2 7 31 16 19 6 10 4 15 0
5 4 5 6 1 2 1 11 2 7 31 16 19 6 10 1 3 0
3 4 5 4 2 3 1 8 2 7 31 16 14 35 15 6 15 0
5 4 5 6 1 1 1 8 2 4 32 7 15 27 15 1 3 0
4 3 3 4 1 4 3 8 5 7 31 17 6 9 5 6 11 1
5 3 5 2 1 5 1 8 2 7 31 16 19 6 10 4 11 0
2 4 3 2 2 2 1 9 2 7 31 16 14 35 15 7 15 1
5 4 6 6 1 2 1 8 2 7 31 16 19 6 10 1 3 0
4 4 4 4 1 1 1 7 2 7 31 16 19 6 10 4 15 1
3 3 5 2 1 4 3 11 2 7 31 16 14 35 10 6 11 1
4 3 4 6 1 3 1 8 2 7 31 16 19 6 10 6 11 0
2 4 4 5 1 4 1 2 2 7 31 16 14 35 15 6 15 1
3 2 5 1 2 5 1 8 2 7 32 16 14 5 10 6 11 0
2 2 4 2 1 5 4 3 5 7 1 17 6 9 5 6 7 1
2 3 5 5 1 2 3 10 5 7 23 14 22 11 7 6 11 1
4 4 3 4 2 5 1 10 2 7 31 16 14 35 15 6 4 1
2 3 6 3 1 3 1 9 2 7 31 16 14 35 15 4 15 1
1 2 4 5 1 3 1 2 2 7 31 16 14 35 10 6 11 1
2 2 5 3 1 2 3 9 2 7 31 16 14 35 10 4 15 1
4 3 3 2 1 4 1 11 2 7 31 16 19 6 10 6 15 0
5 1 5 1 1 1 1 8 2 7 31 16 19 6 15 4 15 0
4 4 2 6 1 3 1 9 2 7 31 16 14 35 15 1 3 1
4 4 4 2 1 1 1 8 2 7 31 16 14 35 15 6 15 1
4 4 3 4 1 2 1 11 2 7 31 16 14 35 15 4 15 1
2 3 6 4 2 2 1 9 2 7 31 16 14 35 15 6 15 1
5 4 3 1 1 5 1 10 2 7 31 16 19 6 10 4 15 0
5 4 6 1 1 4 1 8 2 7 31 16 14 35 15 6 15 0
5 4 3 6 1 3 1 9 2 7 31 16 19 6 10 1 3 1
3 3 5 5 1 1 3 8 2 7 31 16 14 35 10 6 11 0
3 3 4 4 1 3 3 8 5 7 31 17 6 9 5 6 11 1
4 4 4 3 2 2 1 8 2 7 30 16 19 6 10 6 11 0
4 4 4 2 1 3 1 8 2 7 31 16 14 35 15 6 15 1
4 2 4 2 1 1 1 8 2 7 31 16 14 35 15 4 15 1
2 1 2 3 1 5 1 7 2 7 31 16 14 35 15 6 15 1
4 4 4 4 1 1 1 7 2 7 31 16 19 6 10 4 15 0
4 4 3 5 1 4 1 8 2 7 31 16 19 6 10 1 3 1
2 4 4 6 1 4 1 7 2 7 31 16 14 35 15 6 15 1
5 3 3 1 1 4 1 8 2 7 31 16 19 6 10 6 15 0
4 3 2 3 1 4 1 11 2 7 31 16 19 6 10 4 11 0
4 4 4 2 1 3 1 7 2 7 31 16 19 6 10 4 11 1
4 3 6 4 1 3 1 8 2 7 31 16 14 35 15 3 5 0
1 4 5 6 2 5 1 8 2 7 31 16 14 21 15 6 15 1
4 4 5 4 1 5 1 9 2 7 31 16 19 6 10 1 3 1
5 1 5 2 1 3 4 10 2 7 30 16 19 6 10 1 3 0
4 2 4 3 1 1 1 8 2 7 31 16 14 35 15 4 15 0
4 4 5 2 2 4 1 8 2 7 31 16 14 35 15 6 15 0
1 3 5 5 1 5 1 11 2 7 31 16 14 35 15 3 8 1
5 1 4 6 1 1 1 8 2 7 31 16 19 6 15 1 3 0
1 2 5 1 1 4 1 6 6 3 28 5 3 31 8 6 4 1
4 2 3 5 1 1 1 9 2 7 31 16 14 35 15 4 15 0
2 4 5 4 1 2 1 8 2 7 31 16 14 35 15 6 15 0
3 4 2 6 2 1 3 9 5 7 31 17 6 9 5 6 11 0
3 1 5 4 1 5 3 9 5 3 18 4 14 21 15 6 7 1
3 3 1 5 1 3 3 8 5 7 31 17 6 9 5 3 11 0
2 2 6 1 1 2 3 8 2 7 31 16 14 35 10 4 15 1
3 2 2 3 1 2 3 8 2 7 31 16 14 35 10 3 9 0
3 3 5 2 1 2 3 9 2 7 31 16 14 35 10 4 15 1
3 4 4 6 1 4 2 8 2 7 30 16 19 6 12 6 11 0
3 1 3 5 1 2 1 10 2 7 31 16 14 35 15 4 15 1
1 3 5 5 2 5 1 9 2 7 31 16 14 35 15 6 15 1
4 1 4 6 1 4 1 8 2 7 31 16 14 35 15 1 3 0
3 4 4 6 1 3 1 9 2 7 31 16 19 6 10 1 3 1
3 2 5 3 2 2 1 8 2 7 31 16 14 35 15 6 4 1
3 4 6 2 1 2 1 8 2 7 31 16 14 35 15 4 15 1
5 2 5 5 1 1 1 8 2 7 31 16 19 6 15 6 7 0
3 3 1 1 1 5 3 8 2 7 31 16 14 35 10 6 11 1
3 4 2 2 1 3 1 8 2 7 31 16 14 35 15 4 15 0
4 4 5 4 1 4 1 8 2 7 31 16 19 6 10 4 11 1
5 4 6 2 1 3 1 8 2 7 31 16 19 6 10 4 11 0
4 4 6 2 1 1 1 8 2 7 31 16 14 35 15 4 15 0
5 3 2 6 2 3 3 11 5 7 32 17 6 9 5 1 3 0
4 1 6 2 1 5 1 8 2 7 31 16 14 35 15 4 15 0
4 3 4 3 1 4 1 8 2 7 31 16 19 6 10 4 15 1
5 1 6 2 1 3 4 8 7 7 30 9 16 37 5 1 3 0
3 2 2 4 2 5 1 8 2 7 31 16 14 35 15 3 9 1
5 4 4 6 1 1 1 8 2 4 32 7 15 27 15 1 3 0
3 1 1 6 1 1 3 9 5 7 31 17 6 9 5 6 11 0
3 4 5 4 1 4 1 9 2 7 31 16 14 35 15 6 15 1
5 2 5 5 1 1 1 8 2 7 31 16 19 6 15 1 3 0
4 3 5 5 2 4 1 9 2 7 31 16 14 35 15 6 15 1
3 3 5 4 1 4 3 9 2 7 31 16 14 35 10 1 4 1
5 3 2 6 1 4 1 8 2 7 32 7 15 36 15 6 11 0
5 2 6 5 1 2 1 11 2 7 31 16 19 6 10 4 11 0
