:nominal
DEM_binned,5,1,El
slope_binned,4,1,Sl
aspect_binned,6,1,As
fault_density_binned,6,1,Fd
road_density_binned,3,1,Rd
stream_density_binned,5,1,Sd
clay_pct_max_binned,4,1,Cl
NLCD_2021_encoded,14,1,Lc
taxorder_encoded,6,1,To
drainagecl_encoded,7,1,Dc
geomdesc_encoded,39,1,Gd
taxsuborder_encoded,18,1,Ts
taxgrtgroup_encoded,29,1,Tg
taxsubgrp_encoded,47,1,Tb
taxpartsize_encoded,17,1,Tp
ThematicRo_encoded,3,1,Ro
ThematicTe_encoded,11,1,Tt
LS,2,2,Z
:data
4 3 3 5 2 5 4 11 5 7 34 17 6 9 7 3 1 0
1 2 3 6 1 5 2 9 2 7 30 16 14 6 12 3 12 0
5 4 3 6 1 5 4 8 5 7 31 17 6 9 5 3 12 0
4 2 4 4 1 2 4 8 5 7 33 17 6 9 7 3 5 0
3 3 5 6 2 3 1 9 2 7 31 16 19 6 10 3 5 1
1 1 2 6 2 4 3 8 7 7 39 9 16 37 7 3 12 0
1 2 4 4 1 3 3 8 5 7 31 17 6 9 5 3 16 1
5 1 1 1 1 1 1 8 2 7 31 16 14 29 10 5 10 0
2 3 5 3 1 3 4 9 2 7 24 16 14 35 11 3 9 1
1 4 5 6 1 5 2 9 2 7 30 16 14 6 12 3 12 0
1 2 4 4 1 4 4 12 5 3 8 4 21 21 7 5 10 1
2 4 5 3 3 5 3 8 2 7 31 16 14 35 10 3 9 0
1 1 5 4 1 4 4 8 2 7 24 16 14 35 11 3 5 0
5 3 4 5 1 4 1 9 2 7 31 16 19 6 15 3 5 0
3 4 2 3 2 5 2 8 5 7 31 17 11 17 9 3 12 1
2 4 5 1 1 3 2 9 2 7 30 16 14 6 12 3 12 1
1 1 5 3 1 1 4 9 2 7 24 16 14 35 11 3 5 1
3 2 4 6 1 2 3 8 5 7 31 17 6 9 5 3 12 0
3 2 5 5 2 4 3 8 5 7 31 17 6 9 5 3 1 1
1 2 1 4 1 1 4 9 5 7 24 17 6 9 4 3 9 1
1 1 4 1 2 3 4 10 5 7 33 17 6 9 4 3 1 1
5 4 5 1 1 4 3 9 5 7 32 17 6 9 5 3 12 0
4 4 5 6 1 1 1 7 2 7 31 16 19 6 10 3 5 1
2 2 4 5 1 3 4 12 5 7 1 17 6 9 5 5 10 1
2 2 2 2 2 5 4 3 5 7 33 17 6 9 4 3 1 0
1 1 6 6 1 1 3 8 5 7 23 14 22 11 7 3 16 1
4 4 5 1 1 1 2 8 2 7 30 16 14 6 12 3 12 1
1 2 5 6 2 5 4 14 2 7 3 16 14 9 5 3 1 1
2 1 3 4 1 4 4 9 5 7 33 17 6 9 4 5 10 1
3 2 3 4 1 3 3 8 2 7 31 16 14 35 10 3 16 1
4 3 3 3 1 4 4 8 2 7 24 16 14 35 11 3 5 0
4 3 5 5 1 5 1 11 2 7 31 16 19 6 10 5 10 1
2 2 5 5 1 1 3 10 5 7 23 14 22 11 7 3 8 0
5 4 5 1 1 5 2 8 2 7 30 16 14 6 12 3 12 0
2 2 4 4 1 5 3 2 5 7 31 17 6 9 5 3 9 0
2 1 5 5 2 4 4 7 5 7 31 17 6 9 7 3 5 0
4 4 5 3 1 3 1 10 2 7 31 16 19 6 10 5 10 1
3 2 4 5 2 2 3 8 5 7 31 17 6 9 5 3 1 1
2 1 5 5 1 4 3 12 1 7 37 15 18 47 7 5 10 0
3 3 3 6 1 4 1 7 5 7 30 18 20 10 5 3 12 0
3 1 3 2 2 3 3 8 2 7 31 16 14 35 10 3 5 1
1 4 4 4 2 5 3 9 5 7 23 14 22 11 7 3 9 1
5 1 2 2 1 3 1 8 2 7 31 16 19 6 10 3 5 0
2 2 5 1 2 2 3 8 5 7 31 17 6 9 5 3 16 0
1 3 4 4 2 5 4 8 5 7 34 17 6 9 7 5 10 1
1 1 5 5 1 3 4 12 5 3 37 4 27 45 4 5 10 0
3 3 4 5 1 3 1 9 2 7 31 16 19 6 10 5 10 1
2 3 5 1 1 5 2 8 2 7 30 16 14 6 12 3 12 0
1 1 2 2 1 2 3 8 5 7 23 14 22 11 7 3 1 1
3 1 2 1 1 4 2 8 2 7 30 16 14 6 12 3 12 1
2 2 5 6 1 2 4 9 5 7 34 17 6 9 7 3 1 0
4 2 3 5 1 4 1 9 2 7 31 16 14 35 15 3 5 1
3 1 5 1 1 4 4 11 5 7 31 17 6 9 5 3 12 1
4 2 5 2 1 3 1 8 2 7 31 16 14 35 15 3 5 0
2 3 4 3 1 1 1 9 2 7 22 16 14 5 10 3 9 1
1 1 5 4 2 5 4 13 5 3 18 4 21 21 7 5 10 1
3 4 5 2 2 3 1 8 5 7 30 18 20 10 5 3 12 1
3 2 5 2 1 3 1 8 2 7 31 16 19 6 10 5 10 1
3 4 3 1 1 4 1 9 5 7 30 18 20 10 5 3 12 1
1 1 5 5 2 5 4 12 5 7 1 17 6 9 5 5 10 1
5 2 3 2 2 4 1 10 2 7 32 7 15 36 15 5 10 0
1 2 3 3 1 4 4 14 5 3 17 4 27 1 7 5 10 0
1 1 4 5 1 2 4 12 5 7 1 17 6 9 5 3 15 1
2 3 6 2 2 4 3 10 2 7 31 16 14 35 10 3 9 1
1 2 3 5 1 1 4 9 5 7 24 17 6 9 4 3 9 0
5 1 3 6 2 2 2 8 2 7 32 16 19 6 12 3 12 0
1 1 5 6 1 3 4 8 5 7 34 17 6 9 7 3 1 1
4 3 4 5 1 1 1 9 2 7 31 16 14 35 15 3 5 0
2 3 4 6 1 5 4 2 7 7 31 9 16 37 4 5 10 0
2 1 2 1 1 5 3 8 5 7 23 14 22 11 7 3 1 1
1 1 4 4 1 2 4 8 5 3 17 4 27 1 7 5 10 0
2 1 3 4 1 3 4 8 5 7 33 17 6 9 4 5 10 1
3 3 5 2 1 3 3 8 5 7 23 14 22 11 7 3 1 1
4 3 3 5 1 1 1 8 2 7 31 16 19 6 10 3 5 1
3 2 4 3 1 5 3 10 5 7 23 14 22 11 7 3 16 0
1 2 5 6 1 1 3 8 5 7 23 14 22 11 7 3 1 1
4 4 4 5 1 5 1 9 2 7 31 16 19 6 10 3 9 1
2 3 6 2 1 4 3 8 5 7 31 17 6 9 5 3 12 0
1 3 5 3 1 5 4 9 5 7 31 17 6 9 7 5 10 1
4 4 2 1 1 2 2 9 2 7 30 16 14 6 12 3 12 0
4 2 3 2 1 1 4 9 2 7 31 16 19 6 11 3 5 0
3 1 3 3 2 4 4 7 5 7 1 17 6 9 5 5 10 1
1 3 3 3 2 2 4 2 5 7 34 17 6 9 7 3 16 0
3 2 3 4 1 2 3 8 5 7 31 17 6 9 5 3 5 1
4 3 5 6 1 4 4 8 5 3 19 4 27 1 7 3 12 0
1 1 5 1 3 5 3 4 2 7 36 16 24 30 10 5 10 0
2 3 6 3 1 5 3 8 5 7 31 17 6 9 5 5 10 1
4 2 5 6 1 4 1 8 2 7 31 16 19 6 10 5 10 0
4 2 5 3 1 1 4 9 5 7 31 17 6 9 5 3 12 1
1 2 5 4 1 4 3 7 5 7 31 17 6 9 5 3 16 1
2 1 5 3 1 4 3 8 5 7 31 17 6 9 5 3 16 1
3 4 2 6 2 2 2 9 2 7 30 16 14 6 12 3 12 0
3 1 4 2 1 5 3 2 5 7 23 14 22 11 7 3 1 0
1 3 5 1 1 1 3 8 5 7 23 14 22 11 7 3 16 1
2 2 5 1 1 2 3 8 5 7 31 17 6 9 5 3 16 0
4 2 3 1 2 2 1 10 2 7 31 16 19 6 10 3 5 0
1 1 5 3 1 3 3 13 1 7 37 15 18 47 7 5 10 0
2 3 5 1 1 3 1 8 5 7 30 18 20 10 5 3 12 1
4 2 5 6 1 3 2 8 2 7 30 16 19 6 12 3 12 0
1 3 4 2 1 1 3 9 5 7 31 17 6 9 5 3 16 1
1 2 5 3 1 5 3 1 5 7 31 17 6 9 5 3 9 1
2 1 4 3 1 4 3 12 5 7 37 14 22 41 7 5 10 0
1 1 5 1 2 5 4 10 5 7 33 17 6 9 4 3 1 1
2 2 5 2 1 5 3 11 5 7 31 17 6 9 5 3 16 1
1 1 3 1 1 4 1 7 5 7 17 18 20 22 3 3 12 1
2 1 3 6 2 5 4 10 5 7 33 17 6 9 7 3 1 0
5 2 4 5 1 4 1 8 2 7 31 16 19 6 15 3 9 0
1 2 6 3 2 1 4 8 5 7 34 17 6 9 7 3 1 1
1 2 4 6 1 2 4 9 5 3 37 4 27 45 4 3 1 1
5 2 6 3 1 5 4 8 5 7 32 10 5 48 4 5 10 0
3 4 3 1 1 4 2 11 2 7 30 16 14 6 12 3 12 1
5 1 4 3 1 1 4 8 2 7 31 16 19 6 11 5 10 1
5 3 5 5 1 3 2 8 2 7 30 16 19 6 12 3 5 0
1 2 6 4 1 5 3 8 5 7 31 17 6 9 5 3 1 1
3 2 5 1 1 5 4 8 7 7 32 9 25 43 4 3 12 1
1 1 5 3 1 1 4 9 2 7 24 16 14 35 11 3 5 1
2 1 3 4 2 2 4 14 5 5 35 17 6 13 4 5 10 1
1 1 2 1 2 1 3 8 5 7 31 17 6 9 5 3 5 1
1 3 5 4 1 2 4 9 5 7 33 17 6 9 7 3 1 1
4 2 4 1 1 4 4 9 5 7 31 17 6 9 7 3 5 0
3 3 4 5 1 3 1 10 2 7 31 16 19 6 15 3 5 1
2 1 4 3 1 2 3 8 1 7 37 15 18 47 7 5 10 1
2 1 4 1 1 3 4 9 5 7 30 10 5 48 4 3 12 1
1 2 3 3 1 3 4 9 2 7 24 16 14 35 11 3 16 1
1 3 3 5 1 5 4 9 5 3 8 4 21 21 7 5 10 1
4 1 1 2 1 3 4 8 2 7 31 16 19 6 11 3 5 0
2 1 4 6 1 5 3 2 1 7 37 15 18 47 7 5 10 1
4 4 6 1 1 2 2 8 2 7 30 16 14 6 12 3 12 1
2 2 5 6 2 2 3 8 2 7 31 16 14 35 10 3 16 1
3 2 5 6 1 5 4 8 7 7 31 9 16 37 4 3 12 0
4 2 3 5 1 2 4 8 2 7 31 16 14 9 5 3 9 0
2 1 5 2 1 1 3 8 5 7 31 17 6 9 5 3 5 0
2 2 3 5 1 5 2 9 2 7 30 16 14 6 12 3 12 1
2 2 5 5 1 1 1 9 2 7 31 16 19 6 15 3 12 1
2 3 5 6 1 3 3 12 1 7 37 15 18 47 7 5 10 1
5 3 2 4 2 4 1 8 2 7 31 16 19 6 10 3 5 1
4 2 4 3 2 3 1 11 2 7 31 16 19 6 10 3 5 0
3 2 5 1 2 5 4 8 5 7 31 17 6 9 5 3 12 1
1 1 6 5 1 4 4 8 5 3 9 4 21 40 4 5 10 0
5 2 3 5 2 4 1 8 2 7 31 16 19 6 10 3 5 0
2 4 6 6 1 4 1 9 2 7 31 16 14 35 15 3 12 1
2 2 5 2 1 3 3 9 5 7 31 17 6 9 5 5 10 1
5 2 2 4 1 5 1 8 2 7 31 16 14 35 15 3 5 0
3 1 6 2 2 1 3 8 5 7 31 17 6 9 5 3 16 1
5 1 5 1 2 2 4 8 2 7 31 16 19 6 11 3 9 0
2 1 5 1 2 3 4 9 5 7 31 17 6 9 5 3 12 0
3 4 5 1 1 3 1 11 5 7 30 18 20 10 5 3 12 1
2 1 5 2 2 3 4 8 5 7 34 17 6 9 7 3 16 0
2 2 4 2 1 4 4 8 5 7 24 17 6 9 4 3 1 1
1 1 4 2 2 2 3 3 5 7 31 17 6 9 5 3 12 0
3 3 2 5 1 3 1 11 5 7 30 18 20 10 5 3 12 1
1 2 4 5 2 3 3 8 5 7 31 17 6 9 5 3 1 1
1 1 2 3 2 1 4 8 5 7 34 17 6 9 7 3 1 1
4 3 2 1 1 5 1 8 5 7 30 18 20 10 5 3 12 1
3 1 3 2 1 1 3 8 5 7 31 17 6 9 5 3 5 0
2 1 6 2 1 4 3 8 5 7 31 17 6 9 5 3 12 0
2 4 2 6 2 3 4 8 7 7 31 9 16 37 4 3 12 1
4 2 5 1 1 1 2 8 2 7 30 16 14 6 12 3 12 1
2 3 5 6 2 2 3 9 5 7 31 17 6 9 5 5 10 1
3 1 4 1 1 3 3 8 5 7 31 17 6 9 5 3 16 0
3 1 5 2 2 5 4 10 5 7 33 17 6 9 7 5 10 0
3 1 3 1 2 4 4 8 7 7 31 9 16 37 4 3 9 0
3 4 2 6 1 4 1 8 2 7 31 16 14 35 15 3 5 0
1 1 1 6 1 1 1 3 2 7 37 16 24 8 10 5 10 0
5 1 6 6 2 4 4 8 5 3 30 4 14 9 5 3 5 0
5 3 5 6 1 1 1 8 2 7 31 16 19 6 15 3 5 0
2 1 4 3 1 4 3 12 3 5 17 3 12 9 16 5 10 0
4 4 6 5 1 1 1 8 2 7 31 16 14 35 15 3 5 0
3 4 6 2 1 4 3 8 5 7 23 14 22 11 7 3 1 1
1 2 5 5 1 4 4 8 5 3 9 4 21 40 4 5 10 1
1 3 3 2 1 5 3 2 5 7 31 17 6 9 5 5 10 1
3 1 5 6 1 2 2 8 2 7 30 16 14 6 12 3 12 1
1 1 3 2 2 4 4 9 5 7 33 17 6 9 4 5 10 1
1 2 2 3 1 3 3 9 5 7 31 17 6 9 5 3 9 1
1 4 6 5 1 5 2 9 2 7 30 16 14 6 12 3 12 0
4 3 2 3 2 5 1 11 2 7 31 16 14 35 15 3 9 1
4 4 5 5 2 1 1 8 2 7 31 16 14 35 15 5 10 1
2 1 3 4 2 5 3 9 5 7 37 14 22 41 7 5 10 0
4 1 3 3 2 5 4 11 5 7 34 17 6 9 4 3 1 0
3 2 6 2 1 1 2 11 2 7 30 16 14 6 12 3 12 0
3 1 6 3 1 5 4 9 5 7 31 17 6 9 7 5 10 0
2 3 4 1 1 4 2 8 2 7 30 16 14 6 12 3 12 0
1 1 3 3 1 1 4 9 2 7 24 16 14 35 11 3 9 1
3 2 5 1 1 2 2 9 2 7 30 16 14 6 12 3 12 1
5 2 4 2 1 4 1 8 2 7 31 16 19 6 10 3 9 0
4 4 5 4 1 2 1 8 5 7 30 18 20 10 5 3 12 1
4 3 3 6 1 2 1 9 2 7 31 16 19 6 15 3 13 1
1 1 5 2 1 3 3 8 5 7 31 17 6 9 5 3 16 1
2 3 4 1 1 3 2 9 2 7 30 16 14 6 12 3 12 1
3 4 3 1 1 1 3 8 5 7 31 17 6 9 5 3 12 0
1 4 3 3 1 2 3 9 5 7 31 17 6 9 5 5 10 1
5 3 2 4 1 1 1 8 2 7 31 7 13 34 15 5 10 1
4 4 3 3 1 1 3 8 5 7 31 17 6 9 5 3 5 1
1 1 1 1 2 5 4 8 5 7 33 17 6 9 4 3 1 0
4 4 5 2 1 5 1 8 2 7 31 16 19 6 10 3 13 1
2 1 4 2 1 3 3 9 5 7 31 17 6 9 5 3 12 0
2 3 4 6 2 4 1 7 2 7 31 16 14 35 15 3 16 1
5 4 5 1 1 4 2 8 2 7 30 16 14 6 12 3 12 0
3 2 5 3 1 2 1 9 2 7 31 16 19 6 10 5 10 0
2 3 4 1 1 3 1 10 5 7 17 18 20 22 3 3 12 1
2 4 5 6 1 3 1 8 5 7 30 18 20 10 5 3 12 1
4 3 4 2 1 5 3 8 5 7 31 17 6 9 5 3 12 0
1 1 5 2 1 3 3 8 5 7 23 14 22 11 7 3 1 1
4 1 5 1 1 2 2 10 2 7 30 16 14 6 12 3 12 0
3 2 1 1 1 1 4 8 5 2 38 17 6 9 16 3 9 0
1 1 3 1 1 5 4 14 5 3 8 4 21 21 7 5 10 0
4 3 4 6 1 2 3 8 5 7 32 18 20 39 9 3 12 0
5 1 4 5 1 2 1 8 2 7 31 7 13 34 10 3 5 0
1 4 3 6 1 5 1 2 3 7 31 11 30 9 5 3 1 1
3 2 5 3 1 1 1 8 5 7 30 18 20 10 5 3 12 1
4 2 5 5 2 1 1 8 2 7 31 16 14 35 15 5 10 1
1 3 4 3 1 5 3 9 5 7 31 17 6 9 5 3 9 1
5 2 6 6 1 1 1 8 2 7 30 16 19 6 10 3 5 0
4 4 4 1 1 3 1 8 5 7 30 18 20 10 5 3 12 1
4 2 2 4 1 2 4 9 7 7 31 9 16 37 4 3 12 1
3 1 3 2 1 4 4 8 7 7 31 9 16 37 4 5 10 0
4 1 3 3 1 1 1 9 2 7 31 16 19 6 10 3 13 0
2 3 2 4 2 1 3 11 5 7 31 17 6 9 5 3 16 1
1 1 6 6 1 5 4 13 5 7 1 17 6 9 5 5 10 0
1 3 3 6 1 4 1 2 2 7 31 16 14 35 15 5 10 1
4 4 5 1 1 2 2 10 2 7 30 16 14 6 12 3 12 1
3 2 4 3 1 4 3 8 5 7 31 17 6 9 5 3 16 0
3 1 5 2 2 4 3 8 5 7 31 17 6 9 5 3 12 0
3 2 5 1 1 1 2 9 2 7 30 16 14 6 12 3 12 1
3 1 6 2 3 3 4 10 5 7 33 17 6 9 7 5 10 0
2 1 4 5 1 5 3 9 7 7 39 9 16 37 7 5 10 1
2 1 2 5 1 3 4 12 5 7 31 17 6 9 5 3 12 1
3 4 4 1 1 2 2 8 2 7 30 16 14 6 12 3 12 1
2 3 6 5 1 3 1 9 5 7 30 18 20 10 5 3 12 1
5 1 4 3 2 3 1 8 2 7 31 16 19 6 15 5 10 0
2 1 2 5 1 5 4 8 5 3 37 4 27 45 4 3 12 0
2 3 3 6 1 5 4 8 7 7 31 9 16 37 4 3 12 1
3 2 4 6 1 2 4 11 7 7 31 9 16 37 4 3 12 0
4 4 4 2 1 4 4 8 5 7 32 10 5 48 4 3 12 1
2 1 6 2 2 3 3 8 5 7 31 17 6 9 5 3 16 1
2 3 3 4 2 1 4 9 5 7 34 17 6 9 7 3 8 1
1 2 5 6 2 5 3 9 5 7 33 17 6 9 5 5 10 1
3 2 4 5 1 5 3 7 2 7 34 16 14 35 12 3 5 0
5 2 3 4 1 2 1 10 2 7 31 16 19 6 10 3 13 0
1 1 5 6 1 5 4 12 5 3 18 4 21 21 7 5 10 0
2 2 5 2 1 1 3 9 5 7 23 14 22 11 7 3 16 1
4 2 5 2 1 5 4 9 2 7 31 16 19 6 11 5 10 1
3 3 2 6 1 4 2 8 2 7 30 16 14 6 12 3 12 0
3 1 2 1 2 2 2 9 2 7 30 16 14 6 12 3 12 1
3 2 5 5 2 4 1 9 2 7 31 16 14 35 15 5 10 1
4 3 2 3 1 1 3 8 5 7 31 17 6 9 5 3 5 1
4 3 2 6 1 1 1 8 2 7 31 16 14 35 15 3 5 0
2 2 4 3 2 1 1 8 5 7 30 18 20 10 5 3 12 0
3 1 4 1 2 2 2 9 2 7 30 16 14 6 12 3 12 1
2 3 5 2 1 3 2 8 2 7 30 16 14 6 12 3 12 1
5 4 5 1 1 3 2 8 2 7 30 16 14 6 12 3 12 1
1 3 3 5 1 2 4 2 5 7 24 17 6 9 4 3 5 1
1 4 6 3 2 4 3 11 2 7 31 16 14 35 10 3 9 1
4 2 6 5 2 3 3 8 2 7 31 16 14 35 10 3 16 1
3 2 3 2 1 2 3 8 5 7 31 17 6 9 5 3 12 0
1 1 5 5 2 2 4 8 5 7 33 17 6 9 4 3 1 1
3 1 1 4 2 1 1 9 2 7 31 16 14 35 15 3 5 1
1 1 5 5 2 5 1 8 3 3 10 3 26 44 16 5 10 0
2 1 4 1 1 5 3 8 5 7 31 17 6 9 5 3 16 0
1 4 5 4 1 2 4 8 5 7 34 17 6 9 7 3 1 1
1 2 4 2 1 4 1 2 2 7 31 16 14 35 15 5 10 1
1 1 5 1 1 3 4 12 2 7 31 16 14 9 5 5 10 0
3 4 5 1 1 3 2 8 2 7 30 16 14 6 12 3 12 1
4 4 2 6 1 3 1 8 2 7 31 16 19 6 10 3 5 0
1 1 5 1 2 5 3 3 2 7 36 16 24 30 10 5 10 0
5 2 5 2 2 2 1 9 2 7 31 16 14 35 15 5 10 1
5 3 5 4 2 4 1 8 2 7 31 16 14 35 15 3 14 1
2 1 4 4 1 1 1 9 2 7 31 16 14 35 15 3 9 1
4 1 5 5 1 3 3 9 5 7 31 17 6 9 5 3 5 0
3 2 5 1 1 3 1 8 5 7 30 18 20 10 5 3 12 0
1 2 5 2 2 4 3 8 5 7 23 14 22 11 7 3 9 1
2 4 4 2 1 5 1 6 2 7 31 16 14 35 15 3 1 1
2 2 5 5 2 5 3 9 2 7 31 16 14 35 10 3 16 1
1 1 3 4 2 4 4 7 5 3 18 4 21 21 7 5 10 0
1 1 6 6 2 5 4 8 5 7 33 17 6 9 4 3 1 1
4 3 2 3 1 2 1 8 2 7 31 16 19 6 15 5 10 1
1 1 4 6 1 5 3 2 1 7 37 15 18 47 7 5 10 1
3 2 2 1 1 3 4 8 5 7 31 17 6 9 5 3 12 1
4 4 2 3 2 1 4 8 5 7 34 17 6 9 7 3 12 0
4 2 6 6 1 2 4 8 5 7 31 17 6 9 5 3 12 0
2 1 5 2 1 3 3 8 5 7 31 17 6 9 5 3 12 0
2 3 5 4 1 1 3 8 2 7 1 16 14 35 16 5 10 1
2 1 6 1 1 5 1 8 2 7 31 16 14 35 15 3 9 1
3 4 4 2 2 5 4 8 7 7 31 9 16 37 4 3 12 1
2 2 6 5 1 3 4 12 5 7 31 17 6 9 5 3 12 1
3 2 3 4 1 1 3 9 5 7 31 17 6 9 5 5 10 1
5 2 5 4 2 5 1 8 2 7 32 16 19 6 15 5 10 1
1 1 4 3 2 5 4 3 2 7 24 16 14 35 11 3 8 0
4 2 3 6 1 5 3 10 2 7 32 16 14 5 12 3 12 0
3 1 5 2 1 5 1 9 5 7 30 18 20 10 5 3 12 1
1 4 2 4 1 5 1 8 3 7 31 11 30 9 5 3 1 1
1 1 2 4 2 5 4 12 5 3 14 4 21 40 4 5 10 0
2 1 5 5 1 5 4 9 2 7 24 16 14 35 11 3 9 1
3 3 5 2 1 4 4 8 5 7 30 10 5 48 4 3 12 1
4 4 5 1 1 3 2 8 2 7 30 16 14 6 12 3 12 1
1 1 5 2 1 5 4 9 5 7 33 17 6 9 4 3 1 0
4 2 5 1 1 5 2 8 2 7 30 16 14 6 12 3 12 0
4 4 4 6 1 3 3 8 5 7 32 17 6 9 5 3 12 0
3 4 3 5 1 4 3 8 5 7 31 17 6 9 5 3 1 1
1 2 3 1 2 5 4 10 5 7 33 17 6 9 4 3 1 1
1 1 1 3 1 5 4 14 5 5 35 17 6 13 4 5 10 0
5 2 5 6 1 5 1 8 2 7 31 16 14 35 15 3 5 0
1 1 5 3 2 5 3 8 2 7 31 16 14 35 10 5 10 0
4 1 3 1 1 1 4 10 7 7 31 9 16 37 4 3 12 1
1 1 2 3 2 4 3 8 5 7 31 17 6 9 5 3 16 0
3 2 5 5 3 3 3 10 2 7 31 16 14 35 10 3 16 1
3 3 5 1 1 5 4 10 7 7 31 9 16 37 4 3 12 1
3 2 5 1 2 1 4 8 7 7 31 9 16 37 4 3 12 1
1 1 5 4 1 4 4 11 5 7 24 17 6 9 4 3 1 1
1 2 3 4 1 1 4 9 2 7 24 16 14 35 11 3 9 1
1 1 3 5 1 5 4 7 5 5 37 14 22 15 4 5 10 0
4 1 3 3 2 3 1 10 2 7 31 16 19 6 15 5 10 1
3 1 3 1 2 4 4 10 7 7 31 9 16 37 4 3 9 0
2 3 6 6 1 4 2 11 2 7 30 16 14 6 12 3 12 0
5 4 6 6 1 3 3 3 2 7 32 16 14 5 12 3 12 0
2 2 4 2 2 3 4 9 5 7 33 17 6 9 7 3 16 1
1 1 5 3 2 2 3 8 5 7 31 17 6 9 5 3 16 1
1 1 2 2 2 3 4 8 5 7 34 17 6 9 4 3 16 1
3 4 5 2 1 3 2 8 2 7 30 16 14 6 12 3 12 1
4 2 3 6 1 1 3 10 5 7 31 17 6 9 5 3 12 0
3 1 5 5 1 3 1 9 2 7 31 16 19 6 10 5 10 0
2 2 5 2 2 4 3 8 5 7 31 17 6 9 5 3 1 1
1 1 4 4 1 1 3 14 3 6 17 3 12 2 7 5 10 0
1 2 4 3 3 2 1 8 6 3 28 5 3 31 8 5 10 0
5 1 4 6 1 1 4 10 2 7 31 16 19 6 15 3 5 0
2 3 4 2 1 3 1 8 5 7 30 18 20 10 5 3 12 1
1 1 2 6 1 5 4 3 5 3 37 4 27 45 4 5 10 0
3 3 4 5 1 4 1 9 2 7 31 16 19 6 10 5 10 1
4 4 5 1 1 3 2 8 2 7 30 16 14 6 12 3 12 0
2 1 3 4 2 5 3 8 2 7 31 16 14 35 10 3 9 1
2 1 5 5 2 2 3 10 5 7 23 14 22 11 7 3 1 1
4 4 5 1 1 2 2 9 2 7 30 16 14 6 12 3 12 0
4 2 4 3 1 5 1 9 2 7 31 16 14 35 15 5 10 0
3 2 3 5 1 3 1 9 2 7 31 16 14 35 15 3 12 1
4 1 3 1 2 2 4 8 7 7 31 9 16 37 4 3 12 0
3 4 5 1 1 3 1 11 5 7 30 18 20 10 5 3 12 1
1 1 1 4 2 5 4 1 2 7 31 16 14 9 5 5 10 0
2 1 4 6 1 1 4 8 5 7 34 17 6 9 7 3 1 1
1 2 3 1 1 5 3 10 5 7 23 14 22 11 7 3 1 1
4 4 5 5 1 4 1 8 2 7 31 16 14 35 15 3 5 0
1 2 4 1 1 1 4 8 5 7 24 17 6 9 4 3 16 1
3 2 5 2 3 3 4 8 5 7 33 17 6 9 7 5 10 1
2 1 3 5 1 5 3 7 2 3 13 2 10 4 13 5 10 1
1 1 1 6 1 4 4 12 2 5 36 2 7 3 12 5 10 0
1 1 1 4 3 1 4 1 2 7 31 16 14 9 5 5 10 0
2 2 2 4 2 1 4 9 5 7 24 17 6 9 4 5 10 1
2 3 4 6 1 5 1 9 2 7 31 16 14 35 15 3 5 0
2 1 3 5 1 4 3 9 2 3 13 2 10 4 13 5 10 1
1 3 3 4 2 3 4 2 5 7 24 17 6 9 4 3 9 1
5 1 4 6 1 2 1 8 2 7 31 16 19 6 15 3 5 0
3 2 4 1 1 2 2 8 2 7 30 16 14 6 12 3 12 0
4 2 4 5 1 2 1 8 2 7 31 16 19 6 10 3 5 1
3 4 4 2 2 4 2 8 2 7 30 16 14 6 12 3 12 1
1 2 3 5 1 4 3 11 5 7 31 17 6 9 5 3 12 0
2 3 3 4 1 5 4 8 5 7 34 17 6 9 4 3 9 1
2 2 5 2 1 3 2 8 2 7 30 16 14 6 12 3 12 1
5 3 4 4 1 1 1 8 2 7 31 16 19 6 10 3 5 0
4 3 3 5 2 2 1 8 2 7 31 16 19 6 10 3 5 1
2 3 5 3 2 5 4 9 5 3 38 4 21 40 7 3 12 0
5 2 5 3 1 5 4 3 2 6 29 16 14 9 5 5 10 1
1 4 5 1 1 5 1 6 2 7 22 16 14 5 10 5 10 1
4 4 6 6 1 1 1 9 2 7 31 16 14 35 15 3 5 0
4 3 5 4 1 2 1 9 2 7 31 16 14 35 15 3 5 0
2 2 2 1 1 1 2 9 2 7 30 16 14 6 12 3 12 0
2 1 3 6 1 2 2 9 2 7 30 16 14 6 12 3 12 1
1 1 5 3 1 5 4 3 5 7 1 17 6 9 5 5 10 1
3 1 5 1 1 3 1 9 5 7 30 18 20 10 5 3 12 1
2 4 4 5 1 3 1 13 2 7 31 16 19 6 10 5 10 1
2 3 3 1 1 2 2 9 2 7 30 16 14 6 12 3 12 1
2 2 4 3 1 3 3 9 2 7 31 16 14 35 10 3 9 1
1 2 4 3 1 5 3 12 1 7 37 15 18 47 7 3 12 1
2 2 3 5 1 1 3 9 2 7 1 16 14 35 16 3 12 1
5 3 5 5 1 4 1 8 2 7 31 16 14 35 15 5 10 0
1 1 1 1 2 5 4 8 5 7 33 17 6 9 4 3 1 1
4 3 5 6 2 2 3 10 2 7 31 16 14 35 10 3 16 1
4 3 5 6 1 4 1 8 2 7 31 16 19 6 10 3 5 1
2 1 3 2 2 3 1 9 2 7 31 16 14 35 15 3 5 1
2 2 2 4 1 5 3 9 5 7 31 17 6 9 5 3 5 1
4 2 6 6 1 3 1 8 2 7 31 16 19 6 10 3 5 1
2 1 5 3 2 1 3 9 5 7 31 17 6 9 5 3 1 1
2 1 2 5 2 2 3 9 5 7 23 14 22 11 7 3 1 1
1 1 1 3 1 4 3 12 5 7 37 14 22 41 7 5 10 0
5 4 4 6 1 5 1 8 2 4 32 7 15 27 15 3 5 0
2 3 5 5 2 3 3 8 2 7 31 16 14 35 10 3 9 0
3 2 4 2 1 2 3 11 5 7 31 17 6 9 5 3 16 0
5 2 5 2 2 1 1 10 2 7 31 16 14 29 10 5 10 1
1 1 3 3 2 4 4 13 5 3 8 4 21 21 7 5 10 1
3 4 3 4 1 4 1 9 2 7 31 16 19 6 10 3 5 1
1 3 4 3 1 2 1 9 2 7 31 16 14 35 15 5 10 0
2 2 6 2 2 5 3 8 5 7 23 14 22 11 7 3 1 1
3 3 4 5 2 2 3 9 2 7 31 16 14 35 10 3 9 1
1 2 2 1 1 4 3 10 5 7 23 14 22 11 7 3 1 1
3 1 6 4 1 4 1 11 2 7 31 16 19 6 15 5 10 1
1 1 2 2 1 5 4 14 5 3 18 4 21 21 7 5 10 0
5 1 3 5 2 2 1 8 2 7 31 16 19 6 15 3 5 0
1 1 4 3 1 4 3 9 2 7 1 16 14 35 16 5 10 1
2 3 5 4 2 4 3 8 5 7 23 14 22 11 7 3 9 1
3 3 5 4 3 5 3 8 2 7 31 16 14 35 10 3 9 1
1 1 4 4 1 5 3 8 2 7 1 16 14 35 16 5 10 1
5 1 4 5 2 4 4 14 5 3 20 4 14 9 5 5 10 1
2 3 2 6 1 3 2 9 2 7 30 16 14 6 12 3 12 0
2 1 4 4 2 2 4 8 5 7 34 17 6 9 7 3 8 1
2 1 2 5 1 1 3 11 2 7 31 16 14 35 10 3 9 0
1 3 4 4 1 4 3 8 5 7 23 14 22 11 7 3 9 1
4 3 6 6 2 3 1 8 2 7 31 16 19 6 10 3 5 1
1 1 3 3 3 1 1 2 6 3 28 5 3 31 8 5 10 1
2 1 5 4 3 1 3 9 5 7 23 14 22 11 7 3 5 0
1 1 4 3 2 2 4 8 5 7 33 17 6 9 4 3 1 1
4 2 5 5 1 5 1 8 2 7 31 16 14 35 15 3 5 0
3 2 3 1 1 4 2 8 2 7 30 16 14 6 12 3 12 1
3 2 2 4 1 1 1 8 2 7 31 16 19 6 10 3 5 1
2 2 4 3 1 2 2 8 2 7 30 16 14 6 12 3 12 0
1 3 4 3 1 1 3 2 2 3 13 2 10 4 13 5 10 1
3 1 5 1 1 3 4 9 5 7 31 17 6 9 5 3 12 1
3 2 4 5 1 5 1 9 2 7 31 16 14 35 15 3 5 1
4 2 5 1 1 2 2 9 2 7 30 16 14 6 12 3 12 1
5 2 5 1 1 3 1 8 2 7 31 16 14 29 10 5 10 0
1 1 2 5 1 4 3 9 1 7 37 15 18 47 7 5 10 1
1 1 5 6 1 2 4 8 2 7 24 16 14 35 11 3 5 0
4 2 2 6 1 3 1 10 2 7 31 16 19 6 10 3 5 1
1 3 4 4 1 1 3 13 5 7 23 14 22 11 7 3 16 0
4 1 3 6 2 4 4 8 5 7 33 17 6 9 4 5 10 1
1 2 2 5 1 1 3 8 5 7 23 14 22 11 7 3 1 1
5 4 2 1 1 1 2 8 5 7 31 17 11 17 9 3 12 0
1 1 2 6 1 3 4 11 5 3 37 4 27 45 4 5 10 0
1 3 3 2 2 3 4 8 5 7 33 17 6 9 4 3 8 1
1 3 6 5 1 5 3 13 2 7 1 16 14 35 16 5 10 1
4 4 6 6 1 2 1 8 2 7 31 16 14 35 15 3 5 0
3 4 4 4 1 2 1 8 2 7 31 16 14 35 15 3 5 0
2 3 3 5 1 5 1 9 2 7 31 16 19 6 10 3 5 1
3 4 2 2 1 2 3 8 5 7 31 17 6 9 5 3 12 0
3 1 4 2 2 2 4 8 5 7 34 17 6 9 7 3 1 0
3 1 3 6 2 4 1 14 2 4 38 16 19 6 16 5 10 0
1 1 2 3 2 5 4 8 5 5 35 17 6 13 4 5 10 0
2 1 4 2 1 4 4 8 5 7 24 17 6 9 4 3 1 0
3 3 5 5 2 1 1 8 2 7 31 16 14 35 15 5 10 1
5 3 5 5 1 2 4 8 2 7 31 16 19 6 11 3 5 0
3 4 3 2 1 4 1 8 5 7 30 18 20 10 5 3 12 0
2 1 2 6 2 4 3 9 2 7 1 16 14 35 16 5 10 1
2 3 4 5 1 5 3 2 1 7 37 15 18 47 7 3 12 0
3 1 3 6 1 2 1 9 2 7 31 16 14 35 15 5 10 1
5 3 5 4 2 1 1 8 2 7 31 16 19 6 10 3 5 0
3 2 6 1 1 2 3 9 5 7 31 17 6 9 5 3 16 1
1 1 6 3 1 4 3 8 5 7 31 17 6 9 5 3 12 1
4 2 5 6 1 2 1 9 2 7 31 16 19 6 10 3 5 1
2 3 5 2 1 5 1 8 2 7 31 16 14 35 15 5 10 1
4 3 5 2 1 3 1 9 5 7 30 18 20 10 5 3 12 0
3 2 3 3 3 5 4 10 5 7 34 17 6 9 7 3 1 0
5 2 5 6 1 1 4 10 5 7 30 18 20 10 4 3 9 0
4 3 3 1 1 2 1 8 5 7 30 18 20 10 5 3 12 1
3 4 6 3 2 1 3 8 2 7 31 16 14 35 10 3 5 1
3 2 5 4 1 4 1 9 2 7 31 16 14 35 15 3 5 1
1 2 2 4 1 1 1 9 2 7 31 16 14 35 15 5 10 1
1 1 5 4 1 1 3 9 5 7 23 14 22 11 7 3 16 1
3 2 2 2 2 5 4 8 5 7 33 17 6 9 7 3 12 1
3 1 4 4 2 5 4 10 5 7 33 17 6 9 4 3 9 1
4 2 5 2 2 4 1 11 2 7 31 16 19 6 10 5 10 1
5 3 2 6 1 4 3 8 5 7 32 18 20 39 9 3 12 0
4 3 2 4 1 5 1 9 2 7 31 16 14 35 15 5 10 1
3 4 2 4 1 4 1 9 2 7 31 16 14 35 15 5 10 1
3 1 3 5 1 3 3 8 5 7 31 17 6 9 5 3 5 1
3 4 6 6 1 4 4 8 5 7 31 17 6 9 5 3 12 1
4 3 5 4 1 1 1 8 2 7 31 16 19 6 15 3 5 1
5 1 5 4 1 4 1 8 2 7 32 16 14 5 10 3 12 0
2 4 3 5 1 1 3 11 5 7 31 17 6 9 5 3 9 1
1 1 5 5 1 2 1 8 6 3 28 5 3 31 8 5 10 0
1 1 3 6 1 3 3 10 5 7 23 14 22 11 7 3 16 1
1 1 5 2 2 5 4 13 5 3 17 4 27 1 7 3 16 0
1 2 5 4 1 2 3 8 5 7 23 14 22 11 7 3 5 0
3 3 3 1 1 4 2 9 2 7 30 16 14 6 12 3 12 1
2 3 6 1 1 4 4 8 5 7 31 17 6 9 5 3 12 1
4 4 3 6 1 2 4 9 7 7 31 9 16 37 4 3 12 0
5 2 6 1 1 1 2 8 2 7 30 16 14 6 12 3 12 1
2 2 3 4 1 4 4 8 5 7 33 17 6 9 7 3 9 0
3 4 2 6 2 2 1 8 5 7 30 18 20 10 5 3 12 0
5 2 2 4 1 1 1 8 2 7 31 16 19 6 10 3 5 1
3 3 3 2 1 5 2 8 2 7 30 16 14 6 12 3 12 1
2 3 6 4 1 3 3 9 5 7 31 17 6 9 5 3 16 1
3 1 5 2 2 4 3 8 5 7 31 17 6 9 5 3 12 0
3 2 2 1 1 2 2 8 2 7 30 16 14 6 12 3 12 1
3 3 6 2 1 1 2 8 2 7 30 16 14 6 12 3 12 1
1 1 5 1 1 5 4 2 5 3 8 4 21 21 7 5 10 0
3 4 4 2 3 3 1 8 2 7 31 16 14 35 15 3 16 1
3 4 5 1 1 4 2 9 2 7 30 16 14 6 12 3 12 1
3 2 5 1 1 3 2 9 2 7 30 16 14 6 12 3 12 1
5 1 6 4 2 5 1 9 2 7 31 16 19 6 10 3 13 1
2 2 5 4 2 1 4 8 5 7 33 17 6 9 7 3 8 1
5 1 2 2 2 2 1 8 2 7 31 16 19 6 10 3 5 0
2 3 5 6 3 4 1 3 6 3 28 5 3 31 8 5 10 1
5 4 3 2 2 4 1 8 2 7 31 16 19 6 10 5 10 0
2 1 4 3 2 1 1 7 2 7 31 16 14 35 15 5 10 1
1 1 2 2 2 2 3 8 5 7 31 17 6 9 5 3 9 0
1 1 3 4 3 1 4 9 2 7 24 16 14 35 11 3 9 1
2 2 4 4 1 1 4 8 5 7 24 17 6 9 4 3 5 1
2 2 5 2 1 4 3 9 5 7 31 17 6 9 5 3 5 1
1 1 3 5 1 5 3 8 2 7 1 16 14 35 16 5 10 0
2 3 3 1 1 5 3 9 5 7 31 17 6 9 5 3 16 0
1 1 6 3 1 1 4 2 5 3 14 4 21 40 4 5 10 1
1 3 5 2 2 4 4 6 2 7 3 16 14 9 5 5 10 0
4 2 4 6 1 1 1 9 2 7 31 16 19 6 10 3 5 0
1 1 5 3 2 2 4 10 5 7 34 17 6 9 7 3 1 1
4 2 2 3 1 1 1 9 2 7 31 16 19 6 10 5 10 1
2 3 6 6 1 4 2 12 2 7 30 16 14 6 12 3 12 1
2 1 6 4 1 2 4 8 2 7 24 16 14 35 11 3 9 1
1 1 6 4 2 3 4 8 5 7 33 17 6 9 4 5 10 1
3 2 5 3 1 4 4 8 5 7 31 17 6 9 5 3 12 0
4 2 5 2 1 5 3 9 2 7 34 16 14 35 12 3 5 0
1 1 5 5 1 5 4 8 5 3 9 4 21 40 4 5 10 0
2 1 4 1 2 3 4 8 5 7 33 17 6 9 4 3 1 1
4 2 1 1 1 5 2 8 2 7 30 16 14 6 12 3 12 0
1 1 3 3 1 4 3 3 2 7 1 16 14 35 16 5 10 1
1 1 4 1 1 2 3 9 5 7 31 17 6 9 5 3 16 1
2 4 3 5 2 4 3 8 5 7 31 17 6 9 5 3 16 0
4 4 6 1 1 4 2 8 2 7 30 16 14 6 12 3 12 1
5 2 2 3 2 1 1 8 2 4 30 7 15 27 15 5 10 1
4 3 4 2 2 5 1 8 2 7 31 16 19 6 15 5 10 1
4 2 5 1 2 1 2 9 2 7 30 16 14 6 12 3 12 1
2 3 1 3 1 3 4 8 2 7 24 16 14 35 11 3 9 1
4 4 6 1 1 2 2 8 2 7 30 16 14 6 12 3 12 1
4 4 5 1 1 3 2 8 2 7 30 16 14 6 12 3 12 1
2 2 6 2 1 3 1 9 2 7 31 16 14 35 15 5 10 1
3 4 6 6 1 3 1 8 2 7 31 16 14 35 15 5 10 1
1 3 5 2 1 5 4 13 5 3 17 4 27 1 7 3 5 1
4 4 4 3 2 4 2 9 2 7 30 16 14 6 12 3 12 0
5 3 3 6 1 2 4 8 5 7 32 10 5 48 4 3 12 1
2 2 5 5 1 5 3 8 5 7 31 17 6 9 5 3 12 1
5 3 4 4 1 2 1 8 2 7 31 16 19 6 15 3 5 0
2 1 5 2 2 5 4 8 5 7 33 17 6 9 4 3 1 1
4 1 4 4 1 1 4 8 2 7 31 16 19 6 11 3 9 0
5 1 2 3 1 2 1 8 2 7 31 16 19 6 15 5 10 1
5 2 2 6 1 3 4 8 5 7 32 10 2 26 9 3 5 0
2 3 6 2 2 3 2 10 2 7 30 16 14 6 12 3 12 1
3 4 4 4 1 1 3 10 2 7 31 16 14 35 10 3 9 1
4 2 5 5 1 4 4 8 5 7 33 17 6 9 7 3 9 0
3 4 5 6 1 4 1 9 2 7 31 16 14 35 15 5 10 0
3 1 5 3 2 1 3 8 5 7 31 17 6 9 5 3 16 0
4 1 6 1 1 1 4 8 5 7 31 17 6 9 5 3 12 0
2 1 5 2 1 5 3 12 7 7 39 9 16 37 7 3 12 0
5 1 3 6 1 1 2 8 2 7 30 16 14 6 12 3 12 0
1 1 6 1 1 5 3 10 5 7 23 14 22 11 7 3 1 0
3 3 5 1 1 1 2 8 2 7 30 16 14 6 12 3 12 0
5 4 3 1 1 2 1 9 2 7 31 16 19 6 10 3 9 0
1 4 3 1 1 3 3 8 5 7 31 17 6 9 5 3 12 1
2 1 3 4 2 4 3 8 2 7 31 16 14 35 10 3 9 1
4 4 3 1 1 1 1 9 5 7 30 18 20 10 5 3 12 0
1 1 5 4 1 1 3 12 2 7 36 16 24 30 10 5 10 0
4 3 5 6 2 5 1 8 2 7 31 16 14 35 15 5 10 1
1 1 2 4 2 5 4 8 5 7 33 17 6 9 4 3 1 1
5 2 5 5 1 2 1 8 2 7 31 16 19 6 10 3 5 0
4 1 4 5 2 4 4 10 5 7 33 17 6 9 4 5 10 1
1 2 6 5 2 5 3 8 5 7 31 17 6 9 5 5 10 0
3 2 3 5 1 1 3 8 2 7 31 16 14 35 10 3 9 1
1 1 3 1 1 5 4 12 5 3 8 4 21 21 7 5 10 0
1 3 2 4 2 4 1 9 2 7 31 16 14 35 15 5 10 1
1 2 4 6 2 5 3 3 2 7 31 16 14 35 10 3 9 1
2 3 5 5 1 4 3 8 2 7 34 16 14 35 12 3 5 1
4 3 5 6 3 3 3 8 2 7 31 16 14 35 10 3 16 1
2 1 6 4 2 5 3 8 2 7 31 16 14 35 10 3 16 0
5 3 6 2 1 2 1 11 2 7 31 16 19 6 15 3 5 0
3 2 3 1 1 2 2 8 2 7 30 16 14 6 12 3 12 1
3 1 6 6 1 3 3 2 2 3 13 2 10 4 13 5 10 1
1 1 2 2 2 2 3 8 5 3 18 4 14 9 5 5 10 1
3 2 6 4 2 1 3 11 5 7 31 17 6 9 5 3 16 0
4 2 3 1 1 2 2 9 2 7 30 16 14 6 12 3 12 1
5 4 5 2 1 5 1 9 2 7 31 16 19 6 10 3 9 1
1 2 2 3 2 2 4 10 5 7 34 17 6 9 7 3 1 1
3 3 5 1 1 3 2 8 2 7 30 16 14 6 12 3 12 0
5 4 3 5 1 1 1 9 2 7 31 16 14 35 15 3 5 1
1 3 4 6 1 1 3 2 5 7 23 14 22 11 7 5 10 1
4 3 5 6 1 4 2 8 2 7 30 16 14 6 12 3 12 0
1 1 4 1 1 1 3 8 5 7 31 17 6 9 5 3 16 1
2 1 5 1 2 4 3 8 5 7 31 17 6 9 5 3 12 0
2 2 5 5 2 5 1 11 2 7 31 16 14 35 15 3 9 0
1 2 4 2 2 2 4 8 5 7 34 17 6 9 7 3 1 1
3 2 3 4 1 3 4 11 5 7 24 17 6 9 4 3 5 1
1 2 5 2 3 5 3 2 2 7 31 16 14 35 10 5 10 1
2 2 5 2 1 2 3 8 5 7 31 17 6 9 5 3 5 1
3 1 4 1 2 1 2 9 2 7 30 16 14 6 12 3 12 1
3 1 5 1 2 3 4 8 7 7 31 9 16 37 4 3 9 0
4 3 3 1 1 3 2 9 2 7 30 16 14 6 12 3 12 1
2 4 6 1 1 3 3 8 1 7 37 15 18 47 7 3 12 1
3 4 5 6 1 5 2 8 2 7 30 16 14 6 12 3 12 0
5 4 3 2 2 1 1 11 2 7 31 16 19 6 10 3 5 0
1 3 5 6 2 5 1 9 2 7 31 16 14 35 15 3 5 1
3 3 3 2 1 1 1 8 5 7 30 18 20 10 5 3 12 0
2 1 3 6 1 4 3 12 1 7 37 15 18 47 7 5 10 1
3 3 2 4 1 1 1 11 2 7 31 16 14 35 15 5 10 1
4 2 6 1 1 3 4 11 7 7 31 9 16 37 4 3 12 1
1 1 4 1 2 4 3 9 5 7 31 17 6 9 5 3 1 1
1 3 3 6 2 5 4 11 5 7 34 17 6 9 7 3 1 1
4 4 2 2 1 3 1 10 2 7 31 16 19 6 10 3 5 1
3 2 1 1 1 4 3 8 5 7 23 14 22 11 7 3 1 1
5 3 5 3 1 2 2 11 2 7 30 16 14 6 12 3 12 1
3 1 5 4 2 2 4 8 5 7 34 17 6 9 7 3 16 0
1 1 5 5 2 5 4 3 2 5 36 2 23 42 11 5 10 0
2 2 4 4 1 5 4 2 5 3 13 4 21 40 4 5 10 1
3 1 5 1 1 5 2 8 2 7 30 16 14 6 12 3 12 1
4 3 1 1 1 3 4 8 5 7 31 17 6 9 5 3 12 1
5 3 3 4 1 3 4 8 2 7 31 16 19 6 11 3 13 0
4 2 5 1 1 2 4 8 7 7 32 9 16 37 4 3 12 0
1 3 1 5 2 2 4 8 5 7 33 17 6 9 4 3 1 1
2 1 5 2 1 2 4 10 5 7 24 17 6 9 4 3 16 1
5 4 5 2 2 2 1 8 2 7 31 16 19 6 10 3 5 1
2 2 6 6 1 2 2 9 2 7 30 16 14 6 12 3 12 0
5 3 3 5 1 1 2 10 2 7 30 16 14 6 12 3 12 1
3 1 5 1 2 3 3 8 5 7 31 17 6 9 5 3 12 0
1 1 3 6 3 4 4 3 2 7 31 16 14 9 5 5 10 0
4 2 3 4 1 2 4 8 5 7 32 18 20 10 4 3 12 0
2 2 4 4 3 5 3 8 2 7 31 16 14 35 10 3 9 0
2 3 6 1 1 3 2 8 2 7 30 16 14 6 12 3 12 1
1 2 5 4 2 3 4 8 5 7 34 17 6 9 7 5 10 0
1 3 5 4 1 5 1 8 2 7 22 16 14 5 10 3 14 1
1 2 5 2 1 1 3 8 5 7 31 17 6 9 5 3 9 1
2 3 3 6 1 2 2 7 2 7 30 16 14 6 12 3 12 0
5 4 4 6 1 1 1 8 2 7 31 16 14 35 15 5 10 1
1 2 4 4 1 3 4 9 2 7 24 16 14 35 11 3 9 1
1 2 4 3 2 3 3 8 2 7 31 16 14 35 10 3 16 1
1 1 3 4 1 5 4 9 5 3 8 4 21 21 7 5 10 1
1 3 4 3 1 3 3 8 5 7 31 17 6 9 5 3 16 1
2 3 2 4 2 5 3 8 2 7 31 16 14 35 10 3 9 1
4 2 2 2 1 2 1 10 2 7 31 16 19 6 10 3 5 1
2 2 4 4 2 4 3 8 2 7 31 16 14 35 10 3 9 1
3 2 3 2 1 4 4 11 2 7 24 16 14 35 11 5 10 0
5 4 5 6 1 3 1 8 2 7 32 7 15 36 15 3 12 1
3 1 3 4 2 5 4 8 5 7 34 17 6 9 7 3 1 1
3 1 5 3 1 3 4 10 7 7 32 6 14 9 5 3 5 0
5 2 4 3 2 1 1 11 2 7 31 16 19 6 15 5 10 1
5 4 5 2 1 3 1 8 5 7 30 18 20 10 5 3 12 0
1 4 3 3 1 3 3 8 5 7 31 17 6 9 5 5 10 1
4 3 4 4 2 2 1 8 2 7 31 16 14 35 15 5 10 0
3 3 4 2 2 1 3 8 5 7 23 14 22 11 7 3 1 1
5 4 3 1 1 3 1 10 5 7 30 18 20 10 5 3 12 1
3 1 3 3 1 2 3 9 5 7 31 17 6 9 5 3 9 1
2 2 4 2 2 4 3 8 5 7 31 17 6 9 5 3 16 0
4 1 3 1 1 2 4 9 5 7 31 17 6 9 5 3 5 0
1 3 3 2 2 3 3 8 5 7 23 14 22 11 7 3 5 1
2 2 5 2 2 5 3 8 5 7 31 17 6 9 5 3 16 1
3 3 6 1 1 4 2 8 2 7 30 16 14 6 12 3 12 0
3 1 2 4 2 2 4 9 5 7 31 17 6 9 5 3 12 0
5 4 2 1 1 4 1 8 5 7 30 18 20 10 5 3 12 1
3 3 6 3 1 1 3 8 5 7 23 14 22 11 7 3 9 1
2 3 5 6 3 2 3 9 2 7 31 16 14 35 10 3 16 1
5 2 3 6 1 2 3 9 5 7 33 17 6 9 5 5 10 0
3 3 4 5 2 4 1 11 2 7 31 16 19 6 10 3 5 1
5 4 3 1 1 1 1 8 2 7 31 16 19 6 15 3 9 0
2 1 2 6 1 5 4 9 5 3 37 4 27 45 4 3 12 0
1 1 2 5 1 3 4 14 5 5 35 17 6 13 4 5 10 1
2 3 6 2 2 3 3 8 5 7 31 17 6 9 5 3 1 1
2 4 5 1 1 2 2 9 2 7 30 16 14 6 12 3 12 1
1 1 5 5 3 5 1 3 6 3 28 5 3 31 8 5 10 0
3 1 6 5 1 4 1 9 2 7 31 16 19 6 15 5 10 1
2 3 5 5 1 2 4 10 5 7 24 17 6 9 4 3 9 1
4 2 4 1 2 3 4 8 5 7 32 18 20 10 4 3 12 0
4 2 5 2 1 1 4 8 5 7 32 10 5 48 4 3 12 1
5 2 6 4 1 1 1 8 2 7 31 16 19 6 15 5 10 1
3 2 2 1 1 5 3 11 5 7 31 17 6 9 5 3 16 0
3 2 4 1 1 3 4 8 5 7 30 10 5 48 4 3 12 1
1 1 5 2 1 5 1 2 6 3 28 5 3 31 8 3 1 0
3 2 2 2 1 5 3 8 5 7 31 17 6 9 5 3 5 0
1 1 5 5 1 2 3 8 5 7 23 14 22 11 7 3 1 1
3 2 4 5 1 3 4 8 5 7 30 10 5 48 4 3 12 1
1 1 5 3 1 3 4 13 5 5 37 14 22 15 4 5 10 0
1 1 4 4 2 4 3 12 2 7 36 16 14 35 13 5 10 1
2 1 3 3 1 2 3 9 5 7 31 17 6 9 5 3 9 1
1 1 3 5 2 5 4 12 2 7 24 16 14 35 11 3 8 0
3 1 2 1 1 2 3 8 5 7 31 17 6 9 5 3 16 0
5 3 4 4 1 1 1 8 2 7 31 16 19 6 15 5 10 1
1 2 2 4 1 2 4 8 2 7 24 16 14 35 11 3 9 1
1 2 5 2 1 1 3 3 5 7 23 14 22 11 7 3 12 0
1 1 5 5 3 2 4 3 5 7 24 17 6 9 4 5 10 1
4 4 5 2 1 4 1 8 5 7 30 18 20 10 5 3 12 1
1 2 1 4 2 5 1 8 2 7 31 16 14 35 15 5 10 1
1 1 5 3 1 4 3 13 5 7 31 17 6 9 5 3 16 1
5 1 4 2 1 1 4 8 2 7 31 16 19 6 11 3 9 0
3 3 4 1 2 1 2 2 2 7 30 16 14 6 12 3 12 1
1 1 5 6 1 5 3 12 7 7 39 9 16 37 7 5 10 1
2 2 4 2 1 5 3 9 5 7 31 17 6 9 5 5 10 0
1 2 5 4 2 1 4 9 5 7 33 17 6 9 4 3 8 1
3 3 5 1 2 4 2 8 2 7 30 16 14 6 12 3 12 1
3 3 3 2 1 5 2 8 2 7 30 16 14 6 12 3 12 1
3 1 3 6 1 3 4 9 5 7 32 10 5 48 4 3 12 1
3 4 6 3 1 3 2 8 2 7 30 16 14 6 12 3 12 1
1 1 3 2 2 2 3 7 2 7 36 16 14 35 12 5 10 1
5 1 5 2 1 5 1 8 2 7 31 16 14 29 10 5 10 0
4 2 2 5 3 5 3 8 5 7 33 17 6 9 5 5 10 0
3 1 5 1 1 4 2 8 2 7 30 16 14 6 12 3 12 1
1 2 2 5 1 2 4 9 2 7 24 16 14 35 11 3 5 1
3 3 3 2 1 5 4 8 7 7 31 9 16 37 4 3 12 1
5 4 3 1 1 1 2 8 2 7 30 16 14 6 12 3 12 1
4 4 5 1 1 1 1 8 5 7 30 18 20 10 5 3 12 0
5 4 6 6 1 5 1 9 2 7 31 16 19 6 10 3 12 1
2 2 3 3 1 4 3 9 5 7 31 17 6 9 5 3 9 1
3 2 5 2 2 2 2 8 2 7 30 16 14 6 12 3 12 0
2 3 5 6 1 4 2 9 2 7 30 16 14 6 12 3 12 0
1 1 6 5 2 5 4 8 5 7 33 17 6 9 4 5 10 0
4 2 5 4 1 5 1 9 2 7 31 16 19 6 10 3 9 1
4 2 5 2 1 2 1 8 2 7 31 16 19 6 10 5 10 1
4 1 4 2 3 5 3 8 5 7 33 17 6 9 5 3 1 0
2 1 5 6 1 5 4 10 5 7 34 17 6 9 7 3 1 0
1 1 3 4 1 4 4 9 2 7 24 16 14 35 11 5 10 1
1 3 3 5 1 1 1 2 5 7 17 18 20 22 3 5 10 1
5 1 5 3 2 1 1 8 2 7 32 16 19 6 10 3 5 0
2 3 4 2 1 5 1 8 2 7 22 16 14 5 10 3 1 1
1 1 5 5 1 5 4 8 5 7 1 17 6 9 5 5 10 1
3 3 3 3 1 2 1 10 2 7 32 16 14 5 10 3 9 0
2 2 5 5 1 3 2 8 2 7 30 16 14 6 12 3 12 1
1 3 4 5 1 4 4 3 5 7 33 17 6 9 7 3 8 0
1 2 6 6 1 4 2 8 2 7 30 16 14 6 12 3 12 1
1 1 6 6 1 1 4 8 5 7 34 17 6 9 7 3 1 1
4 3 5 6 1 1 4 8 5 7 32 10 5 48 4 3 12 1
3 4 2 1 1 3 1 8 5 7 30 18 20 10 5 3 12 0
2 3 2 5 1 3 3 8 5 7 31 17 6 9 5 3 1 1
2 2 5 6 1 3 2 8 2 7 30 16 14 6 12 3 12 0
5 3 4 2 1 5 1 9 2 7 31 16 14 35 15 3 5 0
1 3 2 6 1 5 4 9 5 7 34 17 6 9 7 3 1 1
4 3 6 5 1 4 3 8 2 7 34 16 14 35 12 3 12 0
1 1 3 5 2 3 4 2 5 7 33 17 6 9 4 3 1 1
1 4 6 3 1 5 4 14 5 3 18 4 21 21 7 5 10 1
2 1 4 1 1 2 3 8 5 7 31 17 6 9 5 3 16 0
2 2 2 5 1 1 3 11 5 7 23 14 22 11 7 3 5 1
3 1 3 3 2 4 4 8 5 7 33 17 6 9 4 5 10 1
4 1 5 2 1 5 1 10 2 7 30 16 19 6 10 3 5 0
1 1 4 3 2 5 4 14 5 7 33 17 6 9 4 5 10 1
3 1 3 4 1 4 3 8 5 7 31 17 6 9 5 5 10 1
2 3 5 4 1 2 3 8 5 7 31 17 6 9 5 3 1 1
3 1 5 5 2 2 3 8 2 7 1 16 14 35 16 5 10 0
5 4 4 5 1 1 1 7 2 7 31 16 14 35 15 5 10 1
5 4 5 3 1 3 1 8 2 7 31 16 19 6 15 5 10 1
1 3 4 1 1 4 4 12 5 3 8 4 21 21 7 5 10 1
2 4 5 1 1 3 2 9 2 7 30 16 14 6 12 3 12 1
2 1 2 3 1 3 3 8 5 7 31 17 6 9 5 3 16 1
4 4 5 1 1 2 2 8 2 7 30 16 14 6 12 3 12 1
4 3 2 5 1 2 1 8 2 7 31 16 19 6 15 3 9 0
2 2 3 2 1 5 3 10 5 7 31 17 6 9 5 3 5 1
5 2 3 3 1 1 4 8 2 7 31 16 19 6 11 3 9 0
2 1 2 1 1 4 2 8 2 7 30 16 14 6 12 3 12 0
3 4 6 4 1 5 3 8 2 7 31 16 14 35 10 3 9 1
5 4 3 1 1 4 1 8 5 7 30 18 20 10 5 3 12 1
3 2 6 4 2 4 4 8 5 7 33 17 6 9 4 3 1 0
2 1 5 4 1 2 3 9 5 7 23 14 22 11 7 3 16 1
5 3 2 6 1 4 1 10 2 7 32 16 19 6 15 3 12 0
4 1 3 5 1 2 1 9 2 7 31 16 14 35 15 5 10 1
2 4 6 1 1 2 2 8 2 7 30 16 14 6 12 3 12 1
4 2 3 3 1 1 1 8 2 7 31 16 14 35 15 3 5 0
3 4 3 6 1 5 1 8 5 7 30 18 20 10 5 3 12 0
2 1 2 5 2 3 4 8 5 3 18 4 21 21 7 5 10 1
3 1 5 2 1 1 4 10 7 7 31 9 16 37 4 3 12 1
3 1 4 4 1 3 1 8 2 7 31 16 19 6 10 3 5 0
1 2 5 4 1 5 1 3 2 7 22 16 14 5 10 5 10 1
1 1 1 5 3 1 4 1 2 7 31 16 14 9 5 5 10 0
4 3 5 1 2 1 2 9 2 7 30 16 14 6 12 3 12 1
3 3 4 1 1 3 2 8 2 7 30 16 14 6 12 3 12 1
1 1 1 1 3 5 3 4 2 7 36 16 24 30 10 5 10 0
3 4 5 3 1 1 1 9 2 7 31 16 14 35 15 3 12 1
3 1 3 4 2 5 4 8 5 7 31 17 6 9 5 5 10 1
4 1 3 2 1 3 4 9 2 7 31 16 19 6 11 3 5 0
1 2 2 2 2 5 3 8 5 7 31 17 6 9 5 3 16 1
2 2 3 1 1 3 2 9 2 7 30 16 14 6 12 3 12 1
4 1 4 6 1 5 4 13 5 3 19 4 27 1 7 5 10 0
1 2 4 4 1 5 3 2 2 7 1 16 14 35 16 3 9 1
5 4 6 1 1 4 1 9 2 7 31 16 19 6 10 3 5 0
5 1 5 4 1 4 1 8 2 7 31 16 19 6 10 5 10 1
4 1 4 6 2 4 1 2 2 7 31 16 19 6 10 3 5 1
1 1 3 6 2 5 4 12 5 3 8 4 21 21 7 5 10 0
1 1 5 4 1 2 4 9 5 7 33 17 6 9 4 3 9 1
1 3 5 5 1 5 4 2 5 3 18 4 21 21 7 5 10 1
3 2 6 4 3 4 3 11 2 7 31 16 14 35 10 3 9 1
4 4 2 4 2 2 3 8 2 7 34 16 14 35 12 3 9 0
4 2 3 1 1 4 4 8 5 7 32 10 5 48 4 3 12 1
1 2 4 4 1 3 4 9 5 3 37 4 27 45 4 3 5 1
1 1 4 3 1 4 4 12 5 3 8 4 21 21 7 5 10 1
5 1 4 5 1 1 1 8 2 7 31 16 19 6 15 5 10 1
2 1 6 5 1 1 3 10 5 7 23 14 22 11 7 3 1 1
1 1 6 2 1 2 4 8 5 7 24 17 6 9 4 5 10 0
4 2 2 2 2 1 2 9 2 7 30 16 14 6 12 3 12 0
1 2 4 6 2 4 4 2 5 7 33 17 6 9 7 3 1 1
1 2 5 3 2 5 1 2 2 7 31 16 14 35 15 5 10 1
5 3 4 5 1 1 1 8 2 7 30 16 19 6 10 3 12 0
4 2 5 1 1 3 2 11 2 7 30 16 14 6 12 3 12 1
4 3 3 1 1 1 1 9 5 7 30 18 20 10 5 3 12 1
3 4 3 4 1 2 1 11 2 7 31 16 19 6 10 3 5 0
1 2 6 6 1 1 3 8 5 7 23 14 22 11 7 5 10 0
1 2 5 1 1 4 1 9 5 7 30 18 20 10 5 3 12 1
4 2 6 5 1 4 1 8 2 7 31 16 14 35 15 5 10 0
1 4 6 4 1 5 1 6 2 7 22 16 14 5 10 5 10 1
1 1 2 6 1 5 1 14 6 5 10 5 9 33 17 5 10 0
2 3 3 4 1 4 3 8 5 7 31 17 6 9 5 5 10 1
3 2 5 4 1 1 3 8 5 7 31 17 6 9 5 3 12 0
4 4 2 3 1 4 2 2 2 7 30 16 19 6 12 3 12 0
1 4 3 5 1 2 3 8 5 7 31 17 6 9 5 3 9 0
3 3 5 5 1 3 2 10 2 7 30 16 14 6 12 3 12 0
5 4 5 6 2 5 1 8 2 7 30 16 19 6 10 3 5 0
1 4 3 6 1 2 2 9 2 7 30 16 14 6 12 3 12 1
2 2 2 3 2 3 4 9 5 7 34 17 6 9 7 5 10 1
3 2 2 5 2 2 3 8 5 7 31 17 6 9 5 3 16 0
3 3 5 1 1 4 2 8 2 7 30 16 14 6 12 3 12 0
3 3 3 1 1 3 4 8 5 7 32 10 5 48 4 3 12 1
2 3 5 6 1 2 2 8 2 7 30 16 14 6 12 3 12 1
5 2 4 1 1 4 4 8 2 7 31 16 19 6 11 3 5 0
2 4 6 2 1 5 1 8 5 7 30 18 20 10 5 3 12 1
1 3 2 3 2 5 1 9 2 7 31 16 14 35 15 5 10 1
5 3 5 6 2 2 1 10 2 7 31 16 19 6 10 3 9 0
1 1 3 5 2 4 4 9 5 7 34 17 6 9 7 3 1 1
3 1 3 3 2 2 4 9 5 7 1 17 6 9 5 5 10 1
3 2 5 5 2 1 3 8 2 7 31 16 14 35 10 3 5 1
3 4 4 1 2 1 2 9 2 7 30 16 14 6 12 3 12 1
4 4 4 1 2 2 4 8 5 7 31 17 6 9 5 3 12 0
3 1 5 1 2 5 4 8 7 7 31 9 16 37 4 3 12 0
5 4 3 2 1 1 1 8 2 7 31 16 14 35 15 3 5 0
3 3 4 3 1 4 1 8 2 7 31 16 14 35 15 3 12 0
2 4 3 1 1 2 2 8 2 7 30 16 14 6 12 3 12 0
2 3 4 2 2 4 4 8 5 7 30 10 5 48 4 3 12 1
2 1 3 3 2 4 4 8 5 7 24 17 6 9 4 3 5 0
5 4 4 6 1 2 3 8 5 7 32 18 20 39 9 3 12 0
5 4 4 6 1 2 1 10 2 7 31 16 19 6 10 3 9 1
2 2 6 2 2 5 3 8 5 7 31 17 6 9 5 3 12 0
2 4 5 5 2 5 1 7 2 7 31 16 14 35 15 3 5 0
2 3 4 2 1 1 3 8 2 7 31 16 14 35 10 3 5 1
3 4 5 3 1 4 1 9 2 7 31 16 14 35 15 3 5 1
4 3 3 1 1 5 4 9 5 7 30 10 5 48 4 3 12 1
5 3 2 3 2 2 1 8 2 7 31 16 19 6 10 3 5 0
2 1 5 2 1 1 4 8 7 7 31 9 16 37 4 3 12 0
5 2 3 4 1 4 1 9 2 7 31 16 19 6 15 5 10 1
2 1 4 4 2 2 4 8 5 7 33 17 6 9 4 3 8 1
2 2 4 1 2 4 3 8 5 7 31 17 6 9 5 3 16 0
1 1 5 1 1 1 4 12 5 3 8 4 21 21 7 5 10 0
4 1 6 6 2 3 1 9 2 7 31 16 19 6 10 3 5 1
2 1 5 6 2 5 4 8 5 7 31 17 6 9 5 5 10 0
5 2 2 3 1 3 1 8 2 7 31 16 19 6 15 3 5 0
2 4 3 6 1 5 4 8 5 7 31 17 6 9 5 3 12 0
5 2 2 5 1 1 1 8 2 7 31 16 19 6 10 3 5 0
3 2 4 5 1 4 4 9 2 7 24 16 14 35 11 3 9 0
1 1 1 6 2 4 3 12 5 7 37 14 22 41 7 5 10 0
3 3 3 4 1 2 4 8 5 7 31 17 6 9 5 3 12 0
2 2 2 5 1 4 3 11 5 7 31 17 6 9 5 3 16 1
3 1 5 4 2 4 4 8 2 7 24 16 14 35 11 3 5 1
1 2 2 2 2 4 1 8 2 7 31 16 14 35 15 5 10 1
2 3 5 5 2 4 1 10 2 7 31 16 14 35 15 5 10 1
2 4 3 2 2 3 4 8 5 7 34 17 6 9 4 3 16 1
1 2 5 1 1 1 3 8 5 7 31 17 6 9 5 3 16 1
1 2 6 4 2 5 4 3 5 5 35 17 6 13 4 5 10 0
3 1 6 3 1 3 3 8 5 7 31 17 6 9 5 3 5 1
1 3 5 5 2 5 3 8 2 7 31 16 14 35 10 3 16 1
2 1 4 1 1 5 2 8 2 7 30 16 14 6 12 3 12 1
4 4 3 6 1 4 2 8 2 7 30 16 14 6 12 3 12 0
2 2 4 5 1 2 4 8 5 7 24 17 6 9 4 3 16 0
1 1 4 6 1 5 4 12 5 3 37 4 27 45 4 5 10 0
2 1 5 2 1 3 3 8 5 7 31 17 6 9 5 3 16 1
1 3 3 2 1 4 3 7 5 7 31 17 6 9 5 3 9 0
4 4 4 2 1 3 2 10 2 7 30 16 14 6 12 3 12 1
4 4 3 1 1 4 1 9 5 7 30 18 20 10 5 3 12 0
2 1 5 5 1 4 4 12 2 7 24 16 14 35 11 5 10 0
4 3 3 5 1 2 1 7 2 7 31 16 14 35 15 3 5 1
2 3 3 2 2 4 3 8 5 7 23 14 22 11 7 3 5 0
3 1 3 3 1 2 1 7 2 4 38 16 19 6 16 3 5 1
1 1 3 5 1 4 4 7 5 5 35 17 6 13 4 5 10 1
1 3 5 3 1 5 2 10 2 7 30 16 14 6 12 3 12 1
5 4 6 4 2 1 1 11 2 4 30 7 15 27 15 3 5 1
3 3 3 6 2 5 1 8 2 7 31 16 14 35 15 3 9 1
1 1 3 6 3 5 1 3 6 7 28 12 17 38 3 3 1 1
2 1 4 5 2 5 4 11 2 7 24 16 14 35 11 3 9 0
1 1 1 2 1 5 4 12 5 3 8 4 21 21 7 5 10 0
2 3 3 2 1 1 3 10 5 7 31 17 6 9 5 3 12 0
1 1 5 3 1 5 4 12 5 5 35 17 6 13 4 5 10 0
1 2 5 4 1 4 3 9 5 7 31 17 6 9 5 3 16 1
2 1 4 2 1 5 3 8 5 7 31 17 6 9 5 3 12 0
4 3 6 1 2 1 4 8 7 7 31 9 16 37 4 3 12 1
2 2 6 4 1 5 3 8 5 7 31 17 6 9 5 5 10 0
2 2 5 3 1 4 4 9 2 7 24 16 14 35 11 3 5 1
5 4 5 2 1 1 2 8 5 7 31 17 11 17 9 3 12 1
1 3 2 4 2 5 3 12 2 3 37 2 10 4 13 5 10 1
2 2 3 3 2 2 3 8 5 7 31 17 6 9 5 3 16 1
4 2 5 4 2 4 1 8 2 7 31 16 14 35 15 3 14 1
2 1 5 1 1 5 3 8 5 7 31 17 6 9 5 3 16 0
2 1 3 6 1 5 4 10 5 7 33 17 6 9 7 3 1 0
3 2 3 3 2 2 3 10 5 7 31 17 6 9 5 3 16 0
1 1 1 6 1 5 3 12 1 7 37 15 18 47 7 5 10 0
5 3 3 6 1 2 1 8 2 7 32 16 19 6 10 3 5 1
4 1 4 5 1 4 4 8 5 7 33 17 6 9 7 3 9 0
1 1 5 2 2 3 4 7 5 3 17 4 27 1 7 5 10 1
1 3 3 4 2 3 4 2 5 7 24 17 6 9 4 3 9 1
4 1 4 2 1 5 4 8 5 7 31 17 6 9 7 5 10 0
1 4 3 6 1 5 1 9 3 7 31 11 30 9 5 3 1 1
1 1 3 2 1 5 1 8 6 5 28 12 17 14 17 3 9 1
3 2 5 3 1 5 4 8 5 7 33 17 6 9 4 5 10 1
1 1 3 3 1 5 4 13 5 3 37 4 27 45 4 5 10 0
4 4 5 4 1 2 1 9 2 7 31 16 19 6 10 3 5 1
2 2 4 2 2 2 3 8 5 7 31 17 6 9 5 3 5 0
5 4 5 5 1 3 1 8 2 7 32 16 19 6 10 3 12 0
1 3 3 2 2 2 3 8 5 7 23 14 22 11 7 3 5 1
4 1 3 5 2 4 4 10 5 7 33 17 6 9 4 5 10 1
3 2 4 5 1 2 3 10 2 7 31 16 14 35 10 3 16 0
2 1 4 5 1 3 4 8 5 7 24 17 6 9 4 3 9 0
2 2 2 4 2 3 3 8 5 7 23 14 22 11 7 3 9 1
3 3 3 3 1 5 2 8 2 7 30 16 14 6 12 3 12 0
2 2 3 3 1 4 3 11 5 7 23 14 22 11 7 3 16 0
1 2 5 5 2 4 4 4 2 7 3 16 14 9 5 5 10 1
1 2 5 5 1 5 4 9 5 7 34 17 6 9 7 5 10 0
4 3 4 1 1 1 2 8 2 7 30 16 14 6 12 3 12 1
1 4 5 5 3 4 3 2 2 7 31 16 14 35 10 3 16 1
3 2 3 6 1 2 1 8 2 7 31 16 14 35 15 5 10 1
5 2 1 6 1 3 1 8 2 7 31 16 14 35 15 3 5 0
3 2 6 3 1 4 1 9 2 7 31 16 19 6 10 3 5 0
2 1 4 3 2 4 4 9 2 7 24 16 14 35 11 3 9 0
3 3 4 3 1 3 1 8 2 7 31 16 19 6 15 3 5 1
1 2 3 3 2 3 4 12 5 7 33 17 6 9 4 3 1 1
1 3 3 5 2 3 1 9 2 7 31 16 14 35 15 5 10 1
4 3 5 2 1 2 2 8 2 7 30 16 14 6 12 3 12 1
1 1 3 5 1 1 3 10 5 7 23 14 22 11 7 3 5 0
3 2 5 4 2 4 4 8 2 7 24 16 14 35 11 3 5 1
2 3 2 3 2 5 2 8 5 7 31 17 11 17 9 3 12 1
4 1 4 1 1 5 1 8 2 7 31 16 14 35 15 5 10 0
1 3 3 2 1 1 4 7 5 3 8 4 21 21 7 3 8 1
2 3 3 2 1 4 3 8 5 7 31 17 6 9 5 3 16 1
3 2 4 1 1 3 4 8 7 7 31 9 16 37 4 3 12 1
2 3 5 2 2 5 3 8 5 7 31 17 6 9 5 3 16 0
1 1 4 4 1 2 4 12 5 3 18 4 21 21 7 5 10 0
1 3 5 6 1 5 3 8 5 7 23 14 22 11 7 3 9 1
2 1 1 3 1 3 4 9 2 7 31 16 19 6 11 5 10 1
2 3 5 4 1 1 3 2 2 7 1 16 14 35 16 5 10 1
4 4 3 5 1 1 1 7 2 7 31 16 14 35 15 3 5 0
2 1 2 1 2 5 4 11 7 7 31 9 16 37 4 3 12 0
3 3 5 5 1 4 1 9 2 7 31 16 14 35 15 5 10 1
4 1 5 1 1 1 2 8 2 7 30 16 14 6 12 3 12 1
1 3 5 3 1 3 3 8 5 7 23 14 22 11 7 3 9 1
3 4 4 1 1 2 2 11 2 7 30 16 14 6 12 3 12 1
5 2 4 6 1 5 2 10 2 7 32 16 19 6 12 3 12 0
1 1 3 6 1 5 1 12 2 7 37 16 24 8 10 5 10 0
4 4 6 1 1 1 2 8 2 7 30 16 14 6 12 3 12 1
2 3 6 1 1 4 2 8 2 7 30 16 14 6 12 3 12 1
4 3 2 2 1 3 1 9 2 7 31 16 19 6 10 5 10 0
2 3 6 4 1 4 3 9 2 7 34 16 14 35 10 3 9 1
3 2 3 1 1 5 2 9 2 7 30 16 14 6 12 3 12 1
4 2 4 5 1 4 4 9 5 7 33 17 6 9 7 5 10 0
3 1 5 1 1 2 2 8 2 7 30 16 14 6 12 3 12 1
4 3 2 3 2 1 4 8 5 7 31 17 6 9 5 3 5 0
1 1 2 2 2 3 4 9 5 7 33 17 6 9 4 5 10 1
3 3 2 6 1 4 1 9 2 7 31 16 14 35 15 3 12 1
1 1 1 1 2 5 3 2 2 7 36 16 24 30 10 5 10 0
3 4 3 2 1 2 2 9 2 7 30 16 14 6 12 3 12 0
1 1 4 3 1 4 3 12 5 7 37 14 22 41 7 5 10 1
2 2 6 6 1 5 2 8 2 7 30 16 14 6 12 3 12 1
2 1 5 4 2 1 4 8 5 7 24 17 6 9 4 3 9 1
2 2 4 2 1 4 3 9 5 7 31 17 6 9 5 3 1 1
1 1 5 4 1 3 3 11 5 7 31 17 6 9 5 3 1 1
3 2 5 5 1 4 3 9 2 3 13 2 10 4 13 5 10 1
2 1 4 4 1 1 3 8 5 7 31 17 6 9 5 3 16 1
1 2 6 4 3 2 4 3 5 7 24 17 6 9 4 3 5 0
3 4 5 1 2 2 1 8 5 7 30 18 20 10 5 3 12 0
1 2 4 4 1 3 4 8 5 7 33 17 6 9 4 5 10 0
5 3 6 3 1 3 1 8 2 7 31 16 14 29 15 3 5 0
2 3 5 2 1 5 3 8 5 7 31 17 6 9 5 3 1 1
3 2 5 2 1 2 1 9 2 7 31 16 14 35 15 5 10 0
5 4 5 4 2 1 1 8 2 7 31 16 19 6 15 3 5 0
1 1 5 5 1 2 4 12 5 7 1 17 6 9 5 3 15 1
5 1 2 3 2 2 1 8 2 4 30 7 15 27 15 5 10 1
3 4 3 2 1 2 3 10 5 7 31 17 6 9 5 3 12 0
1 1 3 3 2 3 4 12 5 3 18 4 21 21 7 5 10 1
1 2 5 5 3 1 4 9 2 7 24 16 14 35 11 3 9 1
1 1 3 6 3 1 4 9 2 7 24 16 14 35 11 5 10 1
3 4 2 6 1 1 1 9 2 7 31 16 14 35 15 3 5 0
1 1 5 6 1 1 4 8 5 7 24 17 6 9 4 3 16 1
3 1 3 1 1 3 4 8 5 7 32 18 20 10 4 3 12 0
4 1 2 4 1 5 4 10 5 7 32 18 20 10 4 3 12 0
3 3 3 4 1 5 3 7 2 7 34 16 14 35 12 3 9 0
1 1 3 1 2 5 3 12 2 7 36 16 24 30 10 5 10 0
2 1 4 4 1 2 4 10 5 7 24 17 6 9 4 5 10 1
2 3 5 3 1 1 3 9 5 7 31 17 6 9 5 3 12 0
5 2 5 5 1 2 1 8 2 7 31 16 19 6 15 3 12 0
3 4 4 6 1 2 2 8 2 7 30 16 14 6 12 3 12 0
3 1 6 3 1 4 4 7 5 7 1 17 6 9 5 5 10 1
1 3 5 6 2 5 4 8 5 7 33 17 6 9 7 5 10 1
5 2 4 6 1 4 3 8 5 7 31 17 6 9 5 3 5 0
2 2 3 1 2 2 3 8 5 7 31 17 6 9 5 3 16 0
3 2 2 4 1 1 3 11 5 7 31 17 6 9 5 3 5 1
1 2 6 3 2 3 3 8 5 7 23 14 22 11 7 5 10 1
4 2 6 3 1 4 2 8 2 7 30 16 14 6 12 3 12 0
5 4 3 1 1 1 1 11 5 7 30 18 20 10 5 3 12 1
2 3 2 3 1 4 3 11 5 7 23 14 22 11 7 3 1 0
2 2 4 4 1 4 1 7 2 7 31 16 14 35 15 3 9 1
3 4 5 2 1 4 2 8 2 7 30 16 14 6 12 3 12 1
1 4 2 4 1 5 1 8 3 7 31 11 30 9 5 3 1 1
1 2 2 2 1 4 4 9 2 7 24 16 14 35 11 3 5 1
1 1 5 5 3 4 3 2 5 7 31 17 6 9 5 3 1 0
1 2 2 5 3 1 4 8 2 7 24 16 14 35 11 5 10 1
5 1 3 4 1 2 1 10 2 7 32 7 15 36 15 3 5 0
3 1 5 4 2 4 3 8 5 3 18 4 14 9 5 5 10 1
4 4 5 2 1 5 3 8 5 7 31 17 6 9 5 3 12 0
1 1 3 3 2 5 4 13 5 5 37 14 22 15 4 5 10 1
4 2 2 1 1 5 4 8 5 7 31 17 6 9 5 3 12 0
1 3 6 6 2 3 1 10 2 7 31 16 14 35 15 5 10 0
1 4 5 6 1 5 3 4 1 7 37 15 18 47 7 3 12 1
2 1 4 4 1 1 4 9 5 7 24 17 6 9 4 5 10 1
1 2 4 2 2 2 4 11 5 3 18 4 14 9 5 3 1 1
3 2 6 2 1 3 2 8 2 7 30 16 14 6 12 3 12 1
1 2 4 4 2 3 4 12 5 2 35 17 6 12 7 5 10 1
3 2 1 6 3 2 3 8 2 7 31 16 14 35 10 3 16 1
4 3 3 1 1 4 4 9 7 7 31 9 16 37 4 3 12 0
1 1 3 6 1 2 4 1 2 7 31 16 14 9 5 5 10 0
1 1 4 4 2 3 3 2 5 7 35 17 6 9 7 5 10 1
1 1 4 6 2 5 4 12 5 3 8 4 21 21 7 5 10 0
3 1 5 2 1 5 1 9 2 7 31 16 14 35 15 3 5 0
3 3 5 6 2 4 1 8 2 7 31 16 14 35 15 3 14 1
3 3 5 5 1 2 3 8 2 7 34 16 14 35 12 3 5 1
4 4 3 5 1 3 1 9 2 7 31 16 19 6 15 5 10 0
1 4 3 4 1 4 3 11 5 7 31 17 6 9 5 3 16 0
4 3 4 2 1 2 1 8 2 7 31 16 14 35 15 3 5 1
1 3 2 4 1 3 4 9 5 3 37 4 27 45 4 5 10 1
3 3 5 5 1 2 3 8 2 7 34 16 14 35 12 3 5 1
3 1 4 6 1 4 1 9 2 7 31 16 19 6 10 3 7 0
3 4 5 1 1 4 2 9 2 7 30 16 14 6 12 3 12 1
3 2 5 1 2 2 3 8 5 7 31 17 6 9 5 3 16 0
4 2 3 4 2 3 1 10 2 7 31 16 14 35 15 5 10 1
1 2 3 5 2 5 4 9 5 7 34 17 6 9 4 5 10 1
3 1 1 1 1 3 2 9 2 7 30 16 14 6 12 3 12 1
3 2 2 1 1 4 2 8 2 7 30 16 14 6 12 3 12 0
5 3 4 6 1 5 3 10 5 7 32 18 20 39 9 3 12 0
3 4 5 3 1 3 2 10 2 7 30 16 14 6 12 3 12 1
1 2 4 5 1 5 4 2 2 7 24 16 14 35 11 3 9 1
1 3 4 4 1 5 3 2 5 7 31 17 6 9 5 3 16 1
3 3 5 2 1 4 1 9 2 7 31 16 14 35 15 3 5 1
4 1 5 2 1 4 1 8 2 7 31 16 14 35 15 3 5 0
2 1 6 3 1 2 3 9 2 3 13 2 10 4 13 3 9 1
1 3 3 4 1 5 3 8 5 7 23 14 22 11 7 3 5 1
1 1 5 3 1 2 4 12 5 7 1 17 6 9 5 5 10 1
3 3 2 3 2 3 3 8 2 7 34 16 14 35 12 5 10 0
3 3 5 3 1 4 1 8 2 7 31 16 14 35 15 3 1 1
4 4 3 1 1 1 2 8 2 7 30 16 14 6 12 3 12 1
3 2 5 1 1 3 2 8 2 7 30 16 14 6 12 3 12 1
3 3 3 1 1 5 1 9 5 7 30 18 20 10 5 3 12 1
4 1 4 4 2 5 4 9 5 7 31 17 6 9 5 3 5 0
1 1 2 1 1 5 3 9 5 7 31 17 6 9 5 3 16 0
1 2 4 4 1 5 4 8 5 7 33 17 6 9 7 3 5 1
3 4 3 1 1 3 1 8 5 7 30 18 20 10 5 3 12 1
1 3 5 6 1 2 1 3 5 7 30 18 20 10 5 5 10 0
1 4 2 6 2 5 4 10 5 7 34 17 6 9 7 3 1 1
1 3 3 2 1 1 3 7 5 7 31 17 6 9 5 3 9 1
2 3 6 2 2 5 3 8 5 7 31 17 6 9 5 3 12 0
1 3 5 2 1 5 1 8 6 5 28 12 17 14 17 3 9 1
2 1 4 5 1 3 4 9 5 3 37 4 27 45 4 5 10 0
1 1 4 3 1 5 1 4 6 7 28 12 17 38 3 5 10 0
4 1 3 3 1 4 1 7 2 7 31 16 14 35 15 3 5 1
1 1 5 4 1 3 4 9 5 7 24 17 6 9 4 3 9 1
3 2 3 1 1 2 4 8 7 7 31 9 16 37 4 3 12 1
5 1 4 6 1 1 4 11 2 7 32 2 14 9 5 3 5 0
3 3 4 4 1 5 1 9 2 7 31 16 14 35 15 3 9 1
3 3 5 1 1 2 2 8 2 7 30 16 14 6 12 3 12 1
2 4 5 3 1 4 1 8 5 7 30 18 20 10 5 3 12 1
4 4 3 3 1 4 1 9 2 7 31 16 19 6 10 5 10 1
4 3 2 1 1 1 1 9 2 7 31 16 19 6 15 3 5 0
4 1 3 6 1 5 4 8 5 7 33 17 6 9 7 3 5 0
4 3 4 3 1 4 1 8 2 7 31 16 19 6 10 3 13 0
4 1 4 6 1 5 4 9 5 7 31 17 6 9 7 3 5 0
5 2 3 2 1 1 4 8 5 7 31 17 6 9 5 3 12 0
4 4 3 6 1 3 1 9 2 7 31 16 19 6 10 3 5 1
3 1 2 5 1 3 1 11 5 7 30 18 20 10 5 3 12 1
2 2 1 4 2 1 3 8 5 7 31 17 6 9 5 3 16 1
5 1 3 6 1 2 4 8 5 7 31 17 6 9 5 3 12 0
2 3 5 6 1 5 4 8 7 7 31 9 16 37 4 3 12 0
1 1 3 3 2 4 3 8 5 7 23 14 22 11 7 3 1 1
2 1 5 2 1 4 3 8 5 7 31 17 6 9 5 3 16 1
1 1 4 6 1 5 4 13 5 3 37 4 27 45 4 5 10 0
2 3 5 4 1 5 3 8 5 7 31 17 6 9 5 3 16 1
1 1 5 5 2 3 4 8 5 3 17 4 27 1 7 3 1 1
5 2 6 1 1 1 2 8 2 7 30 16 14 6 12 3 12 1
2 1 5 5 1 1 3 8 5 7 23 14 22 11 7 3 5 1
1 3 5 3 1 4 3 2 5 7 31 17 6 9 5 3 9 1
5 1 3 4 2 1 1 8 2 7 31 16 19 6 15 5 10 0
4 1 3 6 1 5 4 13 5 3 19 4 27 1 7 5 10 0
1 2 2 3 2 4 3 8 5 7 31 17 6 9 5 3 5 1
2 2 4 3 2 1 4 10 5 7 33 17 6 9 4 3 1 1
4 3 4 6 2 4 1 10 2 7 31 16 19 6 10 3 5 1
2 1 5 4 2 2 4 10 2 7 24 16 14 35 11 3 9 0
3 4 6 2 1 5 2 8 2 7 30 16 14 6 12 3 12 0
4 4 2 5 1 3 1 9 2 7 31 16 14 35 15 3 5 0
4 4 5 1 1 5 1 9 2 7 31 16 14 35 15 3 5 1
2 4 4 6 1 5 4 8 7 7 31 9 16 37 4 3 12 0
2 1 5 2 2 2 3 8 5 7 23 14 22 11 7 3 5 1
1 1 2 3 1 2 3 9 5 7 31 17 6 9 5 3 1 1
2 4 5 1 2 5 1 8 5 7 30 18 20 10 5 3 12 0
5 3 6 5 1 2 1 8 2 7 31 16 19 6 10 5 10 1
2 2 5 3 1 2 4 8 5 7 24 17 6 9 4 3 5 1
5 4 4 3 1 3 1 9 2 7 31 16 19 6 15 3 5 0
5 4 5 2 1 3 1 8 5 7 30 18 20 10 5 3 12 1
2 2 2 5 1 4 3 11 5 7 31 17 6 9 5 3 12 1
3 3 4 1 1 3 1 9 5 7 30 18 20 10 5 3 12 1
1 1 5 6 1 1 3 7 5 7 23 14 22 11 7 3 16 1
1 1 3 3 1 3 1 12 2 7 37 16 24 8 10 5 10 0
4 1 4 5 1 2 3 8 2 3 13 2 10 4 13 3 13 0
3 2 1 2 2 3 2 8 2 7 30 16 14 6 12 3 12 1
2 3 5 5 2 5 1 9 2 7 31 16 14 35 15 3 5 1
2 2 2 5 1 3 3 9 2 3 13 2 10 4 13 5 10 1
3 4 3 3 2 4 1 8 2 7 22 16 14 5 10 5 10 0
5 3 3 1 1 4 1 7 2 7 31 16 14 29 10 3 5 0
1 2 3 2 1 5 1 12 2 7 31 16 14 35 15 5 10 1
2 1 6 2 2 4 4 8 5 7 33 17 6 9 4 3 1 1
3 2 5 3 1 4 4 9 7 7 31 9 16 37 4 3 12 1
4 1 5 2 1 4 1 8 2 7 31 16 14 35 15 5 10 0
1 3 5 4 2 1 1 8 6 7 28 12 17 38 3 5 10 1
1 1 3 4 1 4 3 12 7 7 39 9 16 37 7 5 10 1
4 4 4 4 1 4 4 8 5 7 34 17 6 9 7 3 1 0
3 1 5 6 2 1 1 8 2 7 31 16 14 35 15 5 10 1
5 2 5 3 2 4 1 2 2 7 31 16 19 6 15 5 10 1
4 3 6 2 1 3 1 8 2 7 31 16 19 6 15 3 5 0
3 3 4 6 2 4 4 9 2 7 24 16 14 35 11 3 5 0
1 1 5 3 1 2 2 9 2 7 30 16 14 6 12 3 12 0
1 3 3 6 1 1 3 9 5 7 23 14 22 11 7 3 1 1
1 1 3 4 2 1 1 5 6 3 28 5 3 31 8 5 10 0
5 1 3 6 2 1 1 8 2 7 31 16 19 6 15 3 5 0
3 4 4 5 2 4 1 11 2 7 31 16 19 6 10 3 5 1
2 2 5 4 1 5 3 8 5 7 23 14 22 11 7 3 9 0
2 2 5 1 1 4 4 9 5 7 31 17 6 9 5 3 12 1
4 4 3 2 1 3 1 8 5 7 30 18 20 10 5 3 12 0
3 3 5 1 2 2 2 8 2 7 30 16 14 6 12 3 12 1
5 3 6 6 1 2 4 8 5 7 32 10 2 26 9 3 5 0
2 1 2 4 2 5 4 8 5 7 33 17 6 9 4 3 1 1
3 4 5 6 1 5 1 9 2 7 31 16 14 35 15 3 12 1
1 3 6 3 1 2 4 9 2 7 24 16 14 35 11 3 9 1
4 2 6 2 1 3 1 8 2 7 31 16 19 6 10 3 13 0
3 1 3 2 1 5 4 9 5 7 33 17 6 9 4 5 10 1
3 4 3 1 1 5 1 8 5 7 30 18 20 10 5 3 12 1
3 2 5 3 1 5 1 8 5 7 30 18 20 10 5 3 12 1
2 3 5 2 1 1 3 7 5 7 23 14 22 11 7 3 16 1
3 4 5 2 1 2 3 9 2 7 31 16 14 35 10 3 5 1
4 3 6 3 1 2 1 8 2 7 31 16 19 6 15 3 5 0
2 3 3 1 1 1 3 8 5 7 23 14 22 11 7 3 12 0
1 3 6 4 1 4 3 10 5 7 23 14 22 11 7 3 9 1
2 2 4 3 2 5 3 8 5 7 23 14 22 11 7 3 1 1
4 1 5 1 1 2 2 8 2 7 30 16 14 6 12 3 12 1
1 1 5 4 1 5 3 8 5 7 31 17 6 9 5 5 10 1
3 4 4 1 1 2 4 10 5 7 32 10 5 48 4 3 12 1
3 4 2 6 1 3 1 9 5 7 30 18 20 10 5 3 12 1
3 1 3 4 2 2 4 8 5 7 31 17 6 9 5 3 5 1
1 1 5 6 1 5 1 8 3 1 5 13 29 46 16 5 10 0
4 3 3 6 2 4 1 8 2 7 31 16 19 6 15 3 5 1
3 1 4 4 1 5 3 11 5 7 31 17 6 9 5 3 1 0
4 2 3 6 2 4 3 8 2 7 31 16 14 35 10 3 16 0
3 2 3 6 1 2 1 10 2 7 31 16 14 35 15 3 5 0
2 1 4 4 3 1 4 2 5 7 24 17 6 9 4 3 5 0
1 1 3 3 1 2 1 6 2 7 15 16 14 9 5 5 10 0
5 3 2 2 1 1 1 9 2 7 31 16 19 6 10 5 10 1
1 1 3 4 2 5 4 14 5 3 17 4 27 1 7 5 10 1
5 3 3 6 2 2 3 8 2 7 32 16 14 5 12 3 5 0
4 1 5 4 1 3 1 9 2 7 31 16 19 6 10 5 10 1
2 1 5 3 2 2 4 11 5 7 33 17 6 9 7 3 16 1
2 1 4 6 1 5 3 2 5 3 18 4 14 9 5 5 10 1
3 2 6 4 2 5 4 8 5 7 31 17 6 9 5 5 10 1
1 1 5 1 1 5 1 3 3 1 5 13 29 46 16 5 10 0
1 2 5 3 2 2 4 10 5 7 34 17 6 9 7 3 1 1
1 2 5 4 2 2 4 8 5 7 34 17 6 9 7 3 1 1
3 3 4 1 1 1 3 8 5 7 31 17 6 9 5 3 12 0
3 1 2 1 2 4 2 9 2 7 30 16 14 6 12 3 12 0
2 3 4 1 1 3 3 8 5 7 31 17 6 9 5 3 16 1
1 2 3 1 1 3 4 10 5 7 31 17 6 9 5 3 12 1
1 2 4 2 1 4 3 8 5 7 31 17 6 9 5 3 9 0
2 4 5 6 2 5 3 8 5 7 23 14 22 11 7 3 9 1
1 3 5 6 1 1 3 2 5 7 31 17 6 9 5 3 12 1
2 2 5 3 1 1 3 9 5 7 23 14 22 11 7 3 5 1
1 1 3 5 2 5 4 14 5 3 8 4 21 21 7 5 10 0
5 2 5 4 2 3 3 8 5 7 31 17 6 9 5 3 12 0
2 2 5 2 1 2 3 11 5 7 31 17 6 9 5 3 1 0
1 4 4 6 1 1 3 2 5 7 31 17 6 9 5 5 10 1
5 2 2 2 1 1 2 8 2 7 30 16 14 6 12 3 12 1
3 3 5 2 1 3 4 8 5 7 32 10 5 48 4 3 12 1
1 1 6 4 1 5 3 12 2 7 1 16 14 35 16 5 10 1
2 2 5 3 1 5 3 8 5 7 31 17 6 9 5 3 16 1
5 3 5 5 2 4 1 8 2 7 31 16 19 6 10 5 10 1
5 4 5 4 1 1 1 8 5 7 30 18 20 10 5 3 12 1
3 1 3 6 2 3 2 9 2 7 30 16 14 6 12 3 12 0
3 1 3 2 1 3 4 8 5 7 32 10 5 48 4 3 12 0
5 4 4 1 1 1 1 9 2 7 31 16 14 29 15 5 10 1
1 2 3 3 1 2 4 7 2 7 24 16 14 35 11 3 5 1
5 3 4 5 1 5 4 8 5 7 31 17 6 9 5 3 12 0
2 3 4 1 2 3 4 10 5 7 34 17 6 9 4 3 1 1
1 1 2 2 1 5 1 8 6 3 28 5 3 31 8 5 10 1
1 2 3 4 2 2 4 9 5 7 34 17 6 9 7 3 1 1
3 3 3 2 1 5 3 8 5 7 31 17 6 9 5 3 5 1
3 3 2 3 2 4 1 9 2 7 31 16 14 35 15 5 10 1
4 4 3 4 1 4 1 7 2 7 31 16 19 6 10 3 13 1
1 4 4 2 1 5 3 9 5 7 31 17 6 9 5 5 10 1
5 1 5 6 1 1 4 8 5 7 32 10 2 16 2 3 5 0
3 3 3 1 1 2 3 9 5 7 32 17 6 9 5 3 12 0
3 2 3 3 1 3 3 11 5 7 31 17 6 9 5 3 16 0
2 2 5 3 1 3 3 7 5 7 23 14 22 11 7 3 5 1
1 1 4 3 1 5 4 14 5 3 17 4 27 1 7 5 10 0
2 2 6 1 1 2 3 9 5 7 31 17 6 9 5 3 1 0
3 3 5 1 1 2 3 8 5 7 31 17 6 9 5 3 12 0
2 4 3 5 2 2 1 9 2 7 31 16 14 35 15 3 5 1
4 2 4 4 1 1 3 8 2 7 31 16 14 35 10 5 10 1
3 1 6 1 1 5 4 8 7 7 32 9 25 43 4 3 12 1
5 2 4 6 1 5 1 9 2 7 31 16 19 6 15 3 12 0
1 1 5 5 2 2 3 10 5 7 23 14 22 11 7 3 1 1
1 2 3 2 2 5 3 8 5 7 31 17 6 9 5 3 16 1
2 4 3 3 2 4 2 7 2 7 30 16 14 6 12 3 12 0
3 2 5 2 1 2 3 8 5 7 31 17 6 9 5 3 1 0
5 4 4 5 1 1 1 10 2 7 31 16 19 6 15 3 12 0
3 2 5 1 1 3 2 8 2 7 30 16 14 6 12 3 12 1
1 2 3 2 2 3 1 7 2 7 31 16 14 35 15 5 10 1
3 3 3 2 1 3 2 8 2 7 30 16 14 6 12 3 12 1
2 3 6 5 1 4 3 8 2 7 34 16 14 35 12 3 5 1
4 2 3 6 1 3 1 8 2 7 31 16 19 6 10 3 5 1
4 4 4 1 2 2 1 9 5 7 30 18 20 10 5 3 12 1
4 1 4 1 2 3 4 8 7 7 31 9 16 37 4 3 12 0
1 2 3 4 1 3 1 2 2 7 31 16 14 35 15 5 10 0
4 1 1 6 1 2 1 9 2 7 31 16 14 35 15 3 5 1
5 4 2 1 1 2 1 8 2 7 31 16 19 6 10 3 9 0
1 2 3 5 1 2 1 8 5 7 30 18 20 10 5 3 12 0
4 3 4 1 1 1 2 8 2 7 30 16 14 6 12 3 12 1
3 3 3 2 1 4 4 11 7 7 32 9 16 37 4 3 12 1
5 2 5 6 1 4 1 8 2 7 32 16 19 6 10 3 5 0
4 2 4 6 1 5 2 8 2 7 30 16 14 6 12 3 12 0
4 2 6 1 1 1 4 8 5 7 31 17 6 9 5 3 12 1
3 2 3 3 1 4 4 12 5 7 31 17 6 9 5 3 12 1
1 3 5 1 1 5 1 8 3 1 5 13 29 46 16 5 10 1
3 2 2 2 1 4 3 8 5 7 31 17 6 9 5 3 5 1
3 3 3 5 1 3 4 9 2 7 24 16 14 35 11 3 12 1
2 2 2 6 1 4 1 9 2 7 31 16 14 35 15 3 12 1
2 3 5 3 1 2 1 9 2 7 31 16 14 35 15 5 10 1
1 1 4 5 2 5 4 13 5 3 18 4 14 9 5 3 1 1
2 2 2 5 2 3 4 8 5 7 34 17 6 9 7 3 8 1
2 2 5 3 1 1 3 9 5 7 23 14 22 11 7 3 5 1
2 3 4 2 1 4 3 8 5 7 31 17 6 9 5 3 16 1
2 1 5 1 1 2 2 9 2 7 30 16 14 6 12 3 12 0
2 3 6 1 1 3 2 9 2 7 30 16 14 6 12 3 12 0
1 1 6 4 1 1 4 8 2 7 24 16 14 35 11 3 5 1
1 1 3 6 1 1 3 8 5 7 23 14 22 11 7 3 1 1
1 3 5 6 2 5 1 4 6 7 28 12 17 38 3 3 1 1
4 2 4 3 2 3 3 8 2 7 34 16 14 35 12 3 12 0
5 3 3 5 1 4 1 8 2 7 31 16 19 6 15 3 5 0
2 3 4 5 1 4 1 9 2 7 31 16 14 35 15 3 12 1
3 1 3 6 1 3 2 7 2 7 30 16 14 6 12 3 12 0
3 3 2 4 1 3 3 8 5 7 31 17 6 9 5 3 5 1
1 2 2 5 1 1 4 8 5 3 37 4 27 45 4 3 1 1
2 2 4 4 2 3 4 8 5 7 24 17 6 9 4 3 16 1
2 1 3 3 1 3 3 9 5 7 31 17 6 9 5 3 9 1
3 4 6 5 1 4 3 9 2 3 13 2 10 4 13 5 10 1
2 2 5 2 1 2 3 8 5 7 31 17 6 9 5 3 5 1
1 4 2 6 1 5 4 9 5 7 34 17 6 9 7 3 1 1
4 2 4 6 2 4 1 10 2 7 31 16 19 6 10 3 5 1
1 1 3 2 2 4 4 8 5 7 33 17 6 9 4 5 10 1
3 2 6 4 1 5 2 9 2 7 30 16 14 6 12 3 12 1
5 2 4 6 1 1 1 8 2 7 31 16 14 35 15 5 10 1
4 2 6 6 1 5 3 8 5 7 32 17 6 9 5 3 12 0
4 4 2 5 1 2 1 9 2 7 31 16 14 35 15 3 5 0
4 4 4 2 1 1 2 11 2 7 30 16 19 6 12 5 10 1
5 1 6 6 2 1 1 11 2 7 32 16 19 6 10 3 5 0
2 3 5 6 1 3 1 8 5 7 30 18 20 10 5 3 12 1
3 3 6 4 2 2 3 8 2 7 34 16 14 35 12 3 5 1
2 2 4 3 1 1 1 10 2 7 32 16 14 5 10 3 9 1
5 1 4 6 1 4 1 9 2 7 31 16 19 6 15 3 12 0
2 1 5 6 1 3 1 8 5 7 30 18 20 10 5 3 12 1
4 3 5 6 1 1 4 8 5 7 32 18 20 10 4 3 12 0
4 3 4 1 2 1 2 10 2 7 30 16 14 6 12 3 12 1
2 4 5 6 1 3 3 12 1 7 37 15 18 47 7 5 10 1
1 1 2 1 2 5 4 8 5 7 33 17 6 9 4 3 1 1
1 1 6 3 1 2 3 8 5 7 31 17 6 9 5 3 5 1
4 3 3 6 2 4 3 8 5 7 31 17 6 9 5 3 5 0
2 2 3 4 2 5 4 12 2 7 24 16 14 35 11 5 10 0
3 1 4 6 1 4 1 10 2 7 31 16 19 6 15 3 7 0
1 4 3 3 2 5 1 9 2 7 31 16 14 35 15 5 10 1
1 1 2 1 2 5 4 8 5 7 33 17 6 9 4 3 1 1
1 1 6 3 1 3 3 8 5 7 31 17 6 9 5 3 16 1
2 3 2 6 1 3 1 9 2 7 31 16 14 35 15 5 10 1
4 4 4 1 1 4 1 8 5 7 30 18 20 10 5 3 12 1
2 3 5 4 2 5 3 11 2 7 31 16 14 35 10 3 9 1
1 3 6 3 1 1 1 9 2 7 31 16 14 35 15 3 9 0
2 4 3 1 1 2 1 8 5 7 30 18 20 10 5 3 12 1
4 3 2 4 2 2 1 11 2 7 31 16 14 35 15 3 5 0
1 2 3 5 1 4 3 8 5 7 23 14 22 11 7 5 10 1
2 4 3 6 1 5 2 9 2 7 30 16 14 6 12 3 12 1
1 1 3 6 1 4 1 12 2 7 37 16 24 8 10 5 10 0
3 2 4 1 1 1 2 8 2 7 30 16 14 6 12 3 12 0
1 1 5 3 2 4 4 12 5 3 8 4 21 21 7 5 10 1
3 1 5 6 1 2 3 8 5 7 33 17 6 9 5 5 10 0
3 2 6 2 1 4 1 9 5 7 30 18 20 10 5 3 12 1
3 1 5 1 1 3 4 8 7 7 31 9 16 37 4 3 12 1
2 2 4 4 1 5 3 8 5 7 31 17 6 9 5 3 1 1
2 2 3 3 1 3 3 10 5 7 23 14 22 11 7 3 16 1
5 1 3 6 1 1 1 8 2 7 31 16 19 6 15 3 9 0
2 1 3 3 2 2 4 10 5 7 33 17 6 9 4 3 1 1
1 1 6 1 1 3 2 7 2 7 30 16 14 6 12 3 12 1
2 2 2 3 1 4 4 8 5 7 34 17 6 9 7 3 8 1
2 4 2 1 2 5 3 8 5 7 31 17 6 9 5 3 16 0
1 3 4 3 1 3 3 9 5 7 37 14 22 41 7 3 12 0
3 4 6 1 1 3 4 8 5 7 31 17 6 9 5 3 12 1
5 1 5 2 1 5 1 10 2 7 31 16 19 6 10 5 10 1
1 1 5 4 1 3 4 14 5 3 17 4 21 21 7 5 10 0
2 1 2 3 2 3 4 9 5 7 34 17 6 9 7 3 1 1
2 3 3 1 1 2 2 9 2 7 30 16 14 6 12 3 12 1
2 1 3 6 1 2 4 8 5 7 31 17 6 9 5 3 12 0
4 1 5 1 1 2 1 9 5 7 30 18 20 10 5 3 12 1
1 1 3 5 2 5 4 14 5 3 14 4 21 40 4 5 10 0
2 3 4 2 1 4 3 8 5 7 23 14 22 11 7 3 1 1
5 1 4 5 2 3 4 8 2 7 31 16 19 6 11 3 5 0
3 4 2 6 1 4 1 9 2 7 31 16 14 35 15 3 12 1
4 3 5 3 1 3 1 9 2 7 31 16 19 6 10 3 5 1
2 2 5 3 1 4 1 7 2 7 31 16 14 35 15 3 5 0
3 1 5 2 1 5 1 8 5 7 30 18 20 10 5 3 12 1
1 1 3 5 1 4 4 8 2 7 24 16 14 35 11 3 9 1
1 1 4 4 1 2 3 14 5 6 27 4 8 20 7 5 10 0
2 4 5 4 3 2 3 8 2 7 31 16 14 35 10 3 16 1
2 1 5 2 1 5 4 2 5 7 31 17 6 9 7 3 5 1
1 1 4 4 2 5 4 12 5 7 33 17 6 9 7 5 10 0
1 1 4 5 2 5 4 12 5 3 8 4 21 21 7 5 10 0
1 2 3 4 2 4 4 8 5 7 33 17 6 9 4 3 1 1
2 3 3 1 1 3 2 9 2 7 30 16 14 6 12 3 12 1
2 2 4 1 1 3 2 9 2 7 30 16 14 6 12 3 12 1
1 1 3 3 2 4 3 8 5 7 31 17 6 9 5 3 9 0
3 4 5 1 1 2 1 9 5 7 17 18 20 22 3 3 12 1
2 1 4 3 1 5 3 8 5 7 31 17 6 9 5 3 16 1
3 3 3 1 1 5 2 9 2 7 30 16 14 6 12 3 12 1
2 4 4 3 1 3 4 8 7 7 31 9 16 37 4 3 12 0
1 3 6 1 1 4 2 8 2 7 30 16 14 6 12 3 12 1
2 3 2 3 1 5 3 8 5 7 31 17 6 9 5 3 12 0
4 2 2 1 1 2 1 9 2 7 31 16 19 6 10 3 5 1
3 2 2 1 1 4 2 8 2 7 30 16 14 6 12 3 12 1
3 2 1 5 2 5 4 8 5 7 34 17 6 9 7 3 1 1
1 1 6 2 1 4 4 8 5 7 33 17 6 9 4 3 1 0
4 4 3 1 1 1 1 8 2 7 31 16 19 6 10 3 5 0
2 2 3 6 1 4 3 12 1 7 37 15 18 47 7 5 10 0
1 1 3 4 1 3 1 3 6 3 28 5 3 31 8 5 10 0
4 1 4 3 1 1 4 9 5 7 31 17 6 9 7 3 5 1
1 2 1 2 1 4 3 8 5 7 31 17 6 9 5 5 10 1
1 4 3 3 1 3 3 8 5 7 31 17 6 9 5 5 10 1
3 1 4 4 2 4 3 7 2 7 31 16 14 35 10 3 12 0
5 3 4 6 1 1 4 8 2 7 31 16 19 6 11 3 5 1
1 2 5 4 1 5 4 9 2 7 24 16 14 35 11 3 5 1
3 3 5 6 1 4 1 8 2 7 31 16 19 6 10 3 5 1
4 3 3 1 1 4 1 8 5 7 30 18 20 10 5 3 12 1
4 4 5 5 1 2 4 8 5 7 31 17 6 9 5 3 12 0
1 1 5 5 3 5 3 2 2 7 31 16 14 35 10 3 16 1
1 1 6 3 1 1 4 8 2 7 24 16 14 35 11 3 9 1
5 1 2 6 2 1 1 10 2 7 31 16 19 6 10 3 5 0
3 1 4 3 1 4 4 9 5 7 1 17 6 9 5 5 10 1
4 2 5 5 2 5 3 8 5 7 31 17 6 9 5 3 5 1
4 1 4 6 1 5 4 9 5 3 19 4 27 1 7 5 10 0
5 4 5 6 1 3 4 8 5 7 32 10 5 48 4 3 12 1
1 2 5 3 1 5 3 9 2 7 1 16 14 35 16 5 10 1
4 4 5 4 1 1 1 8 2 7 31 16 19 6 15 3 5 1
5 1 5 5 1 2 1 8 2 7 31 16 14 35 15 5 10 1
3 3 2 2 1 4 4 8 5 7 31 17 6 9 5 3 12 1
3 4 4 4 1 4 4 8 5 7 30 10 5 48 4 3 12 1
3 2 5 3 2 4 4 11 2 7 24 16 14 35 11 3 5 0
1 2 4 5 1 3 4 11 5 7 24 17 6 9 4 3 5 1
5 4 4 6 1 2 3 10 5 7 32 17 6 9 5 3 12 0
3 1 4 2 1 4 4 8 5 7 30 10 5 48 4 3 12 1
5 1 5 6 1 5 3 8 5 7 32 17 6 9 5 3 12 0
5 2 5 6 2 4 4 8 5 7 31 17 6 32 4 3 5 0
1 3 6 4 1 2 3 9 5 7 31 17 6 9 5 3 1 1
1 1 5 6 1 4 4 13 5 3 17 4 27 1 7 3 12 0
5 1 5 2 1 2 1 8 2 7 31 16 19 6 15 3 5 0
3 2 3 4 1 2 1 8 2 7 31 16 19 6 10 5 10 1
2 1 4 3 1 2 3 9 5 7 23 14 22 11 7 3 5 1
1 1 2 5 1 5 4 6 3 7 25 3 26 9 5 5 10 0
2 3 2 6 1 3 4 8 7 7 31 9 16 37 4 3 12 1
3 4 2 4 2 3 1 8 2 7 31 16 19 6 15 3 12 1
4 3 5 1 2 2 1 8 5 7 30 18 20 10 5 3 12 0
4 4 3 2 1 3 1 9 2 7 31 16 19 6 10 5 10 1
1 1 5 2 1 3 4 8 2 7 24 16 14 35 11 3 5 1
1 1 3 5 3 5 4 3 5 3 14 4 21 40 4 5 10 0
3 3 3 1 1 4 2 8 2 7 30 16 14 6 12 3 12 0
1 1 3 3 1 4 3 12 2 7 36 16 14 35 12 5 10 0
3 3 3 3 1 2 3 9 5 7 31 17 6 9 5 3 5 1
1 1 5 4 2 1 4 9 2 7 24 16 14 35 11 3 9 1
2 3 5 3 1 4 4 9 5 7 34 17 6 9 7 5 10 0
2 1 6 5 1 5 4 10 5 7 33 17 6 9 7 3 9 1
4 4 5 1 2 3 4 8 7 7 31 9 16 37 4 3 9 1
1 2 6 4 1 5 3 10 5 7 31 17 6 9 5 3 12 1
3 3 4 6 1 5 1 7 2 7 31 16 14 35 15 5 10 1
2 1 4 6 1 5 4 11 7 7 31 9 16 37 4 3 12 1
3 2 5 3 2 4 3 9 2 3 13 2 10 4 13 5 10 0
1 2 5 2 1 5 3 12 1 7 37 15 18 47 7 3 12 1
1 1 3 3 2 1 4 8 2 7 24 16 14 35 11 5 10 1
4 2 2 5 1 3 1 9 2 7 31 16 14 35 15 3 5 0
2 3 5 3 2 4 1 10 6 3 28 5 3 31 8 3 1 1
2 4 3 3 1 3 1 8 5 7 30 18 20 10 5 3 12 1
4 3 2 4 1 2 1 9 2 7 31 16 14 35 15 3 5 0
2 1 5 5 2 5 3 8 5 7 31 17 6 9 5 5 10 1
4 1 3 6 1 5 4 11 5 7 32 18 20 10 4 3 12 0
3 1 2 1 1 4 4 13 5 3 38 4 21 9 16 3 5 0
1 1 4 5 2 5 3 4 2 7 31 16 14 35 10 5 10 1
1 3 4 4 1 5 4 8 5 7 34 17 6 9 7 3 5 1
1 3 5 5 1 4 4 3 2 7 24 16 14 35 11 3 5 1
4 3 4 1 1 3 4 8 7 7 31 9 16 37 4 3 12 0
5 3 4 4 2 1 1 10 2 7 31 16 19 6 10 5 10 1
5 1 5 5 2 4 3 8 2 7 32 16 19 6 13 3 5 0
3 2 5 2 1 2 3 11 5 7 31 17 6 9 5 3 1 0
2 1 1 3 2 3 4 9 5 7 33 17 6 9 4 5 10 1
3 1 4 5 1 4 3 8 2 7 33 16 14 35 12 5 10 0
4 4 5 6 2 3 4 8 5 7 31 17 6 9 5 3 12 0
3 3 3 6 2 4 4 10 7 7 31 9 16 37 4 3 12 0
3 1 6 5 1 4 2 8 2 7 30 16 14 6 12 3 12 0
5 1 4 4 2 3 4 8 2 7 31 16 19 6 11 5 10 1
2 1 5 5 1 5 3 9 1 7 37 15 18 47 7 3 12 0
2 1 2 5 3 3 1 9 6 3 28 5 3 31 8 5 10 1
1 3 5 5 3 3 1 2 6 7 28 12 17 38 3 5 10 1
1 1 2 6 1 2 2 9 2 7 30 16 14 6 12 3 12 0
1 1 5 4 3 2 4 9 5 7 33 17 6 9 7 3 16 1
2 2 3 1 2 4 2 2 2 7 30 16 14 6 12 3 12 1
3 3 5 4 1 2 2 8 2 7 30 16 14 6 12 3 12 1
1 1 5 6 1 5 3 2 5 7 35 17 6 9 7 5 10 0
1 3 5 3 2 5 3 11 5 7 23 14 22 11 7 3 1 1
5 2 3 5 1 1 1 8 2 7 31 16 19 6 15 3 5 0
2 2 5 3 1 2 3 10 5 7 23 14 22 11 7 3 5 1
2 1 2 4 3 5 4 8 5 7 34 17 6 9 7 3 1 1
3 3 4 6 2 3 3 10 2 7 31 16 14 35 10 3 16 1
3 2 6 1 1 1 2 8 2 7 30 16 14 6 12 3 12 0
3 4 3 1 2 3 2 9 2 7 30 16 14 6 12 3 12 1
1 1 5 3 1 5 4 8 5 7 24 17 6 9 4 5 10 1
1 1 2 3 1 5 3 7 2 3 13 2 10 4 13 5 10 1
3 1 1 3 2 4 4 8 5 7 1 17 6 9 5 5 10 1
4 1 2 5 1 1 3 8 2 7 34 16 14 35 12 5 10 1
3 4 5 1 1 2 2 8 2 7 30 16 14 6 12 3 12 1
2 3 5 1 1 2 3 8 5 7 31 17 6 9 5 3 16 0
1 1 2 4 1 5 3 8 2 7 1 16 14 35 16 5 10 1
2 4 5 5 1 1 3 8 1 7 37 15 18 47 7 5 10 1
1 1 5 5 1 5 4 12 5 3 8 4 21 21 7 5 10 0
2 1 4 3 1 2 3 8 5 7 31 17 6 9 5 3 12 0
2 2 5 2 1 1 3 8 5 7 23 14 22 11 7 3 16 1
2 1 4 5 1 2 4 8 2 7 24 16 14 35 11 3 9 1
3 4 5 1 1 2 2 8 2 7 30 16 14 6 12 3 12 1
5 2 1 5 2 1 1 8 2 7 31 16 19 6 15 3 5 0
1 1 5 5 2 3 3 2 6 2 28 12 17 38 6 5 10 0
3 4 2 1 1 5 3 8 5 7 31 17 6 9 5 3 16 0
2 1 4 5 1 1 2 8 2 7 30 16 14 6 12 5 10 0
3 1 2 3 1 2 3 8 5 7 31 17 6 9 5 3 9 1
3 3 5 2 1 3 3 8 5 7 23 14 22 11 7 3 1 1
1 2 4 2 2 2 4 11 5 7 33 17 6 9 4 3 1 1
1 2 2 6 2 4 4 11 5 7 34 17 6 9 7 3 1 1
2 2 2 5 1 4 3 11 5 7 31 17 6 9 5 3 16 1
1 1 4 1 1 5 4 3 5 3 9 4 21 40 4 5 10 1
3 2 3 3 1 3 1 11 2 7 31 16 14 35 15 3 9 0
1 1 6 5 1 5 3 9 2 3 13 2 10 4 13 5 10 1
3 2 5 1 1 1 3 8 5 7 31 17 6 9 5 3 12 0
1 1 5 3 2 5 1 9 6 3 28 5 3 31 8 3 1 1
4 2 6 4 2 4 1 8 2 7 31 16 19 6 10 3 5 0
5 1 4 6 1 1 1 8 2 7 31 16 19 6 15 3 5 0
5 4 4 5 2 5 1 8 5 7 30 18 20 10 5 3 12 0
2 1 5 6 1 2 4 10 5 7 24 17 6 9 4 5 10 0
3 2 3 6 2 1 4 8 2 7 24 16 14 35 11 5 10 1
1 2 2 6 1 3 4 8 5 7 31 17 6 9 5 3 12 0
3 2 3 3 2 1 1 7 2 7 31 16 14 35 15 3 5 1
4 2 3 6 1 4 2 8 2 7 30 16 14 6 12 3 12 1
4 2 2 4 2 2 3 8 2 7 34 16 14 35 12 3 12 0
5 4 3 5 1 1 2 10 2 7 30 16 14 6 12 3 12 1
2 1 5 4 1 4 1 9 2 7 31 16 14 35 15 3 5 1
1 2 5 2 1 3 4 9 5 3 17 4 27 1 7 3 16 1
1 1 3 1 2 5 4 13 2 5 36 2 23 42 11 5 10 0
3 1 4 3 3 4 3 8 2 7 31 16 14 35 10 3 16 1
1 1 5 2 2 3 3 3 5 7 35 17 6 9 7 5 10 0
5 3 4 3 1 4 1 8 2 7 31 16 19 6 10 3 5 1
1 1 1 4 3 5 4 3 5 3 18 4 21 21 7 5 10 0
4 3 3 6 1 5 1 7 2 7 31 16 19 6 10 3 5 1
3 2 2 4 1 5 4 8 5 7 31 17 6 9 5 3 12 0
1 1 3 1 1 4 3 7 2 7 1 16 14 35 16 5 10 1
3 2 5 3 1 4 2 8 2 7 30 16 14 6 12 3 12 0
3 2 6 4 3 4 3 11 2 7 31 16 14 35 10 3 9 1
2 1 2 2 2 4 3 10 2 7 31 16 14 35 10 3 9 1
4 2 6 4 1 1 1 11 2 7 31 16 14 35 15 3 5 0
5 3 3 4 1 1 1 8 2 7 31 16 19 6 15 5 10 1
4 1 2 4 1 4 4 9 2 7 31 16 19 6 11 5 10 0
2 3 1 6 1 4 3 12 1 7 37 15 18 47 7 3 12 1
4 4 2 6 1 1 2 9 2 7 30 16 14 6 12 3 12 0
4 4 4 5 1 2 1 8 5 7 30 18 20 10 5 3 12 0
4 3 3 1 1 1 2 10 2 7 30 16 14 6 12 3 12 0
3 1 6 1 1 3 2 8 2 7 30 16 14 6 12 3 12 0
1 1 4 2 2 5 4 12 5 3 37 4 21 21 7 5 10 0
1 1 3 2 1 1 1 12 2 7 37 16 24 8 10 5 10 0
1 3 4 3 3 5 3 8 2 7 31 16 14 35 10 3 16 1
1 1 3 6 1 2 2 8 2 7 30 16 14 6 12 3 12 1
1 1 4 2 2 3 3 8 5 7 31 17 6 9 5 3 1 1
5 2 3 6 1 2 4 8 5 7 32 10 2 26 9 3 5 0
1 3 6 6 1 5 4 8 5 7 33 17 6 9 7 3 16 1
2 3 4 2 2 4 3 7 2 7 31 16 14 35 10 3 9 1
2 1 3 3 1 4 3 9 5 7 31 17 6 9 5 3 5 1
2 2 2 5 2 3 4 8 5 7 33 17 6 9 7 3 5 0
1 2 3 5 3 1 4 3 2 7 24 16 14 35 11 3 5 0
1 1 5 5 1 2 3 8 5 7 23 14 22 11 7 3 16 1
1 1 5 3 2 4 3 3 2 3 37 2 10 4 13 5 10 0
1 2 4 4 1 5 4 12 5 7 1 17 6 9 5 5 10 1
3 3 3 1 1 4 1 8 5 7 30 18 20 10 5 3 12 0
4 2 4 1 1 2 4 8 5 7 31 17 6 9 5 3 5 0
1 1 6 3 2 5 4 14 2 5 36 2 23 42 11 5 10 0
4 2 4 6 1 3 2 10 2 7 30 16 14 6 12 3 12 1
1 4 3 2 1 3 4 8 5 7 34 17 6 9 7 3 1 1
4 1 4 6 1 4 3 8 5 7 33 17 6 9 5 5 10 0
1 1 4 3 1 5 3 8 5 7 31 17 6 9 5 3 9 1
2 1 4 1 1 1 3 10 5 7 31 17 6 9 5 3 1 0
1 1 4 4 1 3 4 12 5 3 14 4 21 40 4 5 10 1
5 3 5 3 2 4 1 8 2 7 31 16 19 6 15 3 5 0
5 3 3 5 2 2 1 9 2 7 31 16 19 6 10 3 5 0
1 3 4 5 2 5 1 3 3 1 5 13 29 46 16 5 10 1
1 4 5 2 1 5 1 6 2 7 22 16 14 5 10 3 9 1
3 4 2 1 1 2 1 8 5 7 30 18 20 10 5 3 12 1
2 3 5 1 1 5 2 8 2 7 30 16 14 6 12 3 12 1
1 1 2 1 1 5 4 12 2 5 36 2 23 42 11 5 10 0
1 1 4 6 2 5 4 2 5 7 33 17 6 9 7 3 1 1
3 3 5 5 3 5 3 10 2 7 31 16 14 35 10 3 9 1
4 2 3 1 1 2 2 8 2 7 30 16 14 6 12 3 12 1
5 4 5 2 1 2 3 8 5 7 30 18 20 10 5 5 10 1
1 1 4 5 1 1 3 9 5 7 23 14 22 11 7 3 16 1
3 3 4 1 1 3 1 8 5 7 30 18 20 10 5 3 12 0
2 2 5 3 1 2 2 9 2 7 30 16 14 6 12 3 12 0
3 3 2 1 2 2 1 8 5 7 30 18 20 10 5 3 12 0
1 1 6 5 1 5 4 11 5 7 33 17 6 9 4 5 10 1
2 4 3 2 1 3 3 8 5 7 31 17 6 9 5 3 16 0
3 1 3 2 1 1 3 9 5 7 31 17 6 9 5 3 9 0
2 1 5 4 1 5 3 10 5 7 23 14 22 11 7 3 1 1
1 4 5 6 1 2 1 3 2 7 31 16 14 35 15 3 16 1
1 3 4 5 1 1 3 11 5 7 23 14 22 11 7 3 5 1
4 4 3 1 1 4 2 8 2 7 30 16 14 6 12 3 12 1
4 4 4 2 1 3 1 9 2 7 31 16 19 6 10 3 5 0
4 3 2 1 1 2 4 8 7 7 31 9 16 37 4 3 12 0
1 2 5 6 1 5 4 2 5 7 33 17 6 9 4 5 10 1
2 1 4 2 2 1 3 2 5 7 31 17 6 9 5 3 1 1
1 2 2 2 1 4 3 8 5 7 31 17 6 9 5 3 16 1
2 3 3 3 1 5 1 9 2 7 31 16 14 35 15 5 10 1
1 1 4 3 1 3 3 12 2 7 36 16 24 30 10 5 10 0
2 2 2 4 2 3 4 10 5 7 34 17 6 9 7 3 16 1
2 2 3 6 1 5 1 10 3 7 31 11 30 9 5 3 1 1
5 4 5 2 1 2 1 8 5 7 30 18 20 10 5 3 12 1
1 1 3 3 1 3 4 12 5 3 8 4 21 21 7 5 10 0
3 3 5 5 2 2 1 8 2 7 31 16 14 35 10 3 12 1
2 3 3 6 1 4 1 9 3 7 31 11 30 9 5 3 1 1
4 3 6 6 1 2 4 8 5 7 32 18 20 10 4 3 12 0
5 4 4 6 2 1 3 10 5 7 32 17 6 9 5 3 5 0
3 4 5 1 1 1 4 8 7 7 31 9 16 37 4 3 12 1
1 2 4 4 2 5 3 9 5 7 31 17 6 9 5 3 1 1
4 4 2 5 2 5 3 11 5 7 32 17 6 9 5 3 12 1
5 3 2 2 1 2 2 8 2 7 30 16 14 6 12 3 12 1
2 4 3 5 1 2 2 10 2 7 30 16 14 6 12 3 12 1
4 2 3 3 2 4 3 9 5 7 32 17 6 9 5 3 12 0
3 3 5 4 1 5 1 9 2 7 31 16 14 35 15 3 5 1
1 1 5 1 1 5 3 5 2 7 36 16 24 30 10 5 10 0
3 1 5 3 1 2 3 9 5 7 23 14 22 11 7 3 5 1
5 3 3 4 1 1 1 11 2 7 31 7 13 34 10 5 10 1
1 1 3 1 1 4 3 12 2 7 36 16 24 30 10 5 10 0
3 4 3 1 1 3 1 7 5 7 30 18 20 10 5 3 12 0
1 1 5 6 2 4 3 2 2 7 36 16 14 35 13 5 10 0
2 4 3 6 1 3 2 9 2 7 30 16 14 6 12 3 12 1
5 2 4 4 1 5 1 9 2 7 31 16 19 6 15 5 10 1
4 3 2 1 1 3 4 11 7 7 31 9 16 37 4 3 12 0
2 3 6 3 1 5 3 10 2 7 1 16 14 35 16 5 10 1
4 3 5 5 1 1 1 9 2 7 31 16 14 35 15 5 10 1
3 2 4 5 2 1 3 10 5 7 31 17 6 9 5 3 1 0
4 4 5 2 1 4 1 9 2 7 31 16 14 35 15 5 10 1
4 3 6 3 1 3 1 8 2 7 31 16 19 6 10 5 10 0
4 2 3 6 1 1 1 9 2 7 31 16 14 35 15 5 10 1
4 4 6 3 1 5 1 8 2 7 31 16 19 6 10 3 5 0
2 4 2 3 1 5 4 9 5 7 30 10 5 48 4 3 12 1
1 1 5 5 1 1 4 9 5 7 24 17 6 9 4 3 9 1
1 1 1 2 1 2 4 1 2 7 31 16 14 9 5 5 10 0
1 2 3 5 1 3 3 8 5 7 23 14 22 11 7 3 1 1
2 2 5 5 2 4 3 8 2 7 31 16 14 35 10 3 16 1
1 3 6 5 2 5 4 8 5 7 34 17 6 9 7 3 1 1
5 1 5 4 2 1 1 10 2 7 31 16 19 6 10 5 10 1
2 3 4 5 1 1 3 12 5 7 31 17 6 9 5 3 9 1
3 3 5 6 1 4 2 8 2 7 30 16 14 6 12 3 12 1
3 4 1 6 1 4 1 9 2 7 31 16 14 35 15 3 12 1
3 2 5 1 1 4 2 8 2 7 30 16 14 6 12 3 12 1
1 2 3 2 2 4 3 8 5 7 37 14 22 41 7 3 9 0
3 2 6 2 1 4 1 8 2 7 31 16 14 35 15 3 9 0
4 2 5 5 2 1 4 8 7 7 31 9 16 37 4 3 12 0
5 3 4 5 2 5 4 8 5 7 32 18 20 10 4 3 12 0
1 2 2 5 2 2 4 9 5 7 34 17 6 9 7 3 1 1
2 1 5 2 3 2 3 10 5 7 31 17 6 9 5 3 1 1
1 4 5 6 2 2 3 3 2 7 31 16 14 35 10 3 16 1
2 1 5 5 1 5 3 8 5 7 31 17 6 9 5 3 12 1
2 2 2 2 1 4 3 9 5 7 31 17 6 9 5 3 16 0
2 2 6 2 3 4 3 8 2 7 31 16 14 35 10 3 16 1
2 4 5 5 1 3 3 8 2 7 31 16 14 35 10 3 9 1
3 3 4 5 1 3 4 8 2 7 24 16 14 35 11 3 12 1
5 3 4 2 1 1 4 8 5 7 31 17 6 9 7 3 5 0
2 4 4 6 2 3 3 7 2 7 31 16 14 35 10 3 16 1
3 2 5 1 1 4 2 11 2 7 30 16 14 6 12 3 12 1
4 2 4 5 1 5 4 7 5 7 31 17 6 9 7 3 5 0
4 2 3 6 1 1 1 8 2 7 31 16 14 35 15 3 5 0
2 4 3 1 1 2 2 8 2 7 30 16 14 6 12 3 12 0
5 2 6 2 2 1 1 8 2 7 31 16 19 6 10 3 5 0
3 2 6 2 1 4 3 8 5 7 23 14 22 11 7 3 1 1
1 1 3 4 1 5 3 8 5 7 31 17 6 9 5 3 1 1
1 1 2 6 1 1 4 14 5 3 17 4 27 1 7 5 10 1
3 3 5 6 1 5 2 8 2 7 30 16 14 6 12 3 12 0
3 1 3 1 1 5 2 7 2 7 30 16 14 6 12 3 12 1
2 3 5 2 2 4 3 9 5 7 31 17 6 9 5 3 16 0
3 2 4 6 2 5 4 7 7 7 31 9 16 37 4 3 12 0
1 1 2 3 2 4 4 8 5 7 33 17 6 9 7 5 10 1
4 4 6 1 1 3 1 9 5 7 30 18 20 10 5 3 12 1
1 1 5 4 2 4 4 12 5 3 18 4 21 21 7 5 10 0
3 2 2 3 1 5 3 8 5 7 31 17 6 9 5 3 5 1
5 3 4 6 2 1 1 8 2 7 31 7 13 34 10 3 5 0
2 2 5 6 1 3 4 2 5 7 24 17 6 9 4 3 12 0
2 4 2 3 2 4 3 11 2 7 31 16 14 35 10 3 9 1
4 3 3 1 1 2 2 9 2 7 30 16 14 6 12 3 12 1
1 2 6 3 3 4 3 8 2 7 31 16 14 35 10 3 16 1
4 3 5 6 2 4 1 8 2 7 31 16 19 6 10 3 5 1
3 3 4 5 1 3 1 9 2 7 31 16 14 35 15 5 10 1
4 2 4 6 1 4 2 8 2 7 30 16 14 6 12 3 12 0
1 1 1 4 1 3 3 8 5 7 31 17 6 9 5 3 12 1
1 1 5 5 1 1 1 3 6 7 28 12 17 38 3 3 1 1
2 3 6 5 1 1 3 8 5 7 23 14 22 11 7 3 5 1
4 1 4 4 2 4 3 10 2 7 33 16 14 35 12 3 12 0
4 2 4 6 2 4 1 7 2 7 31 16 14 35 15 3 5 1
5 1 5 1 1 5 1 8 2 7 31 16 14 29 15 5 10 0
2 3 3 4 2 3 4 8 5 7 34 17 6 9 7 3 1 0
3 4 5 3 1 4 3 8 2 7 31 16 14 35 10 3 9 1
3 3 2 2 1 3 4 8 5 7 24 17 6 9 4 3 12 0
3 4 3 6 1 5 2 8 2 7 30 16 14 6 12 3 12 0
3 3 5 2 2 4 2 8 5 7 31 17 11 17 9 3 12 1
3 3 3 3 1 2 1 8 2 7 31 16 14 35 15 3 9 0
2 4 3 6 1 2 1 8 5 7 30 18 20 10 5 3 12 1
5 4 6 6 1 3 1 8 2 7 31 16 19 6 10 3 5 0
1 1 3 6 1 5 4 12 5 7 31 17 6 9 5 5 10 1
5 4 5 6 1 1 1 8 2 7 31 16 14 35 15 3 5 0
2 2 6 1 2 5 4 8 5 7 33 17 6 9 4 3 1 1
3 3 5 5 1 1 3 8 2 7 31 16 14 35 10 3 5 0
2 2 2 5 1 5 4 7 5 7 1 17 6 9 5 5 10 1
3 4 5 4 1 3 1 8 2 7 31 16 14 35 15 3 5 1
1 1 1 5 2 5 4 12 5 3 14 4 21 40 4 5 10 1
4 4 4 5 1 3 1 9 2 7 31 16 14 35 15 3 5 0
3 2 5 1 2 3 2 8 2 7 30 16 14 6 12 3 12 0
2 1 3 3 1 5 3 9 1 7 37 15 18 47 7 5 10 1
3 3 6 6 1 5 1 9 2 7 31 16 14 35 15 3 5 1
5 2 5 6 1 5 4 8 5 7 32 10 5 48 4 3 12 0
5 3 5 5 1 2 3 8 2 7 31 16 14 35 10 3 12 0
4 1 5 5 1 4 4 9 2 7 31 16 19 6 11 5 10 0
2 2 3 5 1 5 1 7 2 7 31 16 14 35 15 5 10 1
1 1 5 6 1 2 4 8 5 3 37 4 27 45 4 3 16 0
3 3 3 4 1 5 1 9 2 7 31 16 14 35 15 3 5 1
2 2 4 1 2 5 2 9 2 7 30 16 14 6 12 3 12 1
3 4 2 2 1 5 2 9 2 7 30 16 14 6 12 3 12 1
3 2 5 3 1 3 2 8 2 7 30 16 14 6 12 3 12 1
5 2 5 6 1 5 1 11 2 7 31 16 19 6 10 5 10 1
5 4 5 1 1 3 1 8 5 7 30 18 20 10 5 3 12 1
2 2 5 6 2 4 4 9 5 7 31 17 6 9 5 3 12 0
4 2 6 4 1 5 4 8 2 7 31 16 19 6 11 3 5 0
3 4 2 3 1 2 2 8 2 7 30 16 14 6 12 3 12 1
5 2 3 6 1 4 4 8 5 7 32 18 20 10 4 3 12 0
3 1 3 3 2 4 4 7 5 7 1 17 6 9 5 5 10 1
2 4 3 1 1 2 1 8 5 7 30 18 20 10 5 3 12 1
1 2 6 2 1 5 3 9 1 7 37 15 18 47 7 3 12 1
2 3 5 6 2 4 2 11 2 7 30 16 14 6 12 3 12 1
2 1 5 5 1 5 3 11 5 7 23 14 22 11 7 3 1 0
3 3 5 3 1 3 3 10 5 7 31 17 6 9 5 3 12 0
1 1 4 5 2 5 4 13 5 3 18 4 21 21 7 5 10 0
2 2 5 2 1 3 4 10 5 7 23 14 22 11 4 3 9 0
1 1 5 4 2 2 1 9 6 7 28 12 17 38 3 3 1 1
3 4 5 1 1 2 2 9 2 7 30 16 14 6 12 3 12 1
1 3 5 6 1 3 2 11 2 7 30 16 14 6 12 3 12 1
1 2 4 5 2 5 4 10 5 7 34 17 6 9 7 3 1 1
5 4 5 6 1 2 1 11 2 7 31 16 19 6 10 3 5 0
4 1 5 2 1 2 4 8 5 7 31 17 6 9 5 3 12 0
2 3 5 2 1 4 2 8 2 7 30 16 14 6 12 3 12 1
2 3 5 5 1 4 2 8 2 7 30 16 14 6 12 3 12 1
4 4 3 5 1 3 1 10 2 7 31 16 19 6 10 3 5 1
4 3 4 2 2 4 1 7 2 7 31 16 14 35 15 5 10 1
2 3 5 6 1 4 3 3 1 7 37 15 18 47 7 3 12 1
2 3 5 3 1 5 1 8 6 3 28 5 3 31 8 3 16 1
2 4 6 1 1 5 2 8 2 7 30 16 14 6 12 3 12 1
2 4 3 1 2 5 2 7 2 7 30 16 14 6 12 3 12 0
3 1 6 4 1 1 4 11 5 7 24 17 6 9 4 3 5 0
3 2 6 3 1 3 4 8 5 7 33 17 6 9 7 3 9 1
1 3 5 4 1 2 3 8 5 7 23 14 22 11 7 3 1 1
2 2 4 3 1 5 4 8 5 7 34 17 6 9 7 3 1 0
1 2 5 5 1 5 4 2 2 7 24 16 14 35 11 3 9 1
2 3 5 5 1 4 3 9 2 7 34 16 14 35 12 3 5 1
3 1 5 1 1 3 4 9 5 7 31 17 6 9 5 3 12 1
4 1 2 3 2 5 1 10 2 7 31 16 14 35 15 3 1 0
1 1 2 2 1 5 4 12 5 3 8 4 21 21 7 5 10 0
2 3 4 5 1 4 3 8 5 7 31 17 6 9 5 3 1 0
4 4 5 1 1 4 2 8 2 7 30 16 14 6 12 3 12 1
5 4 6 6 1 2 1 8 2 7 31 16 19 6 10 5 10 1
5 1 5 2 1 1 1 8 2 7 31 16 14 29 10 5 10 0
2 1 5 2 3 5 4 10 5 7 33 17 6 9 7 5 10 0
3 1 3 5 2 3 1 9 2 7 31 16 19 6 15 3 5 1
1 1 2 5 1 2 4 8 5 3 17 4 27 1 7 5 10 0
3 3 6 1 1 4 2 8 2 7 30 16 14 6 12 3 12 1
2 2 3 3 2 1 1 2 2 7 31 16 14 35 15 3 5 1
4 2 5 6 1 4 3 2 5 7 32 18 20 39 9 3 12 0
5 2 2 5 2 4 1 8 2 7 31 16 19 6 15 3 5 0
1 3 4 3 2 2 3 8 5 7 23 14 22 11 7 3 9 1
2 1 4 1 1 3 2 9 2 7 30 16 14 6 12 3 12 1
3 3 4 3 1 4 1 9 2 7 31 16 19 6 10 5 10 1
1 1 3 4 1 1 3 8 5 7 23 14 22 11 7 3 1 1
1 2 4 1 1 4 3 8 5 7 31 17 6 9 5 3 16 0
2 1 2 4 3 5 4 8 5 7 33 17 6 9 7 3 1 1
5 3 5 2 2 4 1 11 2 7 31 16 19 6 15 3 5 1
2 4 5 5 1 4 1 8 5 7 30 18 20 10 5 3 12 0
1 2 4 2 1 5 1 11 6 3 28 5 3 31 8 5 10 1
1 1 5 2 2 3 3 4 5 7 35 17 6 9 7 5 10 0
1 2 6 4 1 1 4 9 2 7 24 16 14 35 11 3 5 1
1 4 4 5 1 4 1 3 2 7 31 16 14 35 15 5 10 1
4 4 2 3 1 5 2 8 2 7 30 16 14 6 12 3 12 0
5 2 2 1 1 1 4 8 2 7 31 16 19 6 11 3 9 0
2 3 4 1 1 3 2 9 2 7 30 16 14 6 12 3 12 1
2 2 5 4 3 3 3 8 5 7 31 17 6 9 5 3 1 1
3 1 4 5 1 5 1 11 2 7 31 16 19 6 15 3 13 1
3 1 3 5 2 4 3 8 2 7 31 16 14 35 10 3 9 0
3 3 5 4 1 5 2 9 2 7 30 16 14 6 12 3 12 1
3 3 3 1 2 3 2 10 2 7 30 16 14 6 12 3 12 0
5 2 4 2 1 4 1 8 2 7 31 16 19 6 10 3 9 0
3 3 4 5 1 3 4 9 5 7 32 10 5 48 4 3 12 1
1 1 2 5 1 5 4 12 5 3 14 4 21 40 4 5 10 0
2 2 6 2 1 2 4 10 7 7 31 9 16 37 4 3 12 1
3 2 6 4 2 1 3 10 2 7 31 16 14 35 10 3 9 0
4 3 4 2 1 1 1 9 2 7 31 16 14 35 15 3 5 1
2 3 3 1 1 1 2 8 2 7 30 16 14 6 12 3 12 1
3 3 4 5 1 4 4 8 5 7 32 10 5 48 4 3 12 0
1 1 1 6 1 2 1 3 2 7 37 16 24 8 10 5 10 0
2 3 6 3 1 1 4 8 5 7 24 17 6 9 4 3 12 0
5 1 1 1 1 5 4 8 2 7 31 16 19 6 11 3 9 0
4 1 5 1 1 2 4 8 7 7 31 9 16 37 4 3 12 0
4 3 6 3 2 4 1 8 2 7 31 16 14 35 15 3 9 0
5 1 4 4 1 2 1 8 2 7 31 16 14 29 10 5 10 0
5 1 3 5 1 3 1 11 2 7 31 16 19 6 10 3 5 0
5 2 5 2 2 1 1 8 2 7 31 16 19 6 15 3 5 0
2 2 5 5 2 4 1 9 2 7 31 16 14 35 15 3 9 1
2 2 3 1 1 3 1 9 5 7 30 18 20 10 5 3 12 1
3 2 3 5 2 5 4 8 5 7 34 17 6 9 7 3 1 1
3 1 4 3 2 3 1 8 2 7 22 16 14 5 10 5 10 0
3 1 5 1 1 2 2 9 2 7 30 16 14 6 12 3 12 1
3 3 3 1 1 4 1 9 5 7 30 18 20 10 5 3 12 0
2 3 3 6 1 2 2 9 2 7 30 16 14 6 12 3 12 1
2 2 2 5 1 2 1 10 2 7 31 16 14 35 15 5 10 0
3 1 5 1 2 5 4 8 5 7 31 17 6 9 5 3 12 1
1 1 6 6 1 5 4 14 5 7 1 17 6 9 5 5 10 1
1 2 4 6 1 5 3 14 1 7 37 15 18 47 7 5 10 1
4 3 5 5 1 2 4 8 5 7 30 10 5 48 4 3 12 0
1 1 5 2 1 3 4 8 2 7 24 16 14 35 11 3 5 1
5 4 6 6 1 2 1 8 2 7 31 16 19 6 10 5 10 1
2 2 2 2 1 3 3 9 2 3 13 2 10 4 13 3 9 1
3 3 6 6 1 4 2 8 2 7 30 16 14 6 12 3 12 1
3 4 6 1 1 4 2 9 2 7 30 16 14 6 12 3 12 1
3 2 3 5 2 2 2 10 2 7 30 16 14 6 12 3 12 0
3 3 3 1 2 4 1 10 5 7 30 18 20 10 5 3 12 0
2 1 5 4 1 5 3 8 5 7 31 17 6 9 5 3 16 1
4 1 3 6 1 4 4 8 5 7 32 18 20 10 4 5 10 0
2 1 4 4 1 3 3 2 5 7 31 17 6 9 5 5 10 1
3 2 5 4 1 2 4 8 7 7 31 9 16 37 4 3 12 0
2 2 2 5 1 4 2 8 2 7 30 16 14 6 12 3 12 0
2 3 5 5 1 4 4 9 5 7 34 17 6 9 7 5 10 1
3 3 5 1 1 3 1 9 2 7 31 16 14 35 15 3 5 1
2 3 4 5 1 1 1 7 2 7 31 16 19 6 10 5 10 1
5 1 5 6 2 2 3 2 2 7 30 16 19 6 13 3 5 0
2 2 2 1 1 4 1 9 5 7 17 18 20 22 3 3 12 1
4 2 3 2 1 3 3 8 2 7 31 16 14 35 10 3 9 0
5 1 5 6 2 3 4 8 5 3 20 4 14 9 5 5 10 0
4 4 6 1 1 1 2 8 2 7 30 16 14 6 12 3 12 0
1 3 4 3 1 5 3 8 5 7 23 14 22 11 7 3 12 1
4 3 4 5 1 3 3 8 2 7 31 16 14 35 10 3 16 1
3 2 3 3 2 2 3 10 5 7 31 17 6 9 5 3 16 0
5 4 4 2 1 1 1 8 2 7 31 16 19 6 10 5 10 1
5 1 4 4 2 1 1 10 2 7 32 7 15 36 15 3 5 0
2 2 4 2 1 1 3 10 2 7 31 16 14 35 10 3 5 1
3 1 3 2 1 5 4 8 7 7 31 9 16 37 4 3 12 1
5 3 6 5 1 5 4 8 2 7 31 16 19 6 11 3 5 0
4 2 3 6 1 2 1 9 2 7 31 16 14 35 15 3 5 0
3 4 5 4 1 4 1 8 2 7 31 16 14 35 15 3 5 1
2 3 4 4 1 2 3 2 2 7 1 16 14 35 16 5 10 1
1 1 2 6 2 3 1 2 6 3 28 5 3 31 8 5 10 0
5 1 4 5 2 1 1 11 2 7 31 16 19 6 15 5 10 1
3 1 3 1 1 3 4 10 7 7 31 9 16 37 4 3 12 1
1 1 5 2 1 2 4 9 5 3 17 4 27 1 7 3 5 1
4 3 4 1 2 2 2 10 2 7 30 16 14 6 12 3 12 0
5 3 4 6 1 3 1 7 2 7 31 16 19 6 10 3 12 0
3 2 3 6 1 5 2 9 2 7 30 16 14 6 12 3 12 1
2 2 5 4 2 3 4 11 5 7 34 17 6 9 7 3 1 1
3 2 6 1 1 2 2 8 2 7 30 16 14 6 12 3 12 0
2 1 3 6 1 2 4 11 5 7 31 17 6 9 5 3 12 0
1 2 3 2 2 2 4 10 5 7 34 17 6 9 7 3 16 0
3 3 4 1 2 1 4 8 5 7 31 17 6 9 5 3 12 0
1 1 4 2 1 5 4 13 5 3 37 4 27 45 4 5 10 0
4 2 4 1 1 3 2 8 2 7 30 16 14 6 12 3 12 1
2 1 5 3 1 5 3 8 5 7 31 17 6 9 5 3 5 0
4 4 3 5 1 1 1 8 2 7 31 16 19 6 10 3 5 1
4 1 5 5 2 2 3 8 5 7 31 17 6 9 5 3 5 0
2 3 5 2 1 5 1 8 2 7 31 16 14 35 15 5 10 1
3 2 4 3 2 3 3 9 2 7 31 16 14 35 10 5 10 1
1 2 5 5 3 1 4 9 2 7 24 16 14 35 11 3 5 1
4 3 5 6 2 2 4 8 5 7 33 17 6 9 4 3 5 0
2 1 3 2 1 2 3 8 5 7 31 17 6 9 5 3 9 0
3 3 4 6 1 5 4 8 7 7 32 9 16 37 4 3 12 1
2 1 6 5 2 4 3 12 2 7 36 16 14 35 12 5 10 1
3 2 6 2 1 4 2 8 2 7 30 16 14 6 12 3 12 1
2 2 5 3 1 2 3 9 5 7 23 14 22 11 7 3 5 1
3 2 5 5 2 4 4 8 5 7 34 17 6 9 7 3 5 0
2 2 2 6 2 2 1 2 2 7 31 16 14 35 15 5 10 0
1 2 6 3 2 3 3 8 5 7 23 14 22 11 7 3 1 1
2 2 3 4 1 5 4 9 5 7 1 17 6 9 5 5 10 1
2 2 5 2 1 2 3 8 5 7 31 17 6 9 5 3 5 1
2 3 5 3 1 3 4 8 7 7 31 9 16 37 4 3 12 0
2 2 6 4 2 2 3 8 5 7 31 17 6 9 5 3 16 0
4 1 4 6 1 3 4 8 5 7 33 17 6 9 7 3 5 0
3 2 4 5 1 5 4 8 7 7 31 9 16 37 4 3 12 0
3 4 3 6 2 4 4 8 5 7 31 17 6 9 5 3 12 0
1 3 2 3 1 4 1 8 2 7 22 16 14 5 10 5 10 1
2 2 3 1 1 5 1 7 5 7 30 18 20 10 5 3 12 1
3 3 5 1 2 4 2 8 2 7 30 16 14 6 12 3 12 0
2 1 5 2 3 5 1 8 6 7 6 12 17 19 17 5 10 0
1 2 5 5 1 2 3 8 5 7 23 14 22 11 7 3 5 1
5 2 5 2 1 4 2 9 2 7 30 16 14 6 12 3 12 1
3 2 5 3 1 4 4 8 5 7 30 10 5 48 4 3 12 1
3 1 6 2 3 4 4 8 5 7 33 17 6 9 7 5 10 1
1 2 3 2 2 1 4 8 2 7 31 16 14 9 5 3 5 1
5 4 3 5 1 1 1 8 2 7 31 16 14 35 15 3 5 1
2 3 3 5 1 4 1 9 2 7 31 16 19 6 10 5 10 1
4 3 4 1 1 2 1 8 5 7 30 18 20 10 5 3 12 0
2 1 5 1 1 4 1 8 5 7 30 18 20 10 5 3 12 1
1 1 1 5 2 1 4 1 2 7 31 16 14 9 5 5 10 0
4 2 5 5 2 3 1 8 2 7 31 16 19 6 10 3 5 1
2 3 4 2 1 2 3 10 5 7 31 17 6 9 5 3 5 1
4 2 5 6 1 5 1 8 5 7 32 10 5 48 9 3 12 0
1 2 4 3 1 4 4 12 5 3 8 4 21 21 7 5 10 1
1 1 3 4 1 1 3 9 5 7 23 14 22 11 7 3 16 1
1 2 5 5 1 3 3 9 1 7 37 15 18 47 7 5 10 1
1 1 5 1 2 5 4 10 5 7 33 17 6 9 4 3 1 1
4 3 4 1 2 2 1 8 5 7 30 18 20 10 5 3 12 0
2 1 6 4 1 1 3 9 5 7 23 14 22 11 7 3 16 1
4 3 2 1 2 3 2 8 2 7 30 16 14 6 12 3 12 1
3 3 4 6 1 2 4 8 5 7 31 17 6 9 5 3 12 0
3 2 6 1 1 2 2 8 2 7 30 16 14 6 12 3 12 1
3 1 6 2 1 3 3 8 5 7 23 14 22 11 7 3 1 1
1 2 5 5 1 2 4 8 5 3 9 4 21 40 4 5 10 1
5 2 2 4 2 2 1 8 2 7 31 16 19 6 15 3 5 0
5 3 4 5 1 5 4 8 5 7 32 10 5 48 4 3 12 1
5 1 3 1 1 2 1 8 2 7 31 16 19 6 15 3 5 0
5 3 4 1 1 1 1 10 2 7 31 16 19 6 15 5 10 1
5 1 3 4 2 1 1 10 2 4 30 7 15 27 15 3 5 0
4 1 3 2 2 5 4 10 7 7 31 9 16 37 4 3 12 0
2 1 2 5 1 1 1 7 5 7 17 18 20 22 3 5 10 0
4 3 1 4 1 3 2 8 2 7 30 16 14 6 12 3 12 1
3 1 5 4 1 4 1 9 2 7 31 16 14 35 15 3 5 1
1 1 5 5 1 4 3 9 5 7 31 17 6 9 5 5 10 1
5 3 3 3 1 3 1 9 2 7 31 16 19 6 10 3 13 1
4 3 4 6 1 2 1 8 2 7 31 16 19 6 10 3 5 1
2 1 1 2 1 5 4 8 5 3 9 4 21 40 4 5 10 1
1 1 4 6 3 5 3 2 5 7 31 17 6 9 5 3 1 1
5 1 2 3 1 4 4 8 2 7 31 16 19 6 11 3 9 0
1 2 5 2 1 3 3 12 7 7 39 9 16 37 7 5 10 1
3 4 4 5 2 2 3 8 2 7 31 16 14 35 10 3 16 1
1 1 5 4 1 4 4 13 5 7 34 17 6 9 7 3 5 1
4 3 5 3 1 5 2 8 2 7 30 16 14 6 12 3 12 1
4 2 2 6 1 4 1 10 5 7 30 18 20 10 5 3 12 1
4 2 3 1 1 5 4 9 5 7 30 10 5 48 4 3 12 1
1 1 2 2 1 5 3 12 5 7 35 17 6 9 7 5 10 0
4 1 3 3 2 2 1 8 2 7 31 16 14 35 15 5 10 1
4 2 3 2 1 2 3 8 5 7 31 17 6 9 5 3 12 0
3 3 3 2 1 5 2 9 2 7 30 16 14 6 12 3 12 1
1 1 6 5 1 4 3 8 5 7 31 17 6 9 5 5 10 0
2 2 4 3 1 5 4 8 5 7 24 17 6 9 4 3 9 0
2 1 5 2 2 2 3 8 5 7 31 17 6 9 5 3 16 0
1 1 2 4 2 5 3 12 2 3 37 2 10 4 13 5 10 1
3 2 2 1 2 4 4 9 5 7 31 17 6 9 5 3 12 0
3 2 2 3 2 4 1 8 2 7 31 16 14 35 15 5 10 1
4 2 1 1 1 5 2 11 2 7 30 16 14 6 12 3 12 1
1 1 4 3 1 5 3 9 5 7 31 17 6 9 5 3 1 1
4 1 2 2 1 2 1 9 2 7 31 16 19 6 10 3 5 1
4 2 5 5 2 4 3 8 2 7 31 16 14 35 10 5 10 1
1 1 5 2 3 1 1 4 6 7 28 12 17 38 3 5 10 0
4 1 3 4 1 1 3 8 5 7 31 17 6 9 5 3 5 1
5 3 5 5 1 1 1 8 2 7 31 16 19 6 10 3 5 0
3 4 2 6 2 4 1 10 2 7 31 16 19 6 10 3 5 1
5 2 5 1 1 5 1 8 2 7 31 16 14 29 10 5 10 0
4 2 4 5 1 3 3 8 2 7 31 16 14 35 10 3 16 1
4 2 2 1 1 1 2 9 2 7 30 16 14 6 12 3 12 0
2 1 4 6 1 5 4 8 2 7 24 16 14 35 11 5 10 1
1 2 6 6 2 5 4 8 5 7 33 17 6 9 4 3 1 1
3 3 5 1 2 2 2 9 2 7 30 16 14 6 12 3 12 1
5 2 5 1 1 2 1 8 2 7 31 16 19 6 10 3 9 0
2 1 2 2 2 1 4 13 5 3 18 4 14 9 5 5 10 1
3 1 5 2 2 3 4 12 5 5 35 17 6 13 4 5 10 1
5 2 5 4 1 1 4 8 2 7 31 16 19 6 11 3 5 0
1 2 5 5 1 4 3 8 2 7 31 16 14 35 10 3 9 1
4 4 5 6 1 2 3 8 5 7 32 18 20 39 9 3 12 0
1 1 3 5 1 2 4 12 2 7 24 16 14 35 11 5 10 1
4 4 5 1 1 4 2 11 2 7 30 16 14 6 12 3 12 0
5 2 3 5 1 2 4 3 5 7 32 10 2 16 2 3 5 0
2 2 5 5 2 5 3 9 2 7 31 16 14 35 10 3 16 1
4 2 2 1 1 4 2 8 2 7 30 16 14 6 12 3 12 1
3 2 4 4 1 5 1 7 2 7 31 16 19 6 15 3 5 0
2 2 3 2 2 3 4 8 5 7 33 17 6 9 4 3 8 1
1 2 4 1 3 2 3 7 5 7 31 17 6 9 5 3 1 0
1 1 5 6 1 1 3 8 5 7 23 14 22 11 7 3 16 1
1 2 5 6 2 2 3 9 1 7 37 15 18 47 7 5 10 0
2 3 4 2 2 4 3 11 2 7 31 16 14 35 10 3 9 1
4 1 4 5 1 5 3 8 2 7 34 16 14 35 12 5 10 0
3 3 5 1 1 1 2 8 2 7 30 16 14 6 12 3 12 0
1 2 4 4 1 4 4 2 5 7 23 14 22 11 4 3 5 1
2 3 5 1 1 3 3 8 1 7 37 15 18 47 7 3 12 1
1 1 1 1 1 5 4 12 5 3 8 4 21 21 7 5 10 0
3 4 3 1 1 3 3 9 5 7 32 17 6 9 5 3 12 0
2 2 3 6 1 1 1 8 6 3 28 5 3 31 8 3 1 1
5 4 5 6 1 2 1 8 2 4 32 7 15 27 15 3 5 0
1 2 6 4 2 5 4 10 2 7 24 16 14 35 11 3 5 1
2 2 5 3 2 3 1 12 2 7 31 16 14 35 15 3 5 1
1 1 5 5 2 5 4 1 2 7 31 16 14 9 5 5 10 0
4 2 2 6 1 3 1 8 2 7 31 16 19 6 10 3 5 1
1 1 4 3 2 5 4 12 5 5 35 17 6 13 4 5 10 0
2 3 5 1 1 4 1 9 5 7 30 18 20 10 5 3 12 0
4 3 4 6 1 2 1 8 2 7 31 16 14 35 15 5 10 1
4 4 6 1 1 4 2 9 2 7 30 16 14 6 12 3 12 1
4 3 4 1 2 1 2 11 2 7 30 16 14 6 12 3 12 1
1 2 4 3 2 2 4 8 5 7 34 17 6 9 7 3 1 1
4 2 6 6 1 1 1 9 2 7 31 16 14 35 15 3 5 1
1 1 3 6 2 5 4 12 2 5 36 2 7 3 12 5 10 0
2 2 5 4 1 5 1 9 2 7 22 16 14 5 10 3 14 1
4 1 2 1 1 2 2 8 2 7 30 16 14 6 12 3 12 0
4 3 4 6 1 2 1 11 2 7 31 16 19 6 15 3 5 1
1 1 2 5 1 4 3 8 1 7 37 15 18 47 7 3 12 1
2 1 2 3 1 4 4 14 5 7 31 17 6 9 5 3 12 1
3 3 2 6 2 3 1 9 2 7 31 16 19 6 10 3 5 1
1 2 3 6 1 5 3 13 5 6 27 4 8 20 7 5 10 1
2 2 6 3 2 2 4 8 2 7 24 16 14 35 11 5 10 1
1 2 5 1 1 5 1 6 3 1 5 13 29 46 16 5 10 1
2 2 5 6 2 4 3 8 2 7 31 16 14 35 10 3 16 1
2 3 3 2 1 1 3 7 5 7 31 17 6 9 5 3 9 1
2 2 2 2 1 5 4 10 5 7 33 17 6 9 7 3 9 0
3 3 4 1 1 4 2 8 2 7 30 16 14 6 12 3 12 1
1 2 6 2 1 4 3 2 5 7 31 17 6 9 5 3 12 1
5 2 5 6 1 1 3 8 5 7 32 17 6 9 5 3 12 0
3 3 5 5 1 5 1 11 2 7 31 16 14 35 15 3 12 1
1 1 4 5 2 1 1 3 6 3 28 5 3 31 8 5 10 1
3 3 5 1 1 1 1 9 5 7 30 18 20 10 5 3 12 0
1 1 1 3 2 4 4 12 5 5 35 17 6 13 4 5 10 1
1 3 5 3 1 4 4 1 2 7 31 16 14 9 5 5 10 1
5 2 4 4 1 1 1 8 2 7 31 16 19 6 15 3 5 0
5 4 6 2 1 1 1 10 2 7 30 16 19 6 10 3 12 1
4 1 4 6 1 5 4 13 5 3 19 4 27 1 7 5 10 0
1 1 5 5 1 1 4 14 5 3 17 4 21 21 7 5 10 1
2 2 4 6 2 5 1 11 2 7 31 16 14 35 15 3 9 1
1 1 1 3 3 1 4 5 2 7 31 16 14 9 5 5 10 0
3 3 4 2 1 4 3 8 5 7 31 17 6 9 5 3 16 0
1 1 4 5 1 5 4 12 5 7 1 17 6 9 5 5 10 1
4 3 6 2 3 5 1 10 2 7 31 16 14 35 15 5 10 1
3 2 3 4 1 4 2 9 2 7 30 16 14 6 12 3 12 1
1 2 4 4 1 1 4 9 5 7 24 17 6 9 4 3 1 1
5 3 3 1 1 3 1 8 2 7 31 16 19 6 15 3 5 0
1 3 4 6 2 4 4 9 5 7 33 17 6 9 7 3 1 1
3 1 6 4 1 1 3 8 2 7 31 16 14 35 10 3 9 1
2 2 3 2 1 5 3 7 2 7 34 16 14 35 12 3 5 0
1 3 5 4 1 2 1 3 6 3 28 5 3 31 8 3 9 1
1 3 4 3 1 5 3 2 5 7 31 17 6 9 5 3 9 1
2 3 5 3 2 4 3 8 2 7 31 16 14 35 10 3 16 0
3 4 3 6 1 4 1 9 5 7 30 18 20 10 5 3 12 1
2 1 4 1 2 5 3 8 5 7 31 17 6 9 5 3 16 1
1 1 1 2 1 5 3 2 5 7 31 17 6 9 5 3 9 1
3 2 5 2 1 2 3 8 5 7 31 17 6 9 5 3 12 1
3 3 3 4 2 1 3 11 5 7 31 17 6 9 5 3 16 0
1 2 4 6 2 3 2 2 2 7 30 16 14 6 12 3 12 0
1 2 4 3 1 2 4 2 5 7 1 17 6 9 5 5 10 1
1 1 3 3 1 2 4 9 5 7 24 17 6 9 4 3 9 1
5 2 5 5 2 2 1 8 2 7 31 16 19 6 15 3 5 1
3 2 6 6 1 3 1 9 2 7 31 16 14 35 15 3 12 1
1 3 4 4 1 2 3 2 5 7 31 17 6 9 5 3 9 1
3 4 5 1 1 3 1 11 5 7 30 18 20 10 5 3 12 1
4 3 5 6 2 4 1 8 2 7 31 16 14 35 15 5 10 1
1 1 1 3 1 2 3 9 2 3 13 2 10 4 13 5 10 0
2 2 2 5 2 1 3 9 5 7 31 17 6 9 5 3 1 1
2 2 2 2 2 5 3 8 2 7 31 16 14 35 10 3 9 1
1 1 2 4 1 1 3 9 5 7 31 17 6 9 5 3 1 1
5 1 3 3 2 2 4 13 5 3 20 4 14 9 5 5 10 0
4 4 2 2 1 4 1 11 2 7 31 16 14 35 10 3 1 0
3 2 5 1 1 1 4 8 5 7 31 17 6 9 5 3 12 0
3 3 5 6 2 3 1 9 2 7 31 16 19 6 10 3 5 1
1 3 3 3 1 5 1 9 2 7 22 16 14 5 10 5 10 1
5 3 4 6 1 3 1 8 2 7 31 16 19 6 15 3 5 1
2 1 5 3 3 5 1 11 2 7 31 16 14 35 15 5 10 0
2 1 2 2 2 5 4 10 7 7 31 9 16 37 4 3 12 1
1 1 6 5 2 2 4 8 5 7 34 17 6 9 4 3 1 1
4 2 3 3 1 4 1 7 2 7 31 16 14 35 15 3 5 1
1 2 6 5 1 1 1 9 6 3 28 5 3 31 8 3 16 1
2 3 3 3 1 5 1 9 2 7 31 16 14 35 15 5 10 1
3 1 2 4 1 2 3 11 5 7 31 17 6 9 5 3 5 1
4 3 5 6 1 1 1 8 2 7 31 16 14 35 15 5 10 1
5 3 2 5 2 3 1 9 2 7 31 16 19 6 10 3 5 1
5 3 4 1 2 3 4 8 2 7 31 16 19 6 11 3 5 0
2 1 1 6 1 5 2 9 2 7 30 16 14 6 12 3 12 0
1 2 5 5 1 1 3 13 2 7 34 16 14 35 10 3 15 1
1 1 3 6 1 5 4 12 5 7 31 17 6 9 5 5 10 1
2 4 3 4 2 3 4 7 2 7 31 16 14 35 11 3 5 1
5 3 3 1 1 4 4 8 5 7 31 17 6 9 5 3 12 1
1 1 4 3 2 4 4 12 5 7 1 17 6 9 5 5 10 1
5 3 3 6 2 3 1 8 2 7 31 16 14 35 15 3 5 0
3 2 5 5 1 1 3 11 2 7 31 16 14 35 10 3 5 1
4 1 6 1 2 3 2 8 2 7 30 16 14 6 12 3 12 0
3 4 6 2 1 1 1 8 5 7 30 18 20 10 5 3 12 1
4 4 5 2 1 4 1 8 2 7 31 16 19 6 10 5 10 1
2 1 4 2 1 2 4 8 5 7 31 17 6 9 5 3 12 0
1 1 6 2 1 5 4 13 5 3 37 4 27 45 4 5 10 0
1 1 5 4 2 3 3 2 2 7 36 16 14 35 12 5 10 0
5 2 5 1 1 3 2 8 2 7 30 16 14 6 12 3 12 1
2 2 3 1 1 3 3 2 1 7 37 15 18 47 7 3 12 1
1 2 2 6 2 2 4 9 5 7 34 17 6 9 7 3 1 1
3 2 3 5 1 2 4 9 2 7 24 16 14 35 11 5 10 1
3 3 5 2 1 5 1 8 2 7 31 16 14 35 15 3 14 0
4 2 4 1 1 4 2 8 2 7 30 16 14 6 12 3 12 0
3 4 6 1 1 4 2 8 2 7 30 16 14 6 12 3 12 1
3 3 5 5 1 3 3 9 2 7 31 16 14 35 10 3 16 1
3 2 3 2 1 5 4 8 5 7 32 10 5 48 4 3 12 1
1 1 6 4 1 3 3 9 5 7 31 17 6 9 5 3 1 1
3 4 3 1 1 2 2 11 2 7 30 16 14 6 12 3 12 1
3 1 5 2 1 3 3 8 5 7 31 17 6 9 5 3 12 0
3 2 5 1 1 1 1 8 5 7 30 18 20 10 5 3 12 1
2 3 2 6 2 4 1 9 5 7 17 18 20 22 3 3 12 1
3 4 5 5 1 3 1 9 2 7 31 16 14 35 15 5 10 1
3 1 4 6 2 4 1 9 2 7 31 16 19 6 15 3 5 1
4 4 4 1 1 4 1 10 5 7 30 18 20 10 5 3 12 1
4 4 4 2 1 3 4 7 2 7 31 16 19 6 11 5 10 1
2 2 5 5 1 4 4 8 5 7 33 17 6 9 7 3 1 1
5 1 1 3 1 3 4 10 5 7 31 17 6 9 5 3 12 0
1 1 2 6 2 4 2 2 5 7 17 18 20 22 7 5 10 1
1 1 5 5 1 5 3 8 5 7 31 17 6 9 5 5 10 1
3 1 4 5 2 3 4 11 5 7 24 17 6 9 7 3 5 0
3 1 6 6 2 3 1 9 2 7 31 16 19 6 10 3 12 0
2 1 5 6 1 2 4 7 5 7 31 17 6 9 5 3 12 0
2 4 5 1 1 3 2 9 2 7 30 16 14 6 12 3 12 1
2 2 6 6 1 3 4 12 5 7 31 17 6 9 5 3 12 1
5 2 4 6 2 4 1 8 2 7 31 16 19 6 15 3 5 0
3 2 5 4 2 5 4 8 5 7 31 17 6 9 5 3 12 1
1 1 4 5 1 5 3 10 2 7 1 16 14 35 16 5 10 1
1 3 4 6 1 1 3 8 5 7 23 14 22 11 7 3 1 1
2 2 4 3 1 3 4 8 5 7 34 17 6 9 7 3 5 0
2 2 6 4 1 4 4 8 5 7 34 17 6 9 7 3 9 1
3 3 5 3 1 3 4 8 7 7 32 9 16 37 4 3 12 1
2 3 5 5 1 3 3 8 2 7 31 16 14 35 10 3 9 1
1 1 5 4 1 3 4 8 5 7 33 17 6 9 4 3 9 0
1 1 2 3 2 5 3 12 2 7 36 16 14 35 12 5 10 0
1 1 6 5 2 4 4 8 5 7 34 17 6 9 7 3 8 1
4 2 6 5 2 2 4 8 2 7 24 16 14 35 11 3 5 0
4 4 5 1 2 2 1 9 5 7 30 18 20 10 5 3 12 0
3 2 5 1 1 4 2 8 2 7 30 16 14 6 12 3 12 1
3 4 5 3 1 5 1 8 5 7 30 18 20 10 5 3 12 1
5 4 4 6 1 1 1 9 2 7 31 16 14 35 15 5 10 1
2 1 4 6 1 4 4 12 7 7 31 9 16 37 4 3 12 1
3 2 2 2 1 4 3 8 5 7 31 17 6 9 5 3 5 1
2 4 4 6 1 5 3 8 5 7 31 17 6 9 5 3 12 0
3 1 4 6 2 5 1 7 2 7 31 16 14 35 15 3 5 1
3 2 3 1 1 2 3 8 5 7 31 17 6 9 5 3 16 0
1 4 3 5 2 3 1 2 2 7 31 16 14 35 15 5 10 1
2 2 6 4 1 5 4 8 5 7 33 17 6 9 7 5 10 1
2 1 5 2 1 4 1 9 2 7 31 16 14 35 15 5 10 1
5 1 3 6 1 5 1 8 5 7 30 18 20 10 5 3 12 1
4 4 3 1 1 3 2 8 2 7 30 16 14 6 12 3 12 0
1 4 4 6 2 4 3 9 2 7 31 16 14 35 10 3 9 1
4 3 5 1 1 1 2 8 2 7 30 16 14 6 12 3 12 1
1 3 5 5 3 1 4 9 2 7 24 16 14 35 11 5 10 0
2 3 3 1 1 2 2 9 2 7 30 16 14 6 12 3 12 1
3 3 4 6 1 3 2 9 2 7 30 16 14 6 12 3 12 1
2 3 5 6 1 4 3 12 1 7 37 15 18 47 7 3 12 1
5 1 3 5 1 4 1 11 2 7 31 16 19 6 15 3 5 0
5 2 3 5 1 1 1 8 2 7 31 16 19 6 10 3 5 0
1 3 5 5 1 2 4 8 5 7 24 17 6 9 4 3 5 1
3 3 2 6 1 5 1 10 5 7 30 18 20 10 5 3 12 1
5 4 5 6 1 1 4 8 5 7 31 17 6 9 5 3 12 0
4 1 3 5 1 1 4 9 5 7 31 17 6 9 5 3 5 0
3 4 4 6 1 4 4 7 7 7 31 9 16 37 4 3 12 1
2 3 3 2 2 5 2 8 5 7 31 17 11 17 9 3 12 1
3 4 6 3 1 4 4 8 7 7 31 9 16 37 4 3 12 1
2 2 4 3 2 1 4 10 5 7 33 17 6 9 4 3 1 1
4 2 5 5 2 1 1 8 2 7 31 16 14 35 15 5 10 1
2 1 4 6 1 5 3 12 1 7 37 15 18 47 7 5 10 1
5 1 6 3 2 4 4 8 2 7 31 16 19 6 10 3 5 0
4 2 3 3 3 2 1 11 2 7 31 16 14 35 15 5 10 0
1 2 4 6 2 4 3 3 2 7 31 16 14 35 10 3 16 1
5 3 3 4 2 1 1 11 2 7 31 16 19 6 15 3 5 0
2 1 4 3 1 1 3 8 2 7 31 16 14 35 10 5 10 1
5 3 5 3 1 5 4 8 5 7 31 17 6 9 7 3 12 0
4 4 4 1 1 3 1 8 5 7 30 18 20 10 5 3 12 1
2 2 6 1 1 3 2 9 2 7 30 16 14 6 12 3 12 1
5 3 3 1 1 4 2 8 2 7 30 16 14 6 12 3 12 0
5 3 3 1 1 2 2 8 2 7 30 16 14 6 12 3 12 1
3 2 4 3 1 5 2 9 2 7 30 16 14 6 12 3 12 0
2 3 4 6 2 2 2 11 2 7 30 16 14 6 12 3 12 0
3 2 3 2 2 2 4 8 2 7 24 16 14 35 11 5 10 1
1 1 5 3 1 1 3 2 2 3 13 2 10 4 13 5 10 1
3 3 5 6 1 3 1 9 2 7 31 16 14 35 15 3 5 0
5 1 5 6 1 1 1 8 2 7 31 16 14 29 10 3 5 0
2 2 3 4 2 2 4 8 5 7 34 17 6 9 7 3 16 0
2 1 4 6 1 5 4 12 7 7 31 9 16 37 4 5 10 0
4 1 6 1 1 5 2 9 2 7 30 16 14 6 12 3 12 0
1 1 2 4 2 4 1 10 6 3 28 5 3 31 8 5 10 0
3 3 5 2 2 4 2 9 2 7 30 16 14 6 12 3 12 1
2 4 2 4 2 1 3 11 5 7 31 17 6 9 5 3 16 0
1 4 3 5 2 4 1 9 2 7 31 16 14 35 15 5 10 1
4 3 3 6 1 2 2 8 2 7 30 16 14 6 12 3 12 1
1 1 6 5 3 5 3 3 6 2 28 12 17 38 6 5 10 0
3 3 1 1 1 2 2 9 2 7 30 16 14 6 12 3 12 1
3 2 3 1 2 2 2 9 2 7 30 16 14 6 12 3 12 1
2 1 4 6 1 5 3 12 1 7 37 15 18 47 7 5 10 1
1 1 2 6 1 5 4 14 2 5 36 2 23 42 11 5 10 0
3 2 6 2 1 2 3 8 5 7 31 17 6 9 5 3 12 0
5 4 3 6 1 4 4 10 5 7 31 17 6 9 5 3 12 0
4 2 5 2 1 4 4 9 2 7 31 16 19 6 11 5 10 1
1 1 2 3 1 1 4 2 5 3 17 4 27 1 7 5 10 0
2 4 3 1 2 1 4 8 5 7 24 17 6 9 4 3 9 0
1 3 5 6 2 4 3 8 5 7 23 14 22 11 7 3 9 1
1 3 5 6 1 5 3 9 2 7 1 16 14 35 16 5 10 1
2 3 4 3 1 3 4 8 2 7 24 16 14 35 11 3 9 1
4 1 3 1 2 2 1 9 2 7 31 16 19 6 15 3 5 0
4 3 2 3 2 3 1 10 2 7 31 16 19 6 15 5 10 1
1 2 5 5 1 1 3 9 5 7 23 14 22 11 7 3 5 0
1 4 6 6 2 5 2 8 2 7 30 16 14 6 12 3 12 0
3 3 6 3 1 5 1 9 2 7 31 16 14 35 15 3 5 1
2 1 5 6 2 2 4 8 5 7 34 17 6 9 7 3 8 1
1 1 5 5 3 4 1 2 6 3 28 5 3 31 8 5 10 0
2 4 4 5 1 4 2 10 2 7 30 16 14 6 12 3 12 1
3 2 5 1 2 4 4 10 7 7 31 9 16 37 4 3 9 0
3 4 3 1 1 1 3 10 5 7 31 17 6 9 5 3 12 0
5 2 6 2 1 1 1 8 5 7 30 18 20 10 5 3 12 1
1 1 2 3 1 4 4 8 2 7 31 16 14 9 5 5 10 0
4 1 6 4 1 4 4 8 2 7 31 16 19 6 11 3 5 0
2 1 4 2 3 5 4 2 5 7 33 17 6 9 4 3 1 0
3 3 6 6 2 2 4 9 7 7 31 9 16 37 4 3 12 0
2 2 4 1 1 2 3 8 5 7 31 17 6 9 5 3 12 0
5 3 4 3 1 1 1 8 2 7 31 16 19 6 10 5 10 1
2 4 3 1 1 3 1 8 5 7 30 18 20 10 5 3 12 0
2 2 4 4 1 2 3 8 5 7 31 17 6 9 5 3 16 0
2 4 4 1 1 4 2 9 2 7 30 16 14 6 12 3 12 0
2 2 6 1 1 1 3 8 5 7 23 14 22 11 7 3 12 0
4 1 3 5 1 5 1 8 2 7 31 16 14 35 15 5 10 1
3 2 5 1 1 2 2 9 2 7 30 16 14 6 12 3 12 0
1 2 5 2 1 2 3 9 5 7 23 14 22 11 7 3 16 1
3 2 5 2 2 4 3 8 5 7 31 17 6 9 5 3 12 0
4 3 3 2 1 2 1 8 2 7 31 16 14 35 15 5 10 1
1 3 3 5 1 2 3 8 5 7 23 14 22 11 7 5 10 1
5 3 4 1 1 2 1 8 2 7 31 16 19 6 10 3 9 0
2 1 3 5 1 5 4 8 7 2 39 9 16 37 1 3 12 0
2 2 6 4 1 5 3 9 2 7 31 16 14 35 10 3 15 1
4 1 4 6 1 5 3 10 5 7 32 17 6 9 5 5 10 0
3 1 5 1 1 5 4 8 7 7 32 9 25 43 4 3 12 1
2 3 5 4 1 3 3 8 5 7 31 17 6 9 5 3 1 1
5 4 3 6 1 3 4 8 5 7 31 17 6 9 5 3 12 0
3 3 1 1 1 3 1 8 5 7 30 18 20 10 5 3 12 1
2 1 4 2 1 5 4 8 5 7 34 17 6 9 7 5 10 1
1 1 2 5 1 5 4 12 5 7 1 17 6 9 5 5 10 1
4 3 5 1 1 5 2 8 2 7 30 16 14 6 12 3 12 1
5 2 4 3 1 2 1 8 2 7 31 16 19 6 10 3 5 1
2 1 4 4 2 2 4 10 5 7 33 17 6 9 4 3 8 1
2 3 6 1 1 4 4 9 7 7 31 9 16 37 4 3 12 1
3 2 3 1 1 3 1 8 5 7 30 18 20 10 5 3 12 0
5 2 2 5 2 5 1 8 2 7 31 16 19 6 15 3 5 0
2 3 5 2 1 5 2 8 2 7 30 16 14 6 12 3 12 0
5 2 5 1 1 5 1 8 2 7 31 16 14 29 10 5 10 0
2 1 6 5 1 4 1 10 6 3 28 5 3 31 8 3 1 1
4 2 3 6 1 2 3 9 5 7 32 17 6 9 5 3 12 0
5 1 4 6 1 5 1 9 2 7 32 16 19 6 10 3 12 0
4 2 5 3 1 2 4 11 5 7 31 17 6 9 5 3 12 0
3 3 5 6 1 3 2 8 2 7 30 16 14 6 12 3 12 1
1 2 6 4 1 2 4 9 2 7 24 16 14 35 11 3 5 1
3 4 4 1 1 4 2 8 2 7 30 16 14 6 12 3 12 0
5 4 6 1 1 1 2 8 2 7 30 16 14 6 12 3 12 1
3 3 4 1 1 2 2 9 2 7 30 16 14 6 12 3 12 1
5 4 2 4 1 2 1 8 2 7 31 16 19 6 10 5 10 1
4 3 6 1 1 3 4 8 5 7 32 10 5 48 4 3 12 1
2 3 5 4 2 1 4 8 5 7 33 17 6 9 7 3 8 0
3 1 2 1 1 3 3 8 5 7 31 17 6 9 5 3 16 0
4 4 5 1 1 2 4 8 5 7 31 17 6 9 5 3 5 0
2 1 3 5 1 5 3 13 5 3 18 4 14 9 5 5 10 1
2 1 5 1 2 5 4 8 5 7 33 17 6 9 4 3 1 1
3 3 5 1 1 1 2 8 2 7 30 16 14 6 12 3 12 0
1 1 5 4 1 5 4 14 3 7 25 3 26 9 5 5 10 0
2 4 3 4 2 1 1 10 2 7 31 16 14 35 15 5 10 1
5 3 6 3 1 2 4 8 2 7 31 16 19 6 11 3 9 0
5 1 5 5 2 5 4 10 5 7 31 17 6 9 5 3 12 0
1 1 4 1 2 5 4 5 2 7 31 16 14 9 5 5 10 0
3 1 5 4 1 5 4 9 5 7 31 17 6 9 5 3 12 1
1 1 4 6 2 4 3 12 1 7 37 15 18 47 7 5 10 0
2 3 6 6 1 4 2 9 2 7 30 16 14 6 12 3 12 0
1 1 5 2 1 4 3 9 5 7 31 17 6 9 5 3 9 0
1 3 6 4 1 4 3 8 6 2 28 12 17 38 6 5 10 1
5 2 5 5 1 2 1 8 2 7 31 16 19 6 10 3 5 0
4 4 5 6 1 5 4 10 5 7 31 17 6 9 5 3 12 1
4 1 1 1 1 3 4 8 5 7 31 17 6 9 5 3 12 0
4 1 6 5 1 4 4 8 5 7 33 17 6 9 4 3 5 0
1 4 3 3 1 3 1 7 5 7 30 18 20 10 5 3 12 1
1 1 2 1 3 5 4 3 5 3 8 4 21 21 7 5 10 0
4 4 4 2 1 5 4 9 5 7 31 17 6 9 7 5 10 0
1 2 5 3 1 1 4 3 2 7 24 16 14 35 11 3 5 1
1 1 4 1 2 5 4 8 5 7 33 17 6 9 4 3 1 1
3 4 3 2 2 1 3 8 5 7 31 17 6 9 5 3 16 0
1 4 5 6 1 1 3 9 5 7 23 14 22 11 7 3 8 1
1 3 3 4 2 5 1 9 2 7 31 16 14 35 15 5 10 1
1 1 4 2 1 5 3 11 5 7 23 14 22 11 7 3 1 1
1 1 5 4 1 5 3 8 2 7 36 16 14 35 12 5 10 0
4 4 5 2 1 5 3 8 5 7 31 17 6 9 5 3 12 0
3 4 3 2 1 4 2 9 2 7 30 16 14 6 12 3 12 0
4 1 3 2 1 5 1 10 2 7 31 16 14 35 15 5 10 1
4 4 4 5 1 1 3 8 2 7 31 16 14 35 10 3 16 0
2 2 3 4 1 3 4 8 5 7 34 17 6 9 7 3 8 1
1 2 4 4 1 5 4 2 2 7 24 16 14 35 11 3 9 0
1 1 5 2 3 1 4 2 5 7 24 17 6 9 4 3 5 0
3 3 6 1 1 4 2 8 2 7 30 16 14 6 12 3 12 1
1 1 4 5 1 4 1 8 6 3 28 5 3 31 8 3 1 1
1 2 5 4 1 1 1 6 6 7 28 12 17 38 3 5 10 1
5 1 3 6 1 4 4 8 5 7 32 18 20 10 4 3 12 0
1 1 4 3 2 5 3 12 2 7 1 16 14 35 16 5 10 1
2 1 3 3 1 4 3 9 5 7 31 17 6 9 5 3 9 1
2 2 6 2 1 3 3 9 5 7 23 14 22 11 7 3 5 1
5 1 5 3 1 1 4 8 7 7 30 9 16 37 5 3 5 0
2 1 5 6 1 5 4 7 7 2 39 9 16 37 1 5 10 0
2 1 5 4 1 2 3 9 5 7 23 14 22 11 7 3 5 1
1 1 4 5 2 2 3 2 5 7 23 14 22 11 7 3 9 1
4 4 6 3 1 1 3 8 2 7 31 16 14 35 10 3 5 1
2 4 2 3 1 3 3 8 5 7 31 17 6 9 5 3 16 0
4 3 2 3 2 5 1 11 2 7 31 16 14 35 15 3 9 1
1 4 2 6 1 5 4 8 5 7 1 17 6 9 5 3 1 1
3 2 5 4 1 2 4 11 5 7 24 17 6 9 4 3 5 1
1 3 4 5 2 5 1 2 2 7 31 16 14 35 15 5 10 1
3 4 3 6 2 1 1 8 2 7 31 16 14 35 15 5 10 1
3 2 4 1 1 2 2 8 2 7 30 16 14 6 12 3 12 0
3 3 2 3 1 2 1 9 2 7 31 16 19 6 15 3 5 1
3 2 5 4 1 2 3 8 5 7 31 17 6 9 5 3 9 0
4 4 4 6 1 2 1 8 5 7 32 10 5 48 9 3 12 0
2 4 3 6 1 3 1 7 2 7 31 16 14 35 15 5 10 1
1 1 6 4 1 4 4 12 5 3 18 4 21 21 7 3 1 1
1 1 5 2 1 1 4 1 2 7 31 16 14 9 5 5 10 1
1 2 3 4 2 5 3 8 5 7 31 17 6 9 5 3 1 0
2 1 4 4 2 3 4 11 5 7 34 17 6 9 4 3 1 1
5 2 3 6 1 1 3 10 5 7 32 18 20 10 5 3 5 0
3 2 5 1 1 1 2 8 2 7 30 16 14 6 12 3 12 1
4 2 4 3 1 2 4 9 2 7 24 16 14 35 11 3 9 0
2 2 4 2 1 5 3 8 5 7 31 17 6 9 5 3 16 0
4 4 4 1 2 1 2 8 2 7 30 16 14 6 12 3 12 1
3 2 2 4 1 2 3 8 5 7 31 17 6 9 5 3 5 1
5 3 5 3 1 2 1 9 2 7 31 16 19 6 15 3 5 0
1 2 6 5 2 3 4 8 5 7 33 17 6 9 7 5 10 1
4 3 3 5 1 1 1 8 2 7 31 16 14 35 15 3 5 0
5 4 4 5 1 1 1 8 2 7 31 16 19 6 15 3 12 0
2 4 3 4 2 5 4 10 5 7 33 17 6 9 4 3 9 1
3 2 3 2 1 5 2 8 2 7 30 16 14 6 12 3 12 1
5 3 5 5 1 2 1 8 2 7 31 16 14 29 10 3 5 0
1 3 5 2 2 4 1 6 6 7 28 12 17 38 3 5 10 1
3 4 5 6 2 2 2 8 2 7 30 16 14 6 12 3 12 0
4 3 3 1 1 2 1 10 5 7 30 18 20 10 5 3 12 1
2 2 3 1 1 4 1 14 5 7 17 18 20 22 3 3 12 1
1 2 6 4 1 2 4 8 5 3 14 4 21 40 4 5 10 1
1 1 3 2 1 5 4 8 5 5 37 14 22 15 4 5 10 0
5 3 5 2 1 2 4 8 5 7 31 17 6 9 7 3 5 0
1 1 3 6 1 1 3 8 5 7 23 14 22 11 7 3 1 1
2 1 3 3 1 4 1 8 2 7 31 16 14 35 15 3 5 0
1 1 5 5 1 5 4 8 5 5 35 17 6 13 4 5 10 0
2 2 6 6 2 5 4 10 2 7 24 16 14 35 11 3 9 1
2 4 5 2 1 2 1 8 2 7 22 16 14 5 10 3 9 1
2 2 3 2 1 1 4 7 2 7 24 16 14 35 11 3 9 1
2 3 6 4 1 3 4 11 7 7 31 9 16 37 4 3 12 0
3 2 3 3 2 3 3 9 2 7 31 16 14 35 10 3 16 1
4 2 4 1 2 2 2 8 2 7 30 16 14 6 12 3 12 1
4 4 5 1 1 2 2 8 2 7 30 16 14 6 12 3 12 0
4 2 3 1 1 1 4 10 7 7 32 9 16 37 4 3 9 0
1 1 1 2 2 2 4 1 2 7 31 16 14 9 5 3 5 0
3 2 3 2 1 4 4 8 7 7 31 9 16 37 4 3 12 1
5 4 4 3 1 4 1 10 5 7 30 18 20 10 5 3 12 0
1 3 5 3 1 3 4 3 5 7 24 17 6 9 4 3 12 1
2 3 5 2 1 4 3 8 5 7 31 17 6 9 5 3 16 1
3 3 5 1 1 4 3 8 5 7 31 17 6 9 5 3 12 1
1 4 5 6 2 2 1 8 5 7 30 18 20 10 5 3 12 1
3 3 2 5 2 5 4 8 5 7 34 17 6 9 7 3 1 1
5 3 6 5 2 3 1 11 2 7 32 16 19 6 10 3 5 0
1 1 3 4 2 2 4 8 5 7 33 17 6 9 7 5 10 1
3 4 4 6 2 2 1 7 2 7 31 16 19 6 10 3 12 1
4 1 5 2 1 5 1 9 2 4 38 16 19 6 16 5 10 1
3 2 3 2 1 2 2 8 2 7 30 16 14 6 12 3 12 1
3 2 4 4 2 4 3 11 5 7 31 17 6 9 5 3 12 0
3 2 3 2 1 4 2 8 2 7 30 16 14 6 12 3 12 1
4 3 4 2 1 3 1 11 5 7 30 18 20 10 5 3 12 0
5 3 3 2 1 1 1 8 2 7 31 16 14 29 10 5 10 0
5 2 5 6 1 5 1 8 2 7 31 16 19 6 15 3 12 0
2 3 4 3 1 1 4 9 2 7 24 16 14 35 11 3 9 1
3 4 4 1 1 2 2 8 2 7 30 16 14 6 12 3 12 1
2 2 5 5 2 3 3 8 5 7 31 17 6 9 5 3 1 0
4 3 3 6 1 3 1 9 2 7 31 16 19 6 10 3 5 1
4 4 5 6 3 3 3 8 2 7 31 16 14 35 10 3 16 1
2 1 5 5 1 2 4 8 5 7 31 17 6 9 5 3 9 1
1 1 4 4 1 5 3 8 5 7 31 17 6 9 5 3 1 1
4 4 2 6 1 3 1 8 2 7 31 16 19 6 15 3 5 0
2 4 2 1 1 4 3 8 5 7 31 17 6 9 5 3 16 0
4 1 5 6 3 3 3 10 2 7 31 16 14 35 10 3 16 1
2 1 4 3 1 3 3 8 5 7 31 17 6 9 5 3 5 0
2 3 5 5 2 4 3 8 2 7 31 16 14 35 10 3 9 1
4 4 5 1 1 3 2 8 2 7 30 16 14 6 12 3 12 1
3 2 3 3 2 1 3 8 2 7 34 16 14 35 12 3 5 0
2 2 3 2 3 2 3 8 5 7 31 17 6 9 5 3 16 0
3 1 6 5 2 5 4 8 5 7 31 17 6 9 5 3 5 0
3 1 3 1 1 2 2 9 2 7 30 16 14 6 12 3 12 1
2 2 6 2 1 5 1 9 5 7 30 18 20 10 5 3 12 1
5 3 3 2 1 5 4 9 5 7 32 18 20 10 4 3 12 0
4 1 2 3 2 2 4 8 2 7 24 16 14 35 11 3 5 1
1 1 3 1 1 5 4 14 5 3 18 4 21 21 7 5 10 0
4 3 5 6 1 1 1 8 2 7 31 16 14 35 15 5 10 1
5 2 4 1 1 3 1 8 2 7 31 16 19 6 10 3 9 0
3 1 4 1 2 3 2 9 2 7 30 16 14 6 12 3 12 1
3 1 1 4 2 2 1 8 2 7 31 16 14 35 15 5 10 0
3 3 5 1 2 4 2 9 2 7 30 16 14 6 12 3 12 1
3 4 3 3 2 1 1 7 2 7 31 16 14 35 15 3 5 1
3 3 5 4 2 4 2 8 2 7 30 16 14 6 12 3 12 0
1 4 3 4 1 2 3 9 5 7 31 17 6 9 5 3 16 1
2 2 5 4 2 1 3 8 5 7 23 14 22 11 7 3 5 0
2 2 6 6 1 2 2 8 2 7 30 16 14 6 12 3 12 0
1 2 3 5 1 1 3 9 5 7 23 14 22 11 7 3 1 1
2 1 4 3 1 1 3 9 2 7 31 16 14 35 10 5 10 1
5 4 2 6 1 4 1 8 2 7 31 16 19 6 10 3 5 1
3 1 5 5 1 2 4 8 5 7 31 17 6 9 5 3 12 1
1 4 3 3 1 2 4 9 5 3 17 4 27 1 7 3 16 1
5 3 5 2 1 3 1 11 2 7 31 16 19 6 10 3 5 0
1 2 4 4 1 3 4 9 2 7 24 16 14 35 11 5 10 1
2 2 6 4 1 2 1 9 2 7 31 16 14 35 15 3 15 0
4 3 5 5 2 3 3 8 2 7 31 16 14 35 10 3 9 1
3 1 4 2 2 5 4 10 5 7 33 17 6 9 4 3 1 0
3 1 5 3 2 3 4 8 5 3 38 4 21 9 16 3 9 0
2 1 3 1 1 1 2 2 2 7 30 16 14 6 12 3 12 1
1 2 3 4 1 4 3 12 1 7 37 15 18 47 7 5 10 1
3 3 4 1 1 2 3 8 5 7 31 17 6 9 5 3 16 0
2 3 2 1 1 2 4 9 5 7 24 17 6 9 4 3 16 0
1 1 6 4 2 3 4 7 5 3 37 4 27 45 4 5 10 0
3 2 5 4 1 4 4 8 2 7 31 16 19 6 11 5 10 1
3 2 3 3 1 2 3 9 5 7 31 17 6 9 5 3 12 0
1 1 4 4 1 5 3 12 1 7 37 15 18 47 7 3 12 0
4 1 5 2 1 5 4 8 2 7 31 16 19 6 11 5 10 1
3 4 3 4 1 5 4 8 2 7 24 16 14 35 11 5 10 0
1 1 3 4 2 5 4 4 2 5 36 2 23 42 11 5 10 0
3 4 5 1 1 3 2 9 2 7 30 16 14 6 12 3 12 1
2 1 4 6 1 4 4 2 7 7 31 9 16 37 4 3 12 1
1 3 5 6 1 4 3 8 1 7 37 15 18 47 7 3 12 1
4 3 2 2 1 3 1 8 2 7 31 16 19 6 10 3 5 0
3 3 2 1 2 2 2 8 2 7 30 16 14 6 12 3 12 0
2 2 4 1 1 1 3 8 5 7 31 17 6 9 5 3 16 1
2 3 4 3 2 4 3 8 2 7 31 16 14 35 10 3 9 1
4 2 5 6 1 2 4 8 5 7 32 18 20 10 4 3 12 0
4 2 5 6 1 3 1 8 2 7 31 16 19 6 10 3 5 1
5 1 1 6 1 2 1 8 2 7 31 16 14 29 10 3 5 0
5 2 5 6 1 1 4 10 5 7 32 10 5 48 4 5 10 0
4 2 2 5 2 4 3 8 5 7 31 17 6 9 5 3 5 0
4 3 5 1 1 4 4 9 5 7 32 10 5 48 4 3 12 1
3 1 2 1 1 2 2 9 2 7 30 16 14 6 12 3 12 1
1 1 2 3 2 2 4 8 5 3 18 4 21 21 7 5 10 0
4 4 4 6 1 4 1 8 2 7 31 16 19 6 10 3 12 0
1 1 1 1 1 5 4 1 5 3 18 4 21 21 7 5 10 0
1 2 5 4 1 2 4 3 5 7 33 17 6 9 7 3 5 0
4 2 6 1 1 3 2 9 2 7 30 16 14 6 12 3 12 1
1 1 3 3 1 2 4 7 5 7 24 17 6 9 4 5 10 0
3 1 5 5 1 5 1 7 5 7 17 18 20 22 3 3 12 0
3 2 5 4 1 5 4 11 2 7 31 16 19 6 11 3 5 1
3 4 5 3 1 2 1 11 5 7 30 18 20 10 5 3 12 0
5 2 5 4 1 5 1 8 2 7 31 16 14 29 10 5 10 0
2 4 5 3 1 4 3 9 2 7 31 16 14 35 10 3 9 1
2 2 5 2 1 4 4 2 5 5 37 14 22 15 4 5 10 0
4 1 2 2 2 5 3 8 2 7 34 16 14 35 12 3 12 0
4 2 5 6 1 5 2 8 2 7 30 16 14 6 12 3 12 1
2 4 3 4 2 5 4 10 5 7 33 17 6 9 4 3 9 1
3 3 6 1 1 1 2 8 2 7 30 16 14 6 12 3 12 1
4 2 3 4 2 2 1 10 2 7 31 16 19 6 15 5 10 1
2 1 1 4 1 4 4 8 5 7 33 17 6 9 4 5 10 1
4 1 4 1 1 4 4 8 2 7 31 16 19 6 11 3 9 0
2 1 4 4 2 1 4 9 5 7 24 17 6 9 4 3 1 1
1 1 5 5 1 5 4 14 5 3 9 4 21 40 4 5 10 0
3 3 4 1 1 3 1 7 5 7 30 18 20 10 5 3 12 0
4 4 2 6 1 3 1 8 2 7 31 16 19 6 10 3 5 1
2 2 4 2 1 3 3 9 5 7 31 17 6 9 5 3 16 1
3 2 3 4 2 1 1 10 2 7 31 16 14 35 15 3 5 1
3 2 4 2 1 4 2 8 2 7 30 16 14 6 12 3 12 0
1 1 1 1 1 5 1 12 3 4 18 8 28 9 5 5 10 0
5 3 2 4 1 1 1 9 2 7 31 16 19 6 10 5 10 1
1 2 4 4 1 1 4 9 2 7 24 16 14 35 11 3 9 1
5 4 5 1 1 5 1 9 2 7 31 16 14 29 10 5 10 0
4 3 3 5 1 3 2 8 2 7 30 16 14 6 12 3 12 0
1 2 4 3 1 5 4 2 5 3 37 4 27 45 4 3 5 1
1 1 6 2 1 5 3 13 5 7 37 14 22 41 7 5 10 0
2 2 4 3 1 5 3 8 5 7 23 14 22 11 7 3 16 0
4 1 4 3 1 1 4 8 7 7 32 9 16 37 4 3 9 0
2 1 2 5 2 5 4 9 5 7 34 17 6 9 7 3 1 1
3 4 3 3 1 4 1 9 5 7 30 18 20 10 5 3 12 1
5 2 3 5 1 2 1 8 2 7 31 16 19 6 10 5 10 1
1 2 5 3 1 3 3 2 5 7 31 17 6 9 5 3 16 1
1 1 3 1 1 4 3 13 2 7 1 16 14 35 16 5 10 1
3 2 5 1 1 3 3 8 5 7 23 14 22 11 7 3 1 1
1 2 3 6 1 2 4 8 5 3 17 4 27 1 7 5 10 1
3 3 2 2 1 4 2 8 2 7 30 16 14 6 12 3 12 1
1 1 5 3 2 4 4 9 5 3 8 4 21 21 7 5 10 1
2 3 3 2 1 5 3 9 5 7 31 17 6 9 5 3 16 0
1 1 3 3 2 5 3 8 5 7 23 14 22 11 7 3 1 1
3 3 4 5 2 2 3 8 2 7 31 16 14 35 10 3 16 1
2 4 3 1 1 1 3 9 5 7 23 14 22 11 7 3 16 0
3 2 5 5 3 5 3 8 2 7 31 16 14 35 10 3 9 1
1 3 5 2 1 4 4 6 5 7 33 17 6 9 4 5 10 1
5 2 3 5 1 4 3 8 5 7 32 17 6 9 5 3 12 0
2 2 4 6 1 4 3 9 5 7 31 17 6 9 5 3 12 0
2 1 5 3 1 5 3 10 5 7 31 17 6 9 5 3 1 1
2 1 6 5 2 3 3 12 2 7 36 16 14 35 12 5 10 1
2 2 3 4 2 5 3 8 2 7 31 16 14 35 10 3 9 1
3 1 6 3 1 3 2 8 2 7 30 16 14 6 12 3 12 0
2 3 6 6 1 2 4 10 7 7 31 9 16 37 4 3 12 1
2 1 3 1 2 3 4 2 5 7 31 17 6 9 5 3 12 1
2 2 5 2 1 1 3 9 5 7 23 14 22 11 7 3 16 1
3 3 2 1 1 2 1 9 5 7 30 18 20 10 5 3 12 1
2 3 6 3 1 3 3 8 5 7 31 17 6 9 5 3 12 0
3 1 5 1 1 4 3 8 5 7 31 17 6 9 5 3 16 0
4 4 3 2 1 3 2 8 2 7 30 16 14 6 12 3 12 1
5 3 3 5 1 2 1 8 2 7 31 16 19 6 10 3 5 0
1 2 4 4 1 3 4 12 5 7 1 17 6 9 5 5 10 1
3 1 3 3 1 4 1 9 2 7 31 16 14 35 15 5 10 0
2 2 2 4 2 3 4 11 5 7 24 17 6 9 4 3 5 1
1 3 4 5 2 5 1 3 3 1 5 13 29 46 16 5 10 1
3 2 4 5 2 5 3 10 2 7 31 16 14 35 10 3 9 1
1 4 3 4 2 4 1 2 2 7 31 16 14 35 15 5 10 1
4 1 6 6 2 4 4 8 5 7 31 17 6 9 5 5 10 0
4 3 4 1 2 1 4 8 7 7 31 9 16 37 4 3 12 0
2 3 6 6 1 4 3 9 2 7 1 16 14 35 16 3 12 1
1 1 3 2 1 3 3 9 5 7 31 17 6 9 5 3 16 1
1 2 3 4 2 1 4 9 2 7 24 16 14 35 11 3 9 1
3 2 6 1 1 3 3 8 5 7 31 17 6 9 5 3 12 0
4 1 5 3 1 5 4 9 5 7 31 17 6 9 5 3 12 0
2 3 6 3 2 4 3 11 2 7 31 16 14 35 10 3 9 1
1 2 4 5 2 4 4 9 5 7 33 17 6 9 7 3 1 1
2 2 4 6 1 5 4 12 7 7 31 9 16 37 4 3 12 1
2 2 2 6 1 1 3 8 5 7 23 14 22 11 7 3 1 0
5 1 6 6 1 2 4 3 5 7 32 10 2 26 9 3 5 0
1 1 1 4 1 4 4 2 5 3 14 4 21 40 4 5 10 0
1 1 6 5 2 5 3 8 5 7 31 17 6 9 5 3 16 1
1 2 4 3 1 1 4 12 2 7 24 16 14 35 11 3 5 0
2 3 5 6 1 4 2 8 2 7 30 16 14 6 12 3 12 1
4 3 5 1 1 1 2 8 2 7 30 16 14 6 12 3 12 0
1 4 4 2 1 3 1 2 2 7 31 16 14 35 15 5 10 1
5 3 6 1 1 2 2 8 2 7 30 16 14 6 12 3 12 1
5 1 3 5 1 3 1 8 2 7 31 16 14 35 15 5 10 0
1 1 1 4 1 4 4 3 5 3 37 4 27 45 4 5 10 1
3 4 6 4 1 3 4 8 7 7 31 9 16 37 4 3 12 0
2 2 5 1 1 2 3 8 5 7 31 17 6 9 5 3 1 1
1 2 5 2 3 5 3 3 2 7 31 16 14 35 10 5 10 1
2 1 2 4 2 1 4 9 2 7 24 16 14 35 11 5 10 0
1 1 5 2 1 3 3 8 5 7 23 14 22 11 7 3 1 1
1 3 5 2 1 4 3 3 5 7 23 14 22 11 7 5 10 1
1 3 4 6 1 4 3 12 1 7 37 15 18 47 7 5 10 0
4 1 5 5 1 3 1 8 2 7 31 16 14 35 15 5 10 0
1 3 5 4 1 3 4 8 2 7 24 16 14 35 11 3 5 1
2 3 3 6 1 3 3 7 5 7 31 17 6 9 5 3 12 0
4 3 3 2 1 4 2 7 2 7 30 16 14 6 12 3 12 1
3 4 6 2 2 1 1 8 2 7 31 16 14 35 15 3 9 1
4 4 4 1 1 4 2 10 2 7 30 16 14 6 12 3 12 1
1 2 5 4 1 4 4 7 2 7 24 16 14 35 11 3 9 1
4 2 4 5 1 4 1 9 2 7 31 16 19 6 15 5 10 1
1 2 3 2 3 4 3 2 5 7 31 17 6 9 5 3 1 1
3 1 2 1 2 4 4 8 7 7 31 9 16 37 4 3 12 1
2 2 6 5 1 1 3 10 5 7 23 14 22 11 7 3 1 1
3 4 4 1 2 1 2 9 2 7 30 16 14 6 12 3 12 1
3 3 4 1 1 2 1 8 5 7 30 18 20 10 5 3 12 0
1 1 5 1 3 1 1 4 6 7 28 12 17 38 3 3 1 1
4 2 4 2 1 5 3 8 5 7 31 17 6 9 5 3 12 0
3 4 5 1 1 2 3 9 5 7 31 17 6 9 5 3 12 1
4 3 3 1 1 4 2 11 2 7 30 16 14 6 12 3 12 1
5 1 3 5 2 4 4 8 2 7 31 16 19 6 11 3 5 0
2 4 6 3 1 4 3 8 5 7 31 17 6 9 5 3 9 0
3 3 2 4 1 4 2 8 2 7 30 16 14 6 12 3 12 1
1 1 3 5 1 4 4 7 5 5 35 17 6 13 4 5 10 1
1 1 4 6 1 5 3 10 5 7 37 14 22 41 7 5 10 0
2 3 3 4 1 1 1 9 2 7 31 16 14 35 15 3 9 1
2 3 5 3 1 3 4 10 7 7 31 9 16 37 4 3 12 0
1 2 4 5 1 5 1 2 2 7 22 16 14 5 10 3 9 1
3 2 5 2 2 1 3 11 2 7 31 16 14 35 10 3 5 1
3 3 4 5 1 3 1 9 2 7 31 16 14 35 15 3 12 1
4 2 4 6 1 1 1 8 2 7 31 16 14 35 15 5 10 1
4 1 4 5 2 3 1 8 2 7 31 16 19 6 10 3 5 1
3 2 3 6 2 5 4 8 5 7 33 17 6 9 7 5 10 0
3 3 3 6 2 5 4 11 5 7 34 17 6 9 7 3 1 0
4 4 6 6 1 1 1 8 5 7 30 18 20 10 5 3 12 1
3 3 5 1 1 5 4 8 5 7 32 10 5 48 4 3 12 1
2 4 3 2 2 5 4 8 5 7 30 10 5 48 4 3 12 1
1 4 3 6 1 5 1 9 3 7 31 11 30 9 5 3 1 1
1 1 3 2 1 4 3 11 7 7 39 9 16 37 7 3 12 0
2 2 3 3 1 4 4 9 5 7 24 17 6 9 4 3 12 0
3 1 5 1 1 3 1 9 2 7 31 16 14 35 15 5 10 1
2 3 5 2 1 2 3 8 5 7 31 17 6 9 5 3 5 1
5 3 2 6 1 5 1 10 2 7 31 16 19 6 15 5 10 1
5 1 4 6 1 3 2 10 2 7 30 16 14 6 12 3 5 0
3 3 4 5 1 3 3 8 2 7 31 16 14 35 10 3 16 1
3 1 6 1 1 4 2 9 2 7 30 16 14 6 12 3 12 0
4 1 5 1 1 1 4 8 7 7 31 9 16 37 4 3 12 1
2 4 4 6 1 5 2 9 2 7 30 16 14 6 12 3 12 1
4 2 3 2 1 2 1 7 2 7 31 16 19 6 15 5 10 1
4 3 5 1 2 1 2 10 2 7 30 16 14 6 12 3 12 0
3 2 6 5 2 2 1 9 2 7 31 16 14 35 15 3 5 1
1 1 5 2 3 4 3 8 5 7 31 17 6 9 5 3 16 1
4 3 3 1 1 2 4 8 7 7 31 9 16 37 4 3 12 0
5 2 5 6 2 1 1 8 2 7 31 16 19 6 15 3 5 0
3 2 4 4 1 1 3 8 5 7 31 17 6 9 5 3 5 0
1 2 6 4 1 5 4 10 2 7 24 16 14 35 11 3 9 1
1 1 2 6 2 4 4 13 5 7 34 17 6 9 7 5 10 1
5 2 4 5 1 1 3 10 2 7 32 16 19 6 13 3 5 0
3 2 3 6 1 4 2 10 2 7 30 16 14 6 12 3 12 0
1 1 3 5 1 4 3 2 2 7 1 16 14 35 16 5 10 1
5 4 4 2 1 1 1 7 2 7 31 16 19 6 10 5 10 1
1 1 5 6 1 5 4 9 2 7 24 16 14 35 11 5 10 1
1 1 4 6 1 5 4 2 5 7 34 17 6 9 7 3 16 1
5 2 6 6 1 1 4 8 2 7 32 2 14 9 5 3 12 0
2 2 5 1 2 5 4 8 5 7 33 17 6 9 4 3 1 1
5 3 6 6 2 2 1 8 2 7 31 16 19 6 10 3 5 0
4 1 3 2 2 4 1 2 2 7 31 16 19 6 10 5 10 1
2 1 5 2 2 4 4 8 5 7 33 17 6 9 4 5 10 0
4 4 5 3 1 1 2 8 2 7 30 16 14 6 12 3 12 1
2 3 2 6 1 4 1 9 2 7 31 16 14 35 15 5 10 1
3 2 4 3 1 5 3 8 5 7 31 17 6 9 5 3 5 0
5 3 6 1 1 4 1 8 2 7 31 16 19 6 15 3 9 0
2 2 2 3 1 3 3 11 5 7 31 17 6 9 5 3 16 0
2 1 5 3 1 5 4 12 7 2 39 9 25 43 1 3 12 0
5 1 4 2 2 2 1 11 2 7 31 16 19 6 15 3 5 0
1 3 4 3 2 5 3 12 2 7 36 16 14 35 13 5 10 1
1 1 4 3 1 1 3 9 5 7 23 14 22 11 7 3 16 1
2 2 2 4 1 4 3 8 5 7 31 17 6 9 5 3 5 1
4 3 4 1 1 2 2 8 2 7 30 16 14 6 12 3 12 1
5 4 4 3 1 4 4 10 5 7 32 10 5 48 4 3 12 0
3 4 5 2 1 2 2 8 2 7 30 16 14 6 12 3 12 1
4 2 3 3 1 5 4 9 2 7 31 16 19 6 11 3 5 0
1 3 2 4 1 1 3 8 5 7 23 14 22 11 7 3 1 1
5 1 5 1 1 1 2 8 2 7 30 16 14 6 12 3 12 1
1 1 3 3 2 1 4 8 5 7 34 17 6 9 7 3 1 1
2 3 6 4 1 3 3 9 5 7 31 17 6 9 5 3 1 1
2 3 5 5 1 4 1 8 2 7 31 16 14 35 15 5 10 1
4 3 6 5 1 1 1 9 2 7 31 16 14 35 15 5 10 1
4 2 4 4 1 1 1 8 2 7 31 16 19 6 10 3 5 0
3 3 5 5 1 3 4 11 5 7 24 17 6 9 4 3 5 1
3 2 6 6 1 4 1 8 2 7 31 16 14 35 15 3 5 1
4 3 5 1 1 1 4 11 7 7 31 9 16 37 4 3 12 1
1 2 2 6 1 5 3 9 5 7 33 17 6 9 5 5 10 0
5 3 5 1 1 5 1 8 2 7 31 16 14 29 10 5 10 0
4 3 4 1 1 1 2 8 2 7 30 16 14 6 12 3 12 0
3 4 5 1 1 2 2 8 2 7 30 16 14 6 12 3 12 0
1 1 5 4 1 5 4 8 5 3 17 4 27 1 7 3 1 1
4 3 4 2 1 3 1 9 2 7 31 16 14 35 15 5 10 1
3 3 5 3 1 4 4 8 7 7 31 9 16 37 4 3 12 1
2 1 3 1 1 4 3 9 5 7 31 17 6 9 5 3 16 1
4 2 3 1 1 1 3 10 2 7 31 16 19 6 12 3 12 1
2 1 5 2 1 2 4 7 2 7 24 16 14 35 11 3 5 1
1 1 2 6 2 5 4 9 5 7 33 17 6 9 4 5 10 1
2 2 6 6 1 5 2 8 2 7 30 16 14 6 12 3 12 0
3 3 2 3 2 4 2 8 2 7 30 16 14 6 12 3 12 1
1 1 2 4 2 2 4 8 5 3 37 4 27 45 4 5 10 0
3 1 3 2 1 3 4 8 7 7 31 9 16 37 4 3 12 0
5 1 4 5 2 2 1 8 2 7 31 16 19 6 15 3 5 0
4 3 4 4 1 4 1 7 2 7 31 16 14 35 15 3 5 1
2 1 3 4 2 4 3 9 2 7 31 16 14 35 10 5 10 1
1 1 4 1 1 5 4 12 5 3 14 4 21 40 4 5 10 0
4 2 3 6 1 4 1 9 2 7 31 16 19 6 15 5 10 1
4 3 2 1 1 2 4 10 5 7 31 17 6 9 5 3 12 0
1 3 2 2 1 2 1 9 2 7 31 16 14 35 15 5 10 1
1 1 3 6 1 1 3 9 5 7 23 14 22 11 7 3 1 1
5 3 6 5 1 2 1 8 2 7 31 16 19 6 10 3 13 0
5 4 4 1 1 1 1 11 2 7 31 16 19 6 10 5 10 1
5 2 5 5 2 1 3 8 5 7 31 17 6 9 7 3 5 0
4 4 5 2 1 4 1 8 2 7 31 16 14 35 15 3 5 0
3 3 5 5 1 4 1 8 2 7 31 16 14 35 15 3 12 1
2 4 4 5 2 4 1 7 2 7 31 16 14 35 15 3 5 1
4 3 3 1 2 1 2 10 2 7 30 16 14 6 12 3 12 1
4 3 6 1 2 1 4 8 7 7 31 9 16 37 4 3 9 0
3 3 6 6 2 4 1 9 2 7 31 16 19 6 10 3 5 1
4 2 6 5 1 5 1 9 2 7 31 16 14 35 15 3 5 1
5 3 5 3 1 1 2 10 2 7 30 16 14 6 12 3 12 1
4 1 5 1 1 2 4 9 7 7 31 9 16 37 4 3 12 0
5 4 6 2 1 1 1 8 2 7 30 16 19 6 10 3 12 1
4 2 6 1 1 1 4 8 7 7 31 9 16 37 4 3 12 1
1 2 4 4 1 4 3 8 5 7 31 17 6 9 5 3 1 1
2 1 4 6 1 2 3 9 5 7 31 17 6 9 5 3 1 1
4 4 5 1 1 3 4 8 5 7 31 17 6 9 5 3 12 1
4 4 3 1 2 1 1 8 5 7 30 18 20 10 5 3 12 0
2 4 2 3 2 2 3 8 2 7 31 16 14 35 10 3 9 1
1 2 5 3 1 3 3 8 5 7 23 14 22 11 7 3 9 0
4 3 1 4 1 5 1 8 2 7 31 16 19 6 10 3 5 0
3 1 6 3 1 4 4 8 5 7 31 17 6 9 5 3 12 1
1 1 4 6 2 4 4 9 5 7 33 17 6 9 7 3 1 1
1 3 2 4 1 2 3 9 5 7 31 17 6 9 5 3 1 1
4 3 4 1 1 3 4 9 5 7 31 17 6 9 5 3 5 0
3 4 5 5 1 3 2 8 2 7 30 16 14 6 12 3 12 1
2 2 2 4 1 2 1 8 2 7 31 16 14 35 15 5 10 0
4 1 4 6 1 4 3 8 2 7 34 16 14 35 12 3 5 0
3 2 5 5 1 5 4 8 7 7 31 9 16 37 4 3 12 0
3 1 5 2 1 1 4 8 5 7 32 18 20 10 4 3 12 1
4 4 6 1 1 1 2 8 2 7 30 16 14 6 12 3 12 1
1 2 5 4 2 3 4 8 5 7 24 17 6 9 4 3 9 1
4 3 4 5 2 5 1 8 2 7 32 16 19 6 15 3 12 0
4 4 5 1 1 2 1 8 5 7 30 18 20 10 5 3 12 0
4 3 3 6 1 5 3 8 5 7 32 17 6 9 5 3 12 0
2 3 5 3 1 5 3 8 5 7 31 17 6 9 5 3 1 1
2 4 5 4 1 3 2 8 2 7 30 16 14 6 12 3 12 1
5 2 3 6 1 5 1 8 2 7 32 16 19 6 15 3 5 0
3 1 3 2 1 4 2 8 2 7 30 16 14 6 12 3 12 0
4 1 4 2 2 2 4 8 7 7 31 9 16 37 4 3 12 0
4 4 6 5 2 4 1 8 2 7 31 16 19 6 10 3 5 0
1 1 4 3 2 5 3 12 2 7 36 16 14 35 13 5 10 1
1 1 4 1 1 5 4 12 5 3 18 4 21 21 7 5 10 0
4 3 6 5 1 2 1 9 2 7 31 16 14 35 15 3 5 0
3 1 4 3 2 2 3 8 5 7 31 17 6 9 5 3 16 0
5 2 2 2 2 2 4 11 5 7 32 18 20 10 4 3 12 0
4 3 5 4 1 5 4 8 7 7 32 9 25 43 4 3 12 0
4 3 1 4 1 3 1 8 2 7 31 16 14 35 15 5 10 1
5 1 4 3 2 5 2 8 2 7 32 16 19 6 12 3 5 0
1 1 4 2 1 4 4 14 5 3 17 4 27 1 7 5 10 0
1 3 3 5 2 3 1 7 2 7 31 16 14 35 15 5 10 1
2 3 4 5 1 2 1 11 2 7 31 16 14 35 15 5 10 1
4 2 2 6 1 1 4 11 5 7 32 18 20 10 4 5 10 1
1 1 3 5 1 5 3 9 5 7 31 17 6 9 5 3 12 1
3 4 2 1 1 2 1 9 5 7 30 18 20 10 5 3 12 0
1 1 5 3 1 1 4 7 2 7 24 16 14 35 11 3 5 1
5 2 5 1 1 5 1 8 2 7 31 16 14 29 10 5 10 0
5 4 3 4 1 3 1 8 2 7 31 16 14 35 15 3 5 0
1 1 4 2 2 3 4 4 5 7 24 17 6 9 4 3 12 1
4 4 2 5 1 1 1 8 2 7 31 16 19 6 10 3 5 1
1 2 1 3 2 3 4 9 5 5 37 14 22 15 4 5 10 1
2 1 5 3 1 3 4 2 5 7 1 17 6 9 5 5 10 1
2 3 5 4 1 1 4 8 5 7 24 17 6 9 4 3 1 1
2 1 2 2 2 3 4 8 5 7 34 17 6 9 7 3 1 1
3 1 3 4 1 3 1 10 2 7 31 16 14 35 15 3 5 1
3 2 2 1 1 1 2 9 2 7 30 16 14 6 12 3 12 0
4 4 3 1 1 4 1 8 5 7 30 18 20 10 5 3 12 1
1 2 5 4 1 5 3 8 5 7 31 17 6 9 5 3 1 1
2 3 5 4 2 3 4 9 5 7 34 17 6 9 7 3 8 1
1 2 4 4 1 1 2 8 2 7 30 16 14 6 12 3 12 0
1 4 4 2 1 5 3 9 5 7 31 17 6 9 5 3 9 1
4 4 5 1 2 1 2 8 2 7 30 16 14 6 12 3 12 1
2 2 6 1 1 4 2 8 2 7 30 16 14 6 12 3 12 1
1 1 6 2 2 2 4 8 5 7 34 17 6 9 7 3 1 1
3 2 4 2 1 5 3 8 5 7 23 14 22 11 7 3 9 1
3 1 5 6 1 4 1 9 2 7 31 16 19 6 15 3 5 1
4 4 5 2 1 1 1 8 2 7 31 16 14 35 15 3 5 1
1 2 3 3 1 4 3 2 1 7 37 15 18 47 7 5 10 1
1 1 2 4 1 2 4 8 5 7 34 17 6 9 7 3 1 0
1 1 6 1 1 1 3 9 5 7 23 14 22 11 7 3 16 1
5 1 1 4 1 4 1 8 2 7 31 16 14 35 15 5 10 0
4 1 2 5 2 1 1 8 2 7 31 16 14 35 15 3 5 0
2 2 2 4 1 4 4 8 5 7 34 17 6 9 7 3 5 1
4 3 4 1 1 3 4 8 5 7 31 17 6 9 7 3 5 0
3 4 5 5 1 3 4 8 5 7 34 17 6 9 7 5 10 1
5 2 4 5 1 2 1 8 2 7 31 16 14 29 10 3 5 0
4 3 6 4 1 2 1 8 2 7 31 16 14 35 15 3 5 0
2 3 3 4 2 1 1 9 2 7 31 16 19 6 10 3 5 1
5 3 6 4 1 4 2 10 2 7 30 16 19 6 12 3 12 0
4 2 6 6 1 1 3 8 5 7 31 17 6 9 5 3 12 0
2 1 3 1 1 4 2 8 2 7 30 16 14 6 12 3 12 1
1 1 2 6 1 3 4 1 2 7 31 16 14 9 5 5 10 0
4 2 5 2 1 1 4 8 5 7 31 17 6 9 5 3 12 0
5 3 2 2 1 2 1 8 2 7 31 16 19 6 10 3 5 0
1 1 3 6 1 5 4 8 5 7 33 17 6 9 4 3 1 0
3 4 5 1 1 3 2 9 2 7 30 16 14 6 12 3 12 1
4 1 2 1 1 1 4 2 5 7 31 17 6 9 5 3 12 0
1 1 2 4 1 2 4 8 5 7 24 17 6 9 4 5 10 0
1 1 4 4 1 3 4 8 5 7 24 17 6 9 4 3 5 1
2 2 2 6 1 5 3 9 1 7 37 15 18 47 7 3 12 0
4 2 5 4 1 3 3 8 2 7 33 16 14 35 12 3 12 0
4 3 6 1 2 3 2 8 2 7 30 16 14 6 12 3 12 0
1 1 5 4 1 5 3 12 7 7 39 9 16 37 7 5 10 1
1 2 4 6 1 4 2 2 2 7 30 16 14 6 12 5 10 1
2 4 5 1 1 3 2 9 2 7 30 16 14 6 12 3 12 1
4 3 4 1 2 1 4 8 7 7 31 9 16 37 4 3 9 0
1 2 5 5 2 1 3 10 5 7 23 14 22 11 7 3 9 1
2 1 4 4 1 3 4 9 5 3 37 4 21 21 7 5 10 1
1 4 5 2 1 5 1 14 2 7 22 16 14 5 10 3 9 1
4 4 4 1 1 2 2 8 2 7 30 16 14 6 12 3 12 1
5 2 4 4 1 4 1 8 2 7 31 16 19 6 15 3 5 0
1 1 3 4 1 2 3 2 3 5 17 3 12 9 16 3 12 1
1 1 6 5 1 5 4 12 5 3 14 4 21 40 4 5 10 1
1 1 3 2 2 1 3 12 2 7 36 16 24 30 10 5 10 0
1 1 5 6 1 1 1 2 2 7 37 16 24 8 10 5 10 0
4 2 6 1 2 1 2 8 2 7 30 16 14 6 12 3 12 0
1 1 2 5 1 5 1 14 3 1 5 13 29 46 16 5 10 0
3 2 6 6 1 1 1 8 2 7 31 16 14 35 15 5 10 1
1 2 6 3 2 4 3 8 5 3 18 4 14 9 5 3 16 0
3 2 4 3 3 4 4 10 5 7 34 17 6 9 7 3 1 0
4 4 5 6 1 1 1 7 2 7 31 16 19 6 10 3 5 1
3 2 4 2 2 5 2 8 2 7 30 16 14 6 12 3 12 1
3 4 4 1 2 2 2 10 2 7 30 16 14 6 12 3 12 0
1 1 5 5 3 1 4 9 2 7 24 16 14 35 11 3 5 1
2 3 3 4 2 2 4 12 5 7 1 17 6 9 5 5 10 1
1 1 2 4 1 5 4 12 5 7 1 17 6 9 5 5 10 1
3 1 6 3 2 3 1 8 5 7 30 18 20 10 5 3 12 0
4 3 3 4 1 5 4 9 5 7 31 17 6 9 7 3 5 0
4 1 5 6 1 3 4 8 5 7 31 17 6 9 5 3 12 0
3 2 4 5 1 1 3 9 2 7 31 16 14 35 10 3 9 1
1 2 2 6 2 5 4 11 5 7 34 17 6 9 7 3 1 1
4 4 5 1 1 1 4 8 5 7 31 17 6 9 5 3 12 1
1 1 3 2 1 5 4 13 5 3 37 4 27 45 4 5 10 0
2 2 3 6 1 5 2 11 2 7 30 16 14 6 12 3 12 0
2 1 5 1 1 2 3 8 5 7 31 17 6 9 5 3 5 0
1 4 5 1 1 5 1 6 2 7 22 16 14 5 10 5 10 1
1 1 4 3 1 2 4 12 5 3 17 4 27 1 7 5 10 1
3 4 3 6 2 4 1 9 2 7 31 16 19 6 10 3 5 0
4 3 5 5 1 2 1 9 2 7 31 16 19 6 10 5 10 1
2 2 5 3 1 2 3 8 5 7 31 17 6 9 5 3 16 0
2 1 5 4 1 4 3 9 2 7 34 16 14 35 10 3 9 1
3 1 3 4 2 5 3 8 2 7 34 16 14 35 12 3 9 0
4 3 3 6 2 5 2 8 2 7 30 16 19 6 12 3 12 0
1 1 4 5 2 4 3 3 2 7 31 16 14 35 10 5 10 0
2 2 3 3 1 3 3 9 5 7 31 17 6 9 5 3 9 1
2 1 6 4 2 4 4 10 2 7 24 16 14 35 11 3 5 0
2 2 5 1 1 5 4 10 7 7 31 9 16 37 4 3 12 1
3 1 5 3 2 3 4 8 5 3 38 4 21 9 16 3 9 0
3 2 6 1 1 3 2 9 2 7 30 16 14 6 12 3 12 1
5 4 5 4 1 5 1 11 2 7 31 16 19 6 10 5 10 1
5 3 3 6 1 2 4 8 5 7 31 17 6 9 5 3 12 0
1 1 1 2 1 5 4 12 2 5 36 2 7 3 12 5 10 0
2 1 3 3 1 5 3 8 5 7 31 17 6 9 5 3 5 0
1 1 2 4 1 1 3 2 2 3 13 2 10 4 13 5 10 1
5 2 5 5 1 1 1 8 2 7 31 16 19 6 15 3 5 0
2 1 6 3 2 3 3 9 2 7 31 16 14 35 10 3 16 1
5 3 3 4 1 4 1 9 2 7 31 16 19 6 10 3 5 0
2 4 3 6 1 4 1 9 3 7 31 11 30 9 5 3 1 1
4 3 6 1 1 2 2 8 2 7 30 16 14 6 12 3 12 1
5 1 3 2 1 1 1 10 2 7 32 7 15 36 15 5 10 0
2 1 5 1 2 2 2 8 2 7 30 16 14 6 12 3 5 0
2 2 6 5 2 4 1 11 2 7 31 16 14 35 15 3 9 1
2 3 4 2 1 3 3 9 5 7 31 17 6 9 5 3 16 0
1 1 2 4 1 5 3 14 2 7 36 16 14 35 12 5 10 0
5 2 5 1 1 1 4 10 5 7 31 17 6 9 5 3 12 0
5 4 5 3 1 1 2 8 2 7 30 16 14 6 12 3 12 1
2 1 4 4 1 1 3 8 5 7 23 14 22 11 7 3 5 1
4 1 5 4 1 3 1 9 2 7 31 16 14 35 15 3 5 1
1 3 3 2 2 1 4 9 5 7 34 17 6 9 7 3 1 1
4 4 3 3 1 1 3 8 5 7 31 17 6 9 5 3 5 1
5 4 4 6 1 1 1 8 2 7 31 16 14 35 15 5 10 1
3 3 5 1 1 3 2 8 2 7 30 16 14 6 12 3 12 0
2 1 1 2 1 3 4 8 7 7 31 9 16 37 4 3 12 1
3 3 4 2 2 1 2 11 2 7 30 16 14 6 12 3 12 1
4 2 6 1 2 2 4 8 7 7 31 9 16 37 4 3 12 0
1 1 6 4 2 5 3 12 2 3 37 2 10 4 13 5 10 1
3 4 4 4 1 3 1 8 2 7 31 16 14 35 15 3 9 0
5 4 2 4 2 1 1 8 2 7 31 16 14 35 15 5 10 1
1 2 5 5 2 5 1 4 6 7 28 12 17 38 3 5 10 1
3 2 5 2 1 4 3 8 5 7 31 17 6 9 5 3 12 0
1 1 1 4 2 1 4 8 5 7 34 17 6 9 7 3 1 1
2 2 5 2 1 3 4 8 2 7 24 16 14 35 11 3 5 1
1 4 4 4 1 3 1 7 2 7 31 16 14 35 15 5 10 1
5 1 6 5 2 1 1 8 2 7 31 16 19 6 15 3 5 1
2 1 3 4 2 4 3 8 2 7 31 16 14 35 10 3 9 1
2 4 2 6 1 2 2 9 2 7 30 16 14 6 12 3 12 1
2 2 4 3 1 4 4 8 5 7 24 17 6 9 4 3 1 1
1 1 2 3 1 3 4 8 2 7 31 16 14 9 5 5 10 0
4 1 5 2 1 1 4 8 5 7 31 17 6 9 5 3 12 0
4 2 4 3 1 2 4 9 7 7 31 9 16 37 4 3 5 0
2 1 6 2 1 2 3 8 5 7 31 17 6 9 5 3 5 0
5 3 3 2 1 3 2 8 2 7 30 16 14 6 12 3 12 0
3 1 6 4 1 5 1 8 2 7 31 16 14 35 15 3 5 1
1 1 4 4 2 2 4 9 5 7 34 17 6 9 7 3 8 1
2 1 6 3 1 1 3 8 5 7 23 14 22 11 7 3 1 1
2 3 6 2 1 2 3 11 5 7 31 17 6 9 5 3 16 1
3 1 5 5 1 5 2 10 2 7 30 16 14 6 12 3 12 0
4 2 6 5 1 4 1 9 2 7 31 16 14 35 15 3 5 0
4 4 4 1 1 1 1 8 5 7 30 18 20 10 5 3 12 1
1 1 3 6 1 1 4 2 5 5 37 14 22 15 4 5 10 1
1 1 2 5 2 2 4 14 5 3 17 4 27 1 7 5 10 0
2 1 5 3 1 5 3 8 5 7 31 17 6 9 5 3 1 1
5 2 4 1 1 1 4 8 5 7 31 17 6 9 7 3 12 0
4 1 5 5 2 3 4 8 5 7 33 17 6 9 7 3 5 0
2 2 2 4 2 5 4 8 5 7 33 17 6 9 4 3 9 1
1 1 4 5 1 1 4 8 5 7 34 17 6 9 7 5 10 0
3 3 2 1 1 4 2 8 2 7 30 16 14 6 12 3 12 1
3 2 3 2 1 4 3 10 5 7 31 17 6 9 5 3 16 0
4 1 6 4 1 3 4 11 7 7 31 9 16 37 4 3 12 1
5 2 5 6 1 1 1 8 2 7 31 16 19 6 15 3 5 0
1 1 5 6 1 5 3 2 5 7 31 17 6 9 5 5 10 0
4 3 5 6 1 1 1 8 2 7 31 16 14 35 15 5 10 1
1 1 6 4 2 5 4 9 5 7 34 17 6 9 7 3 5 1
3 4 4 6 2 3 3 10 2 7 31 16 14 35 10 5 10 1
4 3 4 3 1 2 1 8 2 7 31 16 14 35 15 5 10 1
2 4 3 4 1 4 1 7 5 7 30 18 20 10 5 3 12 1
2 3 6 5 1 3 2 9 2 7 30 16 14 6 12 3 12 1
4 1 1 3 1 1 3 8 5 7 31 17 6 9 5 3 12 0
2 4 3 6 1 5 4 9 5 7 34 17 6 9 7 3 1 1
1 1 5 5 2 5 1 8 6 7 28 12 17 38 3 5 10 0
4 1 4 3 1 3 4 8 5 7 31 17 6 9 5 3 5 0
4 1 4 1 1 4 4 8 7 7 31 9 16 37 4 3 12 1
1 1 2 3 2 3 4 12 5 7 33 17 6 9 4 3 1 1
1 3 4 6 3 1 3 2 5 7 23 14 22 11 7 5 10 1
2 4 6 1 1 5 3 12 1 7 37 15 18 47 7 3 12 0
2 3 4 6 1 1 2 8 2 7 30 16 14 6 12 3 12 0
2 1 4 5 1 5 3 2 2 7 1 16 14 35 16 5 10 1
3 4 3 2 1 3 2 9 2 7 30 16 14 6 12 3 12 0
2 3 5 3 1 5 2 8 2 7 30 16 14 6 12 3 12 1
4 4 5 1 1 2 2 8 2 7 30 16 14 6 12 3 12 1
4 3 2 5 1 3 1 10 2 7 31 16 14 35 15 3 5 0
3 2 2 2 1 3 1 8 2 7 31 16 19 6 15 3 5 1
4 4 4 5 2 3 1 10 2 7 31 16 19 6 10 3 5 1
1 2 5 5 2 4 4 8 5 7 33 17 6 9 7 3 16 1
4 4 4 6 1 4 1 9 5 7 32 10 5 48 9 3 12 0
3 4 4 5 1 5 4 9 7 7 31 9 16 37 4 3 12 1
2 2 5 2 1 5 4 8 5 7 24 17 6 9 4 3 9 1
1 2 4 3 1 2 3 9 5 7 31 17 6 9 5 3 1 1
1 3 5 2 1 3 3 9 5 7 31 17 6 9 5 3 16 1
4 3 4 6 1 2 1 8 2 7 31 16 14 35 15 5 10 1
2 3 4 1 1 2 2 11 2 7 30 16 14 6 12 3 12 1
2 1 5 6 1 5 3 8 5 7 31 17 6 9 5 3 12 1
1 3 4 6 2 4 2 2 2 7 30 16 14 6 12 3 12 0
4 1 5 4 2 5 1 10 2 7 31 16 14 35 15 3 14 1
2 2 5 2 1 2 3 8 5 7 31 17 6 9 5 3 5 1
2 3 5 6 1 3 1 8 5 7 30 18 20 10 5 3 12 1
4 3 2 5 1 4 4 8 2 7 31 16 19 6 11 3 5 1
2 2 6 6 2 4 2 11 2 7 30 16 14 6 12 3 12 1
5 2 3 5 1 4 1 8 2 7 31 16 19 6 10 3 5 0
1 1 3 1 2 4 3 7 1 7 37 15 18 47 7 3 12 1
3 2 3 1 2 2 2 9 2 7 30 16 14 6 12 3 12 1
2 2 3 3 2 1 4 8 5 7 34 17 6 9 7 3 1 1
4 4 6 5 1 1 1 8 5 7 30 18 20 10 5 3 12 1
3 2 3 6 2 4 1 7 2 7 31 16 19 6 10 3 5 1
2 4 5 5 1 4 1 8 2 7 31 16 14 35 15 3 5 0
2 3 4 5 1 5 1 8 2 7 31 16 14 35 15 3 5 1
1 1 6 3 1 5 4 8 5 7 24 17 6 9 4 3 9 1
5 3 5 5 2 4 1 8 2 7 31 16 19 6 10 5 10 1
2 2 5 4 2 4 3 8 5 7 23 14 22 11 7 3 9 1
2 2 5 1 1 4 1 12 5 7 17 18 20 22 3 3 12 1
1 1 5 3 1 1 4 9 2 7 24 16 14 35 11 3 9 1
5 1 5 2 1 1 4 9 5 7 31 17 6 9 5 3 12 1
1 3 5 6 1 1 3 9 5 7 23 14 22 11 7 3 16 1
1 3 1 1 1 5 4 8 5 5 37 14 22 15 4 5 10 0
2 2 5 4 2 2 3 8 5 7 23 14 22 11 7 3 9 1
5 1 3 6 2 2 4 8 2 7 31 16 19 6 11 3 5 0
3 1 3 6 2 4 3 9 2 7 34 16 14 35 12 3 5 0
4 3 2 1 1 3 2 9 2 7 30 16 14 6 12 3 12 1
1 3 6 6 2 4 2 9 2 7 30 16 14 6 12 3 12 1
2 2 4 3 1 2 4 2 5 7 1 17 6 9 5 5 10 1
1 1 3 5 3 4 3 9 5 7 31 17 6 9 5 3 1 1
5 2 5 5 2 4 3 10 2 7 30 16 19 6 13 3 5 1
4 4 5 6 1 2 1 8 5 7 32 10 5 48 9 3 12 0
3 3 5 5 1 4 4 8 5 7 30 10 5 48 4 3 12 0
1 4 3 4 3 4 3 8 5 7 31 17 6 9 5 3 1 1
1 1 5 3 1 2 1 4 6 7 28 12 17 38 3 5 10 1
1 2 5 5 1 4 4 12 2 7 24 16 14 35 11 3 9 0
4 3 4 3 1 5 1 9 2 7 31 16 14 35 15 3 9 1
1 1 4 1 1 1 1 6 2 7 15 16 14 9 5 5 10 0
4 4 3 4 1 2 1 8 5 7 30 18 20 10 5 3 12 0
4 3 6 3 1 3 1 8 2 7 31 16 19 6 10 3 5 0
2 2 4 4 3 2 3 10 5 7 31 17 6 9 5 3 1 1
4 1 5 5 1 4 1 8 2 7 31 16 19 6 10 3 13 1
3 4 5 2 1 5 4 8 5 7 32 18 20 10 4 3 12 0
2 3 6 1 2 4 2 8 2 7 30 16 14 6 12 3 12 1
5 3 4 6 1 3 1 9 2 7 30 16 19 6 10 3 12 0
1 1 6 3 1 1 1 9 6 3 28 5 3 31 8 3 16 1
3 3 3 5 1 1 1 9 2 7 31 16 14 35 15 3 5 0
1 1 5 6 1 3 4 14 5 5 35 17 6 13 4 5 10 1
3 2 5 6 1 5 3 9 5 7 32 17 6 9 5 3 12 0
5 2 3 3 1 1 4 8 2 7 31 16 19 6 11 3 5 0
2 2 4 4 1 2 4 8 5 7 24 17 6 9 4 3 5 1
1 1 4 5 1 5 4 12 2 7 24 16 14 35 11 3 5 1
3 1 4 4 1 3 4 11 5 7 24 17 6 9 4 3 5 0
2 3 2 3 2 3 3 9 5 7 31 17 6 9 5 3 16 1
5 4 3 6 1 3 1 10 2 7 31 16 19 6 10 3 5 0
3 3 5 5 1 3 1 2 2 7 31 16 14 35 15 3 5 1
1 2 4 3 1 5 3 10 5 7 23 14 22 11 7 3 16 1
5 4 5 1 1 3 1 8 5 7 30 18 20 10 5 3 12 1
2 1 5 1 1 4 1 9 5 7 30 18 20 10 5 3 12 1
2 3 5 6 1 4 4 8 7 7 31 9 16 37 4 3 12 0
3 3 3 6 2 4 2 8 2 7 30 16 14 6 12 3 12 1
3 1 5 1 1 2 2 8 2 7 30 16 14 6 12 3 12 1
3 1 5 5 2 5 3 9 5 7 33 17 6 9 5 3 5 0
2 2 2 4 2 3 4 8 5 7 34 17 6 9 7 3 16 1
3 2 2 6 1 3 4 8 2 7 24 16 14 35 11 5 10 0
3 3 2 5 1 1 3 9 2 7 31 16 14 35 10 3 9 1
2 1 4 1 1 2 3 8 5 7 31 17 6 9 5 3 1 1
1 4 3 3 1 2 3 9 5 7 31 17 6 9 5 3 16 1
5 3 2 4 1 1 4 8 2 7 31 16 19 6 11 3 5 0
1 1 5 5 2 4 1 3 6 3 28 5 3 31 8 5 10 0
3 4 6 1 1 3 2 8 2 7 30 16 14 6 12 3 12 1
2 1 4 3 2 2 3 8 5 7 31 17 6 9 5 3 16 0
1 1 2 3 1 3 3 8 5 7 31 17 6 9 5 3 12 0
4 4 5 1 1 1 2 8 2 7 30 16 14 6 12 3 12 0
2 2 6 2 1 1 3 9 5 7 31 17 6 9 5 3 9 1
5 1 4 6 2 1 1 8 2 7 31 16 19 6 15 3 5 0
1 2 3 6 1 5 4 9 5 7 34 17 6 9 7 3 16 1
3 4 2 2 1 5 2 8 2 7 30 16 14 6 12 3 12 1
5 1 3 6 1 5 3 9 5 7 32 18 20 10 5 3 5 0
1 1 1 6 1 2 4 12 5 3 37 4 27 45 4 5 10 0
3 3 6 4 1 4 1 9 2 7 31 16 14 35 15 3 5 1
5 3 5 6 1 1 1 9 2 7 31 16 19 6 15 3 5 0
2 1 6 3 2 5 4 9 5 7 34 17 6 9 4 3 8 1
2 3 3 5 2 3 4 8 5 7 34 17 6 9 7 3 1 0
3 2 6 1 1 1 1 8 5 7 30 18 20 10 5 3 12 1
3 1 4 2 1 4 3 8 1 7 37 15 18 47 7 3 12 1
2 1 5 4 1 1 1 9 2 7 31 16 14 35 15 5 10 1
1 1 5 6 1 1 4 8 5 7 24 17 6 9 4 3 1 1
4 2 3 6 1 2 4 8 5 7 31 17 6 9 5 3 12 0
3 1 4 4 2 3 3 9 5 3 18 4 14 9 5 5 10 1
5 1 2 5 2 1 1 8 2 7 31 16 19 6 15 3 5 1
2 2 6 6 1 4 2 8 2 7 30 16 14 6 12 3 12 0
2 2 1 4 1 4 3 9 5 7 31 17 6 9 5 3 5 1
4 4 3 5 1 4 1 8 2 7 31 16 19 6 15 3 13 0
3 1 4 3 1 5 3 8 2 7 31 16 14 35 10 5 10 1
5 3 2 5 1 1 1 8 2 7 31 16 14 29 10 3 5 0
4 2 3 5 1 2 1 7 2 7 31 16 14 35 15 3 5 1
1 1 3 3 1 5 4 12 5 3 8 4 21 21 7 5 10 0
1 2 2 4 1 1 4 9 5 7 24 17 6 9 4 3 9 1
3 3 4 1 1 3 2 8 2 7 30 16 14 6 12 3 12 1
4 3 2 1 1 4 2 8 2 7 30 16 14 6 12 3 12 1
2 3 5 2 1 3 4 9 2 7 24 16 14 35 11 3 5 1
3 3 3 2 1 2 2 10 2 7 30 16 14 6 12 3 12 0
4 3 6 3 1 1 3 8 5 7 31 17 6 9 5 3 5 0
3 4 3 6 1 3 2 8 2 7 30 16 14 6 12 3 12 1
2 4 3 4 1 3 3 7 2 7 31 16 14 35 10 3 16 1
1 1 5 4 1 5 4 8 5 7 34 17 6 9 7 3 5 1
3 2 4 3 2 3 3 9 2 7 31 16 14 35 10 3 16 1
3 2 6 1 2 3 3 8 5 7 31 17 6 9 5 3 16 0
2 2 3 2 2 5 3 7 2 7 36 16 14 35 12 5 10 1
5 2 4 4 2 5 1 8 2 7 31 16 19 6 10 3 13 1
2 4 5 3 1 4 1 7 2 7 31 16 14 35 15 5 10 1
1 1 3 3 3 1 1 4 6 7 28 12 17 38 3 5 10 1
4 4 4 5 2 1 1 7 2 7 31 16 14 35 15 3 5 1
3 4 5 4 2 4 1 8 2 7 31 16 14 35 15 3 9 1
1 1 4 4 1 1 4 9 2 7 24 16 14 35 11 3 9 1
1 1 3 5 1 5 1 14 3 1 5 13 29 46 16 5 10 0
1 1 4 1 2 5 4 8 5 7 33 17 6 9 4 3 1 1
4 4 2 1 2 1 2 9 2 7 30 16 14 6 12 3 12 1
2 2 4 3 1 3 3 8 1 7 37 15 18 47 7 5 10 1
3 4 3 1 1 2 3 8 5 7 31 17 6 9 5 3 12 0
1 1 2 6 2 5 4 14 5 3 8 4 21 21 7 5 10 0
2 2 4 5 2 1 3 2 5 7 31 17 6 9 5 3 1 1
2 2 2 5 2 4 4 8 5 7 34 17 6 9 7 3 16 1
4 1 2 1 1 1 2 8 2 7 30 16 14 6 12 3 12 1
3 1 5 3 2 3 4 10 5 7 32 18 20 10 4 3 12 1
1 1 4 5 1 3 1 12 5 7 18 17 6 23 3 5 10 0
4 4 5 2 1 3 1 9 2 7 31 16 14 35 15 5 10 0
3 4 3 1 1 4 1 9 5 7 30 18 20 10 5 3 12 1
2 4 3 2 2 2 3 8 2 7 31 16 14 35 10 3 16 0
3 4 4 1 1 1 2 9 2 7 30 16 14 6 12 3 12 1
1 1 3 3 2 2 3 8 5 7 31 17 6 9 5 3 9 1
1 3 6 2 1 5 3 8 5 7 31 17 6 9 5 3 9 1
4 2 4 5 1 2 2 8 2 7 30 16 14 6 12 3 12 0
1 1 5 3 1 5 4 12 5 3 8 4 21 21 7 5 10 0
3 2 5 4 2 4 4 8 2 7 24 16 14 35 11 3 5 1
1 2 3 2 1 4 3 2 5 7 31 17 6 9 5 3 9 1
3 2 5 2 1 2 4 11 7 7 31 9 16 37 4 3 12 1
2 1 4 4 1 2 3 9 5 7 23 14 22 11 7 3 5 1
5 3 4 6 1 5 4 8 5 7 32 18 20 10 4 3 12 0
1 2 5 5 1 5 4 10 2 7 24 16 14 35 11 3 9 1
5 4 4 6 1 3 3 10 5 7 32 17 6 9 5 3 12 0
4 4 3 4 1 2 1 9 2 7 31 16 14 35 15 5 10 1
2 3 2 2 1 3 1 9 2 7 31 16 14 35 15 5 10 1
4 2 2 2 2 2 1 9 2 7 31 16 19 6 15 5 10 1
1 1 3 5 1 4 4 11 5 7 24 17 6 9 4 3 5 1
1 1 5 2 2 3 3 12 2 7 36 16 14 35 12 5 10 1
1 3 3 5 1 3 3 8 5 7 23 14 22 11 7 3 16 1
4 4 3 1 2 2 2 8 2 7 30 16 14 6 12 3 12 1
4 1 5 2 1 1 3 10 5 7 32 17 6 9 5 3 12 0
1 2 5 4 1 1 3 8 5 7 23 14 22 11 7 3 16 1
2 2 3 3 1 5 3 8 1 7 37 15 18 47 7 5 10 1
1 1 5 4 1 5 3 2 5 7 31 17 6 9 5 3 9 1
4 2 6 1 1 3 4 8 5 7 31 17 6 9 5 3 12 0
5 4 4 3 1 5 1 8 2 7 31 16 14 29 10 5 10 0
3 2 3 1 1 1 4 9 5 7 31 17 6 9 4 3 5 0
2 3 5 3 1 1 1 9 2 7 22 16 14 5 10 3 9 1
2 1 6 3 1 3 4 8 2 7 24 16 14 35 11 3 9 1
2 1 4 4 2 3 3 8 2 7 31 16 14 35 10 3 16 1
5 3 3 5 1 2 1 10 2 7 31 16 19 6 15 5 10 0
4 3 3 4 1 1 1 8 2 7 31 16 14 35 15 3 5 0
5 1 4 4 2 2 1 8 2 7 31 16 19 6 15 3 5 0
2 1 3 4 1 3 4 9 2 7 24 16 14 35 11 3 9 1
4 1 4 5 2 2 4 11 5 7 33 17 6 9 7 3 5 0
1 1 2 5 1 1 4 3 2 7 31 16 14 9 5 5 10 1
3 2 6 1 2 3 2 8 2 7 30 16 14 6 12 3 12 0
4 2 3 3 1 2 1 9 2 7 31 16 19 6 10 3 5 1
2 2 3 6 1 3 3 3 1 7 37 15 18 47 7 3 12 1
3 3 5 1 2 1 2 8 2 7 30 16 14 6 12 3 12 1
4 2 6 4 1 5 4 8 5 7 33 17 6 9 4 3 5 0
5 2 6 3 1 5 1 8 2 7 31 16 14 29 10 5 10 0
2 2 6 4 1 1 3 8 5 7 31 17 6 9 5 3 12 0
1 1 5 5 3 4 1 4 3 1 5 13 29 46 16 5 10 1
1 1 5 3 2 3 4 10 5 7 33 17 6 9 7 3 16 1
3 3 3 3 1 4 3 8 2 7 31 16 14 35 10 3 5 0
1 2 5 1 3 3 1 4 6 7 28 12 17 38 3 3 1 1
1 3 3 3 1 3 4 12 5 7 1 17 6 9 5 5 10 1
3 2 4 2 2 5 2 10 2 7 30 16 14 6 12 3 12 0
3 3 5 1 1 2 2 8 2 7 30 16 14 6 12 3 12 0
3 3 3 1 1 4 4 9 5 7 31 17 6 9 5 3 12 0
1 2 4 4 1 5 4 12 5 7 1 17 6 9 5 5 10 1
3 1 4 1 1 3 3 8 5 7 31 17 6 9 5 3 16 0
4 2 4 5 1 5 1 8 2 7 31 16 14 35 15 5 10 0
1 3 2 6 2 2 1 8 2 7 31 16 14 35 15 5 10 1
4 4 5 1 1 1 2 9 2 7 30 16 14 6 12 3 12 1
1 3 3 1 1 4 2 9 2 7 30 16 14 6 12 3 12 0
3 3 4 3 1 2 1 8 2 7 31 16 14 35 15 5 10 1
1 2 6 5 2 4 4 8 5 7 34 17 6 9 7 3 8 1
2 1 4 2 1 5 3 8 5 7 23 14 22 11 7 3 1 1
5 2 3 4 1 1 4 9 2 7 31 16 19 6 11 3 5 0
1 3 2 4 1 4 3 7 2 3 13 2 10 4 13 5 10 1
4 4 2 3 2 4 1 8 2 7 31 16 19 6 10 3 5 0
5 4 6 1 1 1 1 8 2 7 31 16 19 6 10 3 9 0
4 3 4 6 1 2 1 8 2 7 31 16 14 35 15 3 5 0
2 3 5 1 2 3 3 8 5 7 31 17 6 9 5 3 16 0
3 3 3 2 1 2 1 8 2 7 31 16 19 6 15 3 5 0
1 2 5 3 1 4 3 8 5 7 31 17 6 9 5 3 16 1
1 1 4 4 1 3 4 8 5 7 24 17 6 9 4 3 5 1
2 2 3 6 1 4 3 12 1 7 37 15 18 47 7 3 12 1
2 2 5 1 1 4 3 8 5 7 31 17 6 9 5 3 16 0
3 2 4 3 1 1 4 8 5 7 31 17 6 9 5 3 12 0
2 2 5 5 2 1 3 10 5 7 23 14 22 11 7 3 9 1
5 3 3 6 1 1 3 10 5 7 32 17 6 9 5 3 12 0
1 2 5 2 1 4 3 8 5 7 31 17 6 9 5 3 1 1
5 3 3 6 1 3 2 10 2 7 30 16 14 6 12 3 5 0
2 4 4 4 1 5 1 12 2 7 31 16 14 35 15 3 9 1
5 1 2 4 2 3 4 8 5 7 32 10 2 16 2 3 5 0
2 1 5 2 3 5 4 3 5 7 33 17 6 9 4 3 1 0
5 4 3 6 1 3 1 8 2 7 32 7 15 36 10 3 5 0
4 3 3 6 1 3 4 8 5 7 32 18 20 10 4 3 12 0
4 4 3 1 2 1 2 8 2 7 30 16 14 6 12 3 12 1
4 1 3 3 1 3 4 11 7 7 31 9 16 37 4 3 5 0
1 2 5 4 1 5 1 10 2 7 22 16 14 5 10 3 14 1
1 3 2 5 1 1 4 9 5 7 24 17 6 9 4 3 15 1
3 1 3 4 1 1 3 9 5 7 31 17 6 9 5 5 10 1
2 1 5 2 1 5 4 8 7 2 39 9 16 37 1 3 5 0
5 3 5 3 1 2 1 8 2 7 31 16 19 6 10 5 10 1
5 4 3 6 1 2 2 8 2 7 30 16 14 6 12 3 12 0
4 2 2 1 1 1 4 10 7 7 31 9 16 37 4 3 12 1
2 2 3 4 1 4 4 14 5 7 31 17 6 9 5 3 12 1
2 1 4 4 2 3 3 8 5 7 31 17 6 9 5 3 9 0
4 2 4 5 2 5 4 11 5 7 34 17 6 9 7 3 5 0
4 2 6 4 1 3 4 11 7 7 31 9 16 37 4 3 12 1
4 4 4 2 1 1 4 10 7 7 31 9 16 37 4 3 12 1
3 3 5 2 1 5 3 8 5 7 23 14 22 11 7 3 1 0
1 1 5 3 1 3 4 10 5 7 33 17 6 9 7 3 1 1
3 1 4 2 2 4 4 9 5 2 38 17 6 9 16 3 9 0
2 4 5 1 1 3 2 8 2 7 30 16 14 6 12 3 12 0
1 2 5 3 1 1 4 8 5 7 24 17 6 9 4 5 10 1
1 1 3 4 1 5 4 14 5 3 17 4 27 1 7 5 10 0
1 2 6 4 2 3 3 8 5 7 23 14 22 11 7 3 9 1
1 2 3 5 2 1 3 8 5 7 23 14 22 11 7 3 9 1
1 1 5 2 1 3 3 12 2 7 36 16 24 30 10 5 10 0
3 1 3 3 2 1 1 7 2 7 31 16 14 35 15 3 5 1
4 1 6 3 1 3 4 9 5 7 32 18 20 10 4 3 12 0
2 3 5 4 1 3 4 11 5 7 1 17 6 9 5 5 10 1
3 3 4 3 1 3 2 8 2 7 30 16 14 6 12 3 12 1
4 4 4 1 1 4 4 8 5 7 31 17 6 9 5 3 12 1
4 3 6 2 2 1 4 8 5 7 32 10 5 48 4 3 12 1
1 4 3 2 2 2 3 8 5 7 31 17 6 9 5 3 5 1
2 4 5 2 1 3 4 8 2 7 24 16 14 35 11 3 5 1
1 1 4 5 1 1 4 3 5 7 24 17 6 9 4 5 10 1
2 1 3 5 1 2 1 7 2 7 32 16 14 5 10 5 10 1
1 2 3 6 2 1 3 9 2 7 1 16 14 35 16 5 10 0
4 4 3 6 1 3 1 9 2 7 31 16 14 35 15 3 5 0
4 1 4 5 2 3 1 8 2 7 31 16 19 6 10 3 5 1
3 3 4 4 1 3 1 10 2 7 31 16 19 6 10 3 5 1
2 1 3 4 1 4 4 8 5 3 9 4 21 40 4 5 10 1
4 3 6 2 1 1 1 8 2 7 31 16 14 35 15 3 5 0
2 1 5 5 2 4 4 10 5 7 34 17 6 9 7 3 1 1
5 1 3 6 1 2 1 11 2 7 31 16 19 6 15 3 12 1
2 3 5 1 1 4 1 8 5 7 30 18 20 10 5 3 12 1
2 4 5 1 1 2 3 8 5 7 31 17 6 9 5 3 16 0
4 4 3 6 1 3 4 8 5 7 33 17 6 9 7 5 10 1
3 3 5 1 1 4 4 8 7 7 31 9 16 37 4 3 12 0
1 1 3 3 2 3 3 12 2 3 13 2 10 4 13 5 10 1
3 1 5 6 1 3 3 9 2 3 13 2 10 4 13 5 10 1
1 2 2 2 1 3 2 8 2 7 30 16 14 6 12 3 12 1
2 3 5 4 1 4 1 8 5 7 30 18 20 10 5 3 12 1
2 2 5 3 1 1 4 8 5 7 31 17 6 9 5 3 12 0
1 1 5 6 1 4 4 8 5 7 33 17 6 9 7 3 1 1
1 2 3 3 1 5 4 13 5 3 37 4 27 45 4 3 12 0
4 4 2 1 1 4 1 9 5 7 30 18 20 10 5 3 12 1
3 3 5 1 1 2 1 8 5 7 30 18 20 10 5 3 12 1
3 3 5 1 1 4 2 8 2 7 30 16 14 6 12 3 12 1
2 4 3 6 1 3 1 9 5 7 30 18 20 10 5 3 12 0
3 3 4 5 1 4 2 10 2 7 30 16 14 6 12 3 12 0
1 4 5 5 3 5 3 3 2 7 31 16 14 35 10 5 10 1
2 1 2 3 2 3 4 9 5 7 33 17 6 9 4 5 10 1
2 1 6 4 1 4 3 8 2 7 31 16 14 35 10 3 9 0
3 3 2 4 2 1 3 8 5 7 31 17 6 9 5 3 16 0
2 2 5 4 2 2 4 8 5 7 33 17 6 9 4 3 8 0
3 3 4 1 1 2 3 8 5 7 31 17 6 9 5 3 5 1
3 1 4 3 1 3 1 9 2 7 31 16 14 35 15 3 5 1
3 2 4 2 1 5 2 9 2 7 30 16 14 6 12 3 12 0
2 1 5 6 2 3 4 9 2 7 24 16 14 35 11 5 10 1
2 4 4 2 1 4 2 8 2 7 30 16 14 6 12 3 12 0
1 2 4 3 2 4 4 13 5 7 33 17 6 9 4 5 10 0
4 3 2 1 1 5 2 11 2 7 30 16 14 6 12 3 12 1
2 1 3 6 1 4 3 8 5 3 18 4 14 9 5 5 10 0
3 1 3 5 3 5 3 8 5 7 33 17 6 9 5 5 10 0
3 2 6 3 1 3 3 8 5 7 31 17 6 9 5 3 5 1
3 1 3 6 1 5 2 8 2 7 30 16 14 6 12 3 12 1
4 4 2 4 1 3 1 8 2 7 31 16 19 6 15 3 5 0
1 1 3 4 2 5 4 12 5 3 14 4 21 40 4 5 10 0
3 4 5 4 1 3 2 9 2 7 30 16 14 6 12 3 12 0
2 2 5 5 1 1 3 8 5 7 23 14 22 11 7 3 16 1
3 2 5 4 1 4 1 8 5 7 30 18 20 10 5 3 12 1
4 3 3 6 1 3 1 9 2 7 31 16 19 6 10 3 5 1
4 1 5 5 1 2 1 8 2 7 31 16 14 35 15 5 10 1
5 2 5 6 1 1 1 8 2 7 31 16 14 29 10 3 5 0
2 3 5 3 1 5 3 11 5 7 31 17 6 9 5 3 1 1
1 1 4 5 1 1 3 9 5 7 23 14 22 11 7 5 10 1
4 1 4 6 1 4 3 8 5 7 31 17 6 9 5 3 5 0
1 2 6 5 2 2 4 8 5 7 33 17 6 9 4 3 1 1
2 4 4 4 2 3 2 8 2 7 30 16 14 6 12 3 12 0
5 3 5 6 1 3 1 8 2 7 30 16 19 6 10 3 5 0
4 4 5 6 1 2 1 8 2 7 31 16 14 35 15 5 10 1
4 3 2 4 2 2 3 8 2 7 34 16 14 35 12 3 12 0
1 2 3 5 1 1 3 9 5 7 23 14 22 11 7 3 1 1
1 2 5 3 1 3 3 8 5 7 31 17 6 9 5 3 5 0
3 1 5 3 2 2 1 10 2 7 31 16 19 6 10 3 5 1
3 2 5 4 2 5 4 8 5 7 24 17 6 9 7 5 10 0
3 2 1 3 1 4 1 8 2 7 31 16 19 6 10 3 5 1
2 4 3 1 2 3 2 11 2 7 30 16 14 6 12 3 12 0
1 1 2 6 1 1 4 9 5 7 24 17 6 9 4 3 16 1
4 2 6 1 1 3 2 9 2 7 30 16 14 6 12 3 12 1
2 3 5 3 1 2 3 10 5 7 31 17 6 9 5 3 12 1
1 1 3 6 2 5 4 12 5 3 8 4 21 21 7 5 10 0
4 4 5 6 1 3 4 8 5 7 31 17 6 9 5 3 12 0
2 1 3 2 2 5 4 11 5 3 19 4 27 1 7 3 12 0
3 3 2 1 1 3 4 8 7 7 31 9 16 37 4 3 12 1
5 3 3 3 1 1 2 8 2 7 30 16 14 6 12 3 12 0
5 1 5 3 2 1 1 8 2 7 31 16 19 6 15 5 10 1
1 1 6 5 1 5 4 11 5 7 33 17 6 9 4 5 10 1
1 2 5 4 2 4 1 3 6 7 28 12 17 38 3 5 10 1
3 1 6 5 2 4 3 9 2 7 31 16 14 35 10 3 9 1
2 1 3 4 2 2 4 8 2 7 24 16 14 35 11 3 9 0
3 1 4 4 2 2 3 8 2 7 31 16 14 35 10 3 9 0
4 2 4 6 1 2 1 8 2 7 31 16 14 35 15 5 10 1
3 3 6 3 1 2 4 8 7 7 31 9 16 37 4 3 12 0
3 2 2 4 1 4 4 8 5 7 34 17 6 9 7 3 5 0
1 2 3 2 2 3 1 7 2 7 31 16 14 35 15 5 10 1
5 3 5 3 1 1 4 11 5 7 32 10 5 48 4 3 12 1
3 3 5 1 1 1 2 9 2 7 30 16 14 6 12 3 12 1
3 1 5 2 1 5 4 8 5 7 30 10 5 48 4 3 12 1
1 3 4 5 2 2 3 2 5 7 23 14 22 11 7 3 9 1
3 2 3 1 1 2 2 8 2 7 30 16 14 6 12 3 12 1
4 2 4 4 1 3 1 7 2 7 31 16 19 6 10 3 5 1
4 4 5 6 1 1 1 9 2 7 31 16 19 6 10 3 5 1
2 1 4 4 1 5 3 14 1 7 37 15 18 47 7 5 10 0
2 3 2 5 1 3 3 8 2 7 31 16 14 35 10 3 9 1
1 1 4 3 1 2 4 12 5 7 33 17 6 9 7 3 1 0
4 2 6 5 1 1 1 10 2 7 31 16 14 35 15 5 10 1
2 2 5 4 2 4 3 9 5 7 31 17 6 9 5 3 1 1
4 3 2 4 2 5 1 11 2 7 31 16 14 35 15 3 9 1
3 1 3 4 2 5 3 8 2 7 31 16 14 35 10 3 9 1
4 4 4 6 1 5 1 9 2 7 31 16 19 6 10 3 12 1
2 2 5 2 1 5 3 11 5 7 31 17 6 9 5 3 16 1
1 1 5 4 2 4 1 4 6 3 28 5 3 31 8 5 10 0
4 3 4 4 1 1 1 9 2 7 31 16 19 6 15 3 5 1
3 1 5 3 2 3 1 8 2 7 31 16 14 35 15 3 5 1
4 4 6 5 1 3 3 8 2 7 31 16 14 35 10 3 16 1
4 1 3 2 1 2 4 8 5 7 31 17 6 9 5 3 5 0
2 3 5 1 1 4 2 8 2 7 30 16 14 6 12 3 12 1
1 1 5 2 1 2 3 9 5 7 23 14 22 11 7 3 5 1
2 4 5 4 1 3 1 7 2 7 31 16 14 35 15 3 5 1
4 3 4 4 1 3 1 8 2 7 31 16 14 35 15 3 5 0
1 1 4 6 1 4 4 12 5 3 37 4 27 45 4 5 10 0
1 2 2 6 3 2 3 8 2 7 31 16 14 35 10 5 10 0
2 2 5 3 1 1 2 8 2 7 30 16 14 6 12 3 12 0
1 2 5 2 1 2 2 8 2 7 30 16 14 6 12 3 12 0
1 1 5 3 1 3 3 9 5 7 23 14 22 11 7 3 5 1
3 3 4 1 2 3 4 8 5 7 31 17 6 9 5 3 12 0
1 1 3 3 1 3 3 8 5 3 18 4 14 9 5 5 10 1
1 1 1 2 1 1 4 8 5 7 24 17 6 9 4 3 12 0
2 1 4 4 1 1 4 8 5 7 24 17 6 9 4 3 5 1
2 2 5 2 1 1 3 8 5 7 23 14 22 11 7 3 16 1
3 3 5 2 2 4 2 9 2 7 30 16 14 6 12 3 12 1
2 1 6 1 1 1 4 8 5 7 24 17 6 9 4 3 12 0
2 2 6 2 1 4 3 8 5 7 23 14 22 11 7 3 1 1
2 2 5 5 2 4 3 9 2 7 31 16 14 35 10 5 10 1
1 2 4 4 1 1 4 7 5 7 23 14 22 11 4 3 5 1
4 2 4 6 2 2 1 8 2 7 31 16 14 35 15 3 5 0
1 3 5 4 1 2 3 8 5 7 23 14 22 11 7 3 9 1
1 2 2 3 1 1 4 9 2 7 24 16 14 35 11 3 9 1
1 1 3 3 3 1 1 2 6 3 28 5 3 31 8 5 10 1
4 4 4 3 1 4 1 8 2 7 31 16 19 6 10 3 5 1
3 3 3 1 2 1 2 8 2 7 30 16 14 6 12 3 12 0
1 1 4 5 1 1 3 9 5 7 23 14 22 11 7 3 9 1
4 4 5 6 1 4 1 9 2 7 31 16 19 6 10 3 5 1
3 3 4 5 1 2 1 8 2 7 31 16 14 35 15 5 10 1
1 3 6 5 1 4 1 8 2 7 31 16 14 35 15 5 10 1
2 1 4 2 1 5 3 8 5 7 23 14 22 11 7 3 9 1
1 1 2 4 1 5 4 2 5 7 1 17 6 9 5 5 10 1
3 3 5 1 1 2 4 8 5 7 31 17 6 9 5 3 12 1
2 1 4 6 1 4 3 2 1 7 37 15 18 47 7 5 10 0
1 2 6 5 2 4 3 8 5 7 31 17 6 9 5 3 1 1
2 3 5 1 1 3 1 7 5 7 30 18 20 10 5 3 12 1
3 4 5 6 1 4 1 8 5 7 30 18 20 10 5 3 12 0
4 3 4 3 2 2 3 8 2 7 34 16 14 35 12 3 12 0
5 1 4 1 1 1 4 8 2 7 31 16 19 6 11 3 9 0
2 1 5 5 1 2 3 11 5 7 23 14 22 11 7 3 5 1
2 1 2 2 2 3 4 8 5 7 34 17 6 9 7 3 1 1
1 2 4 4 1 1 4 8 5 3 37 4 27 45 4 3 1 1
2 3 4 6 2 2 3 2 2 7 1 16 14 35 16 3 12 1
3 3 6 4 1 3 1 8 2 7 31 16 14 35 15 5 10 0
3 1 5 5 1 5 3 9 5 7 33 17 6 9 5 3 5 0
1 2 5 3 1 3 3 8 5 7 31 17 6 9 5 5 10 0
1 1 5 5 2 1 4 2 2 5 36 2 7 3 12 5 10 0
2 2 5 4 1 2 4 9 5 7 24 17 6 9 4 3 5 1
1 1 4 3 2 4 4 8 5 7 24 17 6 9 4 3 9 1
1 1 5 6 2 5 4 12 2 5 36 2 7 3 12 5 10 0
2 2 4 5 1 2 4 9 2 7 24 16 14 35 11 3 9 1
5 4 6 6 1 1 3 8 5 7 32 17 6 9 5 3 12 0
2 3 4 1 1 3 1 9 5 7 17 18 20 22 3 3 12 0
5 2 3 3 1 1 1 8 2 7 31 16 19 6 10 5 10 1
4 4 5 2 1 4 2 10 2 7 30 16 14 6 12 3 12 0
1 3 4 2 2 4 4 12 5 7 30 10 5 48 4 3 12 1
3 3 5 6 1 3 2 8 2 7 30 16 14 6 12 3 12 1
4 2 5 3 1 1 4 9 2 7 31 16 19 6 11 5 10 1
2 2 3 5 2 5 4 8 5 7 34 17 6 9 7 3 1 1
5 2 6 3 1 3 1 8 2 7 31 16 19 6 10 3 13 0
3 4 5 1 1 5 2 8 2 7 30 16 14 6 12 3 12 1
2 2 3 5 1 4 3 9 2 7 31 16 14 35 10 5 10 1
1 1 2 2 1 2 3 8 5 7 31 17 6 9 5 3 16 0
2 2 2 4 1 5 3 9 5 7 31 17 6 9 5 3 5 1
1 4 2 6 1 5 4 8 5 7 1 17 6 9 5 3 1 1
1 4 6 3 1 4 3 2 5 7 31 17 6 9 5 5 10 0
3 4 4 1 1 4 2 9 2 7 30 16 14 6 12 3 12 1
3 3 4 4 1 2 1 7 2 7 31 16 14 35 15 5 10 1
5 4 5 4 1 2 2 8 2 7 30 16 14 6 12 3 12 1
4 1 5 1 2 1 2 8 2 7 30 16 14 6 12 3 12 1
2 2 4 6 1 4 4 9 7 7 32 9 16 37 4 3 12 1
3 3 2 6 1 3 2 11 2 7 30 16 14 6 12 3 12 1
2 1 3 4 1 2 2 9 2 7 30 16 14 6 12 3 12 1
3 3 6 2 1 5 3 8 5 7 31 17 6 9 5 3 12 0
3 2 5 3 2 2 4 8 5 7 34 17 6 9 7 3 16 0
3 3 5 5 2 4 3 8 2 7 31 16 14 35 10 3 9 1
5 2 4 6 1 4 1 11 2 7 31 16 19 6 15 3 5 0
1 3 5 3 1 3 4 8 5 7 34 17 6 9 7 5 10 1
3 4 5 2 1 3 2 8 2 7 30 16 14 6 12 3 12 1
1 2 3 2 2 2 3 8 5 7 23 14 22 11 7 3 5 1
2 3 5 6 1 2 2 9 2 7 30 16 14 6 12 3 5 0
3 3 5 2 1 2 1 8 2 7 31 16 19 6 15 3 5 1
1 1 2 1 2 3 4 10 5 7 33 17 6 9 4 3 1 0
1 2 4 1 1 5 4 8 5 7 33 17 6 9 4 3 1 1
2 2 5 2 1 3 3 10 5 7 23 14 22 11 7 3 1 1
4 2 6 5 2 2 3 8 5 7 31 17 6 9 5 3 5 0
2 1 5 4 1 5 3 9 2 7 34 16 14 35 12 3 9 0
2 2 5 4 2 1 1 7 2 7 31 16 19 6 10 3 5 1
4 1 3 1 1 3 4 8 5 7 32 10 5 48 4 3 12 1
3 4 4 2 1 4 4 8 7 7 32 9 16 37 4 3 12 1
4 2 5 6 2 4 1 8 2 7 31 16 14 35 15 5 10 1
2 1 5 2 2 4 3 8 5 7 31 17 6 9 5 3 1 1
2 2 4 5 2 1 3 8 5 7 23 14 22 11 7 3 9 1
3 2 6 4 1 3 1 8 2 7 31 16 14 35 15 5 10 0
4 2 3 3 1 4 3 8 2 7 34 16 14 35 12 5 10 1
1 1 4 5 1 5 4 2 2 5 36 2 23 42 11 5 10 0
1 3 5 6 1 5 3 8 5 7 23 14 22 11 7 3 9 1
1 1 3 2 1 3 3 8 5 7 31 17 6 9 5 3 9 0
1 4 3 6 1 1 3 9 5 7 23 14 22 11 7 3 1 1
2 3 5 2 1 2 3 10 5 7 31 17 6 9 5 3 5 1
5 3 6 3 1 1 1 10 2 7 31 16 19 6 10 3 5 0
1 1 3 3 1 5 1 8 6 3 28 5 3 31 8 5 10 1
2 3 5 5 2 2 3 8 2 7 31 16 14 35 10 3 9 0
3 1 5 1 2 4 4 8 5 7 31 17 6 9 5 3 12 1
2 2 5 4 2 1 1 8 2 7 22 16 14 5 10 3 14 0
2 1 4 4 1 5 3 2 1 7 37 15 18 47 7 5 10 0
1 1 5 5 2 5 4 12 5 7 1 17 6 9 5 5 10 1
4 2 3 4 2 3 3 9 2 7 34 16 14 35 12 3 5 0
3 1 3 1 2 3 4 9 7 7 31 9 16 37 4 3 12 0
3 3 3 2 1 2 1 8 5 7 30 18 20 10 5 3 12 1
5 2 6 1 1 1 4 8 5 7 32 10 5 48 4 3 12 1
4 1 5 6 1 1 4 9 2 7 31 16 19 6 11 3 5 0
1 3 2 4 1 5 3 9 2 3 13 2 10 4 13 5 10 1
2 1 6 4 2 2 4 8 5 7 34 17 6 9 7 3 1 1
4 2 4 1 1 1 2 8 2 7 30 16 14 6 12 3 12 1
5 1 3 6 1 1 2 10 2 7 30 16 14 6 12 3 12 1
1 1 1 4 1 3 4 12 5 3 13 4 21 40 4 5 10 0
4 3 5 6 2 4 1 8 2 7 31 16 19 6 10 3 5 0
3 4 6 5 2 4 3 8 5 7 31 17 6 9 5 5 10 1
5 4 3 4 1 2 1 8 2 7 31 16 19 6 10 3 13 0
1 1 3 3 1 1 4 3 5 3 17 4 21 21 7 5 10 1
4 2 2 1 1 4 2 9 2 7 30 16 14 6 12 3 12 1
5 2 5 2 1 1 1 10 5 7 30 18 20 10 5 3 12 0
1 2 2 3 1 2 4 9 2 7 24 16 14 35 11 3 9 1
4 3 4 5 1 1 1 8 2 7 31 16 14 35 15 5 10 1
2 2 5 4 2 3 3 8 5 7 23 14 22 11 7 3 9 1
5 4 6 1 1 3 2 10 2 7 30 16 14 6 12 3 12 1
3 2 3 2 1 5 3 11 5 7 23 14 22 11 7 3 9 1
3 2 4 6 2 4 4 8 5 7 31 17 6 9 5 3 12 0
4 2 3 2 1 3 1 8 2 7 31 16 14 35 15 3 5 0
4 2 5 2 1 5 1 8 2 7 31 16 14 35 15 5 10 0
1 1 3 4 2 2 4 8 5 7 34 17 6 9 7 3 1 0
2 2 2 4 2 2 4 8 5 7 34 17 6 9 7 3 1 1
1 1 6 4 1 5 4 8 2 7 24 16 14 35 11 3 5 1
5 1 2 6 2 5 4 8 2 7 31 16 19 6 11 5 10 0
3 2 4 1 1 4 4 8 7 7 31 9 16 37 4 3 12 0
2 3 4 4 1 2 1 2 2 7 31 16 14 35 15 5 10 1
2 3 5 2 1 5 1 9 2 7 31 16 14 35 15 3 5 1
1 2 5 4 1 5 4 2 2 7 24 16 14 35 11 3 5 1
5 3 6 2 2 1 2 10 2 7 30 16 14 6 12 3 12 0
2 2 4 6 2 5 4 8 5 7 24 17 6 9 4 3 9 1
1 1 4 4 1 3 4 8 5 5 37 14 22 15 4 5 10 0
5 2 3 3 1 1 2 8 2 7 30 16 14 6 12 3 12 0
3 2 3 2 2 1 3 8 2 7 31 16 14 35 10 3 5 1
1 2 5 4 2 5 3 8 5 7 31 17 6 9 5 3 9 0
4 3 3 1 1 2 2 9 2 7 30 16 14 6 12 3 12 1
2 2 6 5 2 3 3 8 2 7 31 16 14 35 10 3 9 1
5 3 3 2 2 1 1 8 2 7 31 16 19 6 10 3 5 0
1 3 5 3 2 3 4 2 5 3 18 4 21 21 7 5 10 1
4 3 6 1 2 1 2 11 2 7 30 16 14 6 12 3 12 1
1 1 4 4 1 5 3 2 2 7 1 16 14 35 16 3 9 1
2 2 2 4 1 5 4 2 5 7 1 17 6 9 5 5 10 1
4 2 4 5 1 3 1 9 2 7 31 16 14 35 15 3 5 1
3 3 4 4 1 5 1 2 2 7 31 16 19 6 15 5 10 1
1 2 4 4 1 5 4 8 5 7 34 17 6 9 7 3 5 1
5 1 6 1 1 1 4 8 5 7 32 10 5 48 4 3 12 0
4 1 5 2 1 1 4 9 5 7 31 17 6 9 7 3 5 1
4 1 6 1 1 2 2 8 2 7 30 16 14 6 12 3 12 1
3 2 6 2 2 2 3 8 2 7 31 16 14 35 10 3 5 1
1 1 5 5 1 3 4 8 5 7 24 17 6 9 4 5 10 1
1 1 5 2 1 3 3 9 5 7 31 17 6 9 5 3 16 1
3 1 1 2 1 1 2 11 2 7 30 16 14 6 12 3 12 0
5 3 3 4 1 2 1 8 2 7 31 16 19 6 15 5 10 1
2 2 5 3 2 2 1 9 2 7 31 16 14 35 15 3 5 1
4 2 6 6 1 5 4 8 5 7 31 17 6 9 5 3 12 0
2 3 5 5 1 5 3 3 2 3 13 2 10 4 13 5 10 0
3 3 2 1 1 5 2 9 2 7 30 16 14 6 12 3 12 0
3 2 5 1 1 4 2 9 2 7 30 16 14 6 12 3 12 1
1 1 5 6 1 1 3 9 5 7 23 14 22 11 7 3 16 1
2 4 5 1 1 2 2 8 2 7 30 16 14 6 12 3 12 1
2 2 2 5 1 4 3 8 5 7 31 17 6 9 5 3 1 1
1 2 2 5 2 3 4 8 5 7 33 17 6 9 4 3 1 1
2 2 5 3 2 5 3 8 5 7 23 14 22 11 7 3 1 1
2 2 3 1 2 5 2 8 2 7 30 16 14 6 12 3 12 0
5 4 5 1 1 1 2 8 2 7 30 16 14 6 12 3 12 1
3 2 5 2 1 1 3 8 5 7 31 17 6 9 5 3 12 0
5 1 5 6 1 2 1 10 2 7 32 7 15 36 15 3 5 0
1 3 3 2 1 4 4 8 5 7 34 17 6 9 7 3 8 1
2 2 6 2 1 2 3 8 5 7 31 17 6 9 5 3 5 0
3 4 4 5 2 4 1 7 2 7 31 16 14 35 15 3 5 1
1 2 2 4 2 3 4 12 5 7 33 17 6 9 4 3 1 1
2 2 5 4 3 4 3 10 5 7 31 17 6 9 5 3 1 1
2 3 4 3 1 5 3 10 5 7 23 14 22 11 7 3 1 1
3 2 3 1 2 3 4 8 7 7 31 9 16 37 4 3 12 0
3 3 5 5 1 3 2 11 2 7 30 16 14 6 12 3 12 0
5 3 6 5 1 2 1 10 2 7 31 16 19 6 15 5 10 1
3 4 4 1 1 5 2 8 2 7 30 16 14 6 12 3 12 0
3 3 4 2 1 3 1 7 2 7 31 16 14 35 15 3 5 1
1 2 3 5 3 1 4 9 2 7 24 16 14 35 11 3 5 1
2 3 5 1 1 2 2 8 2 7 30 16 14 6 12 3 12 0
2 3 5 3 2 4 3 11 5 7 31 17 6 9 5 3 1 1
1 2 5 5 1 2 4 14 2 7 3 16 14 9 5 3 1 1
3 1 1 6 1 3 4 9 5 7 31 17 6 9 5 3 12 1
1 2 5 2 1 5 4 8 5 7 24 17 6 9 4 3 9 1
4 4 2 5 1 1 1 9 2 7 31 16 14 35 15 3 5 1
4 3 6 6 1 4 2 10 2 7 30 16 14 6 12 3 12 0
3 2 3 3 2 5 3 8 2 7 34 16 14 35 12 3 12 0
5 3 3 5 2 1 1 11 2 4 30 7 15 27 15 3 5 0
2 2 3 3 2 3 4 8 5 7 34 17 6 9 4 3 1 1
5 2 5 1 1 2 4 8 5 7 30 10 5 48 4 3 12 1
2 2 4 1 1 4 2 9 2 7 30 16 14 6 12 3 12 1
1 1 5 2 1 2 4 12 5 3 17 4 27 1 7 5 10 0
5 3 3 5 2 1 1 2 2 7 31 16 19 6 10 3 5 0
1 1 1 5 3 4 1 4 3 1 5 13 29 46 16 5 10 0
1 1 3 4 1 5 1 7 2 7 31 16 14 35 15 5 10 1
1 2 5 5 3 3 3 10 5 7 31 17 6 9 5 3 1 1
2 1 1 2 1 4 2 9 2 7 30 16 14 6 12 3 12 1
3 3 2 1 1 3 4 8 7 7 31 9 16 37 4 3 12 1
3 4 3 1 2 1 2 9 2 7 30 16 14 6 12 3 12 0
3 2 5 6 1 5 2 9 2 7 30 16 14 6 12 3 12 0
1 1 5 5 2 2 3 9 5 7 23 14 22 11 7 3 9 1
1 1 2 2 2 2 4 10 5 7 33 17 6 9 4 3 1 0
4 1 3 3 1 3 3 8 5 7 32 17 6 9 5 3 12 0
4 2 6 6 1 4 4 8 2 7 31 16 19 6 11 3 5 1
3 2 4 3 1 1 4 8 5 7 31 17 6 9 5 3 12 0
5 3 3 1 1 4 4 10 5 7 31 17 6 9 5 3 12 0
3 3 3 1 1 4 2 9 2 7 30 16 14 6 12 3 12 1
3 3 5 1 1 2 2 9 2 7 30 16 14 6 12 3 12 1
5 4 3 6 1 2 1 9 2 7 31 16 19 6 10 3 5 0
4 4 6 6 2 4 4 9 5 3 19 4 27 1 7 3 12 0
3 2 6 5 2 2 4 8 5 7 34 17 6 9 7 3 12 0
5 4 5 1 1 1 1 8 2 7 31 7 13 34 10 5 10 1
3 3 4 5 1 3 3 8 2 7 31 16 14 35 10 3 16 1
2 3 2 4 2 4 4 8 5 3 18 4 21 21 7 5 10 1
3 1 4 4 2 1 1 7 2 7 31 16 19 6 10 3 5 1
1 3 3 3 1 3 3 8 5 7 31 17 6 9 5 3 12 0
1 3 5 4 2 3 1 4 6 3 28 5 3 31 8 5 10 0
3 2 5 1 1 1 1 8 5 7 30 18 20 10 5 3 12 1
4 3 2 1 1 2 2 8 2 7 30 16 14 6 12 3 12 1
5 1 5 5 1 1 1 2 2 7 30 16 19 6 10 3 5 1
1 2 2 4 1 1 3 8 5 7 23 14 22 11 7 3 1 1
2 2 5 2 1 5 4 11 5 7 24 17 6 9 4 3 1 1
5 1 5 6 1 4 1 8 2 7 30 16 19 6 10 3 5 0
1 1 5 5 1 5 4 14 5 7 33 17 6 9 4 5 10 1
3 4 3 1 1 3 2 8 2 7 30 16 14 6 12 3 12 1
2 4 4 3 2 3 3 11 5 7 31 17 6 9 5 3 16 0
2 3 6 4 1 1 3 9 5 7 23 14 22 11 7 3 16 1
3 1 3 6 1 3 4 9 5 7 32 10 5 48 4 3 12 1
2 3 5 3 1 3 1 9 2 7 22 16 14 5 10 3 9 1
5 1 3 2 1 1 4 8 5 7 30 18 20 10 5 3 12 1
5 2 5 3 1 2 1 8 2 7 31 16 19 6 15 5 10 1
4 1 3 6 1 4 4 7 2 7 31 16 14 9 5 5 10 0
2 2 2 5 1 5 1 13 2 7 31 16 14 35 15 5 10 1
4 3 2 1 2 4 4 8 7 7 32 9 16 37 4 3 12 1
1 2 3 2 1 5 1 8 6 3 28 5 3 31 8 3 1 1
1 1 6 5 1 2 4 3 5 5 35 17 6 13 4 5 10 1
4 2 4 1 2 2 2 8 2 7 30 16 14 6 12 3 12 1
2 3 4 2 1 2 3 10 5 7 31 17 6 9 5 3 5 1
1 2 5 3 1 1 3 8 5 7 31 17 6 9 5 3 12 1
2 2 5 2 1 3 3 9 5 7 31 17 6 9 5 3 5 1
4 3 4 5 2 2 1 8 2 7 31 16 14 35 15 3 5 1
2 3 6 1 1 2 2 10 2 7 30 16 14 6 12 3 12 1
2 3 3 4 1 2 3 9 5 7 31 17 6 9 5 5 10 1
4 4 2 1 1 2 2 8 2 7 30 16 14 6 12 3 12 1
2 1 3 4 1 5 4 12 7 7 31 9 16 37 4 5 10 0
3 3 5 4 1 4 4 8 5 7 30 10 5 48 4 3 12 1
2 1 3 4 2 2 3 8 2 7 31 16 14 35 10 3 9 1
2 3 3 2 2 3 4 9 7 7 31 9 16 37 4 3 12 0
3 1 2 1 2 5 4 8 7 7 31 9 16 37 4 3 12 1
2 2 5 1 1 5 2 8 2 7 30 16 14 6 12 3 12 1
2 3 6 5 2 4 3 8 2 7 31 16 14 35 10 3 9 0
5 4 3 6 2 5 1 8 5 7 32 10 5 48 9 3 12 0
2 4 5 2 1 3 3 8 5 7 31 17 6 9 5 3 12 0
3 3 6 2 1 3 1 9 5 7 30 18 20 10 5 3 12 1
5 4 5 2 1 2 4 10 2 7 31 16 14 9 5 3 12 1
2 1 3 3 1 5 4 8 7 2 39 9 25 43 1 3 12 0
2 1 6 5 1 1 3 10 5 7 23 14 22 11 7 3 1 1
2 1 5 2 1 3 3 10 5 7 23 14 22 11 7 3 1 1
3 3 3 4 2 2 1 8 2 7 31 16 19 6 10 3 5 0
1 1 4 5 2 5 4 12 2 5 36 2 23 42 11 5 10 0
1 1 5 5 1 5 3 8 5 7 31 17 6 9 5 3 1 1
3 3 4 2 2 4 3 8 2 7 31 16 14 35 10 3 16 1
3 3 3 1 2 3 4 8 7 7 31 9 16 37 4 3 12 0
3 1 4 1 1 4 4 8 5 7 24 17 6 9 4 3 16 0
3 1 5 3 2 2 4 11 2 7 24 16 14 35 11 3 9 0
1 1 5 3 2 3 4 10 5 7 33 17 6 9 7 3 16 1
4 2 6 1 1 1 2 8 2 7 30 16 14 6 12 3 12 1
2 3 4 6 2 3 3 7 2 7 31 16 14 35 10 3 16 1
1 1 5 5 1 2 4 8 5 7 24 17 6 9 4 3 1 1
5 3 2 5 1 4 1 8 2 7 31 16 19 6 15 3 5 0
3 2 5 1 1 5 2 8 2 7 30 16 14 6 12 3 12 0
5 3 2 5 1 4 1 10 2 7 32 16 19 6 15 3 12 0
1 1 5 5 1 1 4 9 5 7 24 17 6 9 4 3 9 1
1 1 5 1 2 5 3 3 2 7 36 16 24 30 10 5 10 0
2 2 6 2 2 5 1 8 5 7 30 18 20 10 5 3 12 0
2 2 5 6 1 3 4 8 7 7 32 9 25 43 4 3 12 1
3 3 6 1 1 3 3 8 5 7 32 17 6 9 5 3 12 0
1 1 1 6 1 1 4 1 2 7 31 16 14 9 5 5 10 0
3 4 4 1 2 2 1 7 5 7 30 18 20 10 5 3 12 1
4 2 3 1 1 2 4 11 5 7 31 17 6 9 5 3 12 0
4 3 5 6 1 4 2 8 2 7 30 16 14 6 12 3 12 0
1 1 2 3 2 3 4 8 5 5 37 14 22 15 4 3 9 0
3 2 4 2 1 2 2 7 2 7 30 16 14 6 12 3 12 1
1 1 3 2 1 4 1 6 6 7 6 12 17 19 17 5 10 0
2 4 4 3 1 5 3 11 5 7 31 17 6 9 5 3 1 1
4 2 3 1 1 1 2 8 2 7 30 16 14 6 12 3 12 0
2 1 3 1 2 3 3 8 5 7 31 17 6 9 5 3 16 0
2 2 4 2 2 4 3 11 5 7 31 17 6 9 5 3 1 1
4 2 6 5 1 3 3 8 2 7 31 16 14 35 10 3 16 1
2 3 4 5 1 5 3 11 5 7 31 17 6 9 5 3 16 0
4 4 2 1 1 2 2 10 2 7 30 16 14 6 12 3 12 1
2 3 4 1 1 1 4 8 5 7 24 17 6 9 4 3 16 0
2 1 5 1 1 2 4 9 7 7 31 9 16 37 4 3 12 0
4 3 6 5 1 5 1 9 2 7 31 16 14 35 15 3 5 0
5 4 3 6 1 4 2 8 2 7 30 16 19 6 12 3 12 0
2 2 2 2 2 3 4 9 5 7 34 17 6 9 4 5 10 1
4 1 5 6 1 5 1 8 2 7 31 16 14 35 15 5 10 1
3 2 2 2 1 5 2 9 2 7 30 16 14 6 12 3 12 0
2 1 4 4 2 1 3 8 5 7 31 17 6 9 5 3 16 0
2 1 3 4 1 5 3 10 1 7 37 15 18 47 7 3 12 0
1 1 1 4 2 3 3 8 5 7 23 14 22 11 7 3 9 1
3 2 2 4 2 1 4 8 5 7 34 17 6 9 7 3 12 0
5 2 5 1 1 3 4 8 5 7 31 17 6 9 5 3 12 1
1 1 5 5 1 1 1 6 6 3 28 5 3 31 8 5 10 1
1 4 5 5 2 5 3 8 5 7 23 14 22 11 7 3 9 1
1 1 1 3 1 2 4 1 2 7 31 16 14 9 5 5 10 0
2 2 5 5 1 3 3 9 2 7 34 16 14 35 12 3 5 1
2 1 4 2 1 3 2 9 2 7 30 16 14 6 12 3 12 1
2 1 5 5 1 1 3 11 5 7 23 14 22 11 7 3 5 1
3 2 5 5 2 3 3 9 2 7 31 16 14 35 10 3 9 1
2 1 2 2 1 5 4 8 5 3 9 4 21 40 4 5 10 1
1 1 5 1 1 4 4 12 2 7 31 16 14 9 5 5 10 0
5 3 5 4 2 4 3 9 5 7 31 17 6 9 5 3 5 1
2 3 4 6 1 2 2 10 2 7 30 16 14 6 12 3 12 1
2 4 3 3 1 5 3 9 1 7 37 15 18 47 7 5 10 1
5 4 5 6 1 3 1 8 2 7 31 16 14 35 10 3 5 0
2 1 3 5 1 2 2 9 2 7 30 16 14 6 12 3 5 1
3 2 5 1 1 1 2 12 5 7 31 17 11 17 9 3 12 1
4 4 5 6 1 1 1 7 2 7 31 16 19 6 10 3 5 1
3 3 5 6 1 4 1 8 2 7 31 16 14 35 15 3 5 1
2 3 1 4 1 1 1 9 2 7 31 16 14 35 15 5 10 1
4 3 5 6 2 2 4 8 5 7 32 18 20 10 4 3 12 0
3 2 3 5 1 3 3 10 5 7 31 17 6 9 5 3 1 1
1 1 6 3 2 3 4 8 5 7 33 17 6 9 7 3 1 1
3 3 2 3 1 5 3 8 5 7 31 17 6 9 5 3 5 1
3 1 6 1 1 4 3 8 5 7 31 17 6 9 5 3 16 0
4 2 5 5 1 5 1 11 2 7 31 16 14 35 15 3 14 1
3 4 3 6 1 4 1 8 5 7 30 18 20 10 5 3 12 1
3 3 5 1 1 2 2 8 2 7 30 16 14 6 12 3 12 0
3 1 5 6 1 3 1 8 2 7 31 16 14 35 15 3 5 1
1 1 4 4 1 5 3 2 2 7 1 16 14 35 16 3 9 1
1 1 5 3 1 5 4 8 5 7 24 17 6 9 4 3 9 1
5 1 4 6 1 5 4 11 5 7 32 4 14 9 5 3 5 0
4 3 4 1 1 3 1 7 2 7 31 16 14 35 15 3 5 0
1 1 3 2 1 5 4 13 2 7 31 16 14 9 5 5 10 0
5 2 3 4 1 2 1 8 2 7 31 16 14 29 10 3 5 0
3 3 6 3 1 3 1 9 2 7 31 16 19 6 10 3 5 1
5 3 3 3 1 1 1 7 2 7 31 16 19 6 15 3 5 1
3 3 3 6 2 1 1 8 2 7 31 16 14 35 15 5 10 1
1 1 4 2 3 5 4 8 5 7 33 17 6 9 4 5 10 1
1 1 3 1 1 3 3 11 5 7 23 14 22 11 7 3 16 0
2 1 2 4 2 4 3 8 5 7 31 17 6 9 5 3 9 1
1 1 6 2 1 2 4 14 5 3 18 4 21 21 7 5 10 0
2 2 3 5 1 1 1 3 2 7 31 16 19 6 10 3 12 1
3 2 2 6 2 4 4 8 5 7 33 17 6 9 7 3 14 1
1 2 4 6 2 4 3 3 2 7 31 16 14 35 10 5 10 1
2 1 5 1 1 5 4 8 5 7 24 17 6 9 4 3 16 1
1 4 3 2 1 5 4 9 5 3 14 4 21 40 4 5 10 1
5 2 4 6 2 2 3 8 5 7 32 17 6 9 5 3 5 0
1 1 6 2 1 3 4 8 5 3 37 4 27 45 4 3 5 0
2 2 3 4 1 5 3 8 2 7 31 16 14 35 10 3 9 1
3 4 3 4 1 4 4 7 5 7 1 17 6 9 5 5 10 1
2 1 5 6 1 5 3 9 2 3 13 2 10 4 13 5 10 0
2 1 5 4 1 4 3 9 2 7 1 16 14 35 16 5 10 1
3 1 5 1 1 2 2 8 2 7 30 16 14 6 12 3 12 1
5 3 5 5 1 5 1 8 2 7 31 16 19 6 10 3 5 1
1 1 4 4 3 2 4 3 3 7 25 3 26 9 5 5 10 1
3 1 3 5 2 5 3 9 2 7 31 16 14 35 10 3 9 1
4 1 6 6 1 1 1 8 2 7 31 16 14 35 15 5 10 1
4 2 2 5 1 2 1 8 2 7 31 16 19 6 10 3 5 1
4 2 2 1 1 1 2 8 2 7 30 16 14 6 12 3 12 1
2 2 5 6 1 4 2 9 2 7 30 16 14 6 12 3 12 0
5 3 2 5 2 1 1 3 2 7 31 16 19 6 15 3 5 0
1 2 6 4 2 5 4 11 5 7 33 17 6 9 4 3 1 1
3 3 5 2 1 2 1 9 2 7 31 16 14 35 15 5 10 0
1 1 4 3 1 2 4 9 2 7 24 16 14 35 11 3 5 1
4 2 2 6 1 3 3 8 5 7 31 17 6 9 5 3 12 1
4 1 5 2 2 3 4 8 7 7 31 9 16 37 4 3 12 1
2 3 2 4 1 4 3 9 5 7 31 17 6 9 5 5 10 1
5 3 5 2 1 2 1 11 2 7 31 16 19 6 10 3 5 1
4 1 5 4 1 2 4 11 5 7 33 17 6 9 7 3 5 0
1 1 5 2 1 5 3 2 5 7 31 17 6 9 5 3 12 1
1 1 6 6 2 5 4 13 5 3 18 4 21 21 7 5 10 0
4 4 2 5 1 1 1 8 2 7 31 16 19 6 10 3 5 1
3 4 3 3 1 4 1 9 2 7 31 16 14 35 15 3 5 0
1 1 6 1 1 4 2 9 2 7 30 16 14 6 12 3 12 1
2 2 3 5 1 4 1 10 2 7 31 16 14 35 15 3 5 1
4 3 3 5 1 5 1 8 2 7 31 16 19 6 10 3 13 0
4 3 2 1 1 2 2 9 2 7 30 16 14 6 12 3 12 1
3 3 6 1 2 2 2 8 2 7 30 16 14 6 12 3 12 1
1 1 5 2 1 1 1 4 6 3 28 5 3 31 8 5 10 1
2 1 5 5 2 3 3 8 5 7 31 17 6 9 5 3 16 1
3 2 3 3 1 1 1 9 2 7 31 16 14 35 15 3 12 1
2 1 3 3 2 4 3 8 5 7 23 14 22 11 7 3 5 1
3 2 2 3 1 2 3 9 2 7 34 16 14 35 12 5 10 0
3 2 5 2 1 3 3 8 5 7 31 17 6 9 5 3 12 0
1 2 5 3 1 5 3 9 2 7 1 16 14 35 16 5 10 1
2 1 2 5 2 5 4 8 7 2 39 9 16 37 1 3 12 0
1 3 5 5 2 4 3 9 2 7 31 16 14 35 10 3 9 1
1 3 2 3 1 3 3 9 5 7 31 17 6 9 5 3 9 1
5 4 3 4 1 1 1 8 2 7 31 16 19 6 15 5 10 1
1 1 2 4 1 4 4 10 2 7 24 16 14 35 11 5 10 1
1 1 3 4 1 1 4 9 2 7 24 16 14 35 11 3 9 1
1 4 6 6 2 5 1 8 2 7 31 16 14 35 15 5 10 1
3 1 4 2 2 5 3 9 2 7 34 16 14 35 12 3 12 0
1 2 4 4 1 5 4 8 5 7 34 17 6 9 7 3 5 1
5 3 5 6 1 1 4 8 5 2 38 17 6 9 16 5 10 0
2 3 1 1 2 2 3 11 5 7 31 17 6 9 5 3 16 0
5 2 5 5 1 2 1 8 2 7 31 16 19 6 15 3 5 0
1 3 3 3 1 4 3 3 6 2 28 12 17 38 6 5 10 1
3 3 3 5 2 3 3 10 2 7 31 16 14 35 10 3 9 0
1 3 3 4 1 5 3 8 5 7 23 14 22 11 7 3 5 1
4 4 4 6 1 4 3 9 5 7 32 18 20 39 9 3 12 0
2 2 4 3 2 2 3 8 5 7 23 14 22 11 7 3 9 0
3 2 3 4 1 5 4 10 2 7 24 16 14 35 11 5 10 0
1 4 2 2 1 5 3 8 5 7 31 17 6 9 5 5 10 1
2 1 4 3 2 5 3 9 2 7 31 16 14 35 10 3 9 1
3 3 3 2 1 5 4 8 7 7 31 9 16 37 4 3 12 1
4 2 3 2 1 5 4 8 5 7 31 17 6 9 7 5 10 0
5 3 3 6 1 3 1 10 5 7 30 18 20 10 5 3 5 0
3 2 5 4 1 2 4 8 5 7 24 17 6 9 4 3 5 1
2 2 3 2 2 5 3 9 2 7 36 16 14 35 12 5 10 1
3 2 5 5 1 4 3 8 5 7 31 17 6 9 5 3 9 1
3 4 5 5 1 5 1 8 5 7 30 18 20 10 5 3 12 0
5 1 3 6 2 4 1 10 2 7 32 7 15 36 15 3 5 0
1 1 5 3 2 2 4 8 5 7 33 17 6 9 7 5 10 1
4 1 4 6 1 5 1 9 2 7 31 16 14 35 15 5 10 1
4 2 2 6 1 1 1 10 2 7 31 16 14 35 15 3 5 1
5 3 5 4 2 2 1 8 2 7 31 16 19 6 10 3 5 0
2 4 4 2 2 2 2 8 2 7 30 16 14 6 12 3 12 1
1 1 2 3 2 5 3 8 5 7 31 17 6 9 5 3 16 1
4 4 3 5 1 4 3 11 5 7 32 17 6 9 5 3 12 0
4 4 5 3 1 2 2 8 2 7 30 16 14 6 12 3 12 1
3 4 3 1 2 2 2 8 2 7 30 16 14 6 12 3 12 0
4 3 5 1 1 2 2 8 2 7 30 16 14 6 12 3 12 0
5 2 3 2 1 2 4 10 5 7 31 17 6 9 5 3 12 0
3 2 2 4 1 4 1 7 2 7 31 16 19 6 10 3 5 1
1 3 5 5 2 5 1 6 6 7 28 12 17 38 3 5 10 1
3 1 5 5 2 5 3 8 2 7 31 16 14 35 10 3 9 0
2 3 3 1 2 3 3 8 5 7 31 17 6 9 5 3 12 0
1 1 4 1 1 5 4 12 5 3 8 4 21 21 7 5 10 0
3 2 5 5 3 5 3 10 2 7 31 16 14 35 10 3 9 1
4 3 3 5 1 2 4 8 5 7 32 18 20 10 4 3 12 0
4 1 3 3 1 4 1 9 2 7 31 16 14 35 15 3 5 0
5 1 5 6 1 1 4 10 2 7 31 16 19 6 10 3 5 0
3 1 3 2 1 5 2 8 2 7 30 16 14 6 12 3 12 0
4 3 5 5 1 5 1 8 2 7 31 16 14 35 15 3 5 0
2 2 4 2 1 3 2 9 2 7 30 16 14 6 12 3 12 1
3 3 5 1 1 1 2 8 2 7 30 16 14 6 12 3 12 0
4 1 4 5 1 2 1 9 2 7 31 16 14 35 15 5 10 1
1 4 3 6 1 4 1 7 5 7 30 18 20 10 5 3 12 0
4 3 3 5 1 5 3 8 5 7 32 17 6 9 5 3 12 0
3 3 5 3 1 4 4 8 5 7 30 10 5 48 4 3 12 1
3 1 3 4 1 5 4 9 5 7 31 17 6 9 7 5 10 0
5 4 3 1 1 3 1 9 2 7 31 16 19 6 10 3 5 0
4 4 4 3 2 1 4 8 5 7 31 17 6 9 4 3 5 0
2 1 3 3 2 3 4 9 2 7 24 16 14 35 11 3 9 0
2 2 6 2 1 3 4 11 7 7 31 9 16 37 4 3 12 1
1 1 6 4 2 5 4 12 5 3 14 4 21 40 4 5 10 0
2 3 6 2 1 3 2 8 2 7 30 16 14 6 12 3 12 1
4 4 5 2 1 2 2 8 2 7 30 16 14 6 12 3 12 1
2 3 5 6 2 5 3 8 5 7 23 14 22 11 7 3 9 1
5 1 4 4 1 5 1 8 2 7 31 16 19 6 15 3 5 1
4 3 5 3 1 2 1 9 2 7 31 16 19 6 10 5 10 1
1 2 4 6 1 1 4 9 5 7 34 17 6 9 7 3 1 1
1 4 5 2 1 5 1 6 2 7 22 16 14 5 10 3 9 1
2 1 6 1 2 4 3 8 5 7 31 17 6 9 5 3 12 0
1 1 4 5 2 5 4 12 5 3 8 4 21 21 7 5 10 0
3 2 6 1 1 2 2 8 2 7 30 16 14 6 12 3 12 0
5 3 3 3 2 1 1 10 2 4 30 7 15 27 15 3 5 0
3 3 5 1 1 5 2 8 2 7 30 16 14 6 12 3 12 1
4 4 3 2 1 3 1 9 2 7 31 16 19 6 10 5 10 1
2 1 5 5 2 4 1 8 2 7 31 16 14 35 15 3 9 1
1 1 6 4 2 2 4 13 5 3 17 4 27 1 7 5 10 0
2 1 2 2 2 5 4 10 5 7 33 17 6 9 4 5 10 1
5 2 5 2 1 3 1 8 2 7 31 16 19 6 10 3 5 1
4 1 4 1 1 2 2 8 2 7 30 16 14 6 12 3 12 0
4 1 5 5 2 4 3 8 2 7 31 16 14 35 10 5 10 1
1 1 3 4 1 4 4 12 2 7 24 16 14 35 11 5 10 1
1 4 4 3 3 2 3 9 5 7 31 17 6 9 5 3 1 1
5 3 4 3 1 3 1 8 2 7 31 16 19 6 10 3 13 0
4 2 4 1 1 3 2 8 2 7 30 16 14 6 12 3 12 1
2 2 4 5 1 3 1 9 2 7 31 16 14 35 15 5 10 0
2 1 4 4 1 2 3 10 5 7 23 14 22 11 7 3 5 1
2 2 6 1 1 4 4 10 5 3 38 4 21 40 7 3 12 1
1 1 5 2 1 2 3 9 5 7 31 17 6 9 5 3 16 1
1 1 4 4 2 2 4 8 5 7 33 17 6 9 4 3 1 1
2 3 5 2 1 4 2 8 2 7 30 16 14 6 12 3 12 1
4 4 3 2 1 5 2 9 2 7 30 16 14 6 12 3 12 1
2 3 2 1 1 3 1 8 5 7 30 18 20 10 5 3 12 1
4 2 3 5 1 2 4 8 5 7 31 17 6 9 4 3 5 0
4 3 5 4 1 5 4 9 5 7 31 17 6 9 7 3 5 0
1 1 5 5 1 5 4 8 5 5 35 17 6 13 4 5 10 1
1 1 4 2 1 3 3 10 5 7 31 17 6 9 5 3 12 0
2 2 2 2 1 3 2 9 2 7 30 16 14 6 12 3 12 0
1 2 5 3 1 1 1 3 6 3 28 5 3 31 8 3 9 1
5 4 5 1 1 1 2 8 2 7 30 16 14 6 12 3 12 0
2 1 5 3 2 5 3 12 2 7 36 16 14 35 12 5 10 1
5 1 5 5 2 5 1 8 2 7 31 16 19 6 15 5 10 1
2 1 6 1 1 3 2 8 2 7 30 16 14 6 12 3 12 1
4 3 5 5 2 1 1 8 2 7 31 16 19 6 10 3 5 0
4 4 6 1 1 5 1 8 5 7 30 18 20 10 5 3 12 0
4 3 5 2 1 4 3 8 5 7 31 17 6 9 5 5 10 1
1 1 3 2 2 5 3 9 2 7 36 16 14 35 12 5 10 1
3 3 4 1 1 2 4 11 5 7 31 17 6 9 5 3 12 0
3 4 6 1 2 2 1 8 5 7 30 18 20 10 5 3 12 0
3 4 5 1 1 4 2 9 2 7 30 16 14 6 12 3 12 1
4 4 5 2 1 5 2 8 2 7 30 16 14 6 12 3 12 1
2 4 5 6 1 3 1 8 2 7 31 16 14 35 15 3 16 1
2 2 6 6 1 3 3 2 2 7 1 16 14 35 16 3 12 1
2 3 4 2 1 3 3 10 5 7 23 14 22 11 7 3 9 1
2 3 4 6 1 5 4 9 7 2 39 9 16 37 1 3 12 0
4 1 5 6 1 4 2 8 2 7 30 16 19 6 12 3 12 1
3 3 6 1 1 5 2 9 2 7 30 16 14 6 12 3 12 1
1 1 5 2 1 5 4 8 5 3 9 4 21 40 4 5 10 1
3 4 4 2 1 3 2 9 2 7 30 16 14 6 12 3 12 1
2 3 3 4 2 2 4 14 5 7 1 17 6 9 5 5 10 1
3 2 3 3 1 5 4 9 2 7 31 16 19 6 11 3 5 1
4 1 5 3 1 1 4 8 5 7 31 17 6 9 5 3 5 0
4 2 5 6 1 4 2 8 2 7 30 16 14 6 12 3 12 0
1 3 4 4 1 2 3 2 5 7 31 17 6 9 5 3 9 1
1 1 5 4 2 5 3 8 5 7 31 17 6 9 5 3 16 1
2 2 4 1 1 4 2 7 2 7 30 16 14 6 12 3 12 1
1 1 5 5 3 5 4 5 2 7 31 16 14 9 5 5 10 0
3 3 6 4 2 4 3 9 2 3 13 2 10 4 13 5 10 1
3 1 5 1 1 3 4 10 7 7 31 9 16 37 4 3 12 1
4 2 5 2 2 5 1 8 2 7 31 16 14 35 15 3 14 1
2 4 4 1 1 1 2 7 2 7 30 16 14 6 12 3 12 0
2 2 3 1 1 2 1 6 2 7 15 16 14 9 5 5 10 0
1 4 5 6 1 2 1 3 2 7 31 16 14 35 15 3 16 1
1 1 2 6 2 4 2 8 2 7 30 16 14 6 12 3 12 1
5 1 3 1 1 1 4 8 2 7 31 16 19 6 11 3 9 0
3 3 4 4 1 5 3 9 5 7 31 17 6 9 5 3 12 0
4 2 4 6 2 4 4 8 5 3 19 4 27 1 7 5 10 0
2 4 3 5 1 5 4 10 5 7 31 17 6 9 5 3 12 0
1 3 5 6 1 4 2 12 5 7 17 18 20 22 7 3 12 1
4 3 3 3 1 1 1 8 2 7 31 16 14 35 15 3 9 0
4 1 5 1 2 1 4 8 7 7 31 9 16 37 4 3 12 0
1 3 2 6 2 4 1 8 5 7 30 18 20 10 5 3 12 0
2 3 5 2 1 2 3 8 5 7 31 17 6 9 5 3 5 1
4 4 6 1 1 4 2 8 2 7 30 16 14 6 12 3 12 1
3 2 2 5 2 4 3 8 2 7 31 16 14 35 10 3 9 0
4 3 4 4 1 3 1 7 2 7 31 16 19 6 10 5 10 1
1 1 6 5 1 4 1 8 2 7 31 16 14 35 15 5 10 1
1 1 1 5 2 2 4 8 5 7 34 17 6 9 4 3 1 1
1 1 6 2 2 5 4 8 5 7 33 17 6 9 4 3 1 1
4 4 3 5 1 4 1 8 2 7 31 16 19 6 10 3 5 1
4 3 5 5 1 3 1 8 2 7 30 16 19 6 10 3 12 0
2 2 4 1 1 1 3 8 5 7 31 17 6 9 5 3 12 0
1 3 5 3 1 4 3 7 2 7 31 16 14 35 10 3 15 1
2 1 6 1 1 5 3 10 5 7 23 14 22 11 7 3 1 1
2 4 2 1 1 5 4 11 7 7 31 9 16 37 4 3 12 1
3 3 3 6 1 4 2 9 2 7 30 16 14 6 12 3 12 1
1 1 5 6 2 4 2 8 2 7 30 16 14 6 12 3 12 1
1 3 2 3 2 2 4 8 5 7 33 17 6 9 7 5 10 1
4 3 2 4 1 3 1 8 2 7 31 16 19 6 15 3 5 1
5 2 5 1 1 3 4 8 2 7 31 16 19 6 11 3 9 0
3 2 6 2 2 1 3 11 5 7 31 17 6 9 5 3 16 0
3 3 3 1 1 5 1 9 5 7 30 18 20 10 5 3 12 1
3 2 5 3 1 4 3 11 5 7 31 17 6 9 5 3 16 0
4 3 6 1 1 4 2 8 2 7 30 16 14 6 12 3 12 1
3 4 3 1 1 1 2 9 2 7 30 16 14 6 12 3 12 1
1 2 3 5 2 5 4 2 5 7 1 17 6 9 5 5 10 1
2 1 4 5 2 4 4 10 5 7 31 17 6 9 7 5 10 0
3 4 5 2 1 5 1 9 2 7 31 16 14 35 15 3 5 1
1 2 3 3 1 1 3 7 5 7 23 14 22 11 7 5 10 1
4 4 2 5 2 4 1 8 2 7 31 16 19 6 10 5 10 1
5 1 4 3 1 5 4 11 5 7 30 10 5 48 4 5 10 1
5 4 6 5 1 3 2 11 2 7 30 16 19 6 12 3 5 0
5 2 4 6 1 1 4 8 2 7 31 16 19 6 11 3 5 0
1 1 4 5 1 3 1 8 6 3 28 5 3 31 8 3 1 0
3 2 4 6 1 2 4 8 5 7 31 17 6 9 5 3 12 0
2 2 5 6 1 3 1 8 5 7 30 18 20 10 5 3 12 1
1 1 2 2 1 4 4 8 5 3 37 4 27 45 4 5 10 1
3 3 4 4 1 3 1 7 2 7 31 16 19 6 10 3 5 1
5 1 4 4 1 5 1 8 2 7 31 16 19 6 15 3 5 0
4 4 4 1 1 4 2 8 2 7 30 16 14 6 12 3 12 1
1 1 4 2 1 3 4 2 2 5 36 2 7 3 12 5 10 0
4 4 4 1 1 3 2 9 2 7 30 16 14 6 12 3 12 1
4 4 4 2 1 1 1 8 2 7 31 16 14 35 15 5 10 1
4 3 3 6 1 2 1 9 2 7 31 16 14 35 15 5 10 1
5 1 4 6 2 3 4 8 2 7 31 16 19 6 11 3 5 0
3 2 4 3 2 2 1 9 2 7 31 16 19 6 15 3 5 1
3 3 6 3 1 3 2 8 2 7 30 16 14 6 12 3 12 1
5 3 5 2 2 4 1 8 2 7 31 16 19 6 15 3 5 0
2 4 3 5 1 4 2 8 2 7 30 16 14 6 12 3 12 1
5 1 2 4 1 5 1 10 2 7 31 16 19 6 10 3 5 0
2 3 3 2 2 2 4 8 5 7 34 17 6 9 7 3 16 0
3 2 5 6 1 4 2 8 2 7 30 16 14 6 12 3 12 1
1 3 5 4 1 2 4 8 5 7 34 17 6 9 7 3 1 1
2 2 5 5 1 2 4 10 5 7 34 17 6 9 7 3 16 0
3 3 4 2 1 2 1 8 5 7 30 18 20 10 5 3 12 0
4 2 4 1 1 1 2 9 2 7 30 16 14 6 12 3 12 1
1 1 4 1 1 2 3 9 5 7 31 17 6 9 5 3 16 1
3 2 3 4 1 3 4 8 7 7 31 9 16 37 4 3 12 0
3 4 4 6 1 3 1 7 2 7 31 16 14 35 15 3 12 1
1 4 4 6 1 1 3 9 5 7 31 17 6 9 5 3 16 1
1 2 3 4 2 4 4 8 5 7 33 17 6 9 7 5 10 1
3 2 5 6 1 3 1 8 2 7 31 16 14 35 15 5 10 1
5 1 3 2 1 5 1 9 2 7 31 16 19 6 15 3 9 0
5 1 3 6 1 3 1 11 2 7 31 16 19 6 15 3 12 1
2 1 6 5 2 5 4 8 5 7 34 17 6 9 7 5 10 0
4 2 3 4 2 4 4 10 5 7 32 18 20 10 4 3 12 0
3 4 5 2 1 3 1 9 5 7 30 18 20 10 5 3 12 0
1 1 2 3 1 3 4 3 5 3 8 4 21 21 7 5 10 1
4 1 5 4 1 5 4 9 5 7 31 17 6 9 7 5 10 0
2 3 4 1 1 3 2 8 2 7 30 16 14 6 12 3 12 0
4 3 4 1 1 4 1 9 2 7 31 16 19 6 15 3 5 0
5 2 5 2 1 1 1 8 2 7 31 16 19 6 15 3 5 0
4 3 5 5 2 1 1 8 2 7 31 16 14 35 15 5 10 0
4 2 2 6 1 5 1 9 2 7 31 16 19 6 10 5 10 1
3 3 3 1 1 2 2 9 2 7 30 16 14 6 12 3 12 0
3 4 6 1 1 4 2 9 2 7 30 16 14 6 12 3 12 0
1 3 3 6 2 3 2 2 5 7 17 18 20 22 7 5 10 1
1 1 5 3 1 4 4 1 2 7 31 16 14 9 5 5 10 1
4 4 5 2 2 1 2 9 2 7 30 16 14 6 12 3 12 1
1 3 3 4 1 5 3 8 5 7 23 14 22 11 7 3 5 1
2 2 4 2 1 4 3 11 5 7 31 17 6 9 5 3 1 1
3 2 2 1 1 4 2 8 2 7 30 16 14 6 12 3 12 0
1 2 4 5 1 4 3 2 2 7 1 16 14 35 16 5 10 1
3 2 6 1 1 2 2 8 2 7 30 16 14 6 12 3 12 1
1 1 4 3 1 5 4 12 5 3 9 4 21 40 4 5 10 1
4 4 6 1 1 3 2 8 2 7 30 16 14 6 12 3 12 1
4 2 5 1 1 1 2 2 2 7 30 16 14 6 12 3 12 1
4 4 5 1 1 3 2 8 2 7 30 16 14 6 12 3 12 1
4 4 2 4 1 2 1 11 2 7 31 16 19 6 15 3 5 0
4 3 6 1 1 1 4 8 5 7 31 17 6 9 5 3 12 1
1 1 1 4 1 5 3 9 2 7 1 16 14 35 16 5 10 1
1 1 5 6 2 4 3 9 1 7 37 15 18 47 7 5 10 0
4 1 5 3 1 1 1 10 2 7 31 16 14 35 15 5 10 1
5 2 3 1 1 5 4 8 5 7 31 17 6 9 7 3 5 0
1 1 4 6 2 1 4 1 2 7 31 16 14 9 5 5 10 0
1 3 5 1 1 4 2 8 2 7 30 16 14 6 12 3 12 1
3 3 2 2 1 4 2 9 2 7 30 16 14 6 12 3 12 1
1 1 4 6 1 1 4 6 2 7 31 16 14 9 5 5 10 1
3 3 3 4 1 1 1 9 2 7 31 16 14 35 15 5 10 0
5 3 6 5 1 2 1 8 2 7 31 16 19 6 10 5 10 1
4 3 5 1 1 1 4 9 7 7 31 9 16 37 4 3 12 1
2 2 6 3 1 5 3 8 5 7 31 17 6 9 5 3 12 0
2 2 5 5 1 2 4 10 5 7 24 17 6 9 4 3 9 1
1 1 6 3 2 5 3 8 5 7 23 14 22 11 7 3 1 1
1 1 5 5 1 1 3 9 5 7 23 14 22 11 7 3 16 1
1 3 6 2 1 4 4 13 5 3 8 4 21 21 7 5 10 1
3 2 5 1 1 1 4 8 5 7 31 17 6 9 5 3 12 1
3 2 4 1 1 1 3 8 5 7 31 17 6 9 5 3 16 0
3 4 4 1 1 4 2 7 2 7 30 16 14 6 12 3 12 1
2 2 4 4 1 5 4 12 5 3 13 4 21 40 4 5 10 1
2 1 3 1 1 3 2 8 2 7 30 16 14 6 12 3 12 1
1 2 5 3 1 3 1 1 6 3 28 5 3 31 8 5 10 0
2 3 4 3 1 2 3 10 5 7 23 14 22 11 7 3 9 1
2 1 6 5 2 5 4 8 7 2 39 9 16 37 1 3 12 0
4 1 5 1 1 1 4 8 5 7 32 2 14 9 5 3 5 0
4 3 3 6 1 2 3 9 5 7 32 17 6 9 5 3 12 0
2 2 4 5 1 4 1 7 2 7 31 16 14 35 15 3 5 1
5 3 6 3 1 1 4 8 2 7 31 16 19 6 11 3 5 0
2 3 6 4 1 4 4 8 5 7 34 17 6 9 7 3 5 0
1 1 2 6 2 2 4 8 5 7 34 17 6 9 7 3 1 1
1 1 3 3 2 1 4 8 2 7 24 16 14 35 11 3 9 1
2 2 4 4 1 3 3 2 5 7 31 17 6 9 5 5 10 1
1 2 3 6 2 4 2 14 5 7 17 18 20 22 7 5 10 1
4 3 5 1 1 4 1 11 5 7 30 18 20 10 5 3 12 1
3 3 2 3 1 5 3 8 5 7 31 17 6 9 5 3 5 1
3 4 2 6 1 5 2 9 2 7 30 16 14 6 12 3 12 1
2 3 5 3 1 1 3 9 5 7 23 14 22 11 7 3 5 1
3 3 3 2 1 3 3 8 2 7 31 16 14 35 10 3 9 0
1 1 4 6 1 4 4 8 2 7 31 16 14 9 5 5 10 0
4 1 3 5 1 1 1 9 2 7 31 16 19 6 10 3 5 1
2 2 5 5 2 4 2 2 2 7 30 16 14 6 12 3 12 1
3 3 5 1 1 1 2 8 2 7 30 16 14 6 12 3 12 1
4 2 6 6 1 3 1 8 2 7 31 16 19 6 10 3 5 1
1 2 4 5 2 4 4 12 5 3 14 4 21 40 4 5 10 1
3 4 5 1 1 4 2 9 2 7 30 16 14 6 12 3 12 1
3 4 5 3 1 5 2 9 2 7 30 16 14 6 12 3 12 0
3 4 3 2 1 4 2 8 2 7 30 16 14 6 12 3 12 1
2 2 5 3 2 2 3 8 2 7 31 16 14 35 10 3 9 1
3 1 6 5 1 2 2 8 2 7 30 16 14 6 12 5 10 1
3 4 3 5 2 3 3 8 5 7 31 17 6 9 5 3 12 0
3 2 2 4 1 5 3 8 5 7 31 17 6 9 5 5 10 1
3 3 5 4 2 3 3 9 2 7 31 16 14 35 10 5 10 1
3 4 3 1 2 3 2 9 2 7 30 16 14 6 12 3 12 1
4 2 6 2 2 2 3 8 2 7 31 16 14 35 10 3 5 1
3 4 5 2 1 2 1 9 2 7 31 16 14 35 15 3 5 1
4 1 5 6 1 3 3 9 5 7 33 17 6 9 5 5 10 0
4 2 4 6 1 3 2 8 2 7 30 16 14 6 12 3 12 0
2 1 5 5 2 4 3 11 5 7 31 17 6 9 5 3 1 1
4 1 6 2 1 2 2 8 2 7 30 16 14 6 12 3 12 1
4 1 5 1 1 1 3 8 5 7 32 17 6 9 5 3 12 0
4 2 5 1 1 1 2 9 2 7 30 16 14 6 12 3 12 1
2 4 5 3 1 4 4 9 5 7 31 17 6 9 5 3 12 1
2 4 3 4 1 3 1 9 2 7 31 16 14 35 15 3 12 1
1 1 5 3 1 5 3 10 5 7 23 14 22 11 7 3 16 1
4 3 6 3 1 4 1 8 2 7 31 16 19 6 10 3 13 0
3 1 4 4 2 4 4 8 5 7 31 17 6 9 5 3 5 0
4 2 6 5 1 5 3 8 2 7 34 16 14 35 12 3 5 0
4 1 5 2 1 5 4 10 5 7 31 17 6 9 5 3 12 0
4 4 4 5 1 5 1 8 5 7 30 18 20 10 5 3 12 1
5 2 3 6 1 4 2 8 2 7 30 16 14 6 12 3 12 1
2 1 5 5 1 4 1 8 2 7 31 16 14 35 15 5 10 1
2 4 3 6 1 4 1 9 2 7 31 16 14 35 15 5 10 1
4 3 4 1 1 5 2 8 2 7 30 16 14 6 12 3 12 0
3 1 4 2 1 5 4 9 7 7 31 9 16 37 4 5 10 0
1 2 2 6 2 2 1 13 2 7 31 16 14 35 15 5 10 1
1 2 5 2 1 4 4 13 5 7 33 17 6 9 4 3 1 0
1 1 3 2 1 5 3 2 1 7 37 15 18 47 7 5 10 1
2 2 5 6 1 5 3 12 1 7 37 15 18 47 7 5 10 1
3 2 1 5 1 2 3 8 2 7 31 16 14 35 10 3 5 1
2 3 4 3 1 5 4 2 5 7 34 17 6 9 7 3 1 1
4 4 5 1 2 4 3 10 2 7 31 16 19 6 12 3 12 1
5 1 4 1 1 4 4 8 5 7 31 17 6 9 5 3 12 0
4 3 4 2 1 5 4 11 5 7 32 10 5 48 4 3 12 1
1 1 5 3 2 5 1 4 6 3 28 5 3 31 8 3 1 1
3 2 3 4 2 4 3 8 2 7 34 16 14 35 12 5 10 1
3 3 4 2 1 4 4 8 7 7 31 9 16 37 4 3 12 0
2 2 6 2 2 4 3 10 2 7 31 16 14 35 10 3 9 1
4 1 5 1 1 4 2 10 2 7 30 16 14 6 12 3 12 1
5 1 5 6 1 5 4 10 2 7 31 16 19 6 11 3 5 0
4 3 3 3 1 1 3 8 5 7 31 17 6 9 5 3 5 1
5 4 5 4 1 4 1 8 2 7 31 16 19 6 10 3 13 0
5 1 5 5 1 5 1 8 2 7 31 16 14 29 10 3 5 0
1 2 4 1 2 3 4 2 5 7 33 17 6 9 4 5 10 1
1 1 4 2 2 5 4 8 5 7 33 17 6 9 4 3 1 0
4 4 6 1 1 4 4 8 5 7 32 18 20 10 4 3 12 1
5 3 5 4 2 2 1 8 2 7 31 16 19 6 15 5 10 0
4 3 6 2 1 1 1 9 2 7 31 16 19 6 10 3 5 1
1 4 4 6 1 1 3 2 5 7 31 17 6 9 5 5 10 1
2 2 5 5 1 5 4 3 5 7 1 17 6 9 5 3 5 1
4 3 3 5 1 3 1 8 2 7 31 16 14 35 15 5 10 1
5 1 4 4 1 3 4 11 2 7 31 16 19 6 11 5 10 1
5 4 2 5 2 4 1 8 2 7 32 16 19 6 15 3 5 0
5 1 3 2 1 2 4 8 5 7 32 10 5 48 4 3 12 0
3 4 3 3 2 2 3 11 5 7 31 17 6 9 5 3 16 0
3 2 3 2 2 5 2 8 2 7 30 16 14 6 12 3 12 0
1 2 3 3 2 3 4 2 5 7 33 17 6 9 4 3 1 1
4 3 6 5 1 1 1 8 2 7 31 16 19 6 15 3 5 0
2 1 5 5 2 5 3 11 2 3 13 2 10 4 13 3 9 1
3 1 6 5 1 4 4 8 2 7 24 16 14 35 11 5 10 1
3 3 5 1 1 4 2 9 2 7 30 16 14 6 12 3 12 1
3 2 4 2 1 4 4 9 5 7 31 17 6 9 5 5 10 0
3 3 4 1 1 1 2 8 2 7 30 16 14 6 12 3 12 0
3 3 2 1 1 3 2 8 2 7 30 16 14 6 12 3 12 1
2 2 4 5 1 5 3 9 1 7 37 15 18 47 7 3 12 0
1 3 2 4 1 4 4 7 5 5 37 14 22 15 4 5 10 0
1 2 3 5 1 5 1 13 6 7 6 12 17 19 17 5 10 0
1 2 2 6 2 5 4 2 5 7 33 17 6 9 4 5 10 1
3 2 2 3 2 5 4 8 2 7 24 16 14 35 11 3 5 1
4 2 2 1 1 1 2 8 2 7 30 16 14 6 12 3 12 0
2 3 3 4 2 2 4 8 5 7 34 17 6 9 7 3 1 1
5 1 3 6 1 5 1 11 2 7 32 16 19 6 10 3 5 1
1 3 4 6 2 3 3 3 2 7 31 16 14 35 10 5 10 1
4 3 4 3 1 1 4 9 5 7 31 17 6 9 7 3 5 1
1 2 6 3 1 4 4 8 5 3 8 4 21 21 7 5 10 1
1 1 5 3 1 5 4 12 2 7 24 16 14 35 11 5 10 1
2 2 6 1 2 5 4 8 5 7 33 17 6 9 4 3 1 0
1 4 2 6 1 5 4 9 5 7 34 17 6 9 7 3 1 1
4 3 6 3 2 3 1 8 2 7 31 16 19 6 10 3 5 0
3 2 6 2 1 5 1 9 2 7 31 16 14 35 15 5 10 1
1 3 5 6 1 3 2 11 2 7 30 16 14 6 12 3 12 1
2 1 3 5 2 1 1 7 2 7 31 16 14 35 15 3 5 1
3 3 3 2 1 1 2 8 2 7 30 16 14 6 12 3 12 1
4 3 3 3 2 1 4 8 5 7 34 17 6 9 7 3 12 0
1 3 5 5 2 1 3 3 5 7 23 14 22 11 7 5 10 0
3 2 3 4 2 2 1 2 2 7 31 16 14 35 15 3 5 1
4 4 3 3 2 3 1 10 2 7 31 16 14 35 15 3 16 0
1 1 4 2 1 1 3 12 5 7 37 14 22 41 7 5 10 0
1 1 5 5 1 5 4 2 5 3 9 4 21 40 4 5 10 0
5 3 3 4 1 3 1 8 2 7 31 16 19 6 15 3 9 0
3 4 3 1 1 4 4 8 7 7 31 9 16 37 4 3 12 0
1 4 4 3 1 3 3 8 5 7 31 17 6 9 5 3 16 1
5 4 3 1 1 1 1 11 5 7 30 18 20 10 5 3 12 1
2 3 3 1 1 3 2 11 2 7 30 16 14 6 12 3 12 1
2 1 1 4 2 5 3 8 2 7 31 16 14 35 10 3 9 1
3 1 5 3 1 4 4 9 5 7 1 17 6 9 5 3 5 1
2 1 3 5 1 2 3 9 2 7 1 16 14 35 16 5 10 0
3 2 4 1 1 3 2 11 2 7 30 16 14 6 12 3 12 1
1 1 2 1 2 5 4 12 5 3 18 4 21 21 7 5 10 0
2 4 4 1 1 3 1 9 5 7 30 18 20 10 5 3 12 1
5 3 5 5 2 2 1 11 2 7 30 16 19 6 10 3 5 0
4 4 2 5 1 4 1 9 2 7 31 16 19 6 10 3 5 0
3 2 2 5 1 4 4 8 5 7 31 17 6 9 5 3 12 0
1 2 2 6 2 4 4 8 7 7 31 9 16 37 4 3 12 1
3 1 4 4 1 5 3 8 5 7 31 17 6 9 5 3 12 0
5 3 4 4 1 2 1 8 2 7 31 16 14 35 15 5 10 0
1 4 6 4 1 2 4 8 2 7 24 16 14 35 11 3 9 1
5 1 5 3 2 1 4 8 2 7 31 16 19 6 11 3 5 1
2 1 2 5 2 2 3 8 5 7 31 17 6 9 5 3 9 0
4 2 5 2 1 4 1 9 2 7 31 16 14 35 15 3 5 1
2 2 4 5 2 3 3 8 2 7 31 16 14 35 10 3 9 1
1 4 4 6 2 4 3 7 2 7 31 16 14 35 10 3 9 1
1 3 2 4 1 1 1 9 2 7 31 16 14 35 15 5 10 1
1 1 5 6 1 5 4 8 2 7 24 16 14 35 11 5 10 1
2 3 5 5 1 1 3 8 5 7 31 17 6 9 5 3 16 0
3 4 5 1 1 3 1 11 5 7 30 18 20 10 5 3 12 1
2 2 4 1 1 3 2 11 2 7 30 16 14 6 12 3 12 1
3 4 2 6 2 1 1 9 2 7 31 16 14 35 15 3 5 1
1 4 5 6 2 3 3 9 2 7 31 16 14 35 10 3 16 1
4 3 6 6 1 4 2 8 2 7 30 16 14 6 12 3 12 0
4 4 4 2 1 1 4 9 5 7 31 17 6 9 7 3 5 1
3 4 5 1 2 4 1 8 5 7 30 18 20 10 5 3 12 0
1 3 6 3 1 5 3 8 6 2 28 12 17 38 6 5 10 1
2 1 6 5 2 3 4 10 2 7 24 16 14 35 11 3 5 0
3 4 4 1 1 3 1 7 5 7 30 18 20 10 5 3 12 0
1 2 5 4 1 4 3 12 1 7 37 15 18 47 7 5 10 1
3 4 6 5 1 3 4 8 5 7 31 17 6 9 5 3 12 0
4 2 3 3 1 3 1 8 2 7 31 16 19 6 15 5 10 1
3 3 5 3 1 3 4 9 2 7 31 16 19 6 11 3 5 0
4 4 4 3 1 4 1 9 5 7 30 18 20 10 5 3 12 1
1 1 6 6 1 5 1 6 3 1 5 13 29 46 16 5 10 0
2 1 5 1 2 5 4 11 5 7 33 17 6 9 4 3 1 0
4 1 3 2 1 5 4 9 5 7 32 10 5 48 4 3 12 1
1 2 4 2 3 1 3 10 5 7 23 14 22 11 7 3 5 1
3 2 5 6 1 3 1 9 2 7 31 16 14 35 15 3 5 1
5 2 6 6 1 1 4 8 5 7 32 4 14 9 5 3 5 0
4 3 5 1 1 3 2 8 2 7 30 16 14 6 12 3 12 1
4 3 4 1 1 2 2 11 2 7 30 16 14 6 12 3 12 0
2 4 3 3 2 1 4 8 5 7 34 17 6 9 7 3 16 0
5 3 4 4 1 2 2 8 2 7 30 16 14 6 12 3 12 1
3 2 5 2 1 2 2 8 2 7 30 16 14 6 12 3 12 1
2 1 3 1 2 3 4 9 5 7 31 17 6 9 5 3 12 1
3 3 5 4 3 4 3 8 2 7 31 16 14 35 10 3 16 1
5 2 5 4 1 5 4 8 5 7 32 18 20 10 4 3 12 0
3 2 5 1 1 3 2 10 2 7 30 16 14 6 12 3 12 1
4 1 6 2 1 2 1 9 2 7 31 16 19 6 10 5 10 1
4 2 2 2 1 1 4 8 7 7 31 9 16 37 4 3 5 0
1 4 6 6 1 5 3 2 5 6 27 4 8 20 7 5 10 1
3 4 2 2 2 1 2 9 2 7 30 16 14 6 12 3 12 0
4 1 6 1 2 2 4 8 7 7 31 9 16 37 4 3 12 0
3 2 2 1 1 1 4 8 7 7 31 9 16 37 4 3 12 0
3 4 3 2 1 3 2 8 2 7 30 16 14 6 12 3 12 0
4 1 5 2 1 5 4 9 5 7 31 17 6 9 7 3 5 0
3 3 6 5 2 5 1 8 2 7 31 16 14 35 15 3 9 1
1 2 5 4 1 2 3 8 5 7 31 17 6 9 5 3 12 1
2 3 6 1 1 1 2 8 2 7 30 16 14 6 12 3 12 0
1 3 2 3 1 3 3 9 5 7 31 17 6 9 5 3 9 1
1 2 5 3 1 3 3 8 5 7 31 17 6 9 5 3 1 1
3 2 5 1 2 5 4 8 7 7 31 9 16 37 4 3 9 0
2 3 3 4 2 5 3 10 2 7 34 16 14 35 12 3 9 1
3 3 4 5 1 3 1 9 2 7 31 16 14 35 15 3 12 0
1 1 5 4 1 5 3 8 5 7 31 17 6 9 5 3 1 1
2 3 6 3 2 1 3 9 2 7 31 16 14 35 10 3 5 1
1 2 5 4 1 5 4 9 2 7 24 16 14 35 11 3 5 1
1 1 5 6 2 4 4 12 5 7 1 17 6 9 5 5 10 0
4 1 5 2 1 3 4 8 5 7 32 10 5 48 4 3 12 1
1 3 3 3 2 4 1 9 2 7 31 16 14 35 15 5 10 1
1 1 6 6 1 5 3 8 5 7 37 14 22 41 7 3 12 0
4 2 2 6 1 1 1 9 2 7 31 16 14 35 15 3 5 1
1 1 2 6 1 5 3 8 2 7 1 16 14 35 16 5 10 1
5 3 3 6 1 2 1 8 2 7 31 16 19 6 10 3 13 1
2 1 4 2 1 5 3 8 5 7 31 17 6 9 5 3 1 0
3 1 3 5 1 4 3 2 5 7 31 17 6 9 5 5 10 1
2 4 4 3 1 5 2 7 2 7 30 16 14 6 12 3 12 1
2 3 2 2 1 2 3 9 5 7 31 17 6 9 5 3 1 1
5 3 5 2 2 1 1 8 2 7 31 16 14 29 10 5 10 1
4 1 4 1 1 3 2 9 2 7 30 16 14 6 12 3 12 1
1 1 2 3 2 2 4 10 5 7 34 17 6 9 7 3 1 1
4 4 4 6 1 3 1 9 2 7 31 16 14 35 15 3 5 0
4 4 4 6 1 3 3 8 5 7 32 17 6 9 5 3 12 0
1 1 1 1 1 3 2 7 2 7 30 16 14 6 12 3 12 1
3 4 3 4 1 3 3 8 5 7 31 17 6 9 5 3 5 0
1 2 4 2 1 5 3 8 5 7 31 17 6 9 5 3 9 1
1 1 6 4 1 1 4 9 2 7 24 16 14 35 11 3 9 1
4 2 5 1 2 1 2 9 2 7 30 16 14 6 12 3 12 1
1 1 3 1 2 4 4 14 5 3 18 4 21 21 7 5 10 0
4 3 6 6 2 1 1 8 2 7 31 16 14 35 15 3 5 1
3 2 2 4 2 2 3 8 2 7 31 16 14 35 10 3 9 0
2 2 4 2 1 5 3 8 5 7 23 14 22 11 7 3 1 1
1 3 2 2 1 5 4 8 5 2 36 17 6 9 16 3 8 1
2 4 3 1 1 3 2 9 2 7 30 16 14 6 12 3 12 0
2 1 4 4 1 4 4 13 5 3 13 4 21 40 4 5 10 1
1 1 3 3 1 3 4 3 5 3 8 4 21 21 7 5 10 0
1 1 3 6 2 2 4 14 5 3 17 4 21 21 7 5 10 0
4 1 2 6 1 1 1 9 2 7 31 16 14 35 15 3 5 1
1 1 5 4 1 5 3 12 2 7 36 16 14 35 12 5 10 0
2 3 2 4 1 5 1 8 2 7 31 16 14 35 15 5 10 0
2 1 5 1 1 2 4 8 5 7 31 17 6 9 5 3 12 0
2 2 5 4 1 5 3 9 5 7 31 17 6 9 5 3 12 1
3 2 3 2 1 4 3 11 5 7 31 17 6 9 5 3 1 0
3 2 5 4 1 4 1 7 2 7 31 16 19 6 15 5 10 1
1 2 3 3 1 1 4 9 5 7 34 17 6 9 7 3 8 1
2 4 4 3 1 4 2 7 2 7 30 16 14 6 12 3 12 0
1 2 5 3 1 2 4 7 5 7 33 17 6 9 4 3 5 1
4 1 3 6 1 5 4 8 5 7 32 18 20 10 4 3 12 0
2 3 2 4 2 3 3 10 2 7 31 16 14 35 10 3 9 1
1 2 5 5 1 1 3 8 1 7 37 15 18 47 7 5 10 1
5 2 4 4 2 1 1 8 2 4 30 7 15 27 15 3 5 0
5 1 5 5 2 5 4 10 2 7 31 16 19 6 10 3 5 0
2 3 4 5 1 2 3 2 1 7 37 15 18 47 7 3 12 1
2 2 6 6 3 4 1 9 6 7 28 12 17 38 3 5 10 1
2 2 4 4 1 5 1 9 5 7 30 18 20 10 5 3 12 0
3 3 5 2 1 1 2 8 2 7 30 16 14 6 12 3 12 1
2 1 3 3 1 5 2 7 2 7 30 16 14 6 12 3 12 1
2 1 4 4 1 4 4 9 5 7 33 17 6 9 4 5 10 1
4 2 4 6 1 4 2 11 2 7 30 16 14 6 12 3 12 0
5 2 5 2 2 2 1 8 2 7 31 16 19 6 15 5 10 1
1 2 5 3 1 5 3 2 5 7 31 17 6 9 5 3 9 1
2 1 6 4 2 3 4 11 2 7 24 16 14 35 11 3 5 1
2 1 6 2 2 2 3 8 5 7 31 17 6 9 5 3 12 0
2 2 6 1 1 2 2 9 2 7 30 16 14 6 12 3 12 1
4 4 2 6 2 4 4 8 5 7 32 18 20 10 4 3 12 0
3 3 5 3 1 1 3 10 2 7 31 16 14 35 10 3 5 1
2 2 5 2 1 1 3 9 5 7 23 14 22 11 7 3 5 1
5 2 4 5 1 4 4 9 5 7 31 17 6 9 7 5 10 0
4 1 5 4 1 4 1 9 2 7 31 16 19 6 10 5 10 1
3 3 5 4 1 5 4 8 5 7 32 18 20 10 4 3 12 0
2 2 4 1 1 3 2 9 2 7 30 16 14 6 12 3 12 1
3 2 4 2 1 3 2 8 2 7 30 16 14 6 12 3 12 1
4 4 4 5 1 3 1 7 2 7 31 16 14 35 15 5 10 1
2 1 5 4 2 4 4 12 5 7 1 17 6 9 5 5 10 1
5 4 2 1 1 2 2 8 2 7 30 16 14 6 12 3 12 1
2 3 4 4 1 3 1 9 2 7 31 16 14 35 15 3 9 1
4 1 5 2 1 2 1 9 2 7 31 16 19 6 10 3 5 1
1 1 5 4 1 3 1 4 6 3 28 5 3 31 8 3 9 1
3 2 3 5 1 3 1 9 2 7 31 16 14 35 15 3 12 1
1 4 5 3 2 5 1 4 6 7 28 12 17 38 3 5 10 0
2 4 5 6 1 3 3 8 1 7 37 15 18 47 7 3 12 1
1 1 3 2 1 4 3 8 5 7 31 17 6 9 5 3 16 1
5 3 4 3 2 1 1 8 2 7 31 16 14 35 15 5 10 0
3 3 4 1 1 2 1 10 5 7 30 18 20 10 5 3 12 0
1 1 6 1 2 2 3 9 5 7 31 17 6 9 5 3 1 1
1 3 4 2 1 3 3 9 5 7 31 17 6 9 5 3 16 1
4 3 5 5 1 5 3 11 5 7 32 17 6 9 5 3 12 0
2 1 3 4 1 3 3 8 5 7 31 17 6 9 5 3 1 1
3 4 5 5 1 4 2 7 2 7 30 16 14 6 12 3 12 1
2 1 2 3 1 4 3 2 5 7 31 17 6 9 5 3 9 1
1 2 3 6 1 2 3 9 5 7 23 14 22 11 7 3 16 1
1 4 3 6 2 5 2 8 2 7 30 16 14 6 12 3 12 1
3 2 2 1 1 5 2 8 2 7 30 16 14 6 12 3 12 1
4 4 3 1 1 1 2 8 2 7 30 16 14 6 12 3 12 0
2 3 5 5 2 5 1 9 2 7 31 16 14 35 15 3 5 1
1 3 6 3 1 4 3 8 5 7 23 14 22 11 7 3 9 1
3 2 2 2 1 4 3 8 5 7 31 17 6 9 5 3 5 1
1 2 3 3 1 1 3 9 5 7 23 14 22 11 7 5 10 1
4 4 4 6 1 2 1 8 2 7 31 16 14 35 15 3 16 0
2 3 6 2 1 2 2 8 2 7 30 16 14 6 12 3 12 1
4 2 5 4 1 4 4 9 2 7 24 16 14 35 11 5 10 1
4 4 4 4 1 3 1 8 2 7 31 16 19 6 10 5 10 1
3 1 1 4 2 2 4 9 7 7 31 9 16 37 4 3 12 1
1 1 3 2 2 5 3 9 1 7 37 15 18 47 7 5 10 1
2 3 5 3 1 2 1 9 2 7 31 16 14 35 15 3 9 1
4 3 4 3 1 5 1 9 2 7 31 16 14 35 15 3 5 0
2 3 4 2 1 3 1 8 5 7 30 18 20 10 5 3 12 1
4 4 1 3 1 2 2 8 2 7 30 16 14 6 12 3 12 1
4 3 4 1 2 1 2 9 2 7 30 16 14 6 12 3 12 1
3 2 5 2 1 2 2 8 2 7 30 16 14 6 12 3 12 1
2 1 5 1 2 5 4 8 5 7 33 17 6 9 4 3 1 1
4 2 5 5 1 3 3 8 5 7 33 17 6 9 5 5 10 0
1 3 2 1 2 2 3 9 5 7 31 17 6 9 5 3 1 1
4 4 4 2 1 5 1 7 2 7 31 16 19 6 10 3 13 0
4 4 4 1 1 2 2 8 2 7 30 16 14 6 12 3 12 1
1 2 4 1 1 4 4 2 5 3 8 4 21 21 7 5 10 1
2 2 2 3 1 4 3 9 5 7 31 17 6 9 5 3 5 1
2 3 5 5 2 4 3 9 2 7 31 16 14 35 10 3 16 1
1 1 4 1 2 5 3 8 5 7 31 17 6 9 5 3 16 1
1 1 2 5 1 2 1 8 6 3 28 5 3 31 8 3 16 1
5 3 6 1 1 2 2 8 2 7 30 16 14 6 12 3 12 1
1 2 5 5 2 5 4 8 5 7 34 17 6 9 7 3 1 1
1 1 5 4 1 4 3 12 1 7 37 15 18 47 7 5 10 1
3 1 4 2 1 5 2 9 2 7 30 16 14 6 12 3 12 1
5 3 4 4 1 3 4 8 2 7 31 16 19 6 11 3 13 0
4 4 3 3 1 4 1 9 2 7 31 16 19 6 10 5 10 1
1 2 4 5 1 3 3 8 5 7 23 14 22 11 7 3 1 1
1 2 6 4 1 4 4 8 5 7 33 17 6 9 4 3 9 1
2 2 5 3 2 5 3 8 5 7 23 14 22 11 7 3 16 1
1 2 5 5 2 5 4 14 2 7 3 16 14 9 5 5 10 1
3 4 4 6 1 4 1 8 2 7 31 16 14 35 15 3 5 0
3 2 3 6 2 1 4 8 2 7 24 16 14 35 11 5 10 1
3 3 3 2 1 1 3 9 5 7 31 17 6 9 5 3 9 0
2 2 3 2 2 4 4 8 5 7 34 17 6 9 4 3 16 1
1 3 5 4 1 2 3 8 5 7 23 14 22 11 7 3 1 1
5 2 4 3 1 4 1 9 2 7 31 16 19 6 10 3 5 0
1 1 5 2 1 2 3 8 5 7 31 17 6 9 5 5 10 1
3 3 4 5 2 5 3 11 2 7 31 16 14 35 10 3 9 1
2 4 5 6 1 3 2 8 2 7 30 16 14 6 12 3 12 1
1 2 6 3 1 2 4 3 5 3 17 4 21 21 7 5 10 1
3 2 5 4 2 5 4 10 5 7 33 17 6 9 7 3 9 0
2 2 5 5 1 4 4 9 7 7 31 9 16 37 4 3 12 0
1 2 3 2 2 1 1 9 6 3 28 5 3 31 8 5 10 1
5 3 5 3 1 3 1 9 2 7 31 16 19 6 10 3 13 1
4 2 6 2 1 5 4 8 5 7 32 18 20 10 4 3 12 0
1 3 4 1 1 1 3 8 5 7 31 17 6 9 5 3 16 1
3 4 5 4 1 5 1 9 2 7 31 16 19 6 10 3 5 1
5 1 4 5 1 5 4 10 5 7 32 18 20 10 4 3 12 0
3 3 2 2 1 5 2 8 2 7 30 16 14 6 12 3 12 1
1 1 2 5 1 4 3 9 2 3 13 2 10 4 13 5 10 1
3 4 5 4 3 3 3 9 2 7 31 16 14 35 10 5 10 1
2 1 5 4 2 2 4 8 5 7 34 17 6 9 7 3 8 1
2 2 5 1 1 3 1 11 5 7 30 18 20 10 5 3 12 1
2 2 5 2 1 1 3 8 5 7 31 17 6 9 5 3 5 0
2 3 6 1 2 3 4 9 5 7 34 17 6 9 4 3 16 1
1 1 3 4 2 2 4 13 5 3 18 4 14 9 5 3 1 0
1 3 2 6 1 3 3 3 5 7 31 17 6 9 5 5 10 1
2 3 5 6 2 2 4 8 5 7 33 17 6 9 7 3 8 1
1 2 3 1 1 4 3 9 5 7 23 14 22 11 7 3 16 1
1 1 4 3 2 5 3 2 5 7 35 17 6 9 7 5 10 1
2 2 4 6 1 2 3 8 5 7 31 17 6 9 5 3 12 0
2 3 6 2 2 3 3 8 5 7 31 17 6 9 5 3 1 1
2 3 5 3 1 3 2 8 2 7 30 16 14 6 12 3 12 0
1 1 4 1 2 5 4 8 5 7 33 17 6 9 4 3 1 1
2 1 5 5 2 5 4 8 5 7 33 17 6 9 7 3 1 1
2 3 5 6 1 4 4 8 7 7 31 9 16 37 4 3 12 1
5 1 4 5 1 5 1 9 2 7 31 16 14 35 15 5 10 0
3 3 5 2 2 5 2 8 5 7 31 17 11 17 9 3 12 1
4 4 3 6 1 1 1 8 2 7 31 16 14 35 15 3 5 0
1 2 6 2 2 5 4 8 5 7 34 17 6 9 4 3 16 1
4 1 6 1 1 4 4 8 7 7 31 9 16 37 4 3 12 1
3 2 6 1 1 2 2 10 2 7 30 16 14 6 12 3 12 0
3 1 4 1 2 3 1 8 5 7 30 18 20 10 5 3 12 0
1 1 5 1 1 1 4 9 5 3 17 4 27 1 7 3 16 1
2 2 5 2 1 4 3 8 5 7 31 17 6 9 5 3 12 0
5 2 4 6 2 4 1 8 2 7 31 16 19 6 10 3 5 0
1 2 4 4 1 3 4 10 5 7 24 17 6 9 4 3 9 1
1 4 2 4 1 3 4 9 5 3 18 4 21 21 7 5 10 1
5 2 5 5 2 4 1 8 2 7 31 16 19 6 15 3 5 0
3 2 5 4 3 5 3 8 2 7 31 16 14 35 10 3 16 0
4 3 3 4 2 5 1 9 2 7 31 16 19 6 10 5 10 1
1 2 4 3 1 4 4 7 2 7 24 16 14 35 11 5 10 1
2 4 5 5 1 1 3 8 5 7 23 14 22 11 7 3 16 1
3 1 4 2 1 2 1 9 2 7 31 16 14 35 15 5 10 0
2 3 5 6 2 5 3 12 1 7 37 15 18 47 7 3 12 0
2 1 2 2 2 3 3 8 5 7 23 14 22 11 7 3 5 1
5 4 4 3 1 5 1 8 2 7 31 16 19 6 10 5 10 1
5 3 5 2 1 4 4 8 5 7 31 17 6 9 7 3 5 0
3 3 2 6 2 3 1 9 2 7 31 16 14 35 15 3 16 1
4 1 5 1 1 1 4 8 5 7 31 17 6 9 5 3 12 0
3 1 4 1 2 1 2 10 2 7 30 16 14 6 12 3 12 1
3 4 3 2 2 3 1 8 2 7 31 16 14 35 15 3 16 1
2 3 4 3 1 5 1 7 2 7 31 16 14 35 15 5 10 1
3 1 5 3 2 4 4 8 2 7 24 16 14 35 11 3 9 0
2 2 4 5 1 1 3 8 5 7 23 14 22 11 7 3 5 1
3 2 6 4 1 3 3 8 5 7 31 17 6 9 5 3 5 1
2 1 4 1 2 4 3 8 5 7 31 17 6 9 5 3 16 1
1 3 5 4 1 1 1 8 6 3 28 5 3 31 8 3 16 1
2 1 2 4 1 3 3 8 5 7 31 17 6 9 5 3 9 1
1 3 5 3 1 5 4 9 5 7 31 17 6 9 7 5 10 1
5 3 5 6 1 2 1 8 2 4 32 7 15 27 15 3 5 0
4 2 3 2 1 3 3 8 5 7 31 17 6 9 5 3 5 0
1 1 2 2 1 5 4 12 5 5 37 14 22 15 4 5 10 0
3 3 4 1 1 2 2 11 2 7 30 16 14 6 12 3 12 1
4 3 6 2 1 1 4 8 5 7 32 18 20 10 4 3 12 0
5 4 4 3 1 1 1 8 2 7 31 16 19 6 10 5 10 1
3 1 4 2 1 5 3 11 5 7 23 14 22 11 7 3 1 0
4 3 2 1 1 5 2 8 2 7 30 16 14 6 12 3 12 0
4 3 5 5 1 1 1 8 2 7 31 16 19 6 10 3 5 0
3 4 5 3 1 4 4 9 7 7 31 9 16 37 4 3 12 1
4 4 3 5 1 1 1 9 2 7 31 16 14 35 15 3 5 0
2 2 4 2 1 5 4 8 5 7 33 17 6 9 4 3 1 1
4 3 3 2 1 3 1 8 2 7 31 16 19 6 15 3 5 0
1 2 5 3 2 2 1 8 6 3 28 5 3 31 8 3 16 1
1 2 5 6 1 1 3 9 5 7 23 14 22 11 7 3 16 1
3 1 6 2 2 2 4 8 5 7 32 18 20 10 4 3 5 0
1 3 5 5 1 4 4 12 5 5 35 17 6 13 4 5 10 1
1 3 5 2 3 1 3 2 5 7 23 14 22 11 7 3 5 1
3 4 4 2 1 3 1 2 2 7 31 16 14 35 15 3 1 1
4 1 5 6 1 5 4 2 5 3 19 4 27 1 7 5 10 0
1 2 3 3 2 2 4 10 5 7 34 17 6 9 7 3 16 1
2 4 3 1 1 5 1 9 5 7 30 18 20 10 5 3 12 1
2 2 1 1 2 5 4 9 5 7 33 17 6 9 4 3 1 0
2 1 6 3 1 5 3 9 5 7 35 17 6 9 7 5 10 0
1 3 5 6 2 5 2 13 5 7 17 18 20 22 7 5 10 0
2 1 3 1 2 4 3 8 5 7 31 17 6 9 5 3 16 0
5 4 5 6 1 1 1 8 2 4 32 7 15 27 15 3 12 0
5 2 4 4 2 4 1 8 2 7 31 16 19 6 10 3 13 0
1 2 5 6 1 1 4 8 5 7 34 17 6 9 7 3 1 1
4 2 4 6 2 4 1 8 2 7 31 16 14 35 15 3 5 1
2 2 6 1 2 3 4 8 5 7 34 17 6 9 4 3 16 1
2 2 6 5 2 5 4 8 5 7 34 17 6 9 7 3 1 1
1 2 5 4 2 4 1 3 6 7 28 12 17 38 3 3 1 1
3 4 3 1 1 3 3 8 5 7 31 17 6 9 5 3 12 0
2 2 5 1 1 4 2 9 2 7 30 16 14 6 12 3 12 1
5 3 2 4 1 2 1 8 2 7 31 16 14 29 10 3 5 0
1 2 1 2 1 3 3 8 5 7 31 17 6 9 5 3 16 1
4 3 5 2 1 1 2 8 2 7 30 16 14 6 12 3 12 1
1 3 4 3 1 1 3 8 5 7 23 14 22 11 7 3 16 0
1 2 5 5 1 3 3 9 2 7 31 16 14 35 10 5 10 1
1 3 5 2 2 1 4 1 2 7 31 16 14 9 5 3 5 0
2 4 3 2 2 1 1 3 3 1 5 13 29 46 16 5 10 1
4 3 5 5 1 2 1 8 5 7 30 18 20 10 5 3 12 0
1 1 2 1 1 5 4 12 5 3 8 4 21 21 7 5 10 0
2 3 5 3 1 3 3 10 5 7 31 17 6 9 5 3 12 0
1 1 2 5 2 5 4 12 5 3 14 4 21 40 4 5 10 0
1 1 4 3 1 4 4 14 5 3 17 4 27 1 7 5 10 0
4 3 3 1 2 4 2 9 2 7 30 16 14 6 12 3 12 0
1 1 2 5 1 5 3 13 5 6 16 4 8 20 7 5 10 0
2 3 5 6 2 5 3 8 5 7 23 14 22 11 7 3 9 1
1 3 5 2 1 4 3 2 5 7 31 17 6 9 5 3 9 1
2 4 4 3 1 3 4 8 7 7 31 9 16 37 4 3 12 1
3 1 5 2 1 5 4 9 5 7 33 17 6 9 4 5 10 1
5 2 3 3 1 1 4 8 2 7 31 16 19 6 11 3 5 0
2 2 5 2 1 5 3 9 5 7 23 14 22 11 7 3 9 1
3 3 6 3 1 4 1 9 2 7 31 16 14 35 15 3 5 1
5 1 5 4 1 5 1 8 2 7 31 16 14 29 10 5 10 0
2 1 3 4 2 5 4 8 5 7 34 17 6 9 7 3 1 0
1 1 2 3 1 1 1 8 6 7 6 12 17 19 17 5 10 0
2 3 4 1 1 3 2 7 2 7 30 16 14 6 12 3 12 1
2 3 3 1 1 4 2 9 2 7 30 16 14 6 12 3 12 1
2 3 3 2 1 2 3 10 5 7 31 17 6 9 5 3 1 1
2 1 5 4 1 5 2 9 2 7 30 16 14 6 12 3 12 1
1 4 5 4 1 4 3 8 2 7 31 16 14 35 10 3 9 1
1 2 3 5 2 2 3 8 5 7 23 14 22 11 7 3 9 1
2 1 3 3 1 1 4 9 2 7 24 16 14 35 11 3 9 1
2 3 5 5 1 4 3 8 2 7 34 16 14 35 12 3 5 1
3 1 5 1 1 2 4 8 5 7 31 17 6 9 5 3 12 0
3 1 6 5 2 5 3 9 5 7 23 14 22 11 7 3 5 1
2 1 5 4 1 4 3 9 2 7 1 16 14 35 16 5 10 1
2 3 2 4 1 2 3 9 5 7 31 17 6 9 5 3 1 1
2 3 5 4 1 2 4 8 5 7 34 17 6 9 7 3 8 1
1 1 4 4 2 3 4 2 5 3 13 4 21 40 4 5 10 1
2 3 3 6 1 4 2 11 2 7 30 16 14 6 12 3 12 1
3 4 3 3 1 4 1 9 5 7 30 18 20 10 5 3 12 1
2 1 6 1 1 2 4 8 5 7 24 17 6 9 4 3 5 0
5 1 4 4 1 1 1 8 2 7 31 16 19 6 10 3 5 1
2 2 4 2 1 5 3 8 5 7 23 14 22 11 7 3 9 1
1 1 6 5 1 5 4 8 5 7 1 17 6 9 5 5 10 1
2 2 5 2 1 3 4 9 2 7 24 16 14 35 11 3 5 1
3 1 4 2 1 3 4 8 5 7 31 17 6 9 5 3 12 0
4 4 5 2 1 2 3 8 2 7 31 16 14 35 10 3 5 0
3 3 2 2 2 5 3 8 2 7 34 16 14 35 12 3 12 1
5 2 2 4 2 4 1 8 2 7 32 16 19 6 10 3 5 0
2 1 5 3 1 5 3 9 5 7 31 17 6 9 5 5 10 1
1 1 3 2 1 5 3 13 5 7 37 14 22 41 7 5 10 0
3 3 5 1 1 2 2 9 2 7 30 16 14 6 12 3 12 1
2 1 6 1 1 4 3 11 5 7 23 14 22 11 7 3 1 1
2 1 5 1 1 2 1 7 5 7 30 18 20 10 5 3 12 0
4 4 3 1 2 2 2 9 2 7 30 16 14 6 12 3 12 0
2 2 5 2 2 4 2 8 2 7 30 16 14 6 12 3 12 1
5 3 6 6 1 1 3 8 5 7 32 18 20 39 9 3 5 0
3 4 4 1 2 1 2 8 2 7 30 16 14 6 12 3 12 1
3 2 4 4 3 4 3 2 2 7 31 16 14 35 10 3 9 1
1 3 3 1 1 4 3 10 5 7 23 14 22 11 7 3 1 1
4 3 5 1 1 3 1 8 5 7 30 18 20 10 5 3 12 1
1 1 5 5 2 5 1 8 6 3 28 5 3 31 8 3 1 1
1 1 5 3 1 5 1 12 5 7 18 17 6 23 3 5 10 0
3 2 5 2 1 2 1 9 2 7 31 16 14 35 15 3 5 1
4 1 1 6 1 5 3 9 5 7 32 17 6 9 5 3 12 0
1 2 4 5 2 2 4 8 5 7 33 17 6 9 4 3 1 1
3 2 5 5 1 4 2 8 2 7 30 16 14 6 12 3 12 1
5 1 6 6 1 4 1 11 2 7 32 7 15 36 15 3 5 0
2 3 6 1 1 2 2 10 2 7 30 16 14 6 12 3 12 1
4 2 3 3 2 1 4 8 5 7 33 17 6 9 7 3 12 0
4 2 5 3 1 2 4 8 2 7 31 16 19 6 11 5 10 1
1 1 4 3 2 5 3 3 5 7 35 17 6 9 7 5 10 1
2 2 5 5 1 3 1 10 2 7 31 16 14 35 15 5 10 0
2 3 5 2 2 2 3 8 5 7 31 17 6 9 5 3 1 1
2 3 5 6 2 4 2 9 2 7 30 16 14 6 12 3 12 0
3 3 5 4 2 2 3 8 2 7 31 16 14 35 10 3 9 0
3 3 2 2 2 5 3 10 2 7 31 16 14 35 10 3 9 1
2 3 4 3 1 3 4 8 7 7 31 9 16 37 4 5 10 1
3 4 4 1 2 4 2 8 2 7 30 16 14 6 12 3 12 1
1 1 3 3 1 5 3 12 2 7 36 16 24 30 10 5 10 0
1 1 5 5 1 1 3 13 5 7 23 14 22 11 7 5 10 1
2 1 5 2 2 3 3 8 5 7 31 17 6 9 5 3 16 1
5 4 5 3 1 3 1 8 2 7 31 16 19 6 10 3 13 0
4 1 5 1 2 1 4 8 7 7 31 9 16 37 4 3 9 0
4 3 2 3 2 5 1 11 2 7 31 16 14 35 15 3 9 1
3 2 2 1 2 2 3 2 1 7 37 15 18 47 7 3 12 1
2 3 3 2 1 5 3 8 5 7 23 14 22 11 7 3 16 1
3 1 4 1 1 4 4 8 7 7 31 9 16 37 4 3 12 0
4 1 4 3 1 5 3 8 5 7 32 17 6 9 5 3 12 0
2 2 6 2 1 4 3 8 5 7 31 17 6 9 5 3 16 0
4 4 4 3 1 5 2 8 2 7 30 16 19 6 12 3 12 1
3 4 4 2 1 3 1 8 5 7 30 18 20 10 5 3 12 1
2 4 4 6 1 5 1 8 5 7 30 18 20 10 5 3 12 0
2 3 5 2 1 2 2 8 2 7 30 16 14 6 12 3 12 1
4 3 5 5 2 3 1 9 2 7 31 16 19 6 10 5 10 0
2 1 2 4 2 4 4 7 5 3 18 4 21 21 7 5 10 1
4 1 5 4 1 3 1 9 2 7 31 16 14 35 10 3 12 0
2 3 4 4 1 5 3 2 2 7 1 16 14 35 16 5 10 1
4 2 5 3 1 1 3 8 5 7 31 17 6 9 5 3 5 1
3 2 2 4 1 4 1 7 2 7 31 16 19 6 10 3 5 1
4 3 4 2 2 1 2 9 2 7 30 16 14 6 12 3 12 1
3 1 4 2 1 2 1 9 2 7 31 16 14 35 15 3 5 0
2 1 5 6 1 5 2 8 2 7 30 16 14 6 12 3 12 0
4 1 3 1 1 5 2 8 2 7 32 16 19 6 12 3 5 1
4 4 4 2 1 5 2 8 2 7 30 16 14 6 12 3 12 1
1 1 5 5 1 1 1 13 6 5 10 5 9 33 17 5 10 0
1 1 4 6 1 5 1 10 2 7 37 16 24 8 10 5 10 0
3 2 2 3 2 5 4 9 5 7 31 17 6 9 5 5 10 1
3 3 2 6 2 2 2 8 2 7 30 16 14 6 12 3 12 1
2 2 4 3 1 4 3 9 5 7 31 17 6 9 5 3 5 1
4 2 6 1 1 2 2 8 2 7 30 16 14 6 12 3 12 1
2 2 6 6 1 5 4 11 5 7 34 17 6 9 7 3 5 1
5 4 6 2 1 1 1 8 2 7 30 16 19 6 10 3 12 1
1 1 3 5 1 5 3 12 7 7 39 9 16 37 7 5 10 1
2 3 4 2 1 2 3 10 5 7 31 17 6 9 5 3 5 1
4 4 5 1 1 5 4 8 5 7 31 17 6 9 5 3 12 0
1 2 3 3 3 1 1 3 6 7 28 12 17 38 3 5 10 1
1 1 2 2 1 5 3 7 5 7 31 17 6 9 5 3 1 1
1 2 5 2 1 3 3 9 5 7 23 14 22 11 7 3 5 1
2 3 5 4 1 4 3 8 5 7 31 17 6 9 5 3 16 1
3 2 4 2 2 1 3 11 2 7 31 16 14 35 10 3 5 1
2 4 5 1 1 2 1 8 5 7 30 18 20 10 5 3 12 0
2 2 6 3 2 5 4 9 5 3 38 4 21 40 7 3 12 1
2 1 4 1 1 4 2 7 2 7 30 16 14 6 12 3 12 0
1 2 3 6 1 4 3 2 5 7 37 14 22 41 7 5 10 0
5 2 5 2 1 5 1 10 2 7 31 16 19 6 10 5 10 1
1 1 1 5 1 5 4 12 5 3 14 4 21 40 4 5 10 0
3 2 4 1 1 3 3 8 5 7 31 17 6 9 5 3 12 0
4 4 3 1 1 2 2 9 2 7 30 16 14 6 12 3 12 1
4 3 4 6 1 3 3 8 5 7 32 17 6 9 5 3 12 0
1 2 4 5 1 5 4 8 5 7 33 17 6 9 7 3 5 0
1 1 4 3 1 1 1 6 2 7 15 16 14 9 5 5 10 0
3 1 4 5 1 2 3 8 2 7 31 16 14 35 10 3 9 1
4 2 5 3 1 2 2 8 2 7 30 16 14 6 12 3 12 1
4 1 2 3 1 4 1 9 2 7 31 16 14 35 15 3 5 1
1 1 3 3 1 2 4 12 5 3 8 4 21 21 7 5 10 0
1 1 3 1 1 2 1 9 5 7 30 18 20 10 5 3 12 1
4 3 5 2 1 2 3 8 2 7 31 16 14 35 10 3 5 0
2 2 5 5 2 4 3 8 5 7 31 17 6 9 5 5 10 1
2 3 4 2 1 2 3 8 5 7 31 17 6 9 5 3 1 1
1 1 3 3 1 5 4 9 5 3 37 4 21 21 7 5 10 1
4 3 3 1 1 3 1 8 2 7 31 16 19 6 15 3 5 0
2 1 1 4 1 4 2 10 2 7 30 16 14 6 12 3 12 1
2 3 4 4 1 2 3 9 5 7 23 14 22 11 7 5 10 1
2 2 4 3 1 5 3 8 5 7 31 17 6 9 5 3 5 1
2 4 2 5 1 4 1 9 5 7 30 18 20 10 5 3 12 0
3 3 6 5 1 3 2 9 2 7 30 16 14 6 12 5 10 1
4 3 3 1 2 1 4 8 7 7 31 9 16 37 4 3 12 0
2 2 3 3 1 3 3 11 5 7 31 17 6 9 5 3 1 1
1 2 5 3 1 4 4 8 7 7 31 9 16 37 4 3 12 0
5 1 4 3 2 5 2 8 2 7 32 16 19 6 12 3 12 0
3 2 6 2 1 5 4 2 7 7 31 9 16 37 4 3 12 0
2 2 5 3 1 5 3 8 5 7 23 14 22 11 7 3 16 1
4 3 5 1 1 2 2 8 2 7 30 16 14 6 12 3 12 1
2 2 5 4 1 2 1 9 2 7 31 16 14 35 15 3 5 0
3 4 3 1 1 5 2 9 2 7 30 16 14 6 12 3 12 1
4 1 5 3 1 2 4 9 5 7 31 17 6 9 7 3 5 0
3 2 6 4 1 4 1 9 2 7 31 16 19 6 10 3 5 1
3 1 5 6 3 2 3 9 2 7 31 16 14 35 10 3 16 1
2 3 4 4 1 5 4 9 5 3 37 4 27 45 4 3 5 1
3 3 3 4 1 3 1 11 5 7 30 18 20 10 5 3 12 0
1 1 4 6 1 2 4 2 2 7 31 16 14 9 5 5 10 0
1 2 5 4 1 4 3 12 1 7 37 15 18 47 7 5 10 1
2 1 6 1 2 5 4 8 5 7 33 17 6 9 4 3 1 1
3 3 6 2 1 2 2 8 2 7 30 16 14 6 12 3 12 1
2 4 5 5 2 3 3 2 1 7 37 15 18 47 7 3 12 0
2 2 3 5 2 1 1 7 2 7 31 16 14 35 15 3 5 1
2 3 4 5 1 2 4 8 7 7 31 9 16 37 4 3 12 0
2 1 6 4 2 1 3 9 5 7 31 17 6 9 5 3 16 1
2 2 6 3 1 1 4 9 2 7 24 16 14 35 11 3 9 1
1 1 4 2 1 5 4 14 5 3 8 4 21 21 7 5 10 0
3 2 4 4 1 3 4 8 5 7 33 17 6 9 7 3 5 1
2 4 4 3 1 2 3 9 1 7 37 15 18 47 7 5 10 1
2 1 5 2 1 1 4 10 5 7 24 17 6 9 4 3 16 0
3 3 2 6 1 3 1 9 2 7 31 16 14 35 15 5 10 1
1 1 3 2 1 5 1 8 6 3 28 5 3 31 8 5 10 1
5 1 4 3 1 1 1 10 2 7 32 7 15 36 15 3 5 1
4 2 2 2 2 1 4 8 5 7 31 17 6 9 5 3 12 0
1 1 6 4 2 5 4 8 2 7 24 16 14 35 11 3 5 1
5 3 5 5 1 2 1 8 2 4 32 7 15 27 15 3 5 0
1 2 4 2 1 5 3 11 5 7 23 14 22 11 7 3 1 1
3 2 5 1 1 3 2 10 2 7 30 16 14 6 12 3 12 1
2 2 3 5 2 5 4 10 5 7 34 17 6 9 7 3 1 0
1 4 4 1 1 4 1 2 2 7 31 16 14 35 15 5 10 1
4 2 5 1 1 2 2 8 2 7 30 16 14 6 12 3 12 0
3 2 5 1 1 5 2 8 2 7 30 16 14 6 12 3 12 1
2 1 4 5 2 1 3 9 5 7 23 14 22 11 7 5 10 1
2 1 5 3 1 5 3 9 2 7 31 16 14 35 10 3 9 1
3 2 6 5 2 3 4 8 5 7 24 17 6 9 7 3 5 0
4 2 6 1 1 5 2 8 2 7 30 16 14 6 12 3 12 1
5 1 5 3 2 2 1 8 2 7 31 16 19 6 10 3 5 1
1 1 5 4 1 1 4 14 5 3 17 4 21 21 7 5 10 0
1 1 4 2 2 5 4 8 5 7 34 17 6 9 4 3 16 1
3 3 3 2 2 1 3 8 2 7 31 16 14 35 10 3 5 1
2 2 6 5 1 5 4 8 5 7 33 17 6 9 7 3 5 1
2 1 2 1 2 2 2 9 2 7 30 16 14 6 12 3 12 1
1 1 5 2 2 4 4 8 5 7 33 17 6 9 4 5 10 1
1 1 2 4 1 4 4 8 5 3 37 4 27 45 4 5 10 1
3 3 4 5 1 3 1 9 2 7 31 16 14 35 15 5 10 1
3 3 5 3 1 1 3 8 5 7 31 17 6 9 5 3 12 0
2 3 3 5 1 3 3 9 2 7 31 16 14 35 10 3 5 1
4 2 5 6 1 3 4 11 2 7 31 16 19 6 11 3 5 0
1 2 5 3 1 1 4 9 2 7 24 16 14 35 11 3 9 1
1 3 2 6 2 3 1 9 2 7 31 16 14 35 15 5 10 1
4 4 5 1 1 2 2 8 2 7 30 16 14 6 12 3 12 1
4 4 4 1 1 3 4 8 5 7 31 17 6 9 5 3 12 1
2 1 5 2 1 1 2 9 2 7 30 16 14 6 12 3 12 1
1 4 5 6 3 1 3 3 2 7 31 16 14 35 10 3 16 0
3 3 5 2 2 5 2 8 5 7 31 17 11 17 9 3 12 1
5 3 5 2 2 3 1 10 2 7 31 16 19 6 10 3 5 0
3 2 4 6 2 2 4 8 5 7 31 17 6 9 5 3 12 0
1 2 3 4 1 1 4 9 2 7 24 16 14 35 11 3 9 1
3 1 4 3 1 5 4 9 5 7 31 17 6 9 7 5 10 0
2 1 5 2 1 5 3 9 2 7 33 16 14 35 12 3 9 0
5 2 5 3 1 5 1 8 2 7 31 16 14 35 15 3 5 0
3 3 6 1 1 1 2 8 2 7 30 16 14 6 12 3 12 0
4 2 5 3 1 3 2 10 2 7 30 16 14 6 12 3 12 1
1 1 3 2 1 5 3 9 5 7 31 17 6 9 5 3 5 0
4 2 4 6 1 1 3 9 2 7 31 16 19 6 12 3 12 0
5 1 2 6 1 3 3 8 5 7 32 17 6 9 5 3 12 0
2 2 5 6 1 5 3 11 1 7 37 15 18 47 7 3 12 0
3 4 2 4 2 3 3 8 2 7 31 16 14 35 10 3 9 1
4 3 4 2 1 5 4 9 5 7 32 10 5 48 4 3 12 1
4 4 2 4 1 3 1 8 2 7 31 16 19 6 15 3 5 0
1 2 3 5 1 2 3 11 5 7 23 14 22 11 7 3 5 1
4 1 6 1 1 4 2 10 2 7 30 16 14 6 12 3 12 1
1 1 1 5 1 5 3 12 1 7 37 15 18 47 7 5 10 1
2 3 4 2 1 3 4 7 5 7 24 17 6 9 4 3 1 1
4 2 5 5 2 5 3 8 5 7 31 17 6 9 5 3 5 0
1 1 5 6 1 4 2 8 2 7 30 16 14 6 12 3 12 1
1 3 3 4 1 5 3 8 5 7 23 14 22 11 7 3 5 1
3 4 3 1 1 4 2 9 2 7 30 16 14 6 12 3 12 1
1 1 5 4 1 5 3 8 5 7 31 17 6 9 5 3 1 1
1 2 4 3 2 2 3 8 5 3 18 4 14 9 5 3 1 1
3 3 5 5 2 4 3 8 2 7 31 16 14 35 10 3 16 1
3 1 2 3 1 1 3 10 5 7 31 17 6 9 5 3 16 1
2 3 5 6 2 5 4 12 7 7 31 9 16 37 4 3 12 0
3 2 5 4 1 1 1 9 2 4 38 16 19 6 16 3 5 0
5 1 2 4 2 5 4 13 2 7 31 16 19 6 11 3 5 0
5 3 4 6 2 1 1 10 2 7 31 7 13 34 10 3 5 0
1 2 4 5 2 4 4 7 5 7 31 17 6 9 7 5 10 1
5 2 4 5 1 5 1 9 2 7 31 16 14 35 15 5 10 0
1 1 5 5 2 5 4 13 5 3 9 4 21 40 4 5 10 0
1 2 5 1 2 5 4 10 5 7 33 17 6 9 4 3 1 1
2 2 6 4 3 3 3 10 5 7 31 17 6 9 5 3 1 1
5 2 4 1 1 2 4 9 2 7 31 16 19 6 11 3 5 0
5 3 5 5 1 5 1 9 2 7 31 16 19 6 10 3 5 1
3 4 4 5 2 2 3 7 2 7 31 16 14 35 10 3 16 1
1 2 3 6 2 5 3 2 5 6 27 4 8 20 7 3 1 1
1 1 3 4 2 3 4 8 5 7 33 17 6 9 7 3 1 1
5 4 5 6 1 1 3 8 5 7 32 18 20 39 9 3 5 0
1 1 1 5 2 2 4 1 2 7 31 16 14 9 5 5 10 0
4 1 4 3 2 3 4 9 2 7 31 16 19 6 11 3 5 0
2 2 5 2 1 4 4 9 2 7 24 16 14 35 11 5 10 1
4 4 5 6 1 4 1 8 5 7 30 18 20 10 5 3 12 0
1 4 2 3 1 2 1 9 2 7 31 16 14 35 15 5 10 1
2 2 4 5 1 5 3 8 5 7 31 17 6 9 5 3 12 1
4 1 5 6 1 5 4 8 5 7 32 18 20 10 4 5 10 0
3 3 4 1 1 1 2 8 2 7 30 16 14 6 12 3 12 1
3 4 2 4 1 4 1 8 2 7 31 16 14 35 15 3 5 1
2 4 6 6 2 5 3 10 5 7 35 17 6 9 7 3 9 1
2 3 2 1 1 3 2 9 2 7 30 16 14 6 12 3 12 0
4 4 5 2 1 2 2 8 2 7 30 16 14 6 12 3 12 1
2 3 6 6 1 4 2 12 2 7 30 16 14 6 12 3 12 1
1 2 4 4 1 1 4 9 5 7 24 17 6 9 4 3 1 1
1 3 5 3 1 4 2 11 2 7 30 16 14 6 12 3 12 1
4 1 5 5 1 5 3 9 2 3 13 2 10 4 13 3 13 0
5 2 6 3 2 4 1 8 2 7 31 16 19 6 15 5 10 0
4 3 5 6 3 3 3 8 2 7 31 16 14 35 10 3 16 1
2 1 5 3 1 2 3 8 5 7 31 17 6 9 5 3 12 0
4 2 5 6 1 4 1 8 2 7 30 16 19 6 10 5 10 1
5 3 3 4 1 1 1 8 2 7 31 16 14 35 15 5 10 1
1 2 6 3 1 4 4 8 5 5 37 14 22 15 4 5 10 1
4 4 5 1 1 4 2 8 2 7 30 16 14 6 12 3 12 1
3 3 5 1 2 2 3 8 2 7 31 16 19 6 12 3 12 1
5 3 5 2 1 4 1 8 2 7 31 16 19 6 10 3 5 1
2 2 2 2 2 4 3 9 5 7 31 17 6 9 5 5 10 1
1 4 4 5 1 5 2 7 2 7 30 16 14 6 12 5 10 1
1 1 5 3 1 1 4 12 2 7 24 16 14 35 11 3 5 1
2 3 5 2 1 2 3 7 5 7 23 14 22 11 7 3 16 1
1 3 5 6 1 4 1 1 5 7 30 18 20 10 5 5 10 1
2 1 5 2 1 4 2 9 2 7 30 16 14 6 12 3 12 1
1 2 1 6 1 2 4 9 2 7 24 16 14 35 11 3 5 1
2 1 2 2 1 5 4 8 5 3 9 4 21 40 4 5 10 1
1 1 5 2 2 2 3 2 5 7 35 17 6 9 7 5 10 0
2 1 5 2 1 2 4 9 2 7 24 16 14 35 11 3 5 1
1 1 1 5 1 2 4 1 2 7 31 16 14 9 5 5 10 0
1 2 3 1 1 5 3 8 5 7 23 14 22 11 7 3 12 1
3 1 6 5 2 2 1 8 2 7 31 16 14 35 15 3 9 0
3 1 6 3 1 4 1 9 2 7 31 16 14 35 15 3 5 0
4 3 6 4 1 3 1 8 2 7 31 16 19 6 10 3 5 1
3 4 3 1 1 2 1 9 5 7 30 18 20 10 5 3 12 1
1 3 4 4 1 1 3 9 5 7 23 14 22 11 7 3 1 1
2 4 3 6 1 5 1 8 5 7 30 18 20 10 5 3 12 0
2 3 4 3 2 2 1 12 2 7 31 16 14 35 15 3 5 1
2 2 3 2 1 4 3 8 5 7 31 17 6 9 5 3 5 1
3 1 6 5 2 5 3 9 5 7 33 17 6 9 5 3 5 0
4 3 5 5 1 5 1 10 2 7 31 16 14 35 15 3 14 1
5 2 3 2 1 3 4 8 5 7 32 10 5 48 4 3 12 0
4 2 6 2 2 2 3 8 2 7 31 16 14 35 10 3 5 1
1 1 4 4 1 5 1 6 2 7 15 16 14 9 5 5 10 0
3 3 2 1 1 2 2 8 2 7 30 16 14 6 12 3 12 1
3 2 3 4 1 5 1 9 2 7 31 16 19 6 15 3 5 0
1 3 5 5 2 5 1 14 6 7 28 12 17 38 3 5 10 1
1 3 6 6 1 5 4 8 5 7 34 17 6 9 7 3 1 1
5 1 5 3 2 1 1 11 2 7 31 16 19 6 10 3 5 0
4 3 4 1 1 2 2 8 2 7 30 16 14 6 12 3 12 1
1 1 5 3 2 4 3 8 7 7 39 9 16 37 7 3 12 1
1 1 4 2 1 4 4 8 2 7 24 16 14 35 11 3 5 1
3 3 5 1 1 2 1 8 5 7 30 18 20 10 5 3 12 1
5 4 3 5 1 2 2 8 2 7 30 16 14 6 12 3 12 1
5 3 2 2 1 3 2 8 2 7 30 16 14 6 12 3 12 1
2 1 3 5 1 1 1 8 6 3 28 5 3 31 8 5 10 0
5 4 6 2 2 5 2 11 2 7 30 16 19 6 12 3 5 0
3 3 2 2 1 4 2 8 2 7 30 16 14 6 12 3 12 1
2 1 5 3 2 3 4 8 5 7 24 17 6 9 4 3 12 1
3 3 6 2 2 3 2 11 2 7 30 16 14 6 12 3 12 1
2 4 3 3 1 3 2 8 2 7 30 16 14 6 12 3 12 1
3 4 3 2 2 3 2 8 2 7 30 16 14 6 12 3 12 1
3 4 2 3 1 2 1 8 5 7 30 18 20 10 5 3 12 1
4 3 4 2 1 1 2 8 5 7 31 17 11 17 9 3 12 0
5 3 3 6 1 2 4 8 5 7 32 10 5 48 4 3 12 0
4 3 3 1 2 2 2 8 2 7 30 16 14 6 12 3 12 1
5 4 3 1 1 3 2 8 2 7 30 16 14 6 12 3 12 0
1 1 4 4 2 5 4 8 5 3 17 4 27 1 7 3 16 1
5 2 4 3 1 4 1 8 2 7 32 7 15 36 10 3 5 0
4 4 4 1 1 1 3 8 5 7 32 17 6 9 5 3 12 0
3 4 2 3 1 2 2 8 2 7 30 16 14 6 12 3 12 1
4 3 2 2 1 4 2 8 2 7 30 16 14 6 12 3 12 1
4 4 3 1 1 3 1 9 5 7 30 18 20 10 5 3 12 1
3 2 5 1 2 3 2 8 2 7 30 16 14 6 12 3 12 1
1 1 6 4 2 5 4 8 5 7 33 17 6 9 4 3 1 1
2 3 5 3 2 4 3 11 5 7 23 14 22 11 7 3 1 1
1 3 3 3 1 4 3 13 6 2 28 12 17 38 6 5 10 1
2 2 6 6 2 4 1 8 2 7 31 16 14 35 15 3 14 1
1 1 5 3 1 1 3 9 5 7 23 14 22 11 7 3 16 1
4 2 5 5 1 4 1 11 2 7 31 16 19 6 10 3 5 1
3 4 5 6 1 3 1 9 2 7 31 16 14 35 15 3 5 1
2 3 2 6 1 3 3 9 7 7 39 9 16 37 7 3 12 1
3 4 2 3 1 4 1 9 2 7 31 16 14 35 15 3 5 1
1 2 5 6 2 3 3 8 2 7 36 16 14 35 12 5 10 0
4 1 6 1 1 5 4 11 5 7 32 10 5 48 4 3 12 0
1 2 6 4 1 3 4 8 5 7 34 17 6 9 7 3 9 1
2 3 5 1 2 5 4 11 5 7 33 17 6 9 4 3 1 1
1 1 3 6 1 4 1 9 5 7 17 18 20 22 3 3 12 0
2 3 2 5 1 4 3 8 5 7 31 17 6 9 5 5 10 1
5 3 4 6 2 3 4 8 5 7 33 17 6 9 4 3 5 0
4 3 6 3 1 4 2 8 2 7 30 16 14 6 12 3 12 1
3 3 4 5 1 5 4 9 7 7 32 9 16 37 4 3 12 1
3 2 6 1 1 2 2 8 2 7 30 16 14 6 12 3 12 1
3 1 5 5 1 5 1 8 2 7 31 16 14 35 15 5 10 0
3 3 5 3 1 1 3 9 2 7 31 16 14 35 10 5 10 1
1 1 5 3 2 4 4 9 5 7 34 17 6 9 7 3 1 1
1 1 4 1 2 5 3 2 2 7 36 16 24 30 10 5 10 0
3 4 3 4 2 3 3 8 2 7 31 16 14 35 10 3 16 1
2 1 5 5 2 4 3 8 5 7 31 17 6 9 5 5 10 1
1 1 6 5 3 1 1 3 6 7 28 12 17 38 3 5 10 0
3 1 4 6 1 5 1 8 5 7 17 18 20 22 3 3 12 1
3 4 6 4 2 4 3 9 2 3 13 2 10 4 13 5 10 1
1 2 5 4 1 3 3 8 2 7 1 16 14 35 16 5 10 1
1 3 6 2 2 3 4 9 5 7 24 17 6 9 4 3 5 0
3 2 5 1 1 3 4 9 7 7 31 9 16 37 4 3 12 0
5 2 4 2 1 3 1 9 2 7 31 16 14 35 15 5 10 0
4 3 6 2 2 5 1 11 2 7 31 16 14 35 15 3 14 1
4 3 2 3 1 1 1 9 2 7 31 16 19 6 10 3 5 1
4 1 5 3 1 2 1 8 2 7 31 16 19 6 15 3 5 1
4 2 2 1 2 1 4 9 7 7 31 9 16 37 4 3 12 0
1 1 5 5 2 5 3 8 5 7 31 17 6 9 5 3 1 1
2 3 5 6 1 4 4 9 5 7 31 17 6 9 5 3 12 0
3 3 2 1 2 1 2 9 2 7 30 16 14 6 12 3 12 1
2 4 5 4 2 5 3 8 5 7 31 17 6 9 5 3 1 1
1 1 5 5 1 5 1 3 3 3 10 3 26 44 16 5 10 0
1 2 3 6 1 4 4 10 5 7 31 17 6 9 5 5 10 1
4 4 4 1 2 1 2 10 2 7 30 16 14 6 12 3 12 1
5 3 5 2 2 1 1 8 2 7 31 16 14 29 10 5 10 1
2 1 5 4 1 2 4 8 5 7 34 17 6 9 7 3 1 1
1 1 4 3 2 5 3 8 5 7 31 17 6 9 5 5 10 1
3 1 5 1 2 5 4 8 5 2 38 17 6 9 16 3 9 0
4 3 2 1 1 1 4 8 7 7 31 9 16 37 4 3 12 1
2 1 6 1 2 5 2 8 2 7 30 16 14 6 12 3 12 1
4 3 4 6 2 3 1 8 2 7 31 16 19 6 10 3 5 1
4 3 6 6 1 3 3 8 2 7 31 16 14 35 10 3 16 1
2 2 5 5 1 2 3 9 2 7 31 16 14 35 10 3 16 1
2 1 4 3 2 3 3 8 5 7 31 17 6 9 5 3 1 1
1 1 3 4 2 3 4 8 5 2 35 17 6 12 7 5 10 1
4 4 4 4 1 5 1 9 2 7 31 16 19 6 10 3 5 0
2 1 5 6 1 3 4 9 7 7 31 9 16 37 4 3 12 1
1 1 5 5 2 5 4 8 5 7 33 17 6 9 7 3 16 1
2 2 6 3 2 2 3 9 2 7 31 16 14 35 10 5 10 1
3 1 5 3 1 3 1 8 2 7 31 16 14 35 15 3 9 0
1 3 5 3 1 4 4 6 5 7 33 17 6 9 4 5 10 1
4 2 5 6 1 5 3 11 5 7 32 17 6 9 5 3 12 0
3 4 3 4 1 3 2 9 2 7 30 16 14 6 12 3 12 0
3 1 4 3 1 4 3 8 2 7 31 16 14 35 10 3 9 0
3 2 4 1 2 1 2 9 2 7 30 16 14 6 12 3 12 1
4 3 3 6 2 3 1 10 2 7 31 16 19 6 15 5 10 1
2 2 4 4 1 5 3 8 5 7 31 17 6 9 5 3 12 0
1 1 2 6 1 2 4 8 5 7 24 17 6 9 4 3 1 1
1 2 5 2 1 5 3 2 5 7 31 17 6 9 5 3 9 1
3 1 3 1 2 2 1 2 5 7 30 18 20 10 5 3 12 1
2 2 5 3 1 1 4 9 2 7 24 16 14 35 11 3 9 1
4 3 3 3 1 4 1 9 2 7 31 16 14 35 15 3 5 1
2 2 4 2 3 5 4 8 5 7 33 17 6 9 4 3 1 0
2 1 4 1 2 5 4 10 5 7 33 17 6 9 4 3 1 0
2 3 3 4 2 4 4 7 5 7 2 17 6 9 5 3 5 0
4 3 3 4 1 3 2 8 2 7 30 16 14 6 12 3 12 0
3 4 3 6 1 3 1 9 5 7 30 18 20 10 5 3 12 1
1 1 3 6 1 5 3 13 5 7 37 14 22 41 7 5 10 0
2 1 5 2 2 1 3 8 5 7 31 17 6 9 5 3 16 0
3 1 2 2 2 3 2 8 2 7 30 16 14 6 12 3 12 0
2 4 5 2 1 5 1 8 2 7 31 16 14 35 15 5 10 1
1 1 5 4 3 5 1 4 3 1 5 13 29 46 16 5 10 1
2 2 3 5 1 4 3 7 2 7 31 16 14 35 10 5 10 0
3 2 3 3 1 5 3 8 2 7 34 16 14 35 12 3 12 0
1 1 4 2 3 2 3 8 5 7 31 17 6 9 5 3 16 0
2 3 3 3 1 2 1 9 2 7 31 16 14 35 15 3 5 1
2 3 4 6 1 5 4 9 7 7 31 9 16 37 4 3 12 1
4 3 4 1 1 2 2 8 2 7 30 16 14 6 12 3 12 0
4 2 5 5 1 5 1 10 2 7 31 16 14 35 15 3 14 1
3 4 5 2 1 2 1 8 5 7 30 18 20 10 5 3 12 1
2 1 4 1 1 3 3 8 5 7 31 17 6 9 5 3 16 0
4 4 6 2 1 5 1 8 5 7 30 18 20 10 5 3 12 1
4 4 4 2 1 5 4 8 7 7 31 9 16 37 4 3 12 1
4 2 3 5 1 3 1 8 2 7 31 16 14 35 15 5 10 1
1 2 5 3 1 2 3 8 5 7 23 14 22 11 7 5 10 1
5 2 2 6 2 3 4 8 5 7 31 17 6 32 4 5 10 0
5 4 6 2 1 1 1 8 5 7 30 18 20 10 5 3 12 1
2 2 5 1 1 3 2 9 2 7 30 16 14 6 12 3 12 1
3 3 4 5 1 4 4 9 7 7 31 9 16 37 4 3 12 1
3 4 3 6 2 3 2 10 2 7 30 16 14 6 12 3 12 1
4 2 5 1 1 2 2 9 2 7 30 16 14 6 12 3 12 1
1 3 5 4 1 4 1 8 6 7 28 12 17 38 3 5 10 1
1 2 6 4 1 5 1 12 5 7 17 18 20 22 3 5 10 0
1 1 4 1 3 5 4 3 5 3 18 4 21 21 7 5 10 0
1 1 1 6 2 5 4 9 5 7 33 17 6 9 4 3 1 1
4 1 2 1 1 3 4 9 2 7 31 16 19 6 11 3 5 0
1 4 3 6 1 5 1 8 3 7 31 11 30 9 5 3 1 1
5 4 4 5 1 3 3 8 5 7 30 18 20 10 5 5 10 1
3 2 2 1 2 3 4 8 5 7 34 17 6 9 7 3 16 0
5 1 3 2 1 2 1 13 2 7 31 16 14 35 15 3 12 0
1 2 1 4 1 5 3 9 2 3 13 2 10 4 13 5 10 1
4 4 4 2 2 4 1 11 2 7 31 16 14 35 15 5 10 1
5 4 5 2 1 4 1 8 2 7 31 16 19 6 15 5 10 1
1 2 5 4 1 1 3 9 5 7 23 14 22 11 7 3 16 1
1 2 5 2 1 5 4 9 2 7 24 16 14 35 11 3 5 1
3 4 5 4 2 2 1 8 2 7 31 16 14 35 15 5 10 1
1 2 4 5 1 3 3 7 1 7 37 15 18 47 7 3 12 0
3 4 4 3 2 2 1 10 5 7 30 18 20 10 5 3 12 1
4 3 2 4 1 5 1 9 2 7 31 16 14 35 15 3 5 0
1 1 4 3 2 5 3 12 2 7 36 16 14 35 12 5 10 0
1 1 6 3 1 2 4 12 5 3 8 4 21 21 7 5 10 0
1 2 3 6 1 2 3 13 2 7 34 16 14 35 10 3 15 1
1 4 3 6 2 5 4 2 5 7 34 17 6 9 7 3 1 1
2 3 4 6 1 5 4 10 5 7 34 17 6 9 7 3 1 1
2 2 6 4 3 2 3 8 2 7 31 16 14 35 10 3 16 1
3 1 3 2 1 2 1 7 2 7 31 16 19 6 15 3 5 1
1 2 5 4 1 3 3 8 6 2 28 12 17 38 6 5 10 1
3 1 2 2 2 5 3 8 2 7 34 16 14 35 12 3 12 1
1 1 4 3 2 5 4 3 5 5 35 17 6 13 4 5 10 0
4 3 5 2 1 4 1 8 5 7 30 18 20 10 5 3 12 1
5 2 4 4 1 5 1 8 2 7 32 16 14 5 10 3 5 0
5 4 3 3 1 2 1 8 2 7 31 16 19 6 10 5 10 1
1 1 4 3 2 5 3 8 5 7 23 14 22 11 7 3 16 1
4 4 4 2 1 4 2 8 2 7 30 16 14 6 12 3 12 1
1 2 5 3 1 1 1 3 6 3 28 5 3 31 8 3 9 1
1 2 5 3 3 4 3 9 5 7 31 17 6 9 5 3 1 1
5 1 5 3 2 4 3 8 2 7 30 16 19 6 13 5 10 1
4 3 4 1 2 1 2 11 2 7 30 16 14 6 12 3 12 1
3 1 4 5 2 4 1 9 2 7 31 16 19 6 10 3 5 0
1 3 5 3 1 2 3 8 5 7 31 17 6 9 5 5 10 1
4 3 4 6 1 3 1 9 2 7 31 16 19 6 10 3 13 0
5 3 4 6 1 2 1 8 2 7 32 7 15 36 15 3 12 0
5 3 5 5 1 3 1 8 2 7 31 16 19 6 15 3 5 0
1 1 5 2 1 4 4 9 2 7 24 16 14 35 11 3 5 1
4 1 2 1 1 3 2 8 2 7 30 16 14 6 12 3 12 0
3 1 4 2 1 1 3 8 5 7 31 17 6 9 5 3 16 0
2 2 3 4 2 2 3 8 5 7 23 14 22 11 7 3 9 1
4 1 4 1 1 2 2 8 2 7 30 16 14 6 12 3 12 1
4 2 5 1 1 5 2 8 2 7 30 16 14 6 12 3 12 1
5 3 5 5 2 4 1 8 2 7 31 16 14 35 15 3 14 1
1 1 5 4 1 2 4 8 5 7 33 17 6 9 4 5 10 1
4 4 5 6 2 5 3 8 2 7 31 16 14 35 10 3 9 0
1 4 2 3 1 1 3 8 5 7 31 17 6 9 5 3 9 1
1 1 4 3 2 4 4 8 5 7 34 17 6 9 7 3 16 1
2 2 3 1 2 1 3 8 5 7 31 17 6 9 5 3 16 0
5 3 4 3 1 1 2 8 5 7 31 17 11 17 9 3 12 1
5 4 5 5 2 2 1 8 2 7 31 16 14 35 15 3 5 0
1 2 5 4 2 4 4 11 5 7 24 17 6 9 4 3 1 1
4 2 5 4 2 3 4 8 5 7 33 17 6 9 7 3 12 0
1 4 3 6 2 4 3 2 1 7 37 15 18 47 7 3 12 1
1 1 3 2 1 5 3 8 5 7 23 14 22 11 7 3 16 1
1 4 3 4 2 1 1 12 2 7 31 16 14 35 15 5 10 1
3 3 4 3 1 5 3 8 5 7 23 14 22 11 7 3 16 1
1 3 3 5 1 1 3 11 5 7 31 17 6 9 5 5 10 1
4 2 2 1 2 2 2 8 2 7 30 16 14 6 12 3 12 1
4 4 5 1 1 3 2 8 2 7 30 16 14 6 12 3 12 1
4 1 5 1 1 1 4 8 7 7 32 9 16 37 4 3 9 0
3 4 4 2 2 3 2 8 2 7 30 16 14 6 12 3 12 0
4 1 3 4 1 5 4 8 5 7 34 17 6 9 7 3 5 0
2 3 5 2 2 3 4 8 5 7 24 17 6 9 4 3 5 0
4 4 5 2 2 1 2 8 2 7 30 16 14 6 12 3 12 1
2 4 4 3 1 5 2 7 2 7 30 16 14 6 12 3 12 1
1 4 5 3 1 3 3 1 5 7 31 17 6 9 5 5 10 1
5 4 3 6 1 2 2 8 2 7 30 16 14 6 12 3 12 1
3 4 4 4 1 3 1 9 2 7 31 16 14 35 15 3 12 1
4 4 4 2 1 5 1 8 2 7 31 16 19 6 10 5 10 1
3 2 6 2 1 3 4 8 5 7 32 10 5 48 4 3 12 1
3 3 5 2 2 5 3 8 5 7 23 14 22 11 7 3 1 1
2 2 6 4 1 4 3 9 2 7 31 16 14 35 10 5 10 1
3 2 2 3 1 5 3 8 5 7 23 14 22 11 7 3 16 0
2 2 3 5 1 2 3 8 5 7 31 17 6 9 5 3 9 0
1 1 5 2 1 2 1 6 6 7 28 12 17 38 3 3 1 1
1 1 3 4 2 5 4 8 5 3 17 4 27 1 7 3 1 1
5 4 1 3 1 5 3 10 5 7 32 17 6 9 5 3 12 0
3 3 5 2 1 1 2 8 2 7 30 16 14 6 12 3 12 1
5 3 6 5 1 2 1 11 2 7 32 16 19 6 15 3 5 0
4 4 3 4 1 2 1 9 2 7 31 16 14 35 15 5 10 1
4 3 6 1 1 3 2 8 2 7 30 16 14 6 12 3 12 1
1 3 2 3 1 1 3 9 5 7 23 14 22 11 7 5 10 0
1 2 6 2 1 4 3 8 5 7 31 17 6 9 5 3 9 1
4 4 4 1 1 3 4 8 5 7 32 18 20 10 4 3 12 0
1 1 4 4 1 3 3 11 5 7 31 17 6 9 5 3 1 1
4 2 5 2 1 1 4 8 5 7 31 17 6 9 5 3 5 0
3 4 2 1 1 4 2 8 2 7 30 16 14 6 12 3 12 1
2 4 4 3 2 3 3 8 2 7 31 16 14 35 10 5 10 1
2 4 6 1 1 3 2 8 2 7 30 16 14 6 12 3 12 1
5 2 4 6 1 3 4 9 5 7 32 18 20 10 4 3 12 0
5 2 3 3 1 1 1 11 2 7 31 16 19 6 15 5 10 1
2 1 4 4 1 5 3 13 2 7 1 16 14 35 16 5 10 1
3 3 2 5 1 1 3 8 2 7 34 16 14 35 12 3 5 0
3 4 2 4 1 3 1 9 2 7 31 16 14 35 15 3 12 1
2 3 5 5 1 3 3 9 2 7 34 16 14 35 12 3 5 1
4 4 4 6 1 1 3 7 2 7 31 16 19 6 12 3 12 0
5 2 6 1 1 1 4 8 2 7 31 16 19 6 11 3 9 0
2 1 5 2 1 4 4 10 5 7 33 17 6 9 7 3 9 1
1 1 2 1 3 5 4 12 5 3 8 4 21 21 7 5 10 0
2 2 3 2 1 4 1 9 5 7 30 18 20 10 5 3 12 0
2 4 4 3 2 2 1 12 2 7 31 16 14 35 15 3 5 1
4 3 2 6 2 4 1 11 2 7 31 16 19 6 10 3 5 1
5 3 5 4 2 4 3 8 5 7 31 17 6 9 5 3 5 1
2 3 5 2 1 2 3 8 5 7 31 17 6 9 5 3 5 1
2 1 3 2 1 5 4 8 5 3 19 4 27 1 7 3 12 0
4 3 5 3 1 4 4 8 2 7 31 16 19 6 11 3 9 0
1 1 1 3 1 5 3 7 2 3 13 2 10 4 13 5 10 1
4 1 4 4 1 5 4 8 5 7 33 17 6 9 7 5 10 0
3 3 5 1 1 2 3 8 5 7 31 17 6 9 5 3 12 1
4 1 2 6 1 2 3 8 5 7 32 17 6 9 5 3 12 0
2 1 5 6 1 3 4 11 5 7 31 17 6 9 5 3 12 0
2 3 2 1 1 1 3 9 5 7 31 17 6 9 5 3 1 1
1 1 4 2 1 2 4 14 5 3 8 4 21 21 7 5 10 0
1 1 4 4 2 2 4 2 2 7 24 16 14 35 11 3 5 0
3 3 4 6 1 5 4 10 7 7 31 9 16 37 4 3 12 0
4 4 5 1 1 3 2 8 2 7 30 16 14 6 12 3 12 1
1 3 5 4 1 3 3 4 2 7 31 16 14 35 10 5 10 1
3 1 6 5 1 5 3 8 5 7 33 17 6 9 5 3 5 0
3 2 5 6 1 5 1 9 2 7 31 16 19 6 15 5 10 1
3 4 2 5 2 5 1 11 5 7 30 18 20 10 5 3 12 0
2 1 5 5 1 2 4 11 5 7 24 17 6 9 4 3 5 1
4 4 6 4 2 3 3 8 2 7 33 16 14 35 12 3 12 0
3 3 4 1 1 3 2 8 2 7 30 16 14 6 12 3 12 0
1 1 1 6 1 4 4 8 2 5 36 2 7 3 12 5 10 0
3 3 5 1 1 4 2 8 2 7 30 16 14 6 12 3 12 1
2 3 4 5 2 5 4 8 5 7 24 17 6 9 4 3 9 1
5 2 4 6 1 4 3 8 5 7 30 18 20 10 5 5 10 0
3 4 5 5 1 3 2 8 2 7 30 16 14 6 12 3 12 0
2 4 3 2 1 1 1 9 5 7 30 18 20 10 5 3 12 0
3 2 2 2 1 4 3 11 5 7 23 14 22 11 7 3 9 1
2 2 6 5 2 5 1 10 2 7 31 16 14 35 15 3 9 1
5 3 4 5 2 5 4 10 5 7 31 17 6 9 5 3 12 0
2 1 5 6 1 5 4 12 5 3 13 4 21 40 4 5 10 0
1 2 3 5 1 5 1 8 3 7 31 11 30 9 5 3 1 0
3 3 5 1 2 1 2 9 2 7 30 16 14 6 12 3 12 1
5 4 5 1 1 1 2 8 2 7 30 16 14 6 12 3 12 1
3 2 4 1 1 2 2 9 2 7 30 16 14 6 12 3 12 1
1 3 5 3 2 3 4 2 5 3 18 4 21 21 7 5 10 1
2 3 5 5 1 3 3 9 2 7 31 16 14 35 10 5 10 1
1 1 6 1 2 3 1 12 5 7 17 18 20 22 3 3 12 0
3 3 4 5 2 5 4 2 5 7 24 17 6 9 7 3 5 1
3 3 3 6 1 3 2 8 2 7 30 16 14 6 12 3 12 1
3 1 4 3 1 4 3 12 5 3 18 4 14 9 5 5 10 1
4 4 4 5 1 3 1 9 2 7 31 16 14 35 15 5 10 1
5 2 4 3 1 4 1 8 2 7 31 16 14 35 15 5 10 1
2 2 4 6 1 4 3 12 1 7 37 15 18 47 7 5 10 1
4 4 3 1 1 4 1 9 5 7 30 18 20 10 5 3 12 1
3 4 2 4 1 2 1 8 2 7 31 16 14 35 15 3 9 1
2 1 5 3 1 4 4 10 5 7 33 17 6 9 7 3 9 1
2 3 5 1 1 3 2 8 2 7 30 16 14 6 12 3 12 1
1 2 3 6 2 5 4 9 2 7 24 16 14 35 11 5 10 1
1 4 5 2 1 5 1 6 2 7 22 16 14 5 10 3 9 1
2 3 6 5 2 1 3 8 5 7 23 14 22 11 7 3 1 1
4 2 4 6 2 4 1 8 2 7 31 16 14 35 15 3 5 1
4 2 2 4 2 2 1 9 2 7 31 16 19 6 10 3 5 0
2 1 5 6 2 5 3 9 2 7 1 16 14 35 16 3 12 1
1 1 3 6 1 4 4 12 2 5 36 2 7 3 12 5 10 0
1 3 6 6 2 5 4 8 5 7 34 17 6 9 7 3 1 1
5 3 5 4 1 4 4 10 5 7 30 10 5 48 4 3 12 0
1 2 4 1 2 1 4 8 5 7 24 17 6 9 4 3 5 1
3 2 3 4 1 4 1 7 2 7 31 16 19 6 10 3 5 1
4 1 3 1 1 1 4 11 5 7 32 2 14 9 5 3 5 0
4 3 5 6 1 3 3 8 5 7 32 17 6 9 5 3 12 0
2 3 2 6 1 5 2 10 2 7 30 16 14 6 12 3 12 1
2 1 6 4 2 5 3 10 5 7 31 17 6 9 5 3 12 1
1 1 4 5 3 1 4 4 2 7 31 16 14 9 5 5 10 0
3 3 3 6 1 4 4 9 5 7 32 18 20 10 4 3 12 0
3 2 5 2 1 1 3 8 2 7 31 16 14 35 10 3 9 1
3 3 5 1 1 2 4 9 5 7 31 17 6 9 5 3 12 1
2 2 3 1 1 3 2 9 2 7 30 16 14 6 12 3 12 1
5 2 5 5 2 5 2 8 2 7 30 16 14 6 12 3 12 0
5 3 2 1 1 2 2 8 2 7 30 16 14 6 12 3 12 1
3 3 5 1 1 2 2 8 2 7 30 16 14 6 12 3 12 0
5 2 6 4 2 1 1 11 2 7 32 7 15 36 15 3 5 1
4 2 2 1 2 1 2 9 2 7 30 16 14 6 12 3 12 1
4 3 4 1 2 1 2 9 2 7 30 16 14 6 12 3 12 1
4 3 2 5 1 2 2 8 2 7 30 16 14 6 12 3 12 0
4 4 4 1 2 5 2 10 2 7 30 16 14 6 12 3 12 1
1 1 3 5 2 3 4 7 2 7 24 16 14 35 11 5 10 1
5 3 5 6 1 4 3 8 5 7 32 17 6 9 5 3 12 0
1 1 6 5 2 3 4 9 5 7 34 17 6 9 7 3 1 1
1 1 5 4 1 5 3 12 5 7 35 17 6 9 7 5 10 0
1 1 4 1 1 5 3 3 2 7 36 16 24 30 10 5 10 0
3 1 5 6 3 3 3 10 2 7 31 16 14 35 10 3 16 1
3 3 5 2 1 2 2 8 2 7 30 16 14 6 12 3 12 1
1 4 4 4 1 3 1 13 5 7 18 17 6 23 3 5 10 1
1 2 4 6 1 1 3 8 5 7 31 17 6 9 5 3 16 1
3 3 6 2 1 1 2 8 2 7 30 16 14 6 12 3 12 0
4 2 4 2 1 5 4 8 2 7 31 16 19 6 11 3 5 0
3 4 4 5 2 3 1 8 2 7 31 16 14 35 15 3 16 1
1 1 4 6 1 4 1 12 2 7 37 16 24 8 10 5 10 0
3 4 3 3 1 2 1 8 5 7 30 18 20 10 5 3 12 0
4 4 4 1 2 1 2 8 2 7 30 16 14 6 12 3 12 0
2 3 4 5 1 5 1 7 2 7 31 16 14 35 15 3 5 1
2 3 3 4 2 3 1 14 2 7 31 16 19 6 10 3 5 1
2 2 5 2 1 3 1 8 5 7 17 18 20 22 3 3 12 1
4 2 3 1 1 5 1 8 5 7 30 18 20 10 5 3 12 1
2 1 3 2 2 4 3 10 2 7 31 16 14 35 10 3 9 1
4 3 5 5 1 5 4 8 7 7 31 9 16 37 4 3 12 0
5 4 6 6 1 1 1 11 2 7 31 16 19 6 15 3 12 0
1 2 2 5 2 5 4 10 5 7 33 17 6 9 4 3 1 1
4 3 4 5 1 5 3 11 2 7 34 16 14 35 12 3 5 0
4 4 3 4 1 2 1 9 2 7 31 16 19 6 10 3 12 1
1 1 3 2 2 1 3 2 5 7 23 14 22 11 7 5 10 0
4 3 2 1 1 2 3 10 5 7 31 17 6 9 5 3 12 0
1 1 1 2 1 5 4 12 2 7 31 16 14 9 5 5 10 0
5 2 5 4 2 5 1 8 2 7 32 16 14 5 10 5 10 0
1 3 4 6 1 4 2 9 2 7 30 16 14 6 12 3 12 0
1 2 4 3 2 3 4 2 5 7 34 17 6 9 7 3 16 0
3 3 2 3 1 4 3 8 5 7 31 17 6 9 5 3 5 1
2 1 5 1 2 5 4 11 5 7 33 17 6 9 4 3 1 1
1 1 6 4 1 5 3 12 1 7 37 15 18 47 7 5 10 1
2 2 6 3 1 5 3 8 5 7 31 17 6 9 5 3 1 1
4 2 2 2 1 4 3 8 5 7 31 17 6 9 5 3 5 0
3 3 6 2 1 1 2 8 2 7 30 16 14 6 12 3 12 0
5 2 5 6 1 1 2 9 2 7 30 16 14 6 12 3 12 0
4 2 4 1 1 5 2 8 2 7 30 16 14 6 12 3 12 0
1 1 3 4 1 4 4 9 5 7 24 17 6 9 4 3 5 0
5 4 4 3 2 4 1 8 2 7 31 16 19 6 15 3 5 0
1 1 1 5 2 4 4 12 5 2 35 17 6 12 7 5 10 0
4 4 4 3 1 4 1 8 5 7 30 18 20 10 5 3 12 1
4 3 3 1 2 2 2 8 2 7 30 16 14 6 12 3 12 1
1 1 3 3 1 1 4 7 2 7 24 16 14 35 11 3 5 1
5 1 3 4 1 2 1 8 2 7 32 16 19 6 10 3 12 0
5 4 2 2 2 1 1 9 2 7 31 16 19 6 10 3 5 0
5 3 2 6 1 5 1 9 2 7 31 16 19 6 15 5 10 1
3 4 5 6 1 5 1 8 2 7 31 16 14 35 15 3 5 1
5 2 3 5 1 3 3 8 2 7 31 16 19 6 10 3 5 0
4 4 5 1 1 1 2 8 2 7 30 16 14 6 12 3 12 1
2 2 6 1 1 5 3 8 5 7 23 14 22 11 7 3 12 0
4 2 4 4 1 4 1 9 2 7 31 16 14 35 15 3 5 1
3 3 6 1 1 3 2 9 2 7 30 16 14 6 12 3 12 1
1 2 6 4 1 5 1 8 2 7 31 16 14 35 15 5 10 1
4 1 6 3 1 2 1 8 2 7 31 16 19 6 15 5 10 1
3 4 5 1 1 4 2 8 2 7 30 16 14 6 12 3 12 1
2 1 5 3 1 4 1 9 2 7 22 16 14 5 10 3 9 1
2 1 1 6 1 5 4 11 5 3 37 4 27 45 4 5 10 0
1 1 4 1 1 1 4 12 2 7 31 16 14 9 5 5 10 0
1 2 6 2 1 5 3 12 1 7 37 15 18 47 7 3 12 1
3 3 5 2 1 2 3 8 5 7 31 17 6 9 5 3 5 1
1 2 5 5 1 2 4 8 5 7 24 17 6 9 4 3 9 1
2 1 2 4 1 4 3 8 5 7 31 17 6 9 5 3 1 1
3 1 2 1 1 3 2 11 2 7 30 16 14 6 12 3 12 0
3 1 4 5 1 4 4 8 2 7 24 16 14 35 11 3 12 1
2 2 6 3 1 1 4 9 2 7 24 16 14 35 11 3 9 1
1 2 5 4 1 3 3 8 5 7 31 17 6 9 5 3 16 1
2 2 4 4 1 4 3 9 5 7 31 17 6 9 5 3 1 1
4 4 5 2 1 5 4 8 5 7 30 10 5 48 4 3 12 1
3 4 4 1 2 3 1 8 5 7 30 18 20 10 5 3 12 0
2 2 3 1 1 3 3 9 1 7 37 15 18 47 7 3 12 1
5 3 5 3 1 5 4 8 5 7 31 17 6 9 7 3 5 0
3 2 3 3 2 4 3 9 2 7 31 16 14 35 10 3 5 0
3 3 3 1 2 2 2 9 2 7 30 16 14 6 12 3 12 1
2 3 5 3 1 4 3 9 5 7 31 17 6 9 5 3 9 0
3 1 4 1 2 1 2 8 2 7 30 16 14 6 12 3 12 0
2 2 4 2 1 3 3 9 5 7 31 17 6 9 5 3 1 0
4 4 5 1 1 1 2 8 2 7 30 16 14 6 12 3 12 1
3 2 5 1 1 2 3 8 5 7 31 17 6 9 5 3 5 1
4 3 4 1 1 2 2 8 2 7 30 16 14 6 12 3 12 1
1 1 5 6 1 5 4 12 5 3 17 4 27 1 7 3 12 0
1 1 1 4 1 5 4 2 5 3 37 4 27 45 4 5 10 1
4 3 4 1 2 1 2 8 2 7 30 16 14 6 12 3 12 1
2 2 5 3 1 5 3 11 5 7 23 14 22 11 7 3 16 1
4 4 4 1 1 5 2 8 2 7 30 16 14 6 12 3 12 1
4 1 6 1 1 5 4 8 7 7 31 9 16 37 4 3 12 0
1 2 2 4 1 4 4 8 5 7 34 17 6 9 7 3 1 0
5 1 6 4 1 2 1 8 2 7 32 16 19 6 10 5 10 1
3 2 6 1 1 3 4 9 5 7 31 17 6 9 5 3 12 1
2 1 3 5 1 3 1 9 2 7 31 16 14 35 15 3 5 1
5 2 4 5 1 4 1 9 2 7 31 16 19 6 15 3 5 0
1 1 3 4 1 4 3 12 7 7 39 9 16 37 7 5 10 1
4 2 4 4 1 4 4 9 2 7 24 16 14 35 11 5 10 1
4 2 5 6 1 4 2 8 2 7 30 16 14 6 12 3 12 0
4 3 5 2 1 5 2 8 2 7 30 16 14 6 12 3 12 1
3 3 4 2 1 3 1 8 5 7 30 18 20 10 5 3 12 1
3 4 4 4 1 1 3 11 2 7 31 16 14 35 10 3 9 1
1 3 4 4 2 3 4 3 5 7 1 17 6 9 5 5 10 1
1 1 1 4 1 2 3 12 2 7 36 16 24 30 10 5 10 0
5 1 6 3 2 5 4 8 2 7 31 16 19 6 10 3 5 1
1 1 2 4 1 1 3 8 5 7 23 14 22 11 7 3 1 1
4 3 3 6 1 3 2 7 2 7 30 16 14 6 12 3 12 0
2 2 4 1 1 2 2 9 2 7 30 16 14 6 12 3 12 1
4 3 5 1 1 1 2 9 2 7 30 16 14 6 12 3 12 1
5 2 6 6 1 5 1 11 2 4 30 7 15 27 15 3 5 1
3 4 4 1 1 4 2 9 2 7 30 16 14 6 12 3 12 0
4 2 4 2 1 5 4 8 5 7 32 10 5 48 4 3 12 0
5 4 3 4 1 3 1 8 2 7 31 16 19 6 10 3 5 1
5 1 5 6 1 1 4 8 2 7 31 16 19 6 11 3 5 0
2 2 5 5 1 3 2 8 2 7 30 16 14 6 12 3 12 0
3 3 3 2 1 5 2 9 5 7 31 17 11 17 9 3 12 0
4 2 3 3 1 1 3 8 2 7 31 16 14 35 10 3 5 0
1 3 4 4 2 5 3 8 5 7 23 14 22 11 7 3 9 1
5 4 5 2 1 3 1 8 5 7 30 18 20 10 5 3 12 1
2 1 5 2 1 1 4 7 2 7 24 16 14 35 11 3 5 1
2 2 5 3 2 3 3 8 2 7 31 16 14 35 10 3 16 1
2 1 2 5 1 1 3 11 5 7 23 14 22 11 7 3 5 1
3 4 4 2 1 3 4 8 7 7 31 9 16 37 4 5 10 0
2 2 3 4 2 5 4 10 2 7 24 16 14 35 11 3 9 0
1 1 5 3 2 4 3 9 7 7 39 9 16 37 7 3 12 1
2 3 4 5 1 1 3 8 5 7 23 14 22 11 7 3 5 1
2 1 1 4 2 4 4 12 5 7 1 17 6 9 5 5 10 1
2 1 6 2 1 1 4 10 5 7 24 17 6 9 4 3 16 0
2 4 3 1 1 3 1 8 5 7 30 18 20 10 5 3 12 1
4 2 2 1 1 2 4 11 7 7 31 9 16 37 4 3 12 1
4 4 3 5 1 2 1 8 2 7 31 16 19 6 10 3 5 1
3 2 3 4 1 2 1 9 2 7 31 16 19 6 10 5 10 1
3 4 3 6 1 3 1 8 5 7 30 18 20 10 5 3 12 1
4 3 4 2 1 5 1 9 2 7 31 16 14 35 15 3 9 1
1 3 3 4 1 4 3 7 2 7 34 16 14 35 12 5 10 1
2 2 5 1 1 3 3 8 5 7 23 14 22 11 7 3 1 1
2 1 5 6 1 3 3 12 1 7 37 15 18 47 7 5 10 0
5 3 3 6 2 5 3 8 5 7 32 17 6 9 5 3 12 0
4 1 5 3 1 2 4 8 2 7 31 16 19 6 11 3 5 0
1 1 3 4 1 5 3 9 2 7 1 16 14 35 16 5 10 1
4 2 3 2 1 2 1 9 2 7 31 16 14 35 15 5 10 1
1 2 4 3 2 4 3 12 2 7 36 16 14 35 12 5 10 1
1 3 3 3 1 1 3 9 2 7 34 16 14 35 12 5 10 1
4 4 5 2 1 5 4 8 5 7 31 17 6 9 7 5 10 0
1 1 5 3 1 1 1 3 6 3 28 5 3 31 8 5 10 1
3 3 5 6 1 4 4 8 5 7 30 10 5 48 4 3 12 1
4 3 5 1 1 5 4 8 5 7 32 10 5 48 4 3 12 0
5 4 5 5 1 3 3 8 5 7 32 18 20 39 9 3 5 0
1 1 4 5 1 5 4 8 5 3 9 4 21 40 4 5 10 0
2 3 3 1 1 4 3 8 5 7 31 17 6 9 5 3 16 0
2 2 6 6 2 5 1 13 5 7 17 18 20 22 3 5 10 0
1 3 3 1 1 4 1 8 5 7 30 18 20 10 5 3 12 1
3 3 3 3 1 4 3 8 2 7 34 16 14 35 12 5 10 1
4 4 3 3 2 2 1 9 2 7 31 16 19 6 10 3 5 0
4 1 5 1 1 2 4 8 5 7 31 17 6 9 5 3 5 1
1 4 4 6 1 3 3 9 5 7 23 14 22 11 7 3 5 1
4 1 2 2 2 2 4 8 5 7 31 17 6 9 5 3 5 0
3 2 3 2 1 4 3 8 5 7 31 17 6 9 5 3 5 1
2 3 5 5 1 1 3 9 5 7 23 14 22 11 7 3 16 1
1 1 1 4 1 5 1 12 2 7 37 16 24 8 10 5 10 0
2 4 5 4 1 2 1 9 2 7 31 16 14 35 15 3 12 1
2 1 5 3 2 2 3 10 2 7 31 16 14 35 10 3 9 0
4 1 4 6 1 5 4 8 5 7 32 18 20 10 4 5 10 0
2 1 3 3 2 4 4 8 5 3 37 4 27 45 4 3 12 0
1 1 3 4 3 1 4 2 2 7 31 16 14 9 5 5 10 0
3 4 2 1 1 3 1 8 5 7 30 18 20 10 5 3 12 1
5 3 5 6 1 5 2 8 2 7 32 16 19 6 12 3 12 0
2 4 5 6 1 5 2 8 2 7 30 16 14 6 12 3 12 1
1 1 1 2 2 4 4 14 5 3 17 4 21 21 7 5 10 0
5 4 4 1 1 4 1 8 5 7 30 18 20 10 5 3 12 0
5 4 6 6 1 2 1 8 2 7 31 16 19 6 15 5 10 1
2 3 5 2 1 3 3 8 5 7 31 17 6 9 5 3 12 0
1 1 5 3 1 1 4 7 2 7 24 16 14 35 11 3 5 1
2 4 5 3 1 4 1 8 5 7 30 18 20 10 5 3 12 1
3 2 6 1 1 5 4 8 7 7 31 9 16 37 4 3 12 1
5 3 2 3 2 1 1 10 2 7 30 16 19 6 10 3 5 1
2 3 5 1 1 3 2 8 2 7 30 16 14 6 12 3 12 1
4 1 4 4 2 3 4 8 5 7 33 17 6 9 4 3 5 0
4 2 5 4 1 1 1 9 2 7 31 16 19 6 15 3 5 1
4 3 5 2 1 5 4 8 5 7 30 10 5 48 4 3 12 1
3 3 5 4 1 2 2 8 2 7 30 16 14 6 12 3 12 1
5 2 6 5 1 5 1 8 2 7 31 16 19 6 15 3 5 0
4 1 3 5 2 4 3 8 5 7 31 17 6 9 5 3 5 0
2 2 4 3 2 3 4 8 5 7 33 17 6 9 7 3 16 1
1 3 5 1 1 5 1 6 3 1 5 13 29 46 16 5 10 1
3 1 5 5 1 3 3 8 5 7 31 17 6 9 5 3 12 0
3 2 5 1 1 4 4 2 5 7 24 17 6 9 4 3 1 0
2 3 3 1 1 1 1 7 5 7 30 18 20 10 5 3 12 0
2 2 5 3 2 1 4 8 5 7 24 17 6 9 4 3 16 1
4 1 2 5 1 5 3 8 2 7 34 16 14 35 12 5 10 0
4 3 4 6 1 3 1 9 2 7 31 16 14 35 15 5 10 1
4 4 3 5 1 4 1 7 2 7 31 16 14 35 15 3 5 1
3 1 6 6 1 3 2 9 2 7 30 16 14 6 12 3 12 1
3 1 5 2 1 2 3 8 5 7 31 17 6 9 5 3 12 0
2 1 5 6 1 4 4 8 5 7 31 17 6 9 5 3 12 1
5 4 6 6 1 1 1 8 2 7 31 16 14 29 10 3 5 0
4 3 5 1 1 1 2 9 2 7 30 16 14 6 12 3 12 1
2 4 5 2 1 5 4 11 7 7 31 9 16 37 4 3 12 0
3 3 5 1 1 3 2 8 2 7 30 16 14 6 12 3 12 1
2 3 5 1 1 3 2 9 2 7 30 16 14 6 12 3 12 1
3 1 2 3 2 4 3 8 2 7 34 16 14 35 12 5 10 1
1 3 3 1 1 1 3 9 5 7 31 17 6 9 5 3 16 1
3 2 3 5 1 5 3 3 5 7 31 17 6 9 5 3 9 1
5 2 4 4 1 3 4 8 2 7 31 16 19 6 11 5 10 1
4 4 6 2 1 2 1 8 5 7 30 18 20 10 5 3 12 1
5 1 2 3 1 5 4 8 5 7 32 10 5 48 4 5 10 0
2 2 5 3 1 5 3 8 5 7 31 17 6 9 5 3 12 1
5 1 5 6 1 2 4 8 2 7 31 16 19 6 11 3 5 0
2 2 4 1 1 3 3 8 5 7 31 17 6 9 5 3 16 1
3 4 5 1 1 1 2 8 2 7 30 16 14 6 12 3 12 0
5 4 3 5 1 2 1 10 2 7 31 16 19 6 10 3 13 0
5 3 4 1 1 1 1 9 2 7 31 16 19 6 10 3 9 0
4 4 4 1 1 3 1 11 5 7 30 18 20 10 5 3 12 0
1 4 2 2 1 5 3 2 5 7 31 17 6 9 5 5 10 1
2 4 5 6 1 5 2 8 2 7 30 16 14 6 12 3 12 1
4 3 2 3 1 2 1 9 2 7 31 16 19 6 10 3 5 1
5 1 2 3 1 3 1 8 2 7 31 16 19 6 15 3 9 0
2 3 6 3 2 4 3 11 2 7 31 16 14 35 10 3 9 1
1 1 5 1 2 4 4 10 5 7 33 17 6 9 4 3 1 1
2 2 6 5 2 2 3 10 5 7 23 14 22 11 7 3 1 1
3 1 1 6 2 5 4 10 5 7 34 17 6 9 7 5 10 0
5 4 6 5 1 1 1 8 2 7 30 16 19 6 10 3 5 0
2 3 3 2 1 4 2 8 2 7 30 16 14 6 12 3 12 0
5 3 4 4 1 3 2 8 2 7 30 16 19 6 12 3 12 0
1 2 4 3 2 2 3 7 2 7 31 16 14 35 10 5 10 1
3 1 5 1 1 1 2 9 2 7 30 16 14 6 12 3 12 1
4 4 3 4 1 2 1 7 2 7 31 16 19 6 10 3 5 0
1 1 6 5 1 3 3 8 5 7 35 17 6 9 7 5 10 1
3 1 2 3 3 4 3 8 2 7 31 16 14 35 10 3 16 0
1 2 6 3 2 5 3 2 5 7 31 17 6 9 5 3 9 1
3 4 3 2 2 3 3 9 2 7 31 16 14 35 10 3 5 1
2 1 3 4 1 4 3 13 2 7 1 16 14 35 16 5 10 0
4 2 5 2 1 1 4 8 5 7 31 17 6 9 5 3 5 0
4 4 4 6 1 4 3 9 5 7 32 18 20 39 9 3 12 0
5 3 3 6 1 3 1 11 2 7 30 16 19 6 10 3 12 0
3 2 6 6 1 5 4 8 5 7 33 17 6 9 7 5 10 0
5 1 5 3 1 1 1 11 2 7 31 16 19 6 15 5 10 1
5 1 4 4 1 1 4 8 7 7 30 9 16 37 5 3 5 0
2 4 5 5 1 3 2 8 2 7 30 16 14 6 12 3 12 1
3 2 6 1 1 1 3 8 5 7 31 17 6 9 5 3 12 0
3 2 4 2 1 5 2 9 2 7 30 16 14 6 12 3 12 1
1 4 6 3 1 5 4 6 2 7 31 16 14 9 5 5 10 1
1 1 2 6 1 2 3 6 3 6 17 3 12 2 7 5 10 1
1 1 5 6 1 3 4 12 5 3 37 4 27 45 4 5 10 0
1 2 5 2 1 2 1 2 2 7 31 16 14 35 15 3 15 1
5 4 2 5 1 3 1 8 2 7 31 16 19 6 10 5 10 1
1 1 4 5 2 5 4 8 5 3 9 4 21 40 4 3 1 0
1 1 5 4 3 5 4 4 2 7 31 16 14 9 5 5 10 1
1 1 5 4 1 1 1 8 6 7 6 12 17 19 17 5 10 0
2 3 2 1 2 1 2 9 2 7 30 16 14 6 12 3 12 0
1 2 5 5 2 2 4 11 5 7 34 17 6 9 7 3 1 1
3 3 3 3 1 1 1 9 2 7 31 16 14 35 15 5 10 0
3 1 3 5 2 4 3 8 2 7 31 16 14 35 10 3 9 1
3 2 6 1 1 2 2 8 2 7 30 16 14 6 12 3 12 0
3 2 2 3 1 4 4 9 7 7 31 9 16 37 4 3 12 0
4 2 2 3 2 5 1 11 2 7 31 16 14 35 15 3 9 1
4 4 5 1 1 2 1 8 2 7 31 16 14 35 15 5 10 1
1 4 3 6 1 5 4 9 5 7 1 17 6 9 5 5 10 1
2 2 5 5 2 4 3 9 2 7 31 16 14 35 10 3 9 1
1 2 5 6 1 1 4 8 5 7 34 17 6 9 7 3 1 1
2 2 6 2 1 2 3 10 5 7 23 14 22 11 7 3 1 1
2 1 5 4 1 1 3 9 5 7 31 17 6 9 5 3 9 1
3 2 5 4 2 5 4 8 2 7 31 16 19 6 11 3 5 1
1 1 1 3 1 4 3 8 5 7 31 17 6 9 5 3 16 1
3 1 4 2 1 4 1 9 2 7 31 16 19 6 15 5 10 0
3 2 1 3 1 3 2 8 2 7 30 16 14 6 12 3 12 1
1 1 3 4 1 5 3 8 2 7 1 16 14 35 16 5 10 1
3 4 2 6 2 1 1 9 2 7 31 16 14 35 15 3 5 1
1 1 5 6 2 4 4 12 5 5 21 17 6 13 4 5 10 1
3 4 5 5 1 4 1 7 2 7 31 16 19 6 10 3 5 1
2 2 5 2 1 1 2 8 2 7 30 16 14 6 12 3 12 0
3 2 5 3 1 2 1 9 2 7 31 16 14 35 15 5 10 1
5 4 5 1 1 3 1 8 2 7 31 16 14 35 15 5 10 1
4 1 3 1 1 3 4 8 5 7 31 17 6 9 5 3 5 1
1 2 2 5 2 2 4 8 5 3 18 4 21 21 7 5 10 1
4 2 5 2 1 5 3 9 2 7 31 16 14 35 10 3 5 0
5 2 4 6 2 1 1 8 2 7 30 16 19 6 10 3 12 0
1 1 5 3 1 4 4 10 5 5 37 14 22 15 4 3 5 1
2 1 3 1 1 2 2 8 2 7 30 16 14 6 12 3 12 0
1 1 5 4 1 4 4 3 5 3 17 4 27 1 7 3 1 1
5 4 5 5 1 5 3 8 5 7 32 17 6 9 5 3 12 0
4 4 4 6 1 3 1 9 2 7 31 16 14 35 15 5 10 1
1 2 2 5 2 5 3 8 5 7 31 17 6 9 5 5 10 1
3 4 4 1 1 3 2 8 2 7 30 16 14 6 12 3 12 1
1 1 5 3 2 5 3 1 5 7 35 17 6 9 7 5 10 1
3 3 5 1 2 1 4 9 7 7 31 9 16 37 4 3 12 1
5 3 6 1 1 3 2 8 2 7 30 16 14 6 12 3 12 0
5 4 3 3 1 2 1 10 2 7 31 16 19 6 15 5 10 1
1 1 4 2 1 5 4 14 2 5 36 2 7 3 12 5 10 0
3 3 4 5 1 5 3 8 5 7 31 17 6 9 5 3 9 1
1 1 3 2 1 5 4 2 5 3 14 4 21 40 4 5 10 0
4 4 3 5 1 1 1 10 2 7 31 16 14 35 15 3 5 0
1 2 5 4 1 3 3 8 6 2 28 12 17 38 6 5 10 1
1 2 2 5 1 1 4 9 2 7 24 16 14 35 11 5 10 1
3 3 3 5 3 5 3 8 5 7 33 17 6 9 5 5 10 0
2 2 3 4 2 1 1 9 2 7 31 16 19 6 10 3 5 1
2 1 2 4 1 3 2 8 2 7 30 16 14 6 12 3 12 1
2 4 3 1 1 1 4 8 5 7 31 17 6 9 5 3 12 0
5 2 5 2 1 3 1 8 2 7 31 16 14 35 15 3 5 0
2 1 4 1 1 3 1 7 5 7 17 18 20 22 3 3 12 1
2 2 4 5 1 5 1 7 2 7 31 16 14 35 15 3 5 1
2 2 5 2 1 3 3 8 5 7 31 17 6 9 5 3 5 1
3 2 3 4 1 4 2 9 2 7 30 16 14 6 12 3 12 1
1 1 5 5 1 4 1 8 6 3 28 5 3 31 8 3 1 0
1 1 5 5 2 1 3 8 5 7 31 17 6 9 5 3 9 0
2 1 3 1 1 3 4 8 7 7 31 9 16 37 4 3 12 0
1 1 4 5 2 5 4 13 5 3 37 4 21 21 7 5 10 0
2 1 5 4 1 4 1 9 2 7 31 16 14 35 15 3 5 1
2 2 4 5 2 4 1 8 2 7 31 16 14 35 15 3 9 1
5 4 5 6 1 2 3 8 5 7 32 18 20 39 9 3 12 0
4 1 4 6 1 3 4 2 5 7 32 18 20 10 4 3 12 0
2 1 6 2 2 3 3 8 5 7 31 17 6 9 5 3 1 1
4 4 4 3 2 5 3 8 2 7 34 16 14 35 12 3 12 0
5 3 3 6 1 2 2 8 2 7 30 16 14 6 12 3 12 1
5 2 5 3 1 5 4 13 2 6 29 16 14 9 5 5 10 1
3 2 6 1 1 5 4 8 7 7 31 9 16 37 4 3 12 1
4 3 5 6 2 2 3 10 2 7 31 16 14 35 10 3 16 1
4 3 5 2 1 5 1 9 2 7 31 16 19 6 10 5 10 1
2 4 5 5 1 2 3 9 2 7 31 16 14 35 10 3 16 1
3 2 3 3 1 2 3 9 5 7 31 17 6 9 5 3 9 1
3 2 6 2 1 5 4 8 5 7 33 17 6 9 4 5 10 1
1 1 4 4 1 3 4 12 5 7 1 17 6 9 5 5 10 1
1 1 4 4 1 5 3 14 5 6 27 4 8 20 7 5 10 0
1 2 4 4 2 2 4 2 5 7 24 17 6 9 4 3 1 1
5 1 4 6 1 3 3 8 5 7 32 17 6 9 5 3 12 0
2 2 2 1 1 1 2 8 2 7 30 16 14 6 12 3 12 0
2 2 3 2 1 4 3 9 5 7 31 17 6 9 5 3 16 1
4 4 3 1 1 1 4 8 5 7 31 17 6 9 5 3 12 0
4 3 4 1 1 4 4 10 7 7 31 9 16 37 4 3 12 1
1 1 5 1 1 5 1 1 2 7 22 16 14 5 10 5 10 1
3 1 4 5 1 4 3 8 5 7 31 17 6 9 5 3 9 0
3 2 4 3 1 2 4 8 5 7 31 17 6 9 5 3 12 0
2 1 5 6 3 2 4 3 5 7 24 17 6 9 4 5 10 1
4 4 3 5 1 2 1 9 2 7 31 16 14 35 15 3 5 1
3 4 4 1 1 5 2 8 2 7 30 16 14 6 12 3 12 0
4 4 6 2 1 2 2 8 2 7 30 16 14 6 12 3 12 1
3 2 4 6 2 3 1 10 2 7 31 16 19 6 10 3 5 1
3 2 3 1 2 4 2 8 2 7 30 16 14 6 12 3 12 0
1 1 1 1 1 4 4 12 5 3 8 4 21 21 7 5 10 0
5 2 5 2 1 2 4 8 5 7 32 10 5 48 4 3 12 0
2 1 3 4 2 2 4 14 5 7 1 17 6 9 5 5 10 1
3 2 5 2 2 2 3 8 2 7 31 16 14 35 10 5 10 0
2 2 4 5 1 3 3 8 5 7 23 14 22 11 7 3 9 1
3 2 2 2 1 2 1 9 2 7 31 16 14 35 15 3 5 1
2 3 5 1 1 5 1 12 2 7 22 16 14 5 10 3 9 1
3 3 5 5 1 3 1 9 2 7 31 16 14 35 15 5 10 1
4 3 6 1 1 2 2 8 2 7 30 16 14 6 12 3 12 0
3 3 6 6 1 4 2 8 2 7 30 16 14 6 12 3 12 1
1 1 3 5 2 5 3 12 2 7 36 16 14 35 12 5 10 1
1 1 4 2 1 5 4 12 2 7 24 16 14 35 11 3 9 1
1 1 1 6 1 2 4 1 2 7 31 16 14 9 5 5 10 0
1 2 3 5 2 3 1 7 2 7 31 16 14 35 15 5 10 1
3 4 4 1 2 4 2 8 2 7 30 16 14 6 12 3 12 1
2 3 4 2 2 3 1 7 2 7 31 16 14 35 15 5 10 1
2 3 4 3 1 5 1 7 2 7 31 16 14 35 15 5 10 1
1 3 2 4 1 1 3 9 5 7 31 17 6 9 5 3 1 1
2 2 5 1 1 2 1 9 5 7 30 18 20 10 5 3 12 0
3 2 3 1 1 4 2 8 5 7 31 17 11 17 9 3 12 0
3 1 5 1 2 2 2 9 2 7 30 16 14 6 12 3 12 0
3 4 5 4 3 5 3 8 2 7 31 16 14 35 10 3 16 0
2 2 3 3 2 2 3 8 5 7 31 17 6 9 5 3 16 1
2 1 4 4 2 5 4 12 5 7 33 17 6 9 4 5 10 1
1 2 3 4 1 1 4 9 2 7 24 16 14 35 11 3 9 1
4 1 5 6 1 4 4 13 2 7 31 16 14 9 5 5 10 0
2 3 3 1 1 2 3 14 1 7 37 15 18 47 7 3 12 1
4 3 3 3 1 2 2 8 2 7 30 16 14 6 12 3 12 1
2 2 6 4 1 4 3 9 2 7 34 16 14 35 10 3 9 1
4 2 5 1 1 5 2 9 2 7 30 16 14 6 12 3 12 0
2 4 5 5 1 2 2 8 2 7 30 16 14 6 12 3 12 1
3 1 5 1 1 3 3 8 5 7 31 17 6 9 5 3 12 0
5 4 5 1 1 3 1 8 5 7 30 18 20 10 5 3 12 1
3 4 2 1 1 1 2 9 2 7 30 16 14 6 12 3 12 0
2 3 2 1 2 4 4 8 7 7 31 9 16 37 4 3 12 1
3 3 3 2 1 4 2 10 2 7 30 16 14 6 12 3 12 0
5 4 6 5 1 4 1 8 2 7 31 16 19 6 10 3 5 0
1 1 3 4 1 4 3 11 5 7 31 17 6 9 5 3 16 0
4 2 4 2 1 4 1 8 5 7 30 18 20 10 5 3 12 0
4 2 4 1 1 3 2 8 2 7 30 16 14 6 12 3 12 1
1 1 3 6 1 5 4 12 5 3 18 4 21 21 7 5 10 0
2 2 3 1 2 3 4 11 5 7 34 17 6 9 4 3 1 1
3 3 5 1 1 1 1 8 5 7 30 18 20 10 5 3 12 0
1 2 2 4 1 3 3 9 5 7 31 17 6 9 5 5 10 1
2 1 5 4 1 2 3 8 5 7 23 14 22 11 7 3 16 1
1 2 3 5 2 4 4 7 5 5 35 17 6 13 4 5 10 1
5 2 5 4 1 3 1 9 2 7 31 16 19 6 10 3 13 0
3 1 4 4 2 3 3 9 5 3 18 4 14 9 5 5 10 0
1 1 4 6 1 5 3 12 5 7 37 14 22 41 7 5 10 0
3 1 3 5 1 5 4 10 5 7 32 18 20 10 4 3 12 0
1 1 4 6 1 4 4 1 5 3 37 4 27 45 4 3 12 0
2 1 4 3 2 2 1 9 2 7 22 16 14 5 10 5 10 0
4 1 3 3 2 1 4 9 5 7 33 17 6 9 7 3 12 0
1 3 3 6 1 5 1 9 3 7 31 11 30 9 5 3 1 1
5 4 6 3 1 4 1 8 2 7 31 16 19 6 15 3 13 0
2 3 2 6 1 5 1 2 2 7 31 16 14 35 15 3 12 0
3 2 5 3 1 5 1 8 5 7 30 18 20 10 5 3 12 1
3 2 5 2 1 5 3 11 5 7 23 14 22 11 7 3 1 0
3 3 4 3 2 1 2 8 2 7 30 16 14 6 12 3 12 0
3 4 3 1 1 2 2 9 2 7 30 16 14 6 12 3 12 1
3 3 2 6 2 5 4 11 5 7 34 17 6 9 7 5 10 1
3 2 6 4 2 1 1 8 2 7 31 16 14 35 15 3 5 1
1 1 2 1 1 5 3 12 2 7 36 16 24 30 10 5 10 0
2 2 2 5 1 5 4 7 5 7 1 17 6 9 5 5 10 1
3 1 5 2 3 3 4 8 5 7 33 17 6 9 7 5 10 1
4 3 3 5 1 2 1 10 2 7 31 16 19 6 10 3 5 0
3 2 5 4 2 4 1 8 2 7 31 16 14 35 15 5 10 1
1 2 2 3 1 4 3 7 2 3 13 2 10 4 13 5 10 1
4 3 4 5 1 2 1 9 2 7 31 16 14 35 15 5 10 1
1 1 3 4 1 1 4 9 2 7 24 16 14 35 11 3 9 1
2 1 3 3 1 5 1 7 5 7 18 17 6 23 3 5 10 0
5 1 5 4 1 3 1 8 2 7 31 16 19 6 10 3 5 0
1 2 2 4 1 5 4 10 2 7 24 16 14 35 11 3 9 1
3 2 5 4 2 1 1 8 2 7 31 16 14 35 15 5 10 1
2 1 5 4 1 5 4 8 5 3 37 4 27 45 4 3 12 1
2 3 5 2 1 4 4 8 2 7 24 16 14 35 11 3 5 1
1 1 5 2 3 4 3 9 2 7 31 16 14 35 10 5 10 1
1 1 5 4 2 2 4 8 5 7 33 17 6 9 4 5 10 0
4 1 2 1 1 2 4 11 7 7 31 9 16 37 4 3 12 1
5 3 6 2 1 1 1 8 2 4 30 7 15 27 15 3 5 0
2 3 3 3 1 3 1 10 5 7 30 18 20 10 5 3 12 1
1 1 5 2 1 5 3 12 2 7 36 16 14 35 13 5 10 0
1 1 1 6 1 5 1 6 3 1 5 13 29 46 16 5 10 0
3 4 6 2 1 3 2 8 2 7 30 16 14 6 12 3 12 1
5 3 3 2 1 4 1 9 2 7 31 16 14 29 10 3 5 0
5 3 3 2 1 1 1 8 2 7 31 16 19 6 15 5 10 1
3 2 5 6 1 3 2 9 2 7 30 16 14 6 12 3 12 1
2 1 5 4 1 4 3 9 2 7 34 16 14 35 10 3 9 1
1 2 2 6 2 2 4 9 5 7 34 17 6 9 7 3 1 1
1 1 5 4 2 2 1 8 6 3 28 5 3 31 8 3 1 1
4 4 2 4 2 5 3 8 2 7 34 16 14 35 12 3 12 0
5 3 5 2 1 3 1 8 2 7 31 16 19 6 10 3 5 1
3 1 2 1 1 1 4 8 7 7 31 9 16 37 4 3 12 1
3 1 5 2 1 3 2 8 2 7 30 16 14 6 12 3 12 1
3 1 3 3 2 4 3 8 2 7 34 16 14 35 12 3 5 0
1 1 4 2 1 5 3 2 1 7 37 15 18 47 7 3 12 0
5 3 6 6 1 3 1 8 2 7 31 16 19 6 10 3 5 0
5 1 4 6 2 1 4 8 2 7 31 16 19 6 11 3 5 0
3 1 2 2 2 5 3 10 2 7 31 16 14 35 10 3 9 1
1 2 5 5 3 1 4 9 2 7 24 16 14 35 11 3 5 1
4 1 5 2 1 2 3 9 5 7 32 17 6 9 5 3 12 0
3 3 5 3 1 2 2 11 2 7 30 16 14 6 12 3 12 0
4 4 4 1 1 2 2 8 2 7 30 16 14 6 12 3 12 1
1 1 3 6 1 5 4 14 5 3 14 4 21 40 4 5 10 0
3 2 4 5 1 2 3 8 2 7 31 16 14 35 10 3 16 1
5 3 3 2 1 1 1 9 2 7 31 16 14 35 15 3 5 0
5 4 3 1 1 3 1 8 5 7 30 18 20 10 5 3 12 1
2 2 2 5 1 3 3 10 5 7 31 17 6 9 5 5 10 0
2 1 4 4 2 1 3 9 5 7 31 17 6 9 5 3 1 1
4 3 2 5 2 2 1 10 2 7 31 16 14 35 15 5 10 1
2 2 5 5 2 3 3 8 2 7 34 16 14 35 12 3 5 0
3 4 4 6 1 5 1 7 2 7 31 16 14 35 15 3 5 0
1 2 4 2 3 1 1 3 6 7 28 12 17 38 3 5 10 0
3 2 2 4 1 5 3 8 2 7 34 16 14 35 12 3 5 0
4 4 5 2 1 3 1 8 2 7 31 16 14 35 15 5 10 1
1 1 5 4 1 3 4 8 2 7 24 16 14 35 11 3 9 0
5 2 5 2 1 5 1 11 2 7 31 16 19 6 15 3 5 1
3 1 4 1 1 4 2 9 2 7 30 16 14 6 12 3 12 0
2 3 3 2 1 2 2 10 2 7 30 16 14 6 12 3 12 0
2 1 3 2 1 3 2 9 2 7 30 16 14 6 12 3 12 1
2 3 3 3 1 2 3 9 5 7 31 17 6 9 5 3 16 0
4 1 4 6 1 1 3 10 5 7 31 17 6 9 5 5 10 1
1 2 5 1 2 4 4 11 5 7 33 17 6 9 4 3 1 1
2 1 2 3 1 5 3 12 7 7 39 9 16 37 7 3 12 1
1 1 1 2 2 1 3 8 5 7 31 17 6 9 5 3 5 1
1 1 3 1 3 3 3 4 2 7 36 16 24 30 10 5 10 0
3 1 4 1 2 4 4 2 7 7 31 9 16 37 4 3 12 1
4 4 6 6 1 5 3 8 5 7 32 17 6 9 5 3 12 0
3 3 3 1 1 2 2 8 2 7 30 16 14 6 12 3 12 1
4 2 4 1 2 4 4 10 5 7 32 18 20 10 4 3 12 0
3 3 3 1 1 4 2 9 2 7 30 16 14 6 12 3 12 1
5 3 6 6 1 2 1 9 2 7 31 16 19 6 10 3 5 1
5 4 4 4 1 2 4 8 5 7 32 4 14 9 5 3 5 0
4 3 5 6 1 3 1 10 2 7 31 16 19 6 10 5 10 0
2 1 4 3 1 5 4 8 5 7 24 17 6 9 4 3 5 0
2 2 5 5 2 1 3 10 5 7 23 14 22 11 7 3 9 1
5 1 5 2 1 2 4 8 2 7 31 16 19 6 11 3 9 0
1 2 3 6 1 2 4 2 5 7 24 17 6 9 4 3 5 1
1 4 3 5 3 4 3 2 5 7 31 17 6 9 5 3 1 1
2 4 3 6 1 3 1 8 5 7 30 18 20 10 5 3 12 1
1 1 3 5 1 5 3 2 7 7 39 9 16 37 7 5 10 1
4 2 2 5 1 2 1 9 5 7 30 18 20 10 5 3 12 0
1 3 3 4 1 4 4 12 5 7 34 17 6 9 7 3 8 1
1 4 4 6 1 1 3 9 5 7 31 17 6 9 5 5 10 1
1 1 4 5 1 1 4 3 3 7 25 3 26 9 5 5 10 0
5 2 6 4 1 1 1 8 2 7 31 7 13 34 15 5 10 1
3 2 3 4 1 2 3 11 5 7 31 17 6 9 5 5 10 1
3 2 6 5 1 3 3 8 2 7 31 16 14 35 10 3 5 1
3 3 5 2 1 4 3 8 5 7 31 17 6 9 5 3 12 0
1 1 5 6 1 3 3 9 5 7 23 14 22 11 7 5 10 0
1 2 6 4 2 4 3 8 2 7 31 16 14 35 10 3 9 1
2 2 4 4 2 5 3 8 2 7 34 16 14 35 12 3 9 1
2 3 4 4 1 4 3 8 5 7 31 17 6 9 5 3 1 1
5 3 5 2 1 1 1 9 2 7 31 16 14 35 15 5 10 0
4 1 5 6 1 4 1 8 2 7 31 16 14 35 15 3 5 0
4 2 6 1 1 1 4 9 7 7 31 9 16 37 4 3 12 0
2 2 3 2 1 1 3 8 5 7 23 14 22 11 7 3 12 1
4 3 4 5 1 5 1 7 2 7 31 16 14 35 15 3 5 0
4 3 6 1 1 2 1 8 5 7 30 18 20 10 5 3 12 1
1 1 4 4 1 2 4 13 5 3 17 4 21 21 7 5 10 1
3 1 4 2 1 1 3 8 5 7 31 17 6 9 5 3 16 0
5 2 5 6 1 1 1 10 2 7 31 16 19 6 15 3 5 0
2 3 4 2 1 4 4 9 5 7 30 10 5 48 4 3 12 1
3 1 4 2 1 4 3 8 5 7 31 17 6 9 5 3 5 0
3 1 6 1 1 2 4 8 5 7 32 10 5 48 4 3 12 1
2 4 2 2 1 3 1 8 5 7 30 18 20 10 5 3 12 1
1 2 5 5 1 5 4 8 5 7 33 17 6 9 7 3 1 1
1 2 2 4 1 5 4 13 5 3 17 4 27 1 7 5 10 0
3 4 6 2 2 3 2 11 2 7 30 16 14 6 12 3 12 1
3 3 2 1 1 2 2 10 2 7 30 16 14 6 12 3 12 0
2 1 3 4 1 1 3 7 5 7 37 14 22 41 7 5 10 0
3 3 6 5 1 3 1 9 2 7 31 16 19 6 10 3 13 1
4 1 5 4 2 3 4 8 5 7 33 17 6 9 7 3 5 0
4 4 6 6 1 3 1 8 2 7 31 16 19 6 10 3 5 1
2 3 4 3 1 2 3 8 1 7 37 15 18 47 7 5 10 1
4 4 2 1 1 3 2 9 2 7 30 16 14 6 12 3 12 1
3 1 5 6 1 4 4 8 5 7 31 17 6 9 5 3 12 1
1 3 3 5 1 1 3 8 5 7 23 14 22 11 7 3 1 1
2 1 6 5 1 3 1 9 2 7 31 16 14 35 15 5 10 1
1 1 5 6 1 2 4 9 5 7 33 17 6 9 7 3 1 1
3 2 3 2 1 3 2 7 2 7 30 16 14 6 12 3 12 0
2 3 3 6 1 5 4 8 7 7 31 9 16 37 4 3 12 0
1 2 5 2 1 5 1 6 2 7 15 16 14 9 5 5 10 1
4 4 3 6 1 4 3 9 2 3 13 2 10 4 13 3 13 1
2 2 4 2 1 3 3 8 5 7 23 14 22 11 7 3 1 1
2 1 5 6 2 5 3 9 2 7 1 16 14 35 16 3 12 1
1 1 2 5 2 2 4 8 5 7 34 17 6 9 4 3 1 1
3 2 3 3 2 1 1 10 2 7 31 16 14 35 15 3 5 1
2 3 5 2 1 5 3 8 5 7 23 14 22 11 7 3 9 1
4 4 2 1 1 3 1 9 5 7 30 18 20 10 5 3 12 1
4 2 3 4 2 1 4 8 5 7 34 17 6 9 7 3 12 0
3 2 3 3 2 3 3 8 2 7 34 16 14 35 12 3 5 1
3 4 5 1 1 1 3 9 5 7 31 17 6 9 5 3 12 1
3 2 6 1 1 4 2 8 2 7 30 16 14 6 12 3 12 0
4 2 5 4 2 1 4 8 7 7 31 9 16 37 4 5 10 1
3 2 3 1 1 4 3 8 5 7 31 17 6 9 5 3 16 0
5 2 5 1 1 2 4 8 5 7 31 17 6 9 5 3 12 0
4 2 6 2 1 2 1 8 2 7 31 16 19 6 10 3 5 1
4 4 4 2 2 4 1 11 2 7 31 16 19 6 10 5 10 1
1 1 4 5 3 2 4 3 2 7 31 16 14 9 5 5 10 0
5 1 4 6 1 1 1 8 2 7 32 7 15 36 15 3 5 0
5 2 3 1 1 1 2 9 2 7 30 16 14 6 12 3 12 0
3 1 4 1 2 4 3 8 5 7 31 17 6 9 5 3 16 0
2 3 3 4 1 1 4 8 5 7 24 17 6 9 4 3 16 0
2 3 5 2 1 2 3 8 5 7 31 17 6 9 5 3 5 1
1 4 6 3 1 5 4 8 5 7 34 17 6 9 7 3 8 1
2 3 2 6 1 5 1 8 3 7 31 11 30 9 5 3 1 1
2 1 5 2 3 5 4 10 5 7 33 17 6 9 4 3 1 0
5 4 5 6 1 2 3 8 5 7 32 18 20 39 9 3 12 0
1 2 5 4 1 4 3 9 5 7 31 17 6 9 5 3 9 1
4 2 3 1 2 3 2 8 2 7 30 16 14 6 12 3 12 1
1 1 4 5 1 2 3 10 5 7 23 14 22 11 7 3 5 1
4 1 3 1 1 4 2 11 2 7 30 16 14 6 12 3 12 1
2 1 6 3 1 3 4 9 2 7 24 16 14 35 11 3 9 1
5 4 5 3 3 4 1 8 2 7 31 16 19 6 10 3 5 0
3 3 3 2 1 4 4 8 5 7 30 10 5 48 4 3 12 0
1 3 4 4 1 1 3 8 5 7 23 14 22 11 7 3 8 1
4 2 3 2 1 5 1 9 2 7 31 16 19 6 10 5 10 0
3 4 4 2 1 5 1 11 5 7 30 18 20 10 5 3 12 0
4 3 6 5 1 5 1 8 2 7 31 16 14 35 15 3 5 0
4 1 4 6 1 5 3 8 2 7 34 16 14 35 12 3 5 0
3 4 2 4 3 3 3 8 5 7 31 17 6 9 5 3 16 0
2 1 4 4 2 5 3 11 2 7 31 16 14 35 10 3 9 1
1 1 3 5 3 1 4 7 2 7 24 16 14 35 11 5 10 1
3 1 5 1 2 1 2 8 2 7 30 16 14 6 12 3 12 1
1 1 2 1 2 5 4 8 5 7 33 17 6 9 4 3 1 1
3 4 4 2 2 3 1 8 2 7 31 16 14 35 15 3 16 1
1 3 5 6 2 2 3 2 2 7 31 16 14 35 10 3 16 1
3 1 6 2 2 2 3 8 5 7 31 17 6 9 5 3 16 0
3 2 5 1 1 1 4 8 5 7 31 17 6 9 5 3 12 0
3 4 6 3 1 4 1 8 2 7 31 16 14 35 15 3 5 1
4 4 5 1 1 4 2 8 2 7 30 16 14 6 12 3 12 1
3 3 4 4 1 3 1 7 2 7 31 16 19 6 10 3 5 1
2 3 5 1 1 4 3 8 5 7 31 17 6 9 5 3 16 0
2 1 4 4 2 3 3 7 2 7 31 16 14 35 10 5 10 1
2 1 4 2 1 4 3 8 5 7 31 17 6 9 5 3 12 1
3 2 5 5 1 3 2 9 2 7 30 16 14 6 12 3 12 1
1 3 5 3 2 5 3 11 5 7 23 14 22 11 7 3 1 1
1 1 3 4 1 3 4 12 2 7 24 16 14 35 11 5 10 1
1 2 5 3 2 1 4 9 2 7 24 16 14 35 11 3 5 1
3 4 5 2 1 4 2 8 2 7 30 16 14 6 12 3 12 0
4 3 6 2 2 3 1 10 2 7 31 16 19 6 10 3 5 0
5 1 5 2 1 1 4 8 5 3 30 4 14 9 5 3 5 0
4 2 6 6 1 3 1 9 2 7 31 16 19 6 10 3 5 1
4 1 4 6 1 5 4 8 5 3 19 4 27 1 7 5 10 0
4 2 5 5 2 1 3 11 5 7 31 17 6 9 5 3 5 0
5 3 6 6 1 5 1 8 2 7 31 16 19 6 10 3 12 1
2 1 3 6 2 5 4 7 2 7 24 16 14 35 11 3 12 1
1 1 3 4 2 4 4 14 5 7 1 17 6 9 5 5 10 1
2 2 5 1 2 2 4 8 5 7 34 17 6 9 4 3 16 0
1 1 2 1 2 5 4 8 5 7 33 17 6 9 4 3 1 1
5 1 5 3 2 3 4 10 2 7 31 16 19 6 10 3 5 0
2 3 5 1 1 4 1 9 5 7 17 18 20 22 3 3 12 1
5 2 4 5 2 1 1 8 2 7 31 16 19 6 10 3 5 0
1 1 4 3 1 4 3 9 5 7 31 17 6 9 5 3 5 1
3 4 5 1 1 4 2 8 2 7 30 16 14 6 12 3 12 1
4 4 4 2 1 5 1 9 5 7 30 18 20 10 5 3 12 1
2 3 4 2 2 3 3 8 5 7 31 17 6 9 5 3 16 0
1 2 5 3 2 3 4 8 5 7 34 17 6 9 7 3 1 1
4 1 4 3 1 5 2 9 2 7 30 16 14 6 12 3 12 1
3 1 4 4 2 5 4 8 5 3 38 4 21 9 16 5 10 0
3 2 6 6 1 1 3 8 5 7 31 17 6 9 5 3 12 0
2 2 5 1 1 4 1 8 5 7 30 18 20 10 5 3 12 1
5 4 6 2 1 1 1 10 2 7 30 16 19 6 10 3 12 1
2 2 3 2 1 3 3 7 1 7 37 15 18 47 7 3 12 1
1 2 1 6 1 1 3 8 5 7 23 14 22 11 7 3 16 1
2 1 3 5 2 5 3 8 2 7 31 16 14 35 10 3 9 1
3 4 4 5 2 5 1 8 2 7 31 16 14 35 15 3 9 0
5 4 3 6 1 2 3 10 5 7 32 18 20 39 9 3 12 0
3 4 5 2 1 5 2 8 2 7 30 16 14 6 12 3 12 1
1 2 4 3 2 1 4 8 5 7 34 17 6 9 7 3 1 1
5 1 3 6 1 2 4 8 5 7 31 17 6 9 5 3 12 0
1 1 4 4 1 2 4 14 5 3 17 4 21 21 7 5 10 0
3 1 5 5 1 1 4 9 5 7 31 17 6 9 7 3 5 0
5 3 6 1 1 1 2 8 2 7 30 16 14 6 12 3 12 1
2 3 4 3 2 4 3 11 2 7 31 16 14 35 10 3 9 1
3 2 5 1 2 5 4 8 7 7 31 9 16 37 4 3 12 0
5 2 4 6 1 5 1 8 2 7 31 16 19 6 10 3 5 1
3 1 4 5 2 2 4 8 5 7 33 17 6 9 7 5 10 1
5 4 5 1 1 3 2 8 2 7 30 16 14 6 12 3 12 1
3 2 2 4 1 1 3 9 2 7 31 16 14 35 10 3 9 1
3 4 4 3 2 1 1 7 2 7 31 16 14 35 15 3 5 1
2 1 5 4 1 2 1 9 2 7 31 16 14 35 15 5 10 1
5 3 5 6 1 5 1 8 2 4 32 7 15 27 15 3 12 0
3 3 3 5 1 4 3 9 5 7 31 17 6 9 5 5 10 1
4 4 4 2 1 3 1 9 2 7 31 16 19 6 15 3 13 0
4 4 4 5 1 2 1 8 5 7 30 18 20 10 5 3 12 0
1 1 4 5 2 5 4 12 5 3 8 4 21 21 7 5 10 0
4 3 5 1 1 5 2 8 2 7 30 16 14 6 12 3 12 0
2 2 4 6 1 3 1 10 2 7 31 16 19 6 15 5 10 1
4 2 5 1 1 2 2 8 2 7 30 16 14 6 12 3 12 1
2 1 3 5 1 3 3 7 2 3 13 2 10 4 13 5 10 0
2 4 5 1 1 3 2 8 2 7 30 16 14 6 12 3 12 1
1 2 5 5 3 5 3 9 2 7 31 16 14 35 10 3 8 1
3 2 6 2 1 5 2 8 2 7 30 16 14 6 12 3 12 0
4 4 2 6 1 2 1 9 2 7 31 16 14 35 15 3 5 0
2 1 5 2 1 5 3 8 5 7 23 14 22 11 7 3 1 1
5 4 4 6 1 3 1 8 5 7 30 18 20 10 5 3 12 0
5 1 5 6 1 1 4 8 5 7 32 4 14 9 5 3 5 0
1 1 3 2 1 1 1 8 6 7 6 12 17 19 17 5 10 0
1 3 2 2 1 5 4 8 5 2 36 17 6 9 16 3 8 1
2 3 4 2 2 4 3 9 2 7 31 16 14 35 10 3 9 1
4 2 5 2 1 1 4 8 5 7 31 17 6 9 5 3 12 0
4 2 4 3 1 4 1 9 2 7 31 16 19 6 10 5 10 1
3 4 5 3 1 4 3 9 5 3 18 4 14 9 5 3 5 1
4 2 5 5 1 4 1 9 2 7 31 16 19 6 10 3 5 1
5 2 6 6 1 3 3 11 2 7 30 16 19 6 13 3 5 0
2 1 3 4 1 4 4 11 5 7 24 17 6 9 4 3 16 1
2 1 5 3 2 1 4 8 5 7 24 17 6 9 4 3 9 0
2 1 6 3 1 1 4 8 5 7 24 17 6 9 4 3 16 1
3 2 6 3 1 3 2 8 2 7 30 16 14 6 12 3 12 1
2 1 3 4 1 3 1 9 2 7 31 16 14 35 15 3 5 1
5 2 3 6 1 2 4 8 5 7 32 10 2 16 2 3 5 0
5 2 5 2 1 2 1 11 2 7 32 7 15 36 15 3 5 0
1 2 5 3 1 5 3 12 2 7 33 16 14 35 12 5 10 1
3 3 5 2 1 3 1 9 2 7 31 16 14 35 15 3 5 0
1 1 6 2 2 5 4 2 5 3 8 4 21 21 7 5 10 0
1 1 5 2 1 5 4 3 5 3 9 4 21 40 4 5 10 1
2 1 5 6 2 4 4 10 5 7 33 17 6 9 4 3 1 1
5 2 4 3 1 2 1 8 2 7 31 16 19 6 15 3 13 0
1 1 6 5 2 5 4 11 5 7 33 17 6 9 4 5 10 1
4 2 2 1 1 3 2 8 2 7 30 16 14 6 12 3 12 0
3 3 4 4 2 1 1 8 2 7 31 16 14 35 15 3 8 0
3 1 6 1 1 3 2 8 2 7 30 16 14 6 12 3 12 1
4 3 5 1 1 1 4 8 7 7 31 9 16 37 4 3 12 0
4 1 6 3 1 4 4 8 7 7 31 9 16 37 4 3 12 1
2 1 5 3 3 5 1 8 6 7 6 12 17 19 17 5 10 0
3 2 6 6 1 5 4 8 5 7 31 17 6 9 5 3 12 0
5 3 5 4 1 2 4 8 5 7 32 18 20 10 4 5 10 0
3 4 2 1 1 4 2 8 2 7 30 16 14 6 12 3 12 1
1 1 3 1 1 2 4 1 2 7 31 16 14 9 5 3 1 0
3 3 3 1 1 5 2 9 2 7 30 16 14 6 12 3 12 1
4 4 3 5 1 3 1 8 2 7 31 16 19 6 10 3 5 1
3 1 3 2 1 4 2 8 2 7 30 16 14 6 12 3 12 1
1 1 6 5 1 5 3 9 5 7 31 17 6 9 5 5 10 0
3 3 5 3 1 3 2 8 2 7 30 16 14 6 12 3 12 1
4 4 5 1 2 3 2 8 2 7 30 16 14 6 12 3 12 0
3 2 3 4 2 1 1 7 2 7 31 16 14 35 15 3 5 1
4 1 1 6 1 3 1 8 2 7 31 16 19 6 10 3 5 1
2 1 5 1 1 5 4 8 5 7 24 17 6 9 4 3 16 1
2 3 6 3 2 4 3 11 5 7 23 14 22 11 7 3 1 1
1 1 5 6 1 2 4 8 5 7 33 17 6 9 7 3 1 1
2 1 5 5 1 5 3 9 5 7 31 17 6 9 5 5 10 0
4 3 4 1 1 1 4 10 7 7 31 9 16 37 4 3 12 1
4 2 6 4 1 1 1 8 2 7 31 16 14 35 15 5 10 0
1 2 3 3 3 1 1 3 6 7 28 12 17 38 3 5 10 1
3 3 3 1 1 2 1 11 5 7 30 18 20 10 5 3 12 0
1 2 5 2 1 5 1 8 2 7 22 16 14 5 10 3 1 1
4 1 5 3 1 4 1 8 2 7 31 16 19 6 10 3 13 1
2 1 6 4 2 1 3 9 5 7 31 17 6 9 5 3 1 1
5 2 1 2 1 3 1 8 5 7 30 18 20 10 5 3 12 1
4 2 3 5 2 2 1 8 2 7 31 16 19 6 10 3 5 1
5 1 5 1 1 2 2 8 2 7 30 16 14 6 12 3 12 1
2 2 6 6 1 1 4 8 7 7 31 9 16 37 4 3 12 1
1 2 5 5 1 3 4 2 5 7 1 17 6 9 5 5 10 1
4 3 3 1 2 1 2 9 2 7 30 16 14 6 12 3 12 1
4 4 4 6 1 3 2 8 2 7 30 16 14 6 12 3 12 0
3 2 4 1 1 4 2 7 2 7 30 16 14 6 12 3 12 1
2 3 5 5 1 1 2 8 2 7 30 16 14 6 12 3 12 1
1 3 5 4 1 3 3 8 5 7 23 14 22 11 7 3 12 1
4 3 4 6 1 5 2 8 2 7 30 16 14 6 12 3 12 0
1 1 2 2 1 3 3 9 5 7 31 17 6 9 5 3 16 1
4 1 5 6 2 5 1 9 2 7 31 16 14 35 15 5 10 1
5 4 4 6 1 3 1 8 2 7 31 16 19 6 15 3 13 0
4 1 2 6 2 4 4 9 5 7 33 17 6 9 4 5 10 1
2 2 6 4 1 4 3 8 5 7 31 17 6 9 5 3 16 1
1 1 5 3 1 5 3 8 5 7 31 17 6 9 5 3 9 1
2 1 4 5 2 1 4 9 5 7 24 17 6 9 4 5 10 1
4 3 5 1 1 5 1 9 2 7 31 16 14 35 15 3 5 1
4 1 2 1 1 3 1 9 5 7 30 18 20 10 5 3 12 1
1 1 5 2 3 5 4 8 5 7 33 17 6 9 4 3 1 0
3 2 5 2 2 3 2 8 2 7 30 16 14 6 12 3 12 1
1 3 6 6 2 4 1 10 2 7 31 16 14 35 15 3 5 0
4 3 5 1 1 2 4 8 7 7 32 9 25 43 4 3 12 1
1 2 3 5 3 1 4 7 2 7 24 16 14 35 11 3 5 1
4 1 4 3 1 5 4 8 2 7 31 16 19 6 11 3 5 0
1 2 2 4 1 1 3 9 5 7 31 17 6 9 5 3 1 1
2 1 1 4 2 1 3 9 5 7 31 17 6 9 5 3 1 1
1 2 3 5 1 2 4 9 5 7 24 17 6 9 4 3 9 0
4 2 5 6 1 1 3 10 5 7 31 17 6 9 5 5 10 1
1 1 5 3 2 3 4 8 5 7 33 17 6 9 7 5 10 1
1 2 4 2 3 3 3 8 5 7 31 17 6 9 5 3 1 1
1 1 3 2 2 2 4 8 5 7 32 10 5 48 4 3 5 1
2 2 3 2 2 1 3 9 5 7 31 17 6 9 5 3 5 1
4 3 2 1 1 1 4 8 7 7 32 9 16 37 4 3 12 1
4 3 5 3 1 1 1 11 2 7 31 16 19 6 10 3 5 0
3 4 6 6 1 4 1 8 2 7 31 16 14 35 15 5 10 1
1 3 3 5 2 3 4 9 2 7 24 16 14 35 11 5 10 1
5 4 5 1 1 1 1 8 2 7 31 16 14 35 15 5 10 1
4 4 5 2 1 3 1 9 2 7 31 16 14 35 15 5 10 1
1 1 5 4 3 5 3 9 2 7 31 16 14 35 10 3 9 0
1 3 3 6 2 1 1 9 2 7 31 16 14 35 15 5 10 1
3 1 3 5 2 4 3 8 2 3 13 2 10 4 13 3 13 1
2 2 2 4 2 3 4 11 5 7 24 17 6 9 4 3 5 1
5 3 4 4 2 2 1 8 2 7 31 16 19 6 10 3 5 0
2 2 5 6 3 5 1 8 2 7 31 16 14 35 15 3 9 0
1 1 4 5 2 2 1 4 6 7 28 12 17 38 3 3 1 1
1 4 4 6 1 1 3 2 5 7 31 17 6 9 5 3 16 1
5 3 5 6 1 5 1 8 2 7 32 7 15 36 15 3 12 0
1 4 5 1 1 5 1 6 2 7 22 16 14 5 10 3 9 1
3 3 4 4 1 5 2 9 2 7 30 16 14 6 12 3 12 0
4 2 5 2 1 2 2 8 2 7 30 16 14 6 12 3 12 1
3 2 5 5 2 1 4 8 5 2 36 17 6 9 16 5 10 1
4 4 4 6 1 3 3 8 5 7 32 18 20 39 9 3 12 0
3 2 6 2 1 3 4 8 7 7 31 9 16 37 4 3 12 1
1 2 4 3 1 1 4 9 2 7 24 16 14 35 11 3 9 1
5 4 5 1 1 4 1 8 2 7 31 16 19 6 10 3 5 0
5 2 5 6 1 5 1 8 2 7 30 16 19 6 10 3 5 0
1 1 3 4 2 5 4 8 5 3 17 4 27 1 7 3 1 1
3 1 5 1 1 5 1 9 2 7 31 16 14 35 15 3 5 1
4 3 3 6 1 5 4 9 5 7 32 18 20 10 4 3 12 0
2 2 3 4 1 2 1 7 2 7 31 16 19 6 10 3 5 1
1 1 6 3 1 5 3 8 2 7 1 16 14 35 16 5 10 1
1 1 4 5 1 4 4 13 2 7 31 16 14 9 5 5 10 0
5 3 5 1 1 1 1 8 2 7 31 16 19 6 10 5 10 1
1 1 5 1 2 5 4 11 5 7 33 17 6 9 4 3 1 1
3 1 5 3 2 4 4 3 5 5 35 17 6 13 4 5 10 1
1 3 6 3 2 3 4 8 5 7 34 17 6 9 7 3 1 1
3 2 3 1 1 3 2 8 2 7 30 16 14 6 12 3 12 1
3 2 4 5 2 2 3 8 5 7 31 17 6 9 5 3 12 0
3 2 2 1 1 1 2 10 2 7 30 16 14 6 12 3 12 1
1 1 3 5 1 4 3 9 1 7 37 15 18 47 7 5 10 1
4 3 5 1 1 4 2 8 2 7 30 16 14 6 12 3 12 1
5 3 5 6 1 1 1 8 2 7 32 16 19 6 15 3 12 0
2 3 4 3 1 2 3 8 5 7 23 14 22 11 7 3 9 1
4 2 4 6 1 4 2 8 2 7 30 16 14 6 12 3 12 1
3 1 5 2 2 5 4 12 7 7 31 9 16 37 4 3 12 1
4 2 6 6 2 1 1 8 2 7 31 16 14 35 15 3 5 1
1 1 2 4 2 3 4 8 5 7 33 17 6 9 7 3 1 1
4 3 3 5 1 3 1 9 2 7 31 16 14 35 15 3 5 0
2 3 5 3 1 5 1 10 2 7 31 16 14 35 15 3 5 1
2 2 3 1 1 2 4 11 5 7 24 17 6 9 4 3 16 1
1 4 3 4 1 1 1 8 5 7 18 17 6 23 3 5 10 0
3 2 5 1 1 3 4 8 7 7 31 9 16 37 4 3 12 1
1 3 6 3 2 3 3 8 2 7 31 16 14 35 10 3 16 1
4 4 5 2 1 4 2 8 2 7 30 16 14 6 12 3 12 1
1 1 5 4 1 5 4 9 2 7 24 16 14 35 11 3 5 1
2 1 1 5 2 5 3 11 5 7 33 17 6 9 5 3 1 0
2 1 3 4 1 5 3 8 5 7 31 17 6 9 5 3 5 1
2 4 6 4 2 3 1 9 5 7 30 18 20 10 5 3 12 0
1 3 3 2 1 2 4 9 5 3 8 4 21 21 7 3 8 1
4 3 6 6 1 1 4 8 5 7 32 18 20 10 4 5 10 0
1 1 5 4 2 3 4 2 5 5 35 17 6 13 4 5 10 0
4 1 5 4 1 2 3 9 2 7 31 16 14 35 10 5 10 1
2 4 4 6 1 5 3 12 1 7 37 15 18 47 7 5 10 1
1 4 4 3 1 5 3 2 5 7 23 14 22 11 7 3 9 1
1 2 3 3 1 1 4 9 2 7 24 16 14 35 11 3 9 1
3 3 2 1 1 4 2 8 2 7 30 16 14 6 12 3 12 0
4 4 3 6 1 4 2 8 2 7 30 16 14 6 12 3 12 1
1 1 5 6 1 5 2 8 2 7 30 16 14 6 12 3 12 0
2 1 5 4 1 3 4 9 5 7 33 17 6 9 7 3 5 0
2 2 5 2 2 2 3 11 5 7 23 14 22 11 7 3 16 0
4 3 4 6 1 3 2 8 2 7 30 16 19 6 12 3 12 0
5 3 5 5 1 1 1 8 2 7 31 16 19 6 15 3 9 0
4 2 3 3 1 1 1 8 2 7 31 16 19 6 15 5 10 1
3 3 6 2 1 1 1 8 5 7 30 18 20 10 5 3 12 1
1 2 2 4 2 4 4 2 5 5 37 14 22 15 4 3 5 0
2 2 5 1 1 5 3 8 5 7 31 17 6 9 5 3 1 1
2 2 6 2 2 3 3 8 5 7 31 17 6 9 5 3 5 0
1 3 5 2 1 1 3 8 5 7 23 14 22 11 7 3 16 1
1 1 5 6 1 2 4 1 2 7 31 16 14 9 5 5 10 0
1 1 6 5 2 4 4 3 5 5 35 17 6 13 4 5 10 0
5 3 5 1 1 3 4 8 2 7 31 16 19 6 11 3 9 0
3 2 4 1 1 2 4 8 7 7 31 9 16 37 4 3 12 1
2 1 4 5 1 1 3 11 5 7 23 14 22 11 7 3 5 1
4 4 3 5 1 3 1 2 2 7 31 16 14 35 15 5 10 1
2 2 6 5 1 1 3 8 5 7 23 14 22 11 7 3 5 1
1 2 4 3 1 4 4 11 5 7 24 17 6 9 4 3 1 1
2 3 3 5 1 5 1 9 2 7 31 16 14 35 15 5 10 1
2 1 4 1 1 3 2 9 2 7 30 16 14 6 12 3 12 1
3 1 2 1 1 3 4 9 7 7 31 9 16 37 4 3 12 1
4 1 5 4 1 2 1 9 2 7 31 16 19 6 10 3 5 0
1 1 4 2 2 5 3 12 2 7 36 16 14 35 13 5 10 1
2 3 3 4 2 2 3 8 2 7 31 16 14 35 10 3 9 1
3 3 3 2 2 5 3 10 2 7 31 16 14 35 10 3 9 0
1 1 5 4 1 2 4 8 5 7 34 17 6 9 7 3 1 1
1 1 3 1 1 3 1 9 5 7 30 18 20 10 5 3 12 1
1 1 1 1 1 4 1 12 5 7 18 17 6 23 3 5 10 0
1 4 4 1 1 3 3 3 2 7 1 16 14 35 16 5 10 1
4 4 4 6 1 5 3 8 5 7 32 17 6 9 5 3 12 0
2 2 5 3 1 5 3 9 5 7 31 17 6 9 5 5 10 0
4 2 3 6 1 1 4 8 5 7 32 18 20 10 4 3 12 0
3 3 4 2 2 1 3 9 2 7 34 16 14 35 12 3 12 0
1 3 4 2 2 2 4 13 5 3 18 4 14 9 5 3 1 1
4 1 4 6 1 5 4 13 5 3 19 4 27 1 7 5 10 0
4 2 5 1 1 1 2 9 2 7 30 16 14 6 12 3 12 1
1 1 5 3 2 5 4 8 5 5 35 17 6 13 4 5 10 1
1 1 2 2 2 3 4 9 5 3 17 4 27 1 7 3 5 0
2 2 5 4 3 3 3 9 2 7 31 16 14 35 10 3 16 1
4 3 3 1 1 2 2 8 2 7 30 16 14 6 12 3 12 1
5 1 6 4 2 4 4 8 2 7 31 16 19 6 11 3 5 0
4 4 6 1 1 4 4 8 5 7 31 17 6 9 5 3 12 1
1 3 3 6 1 1 3 8 5 7 23 14 22 11 7 3 1 1
3 2 6 1 1 1 2 8 2 7 30 16 14 6 12 3 12 0
1 1 2 4 1 5 4 8 5 3 17 4 27 1 7 3 1 1
1 2 4 4 1 2 4 7 5 7 34 17 6 9 7 3 1 1
4 2 4 3 1 4 2 8 2 7 32 16 19 6 12 3 12 0
1 4 5 6 1 5 2 8 2 7 30 16 14 6 12 3 12 0
5 4 5 6 2 4 4 2 5 7 32 10 2 16 2 3 12 0
1 1 3 1 1 5 4 12 5 3 8 4 21 21 7 5 10 0
2 1 5 5 2 3 4 9 7 7 31 9 16 37 4 3 12 0
2 2 4 6 1 4 4 12 5 7 31 17 6 9 5 5 10 1
1 1 4 4 1 3 4 8 2 7 24 16 14 35 11 3 9 1
5 2 3 6 1 2 1 8 5 7 30 18 20 10 5 3 12 0
4 4 5 1 2 1 2 9 2 7 30 16 14 6 12 3 12 1
1 1 5 5 1 2 3 9 5 7 23 14 22 11 7 3 1 1
2 2 4 2 1 1 3 8 5 7 31 17 6 9 5 3 1 1
2 1 4 4 2 1 4 8 5 7 24 17 6 9 4 3 16 0
3 2 3 4 1 3 3 10 2 7 31 16 14 35 10 5 10 1
4 2 3 3 1 3 1 9 2 7 31 16 14 35 15 3 5 1
4 4 4 4 2 4 1 8 2 7 31 16 14 35 15 5 10 0
2 1 2 3 1 2 4 12 5 7 1 17 6 9 5 5 10 1
2 3 5 5 1 4 1 8 2 7 31 16 14 35 15 5 10 1
4 1 2 3 1 1 1 9 2 7 31 16 19 6 10 5 10 1
2 2 3 1 1 3 2 7 2 7 30 16 14 6 12 3 12 1
1 1 5 6 1 5 3 3 1 7 37 15 18 47 7 5 10 1
4 3 5 1 1 2 2 8 2 7 30 16 14 6 12 3 12 1
3 3 3 3 1 2 3 10 2 7 31 16 14 35 10 3 9 0
4 2 3 2 1 3 4 8 5 7 31 17 6 9 5 3 12 0
5 4 2 3 1 1 1 9 2 7 31 16 19 6 10 3 5 0
3 1 5 5 1 5 1 11 2 7 31 16 14 35 15 5 10 1
4 3 5 1 1 2 2 8 2 7 30 16 14 6 12 3 12 0
3 3 3 3 1 5 1 9 2 7 31 16 19 6 15 3 5 0
1 1 4 4 3 5 4 3 5 7 33 17 6 9 7 5 10 1
3 4 2 6 2 2 2 9 2 7 30 16 14 6 12 3 12 0
3 4 4 1 2 5 2 9 2 7 30 16 14 6 12 3 12 1
4 3 4 5 1 2 1 8 2 7 31 16 19 6 10 3 5 1
2 4 4 5 2 5 3 8 2 7 31 16 14 35 10 3 9 1
4 4 3 1 1 2 1 8 5 7 30 18 20 10 5 3 12 0
2 2 5 1 1 4 1 8 6 7 6 12 17 19 17 5 10 0
2 1 6 2 2 4 3 8 5 7 23 14 22 11 7 3 1 1
3 3 5 5 1 5 1 8 2 7 31 16 14 35 15 3 5 1
3 3 2 2 2 1 3 11 5 7 31 17 6 9 5 3 16 0
2 1 5 3 3 5 1 10 2 7 31 16 14 35 15 5 10 0
1 2 3 2 1 3 3 10 5 7 31 17 6 9 5 3 9 1
1 2 5 4 1 5 4 13 5 3 37 4 27 45 4 5 10 0
2 3 3 5 1 1 1 7 2 7 31 16 19 6 10 5 10 1
1 2 2 1 1 4 2 9 2 7 30 16 14 6 12 3 12 1
3 2 5 1 2 2 2 9 2 7 30 16 14 6 12 3 12 1
3 3 3 2 2 5 3 8 2 7 31 16 14 35 10 3 9 1
2 1 4 3 2 3 3 8 5 7 31 17 6 9 5 3 1 1
5 2 5 5 2 5 2 8 2 7 30 16 14 6 12 3 12 0
3 2 5 5 2 3 4 8 5 7 34 17 6 9 7 3 5 0
1 1 1 1 1 1 4 12 5 3 8 4 21 21 7 5 10 0
4 2 3 3 2 1 1 11 2 7 31 16 14 35 15 5 10 1
1 2 4 6 1 2 4 9 5 3 37 4 27 45 4 3 1 1
1 4 4 4 1 2 3 2 5 7 31 17 6 9 5 3 9 1
3 3 5 5 2 5 3 8 2 7 31 16 14 35 10 3 9 1
3 1 5 2 1 1 4 9 7 7 31 9 16 37 4 3 12 0
2 1 3 2 1 4 2 8 2 7 30 16 14 6 12 3 12 1
3 1 5 1 1 4 4 10 7 7 31 9 16 37 4 3 12 1
3 4 3 1 1 2 2 8 2 7 30 16 14 6 12 3 12 1
1 2 2 3 1 3 3 9 5 7 23 14 22 11 7 3 12 0
3 2 5 3 2 5 3 8 2 7 31 16 14 35 10 3 9 1
2 2 3 6 2 5 3 2 1 7 37 15 18 47 7 5 10 0
3 3 5 1 1 4 2 8 2 7 30 16 14 6 12 3 12 1
1 2 5 4 1 1 4 9 2 7 24 16 14 35 11 3 9 1
2 3 6 5 2 1 4 8 5 7 34 17 6 9 7 3 9 1
3 2 5 4 1 5 2 8 2 7 30 16 14 6 12 3 12 1
2 4 3 4 2 4 1 7 5 7 30 18 20 10 5 3 12 0
1 1 5 4 2 4 4 9 5 7 24 17 6 9 4 3 5 0
1 2 3 3 2 1 4 8 5 7 34 17 6 9 7 3 1 0
1 2 6 5 1 5 3 13 2 7 1 16 14 35 16 5 10 1
1 1 4 4 1 1 4 9 2 7 24 16 14 35 11 3 5 1
2 3 2 1 1 1 1 9 5 7 17 18 20 22 3 3 12 1
2 2 5 2 1 4 4 10 2 7 24 16 14 35 11 3 5 1
1 1 4 2 1 5 4 12 2 7 24 16 14 35 11 3 8 0
2 4 4 2 2 3 3 8 2 7 31 16 14 35 10 3 9 1
3 2 4 1 1 2 4 11 7 7 31 9 16 37 4 3 12 0
2 2 4 6 1 5 4 9 2 7 24 16 14 35 11 3 9 1
2 2 5 3 1 5 3 9 5 7 31 17 6 9 5 3 16 0
4 1 4 5 1 2 1 9 2 7 31 16 14 35 15 5 10 1
4 1 6 5 1 1 4 11 5 7 32 2 14 9 5 3 5 0
2 2 3 4 2 4 3 9 2 7 31 16 14 35 10 3 16 1
4 4 3 5 1 1 1 9 2 7 31 16 19 6 10 3 5 0
3 1 2 2 1 4 4 9 5 7 31 17 6 9 5 3 12 0
4 3 4 5 1 3 1 8 2 7 31 16 19 6 10 3 5 1
3 2 3 5 1 3 3 9 5 7 31 17 6 9 5 5 10 1
1 3 3 2 1 5 1 9 5 7 30 18 20 10 5 3 12 1
3 1 6 3 1 3 1 9 2 7 31 16 19 6 15 5 10 1
1 3 3 5 2 4 4 7 5 5 35 17 6 13 4 5 10 1
3 1 5 2 1 3 4 9 5 7 31 17 6 9 5 3 12 1
4 2 2 1 1 1 4 8 7 7 32 9 16 37 4 3 12 1
5 2 4 3 2 5 1 8 2 7 31 16 19 6 10 5 10 1
2 2 6 1 2 5 4 8 5 7 33 17 6 9 4 3 1 1
1 1 3 5 1 1 3 4 3 6 17 3 12 2 7 5 10 0
1 1 5 5 2 3 3 11 5 7 23 14 22 11 7 3 5 1
3 3 5 2 1 3 1 8 5 7 30 18 20 10 5 3 12 0
2 2 4 3 1 2 1 7 2 7 31 16 14 35 15 3 15 1
1 1 4 1 1 1 1 6 2 7 15 16 14 9 5 5 10 0
4 1 3 1 1 2 2 11 2 7 30 16 14 6 12 3 12 0
4 2 2 6 1 5 3 8 5 7 32 17 6 9 5 3 12 0
2 1 6 1 2 5 4 8 5 7 33 17 6 9 4 3 1 1
2 1 1 1 1 3 2 8 2 7 30 16 14 6 12 3 12 1
3 1 3 6 1 5 3 8 5 7 31 17 6 9 5 3 12 0
2 3 6 1 1 4 3 8 5 7 31 17 6 9 5 3 12 0
5 4 6 3 2 4 1 8 2 7 31 16 19 6 15 3 5 0
4 1 4 1 1 2 4 9 5 7 31 17 6 9 4 3 5 1
1 1 2 6 1 1 3 8 5 7 23 14 22 11 7 3 1 1
4 4 4 6 1 5 1 8 2 7 31 16 19 6 10 5 10 1
2 4 3 5 2 4 3 8 5 7 31 17 6 9 5 3 16 0
4 4 5 1 2 1 2 8 2 7 30 16 14 6 12 3 12 1
2 2 5 3 1 4 3 8 5 7 31 17 6 9 5 3 16 0
1 3 3 2 1 4 1 9 2 7 31 16 14 35 15 5 10 1
1 2 3 1 2 5 4 11 5 7 34 17 6 9 4 3 1 1
4 3 6 1 1 4 2 8 2 7 30 16 14 6 12 3 12 0
4 2 5 2 1 5 3 8 2 7 34 16 14 35 12 3 5 0
2 4 2 5 1 4 1 8 5 7 30 18 20 10 5 3 12 0
2 1 6 3 1 2 3 9 2 3 13 2 10 4 13 3 9 1
1 4 4 6 1 5 4 9 5 7 24 17 6 9 4 3 9 0
5 3 5 3 1 1 1 11 2 7 31 16 19 6 10 5 10 1
1 1 2 5 1 4 1 10 6 3 28 5 3 31 8 3 1 1
1 1 4 5 3 1 4 8 2 7 24 16 14 35 11 5 10 1
4 1 5 5 1 3 4 8 2 7 31 16 19 6 11 3 5 1
4 1 6 6 1 4 4 9 2 7 31 16 19 6 11 5 10 0
2 4 6 6 2 3 4 9 5 7 31 17 6 9 5 3 12 1
3 3 4 1 2 4 4 8 7 7 31 9 16 37 4 3 12 1
1 1 2 3 1 5 3 13 5 6 27 4 8 20 7 5 10 0
2 2 5 5 1 5 4 8 5 7 33 17 6 9 7 3 5 1
2 1 5 3 1 1 4 9 2 7 24 16 14 35 11 3 9 1
4 4 2 1 1 2 2 8 2 7 30 16 14 6 12 3 12 1
1 2 3 4 1 3 4 7 5 7 34 17 6 9 7 3 8 1
2 3 6 5 2 5 3 8 2 7 31 16 14 35 10 3 9 1
3 2 3 3 3 5 2 8 5 7 31 17 11 17 9 3 12 1
3 1 2 5 1 5 4 8 7 7 31 9 16 37 4 3 12 0
3 2 4 2 1 4 2 9 2 7 30 16 14 6 12 3 12 0
1 1 4 6 1 1 3 14 3 6 17 3 12 2 7 5 10 0
2 1 5 6 1 5 4 8 5 7 33 17 6 9 4 5 10 0
3 1 5 3 1 5 4 8 2 7 24 16 14 35 11 5 10 0
2 1 5 3 2 1 3 8 5 7 31 17 6 9 5 3 16 1
1 2 5 3 1 5 3 9 2 7 34 16 14 35 12 3 9 0
4 3 4 3 1 4 2 8 2 7 30 16 19 6 12 3 12 0
1 3 4 4 1 3 4 8 5 7 34 17 6 9 7 3 1 1
3 2 3 1 1 1 4 8 5 7 30 18 20 10 4 3 9 0
4 4 5 2 1 1 1 11 2 7 31 16 19 6 10 3 5 0
5 4 5 6 1 5 3 8 2 7 32 16 14 5 12 3 12 0
3 2 5 1 1 3 4 8 7 7 31 9 16 37 4 3 12 1
3 3 3 1 1 4 2 11 2 7 30 16 14 6 12 3 12 1
1 2 3 4 1 5 3 8 5 7 23 14 22 11 7 3 5 1
5 4 2 5 1 2 1 8 5 7 30 18 20 10 5 3 12 1
5 4 3 5 1 1 1 11 2 7 31 16 19 6 15 3 5 0
1 1 3 3 1 4 4 14 5 3 17 4 27 1 7 5 10 0
2 3 4 5 1 4 1 12 2 7 31 16 14 35 15 3 5 1
3 3 2 5 1 1 3 8 2 7 31 16 14 35 10 3 9 1
3 1 3 4 1 3 1 8 5 7 30 18 20 10 5 3 12 0
1 3 6 6 1 5 4 9 5 7 34 17 6 9 7 5 10 1
3 1 4 4 1 5 3 9 2 7 34 16 14 35 12 3 5 0
1 1 4 6 1 2 1 2 2 7 37 16 24 8 10 5 10 0
4 3 5 3 1 3 3 9 2 7 34 16 14 35 12 3 12 1
1 1 5 5 1 5 1 3 6 3 28 5 3 31 8 5 10 0
2 3 2 3 1 5 4 8 5 7 30 10 5 48 4 3 12 1
3 1 2 4 1 4 1 14 2 4 38 16 19 6 16 3 13 0
3 4 5 1 1 4 1 9 2 7 31 16 14 35 15 5 10 1
4 2 4 4 1 4 1 7 2 7 31 16 14 35 15 3 5 1
3 4 6 1 1 4 2 8 2 7 30 16 14 6 12 3 12 0
3 2 4 1 1 3 2 8 2 7 30 16 14 6 12 3 12 1
3 2 5 1 1 3 2 9 2 7 30 16 14 6 12 3 12 1
2 1 5 1 2 4 4 9 5 7 34 17 6 9 4 3 1 1
2 2 6 3 1 4 3 9 5 7 31 17 6 9 5 3 5 1
3 4 5 1 1 1 2 9 2 7 30 16 14 6 12 3 12 0
2 1 5 2 1 1 3 9 5 7 23 14 22 11 7 3 5 1
3 2 2 1 2 3 2 8 2 7 30 16 14 6 12 3 12 0
2 2 4 5 2 2 3 3 5 7 31 17 6 9 5 3 1 1
3 1 2 1 1 2 4 10 5 7 31 17 6 9 5 3 12 0
3 4 5 5 1 2 3 8 2 7 34 16 14 35 12 3 5 1
3 1 5 4 2 5 4 9 5 3 38 4 21 9 16 5 10 0
1 2 6 3 2 4 3 8 5 3 18 4 14 9 5 3 16 1
3 2 5 2 1 5 4 9 5 7 31 17 6 9 5 3 12 0
2 4 3 6 1 2 1 8 5 7 30 18 20 10 5 3 12 1
2 2 3 2 1 2 3 8 5 7 31 17 6 9 5 3 16 1
1 3 5 6 1 5 3 2 5 7 23 14 22 11 7 3 9 1
4 4 5 6 2 3 3 8 2 7 31 16 14 35 10 3 16 1
1 2 2 2 1 3 3 8 5 7 31 17 6 9 5 3 16 1
3 2 3 4 1 3 1 9 2 7 31 16 14 35 15 3 5 1
4 2 2 1 1 4 4 8 2 5 36 2 7 3 12 3 5 1
5 3 5 3 1 5 1 8 5 7 30 18 20 10 5 3 12 0
1 1 4 2 1 3 3 9 5 7 31 17 6 9 5 3 16 1
1 1 3 4 1 4 3 12 1 7 37 15 18 47 7 5 10 1
2 2 5 2 2 2 1 7 5 7 17 18 20 22 3 3 12 1
1 4 5 2 1 1 1 8 2 7 31 16 14 35 15 3 1 1
2 3 6 2 1 2 2 11 2 7 30 16 14 6 12 3 12 0
4 2 2 5 2 3 1 9 2 7 31 16 19 6 15 3 5 1
1 2 4 4 1 3 4 9 2 7 24 16 14 35 11 3 9 1
3 3 5 2 2 2 1 9 2 7 31 16 14 35 15 3 5 1
3 4 2 1 1 3 1 10 5 7 30 18 20 10 5 3 12 1
2 3 3 2 1 4 3 9 5 7 31 17 6 9 5 3 16 0
1 2 3 2 2 4 3 7 2 7 36 16 14 35 12 5 10 0
1 2 4 4 2 1 4 9 2 7 24 16 14 35 11 3 5 1
4 3 6 3 2 4 1 8 2 7 31 16 19 6 10 3 5 1
4 2 6 5 1 3 1 9 2 7 31 16 14 35 15 3 5 1
3 3 5 6 1 2 1 8 5 7 30 18 20 10 5 3 12 0
2 4 2 6 1 5 1 9 3 7 31 11 30 9 5 3 1 1
1 3 2 2 2 3 4 10 5 7 33 17 6 9 7 3 16 0
4 3 2 6 1 1 1 8 2 7 31 16 14 35 15 3 5 1
1 3 2 2 2 2 1 9 5 7 17 18 20 22 3 5 10 1
3 2 6 2 1 2 3 8 5 7 31 17 6 9 5 3 5 0
2 1 6 3 1 3 3 10 5 7 23 14 22 11 7 3 9 1
3 3 2 1 1 3 4 8 5 7 31 17 6 9 5 3 12 0
4 3 2 4 1 1 4 9 5 7 31 17 6 9 5 3 12 1
4 4 3 1 1 3 2 8 2 7 30 16 14 6 12 3 12 1
2 2 6 5 1 5 4 8 5 7 34 17 6 9 7 3 5 1
3 4 3 1 1 3 1 9 5 7 30 18 20 10 5 3 12 1
3 2 6 1 1 5 2 8 2 7 30 16 14 6 12 3 12 0
5 1 3 3 1 1 1 8 2 7 31 16 19 6 10 3 5 0
2 3 4 2 1 2 3 10 5 7 31 17 6 9 5 3 5 1
4 4 3 1 1 1 4 8 5 7 32 10 5 48 4 3 12 1
3 4 5 2 1 3 2 8 2 7 30 16 14 6 12 3 12 1
1 3 3 3 1 4 3 2 5 7 23 14 22 11 7 3 9 1
3 3 4 5 2 2 3 9 2 7 31 16 14 35 10 3 9 1
1 1 3 6 1 5 1 14 3 1 5 13 29 46 16 5 10 0
3 4 4 1 1 3 2 8 2 7 30 16 14 6 12 3 12 0
4 2 2 3 1 3 1 9 2 7 31 16 19 6 15 5 10 1
2 2 5 2 1 1 2 10 2 7 30 16 14 6 12 3 12 1
2 3 4 1 1 3 2 8 2 7 30 16 14 6 12 3 12 1
3 1 5 1 2 3 2 8 2 7 30 16 14 6 12 3 12 1
2 3 3 1 1 2 1 9 5 7 30 18 20 10 5 3 12 1
2 4 5 2 1 2 3 8 5 7 31 17 6 9 5 3 5 1
3 3 5 5 3 3 3 10 2 7 31 16 14 35 10 3 16 1
3 1 5 2 2 2 2 8 2 7 30 16 14 6 12 3 5 0
4 1 5 1 1 4 4 8 7 7 31 9 16 37 4 3 12 1
3 4 5 1 1 3 2 9 2 7 30 16 14 6 12 3 12 1
2 1 2 2 1 1 3 10 5 7 31 17 6 9 5 3 16 1
1 1 4 4 1 1 4 7 2 7 24 16 14 35 11 3 9 1
3 3 4 2 1 1 3 8 5 7 31 17 6 9 5 3 12 0
1 2 3 6 1 5 4 2 5 7 34 17 6 9 7 3 1 1
2 3 2 4 2 4 4 13 5 3 18 4 21 21 7 5 10 1
4 2 5 6 1 4 4 9 2 7 31 16 19 6 11 5 10 1
3 3 2 6 2 3 1 10 5 7 30 18 20 10 5 3 12 0
3 3 5 1 1 1 2 8 2 7 30 16 14 6 12 3 12 1
1 1 6 3 1 5 3 12 1 7 37 15 18 47 7 5 10 1
3 4 2 1 1 5 4 10 7 7 31 9 16 37 4 3 12 1
2 2 5 2 2 4 4 8 5 7 24 17 6 9 4 3 9 1
5 3 3 4 1 1 4 9 5 7 31 17 6 9 4 3 9 0
1 3 3 5 1 4 3 13 5 7 23 14 22 11 7 5 10 1
1 1 4 3 3 1 3 5 3 6 17 3 12 2 7 5 10 0
3 2 3 3 1 4 1 9 2 7 31 16 14 35 15 5 10 1
1 1 5 1 1 5 4 12 5 3 18 4 21 21 7 5 10 0
3 4 4 1 1 5 2 8 2 7 30 16 14 6 12 3 12 0
1 1 5 3 2 4 4 12 5 7 1 17 6 9 5 5 10 1
1 1 4 2 1 3 3 8 5 7 31 17 6 9 5 3 16 1
3 1 5 2 1 2 2 8 2 7 30 16 14 6 12 3 12 1
5 2 2 2 1 1 4 8 2 7 31 16 19 6 11 3 9 0
3 2 4 1 2 4 4 8 7 7 31 9 16 37 4 3 12 1
3 2 5 3 2 5 2 8 5 7 31 17 11 17 9 3 12 1
5 3 5 5 1 5 1 8 2 4 32 7 15 27 15 3 12 0
1 1 4 6 1 5 1 14 3 1 5 13 29 46 16 5 10 0
3 3 3 4 1 4 1 9 2 7 31 16 19 6 15 5 10 1
3 1 5 5 1 1 3 8 2 7 31 16 14 35 10 3 9 1
4 2 5 1 2 1 2 8 2 7 30 16 14 6 12 3 12 0
4 4 4 2 1 1 1 11 2 7 31 16 19 6 10 3 5 0
5 4 3 2 1 4 1 8 2 7 31 16 19 6 15 3 9 0
2 2 6 4 1 4 3 8 5 7 31 17 6 9 5 3 1 1
4 2 4 5 1 2 4 11 2 7 31 16 19 6 11 3 5 0
3 3 3 6 2 4 2 8 2 7 30 16 14 6 12 3 12 1
2 4 3 1 1 4 1 8 5 7 30 18 20 10 5 3 12 0
4 2 6 3 2 5 1 9 2 7 31 16 19 6 10 5 10 1
4 2 4 5 1 2 3 8 2 7 31 16 14 35 10 3 16 1
1 2 4 5 2 5 4 8 5 7 33 17 6 9 7 3 5 0
5 2 5 6 1 2 1 8 2 7 31 16 19 6 10 3 5 1
1 2 4 4 1 3 3 8 5 7 31 17 6 9 5 3 16 1
2 2 6 5 2 5 3 8 2 7 31 16 14 35 10 3 9 1
1 3 3 4 2 2 4 9 5 7 34 17 6 9 7 3 1 1
3 1 4 1 1 5 1 7 2 7 31 16 14 35 15 3 5 1
2 2 2 2 1 5 3 9 2 7 31 16 14 35 10 3 9 1
1 4 3 6 1 2 3 9 5 7 31 17 6 9 5 3 1 1
3 2 5 1 1 3 3 8 5 7 31 17 6 9 5 3 12 0
1 1 2 1 1 4 4 12 2 5 36 2 23 42 11 5 10 0
1 2 3 4 2 2 4 9 5 7 34 17 6 9 7 3 1 1
5 1 4 3 1 5 1 8 2 7 32 16 19 6 10 3 12 0
2 2 4 4 2 2 4 8 5 7 33 17 6 9 4 3 8 1
4 2 3 3 1 3 1 2 2 7 31 16 19 6 15 5 10 0
4 2 5 5 1 1 3 8 2 7 31 16 14 35 10 5 10 0
1 2 5 3 1 2 3 9 2 7 1 16 14 35 16 5 10 1
4 3 3 5 2 1 1 10 2 7 31 16 19 6 10 3 5 0
3 2 3 1 1 5 2 9 2 7 30 16 14 6 12 3 12 1
4 3 4 3 1 4 1 2 2 7 31 16 19 6 15 5 10 0
5 3 1 1 1 4 4 8 2 7 31 16 19 6 11 3 9 0
2 4 3 4 1 1 2 10 2 7 30 16 14 6 12 3 12 0
2 2 5 2 2 2 3 8 5 7 23 14 22 11 7 3 5 0
4 2 4 6 1 5 3 8 5 7 32 17 6 9 5 3 5 0
2 4 3 6 1 5 1 8 3 7 31 11 30 9 5 3 1 1
1 2 2 4 2 4 4 8 5 5 37 14 22 15 4 3 5 0
3 1 6 4 1 5 3 9 5 7 33 17 6 9 5 3 5 1
5 3 6 3 2 5 2 11 2 7 30 16 19 6 12 3 5 0
1 1 6 4 1 5 3 12 2 7 1 16 14 35 16 5 10 1
3 1 2 4 2 2 4 8 5 7 34 17 6 9 7 3 1 0
3 1 5 4 1 4 4 8 5 7 32 10 5 48 4 3 12 1
3 2 4 6 1 4 3 8 5 7 33 17 6 9 5 5 10 0
1 3 5 4 1 5 1 2 2 7 22 16 14 5 10 5 10 1
3 2 5 1 1 3 2 9 2 7 30 16 14 6 12 3 12 1
3 2 1 2 1 4 3 11 5 7 23 14 22 11 7 3 9 1
2 4 5 4 1 3 3 8 5 7 31 17 6 9 5 3 1 1
1 2 3 2 1 3 4 8 5 7 24 17 6 9 4 5 10 0
4 1 5 3 2 3 1 10 2 7 31 16 19 6 10 5 10 1
1 1 4 6 1 5 4 12 5 7 24 17 6 9 4 3 12 0
1 1 5 3 3 1 1 4 6 7 28 12 17 38 3 5 10 0
1 1 3 3 1 5 4 12 5 3 8 4 21 21 7 5 10 0
1 2 4 6 2 4 3 2 1 7 37 15 18 47 7 5 10 1
1 1 3 3 2 1 4 9 2 7 24 16 14 35 11 3 9 1
3 3 2 4 1 5 3 8 5 7 31 17 6 9 5 3 5 1
1 3 5 2 1 1 1 9 2 7 22 16 14 5 10 3 9 1
2 2 4 3 2 5 3 8 5 7 23 14 22 11 7 3 1 1
5 3 6 3 1 1 2 8 5 7 31 17 11 17 9 3 12 1
5 1 6 6 1 4 4 11 5 7 32 10 5 48 4 3 12 0
2 3 3 1 1 2 4 9 7 7 31 9 16 37 4 3 12 0
5 4 5 3 2 4 1 8 2 7 31 16 19 6 10 3 5 0
3 3 4 3 1 4 4 8 2 7 24 16 14 35 11 5 10 1
1 2 2 3 1 5 3 9 2 7 34 16 14 35 12 5 10 1
5 3 4 4 1 4 4 8 5 7 32 18 20 10 4 3 12 0
2 2 6 4 1 4 4 10 5 7 33 17 6 9 7 3 9 1
2 3 4 4 2 3 4 11 5 7 34 17 6 9 4 3 1 1
4 2 6 4 1 4 2 8 2 7 30 16 14 6 12 3 12 0
3 2 2 5 1 2 1 8 2 7 31 16 14 35 15 3 5 1
3 2 4 1 1 2 1 8 5 7 30 18 20 10 5 3 12 1
3 3 4 2 1 4 4 9 7 7 31 9 16 37 4 3 12 0
1 2 6 3 2 5 3 10 5 7 23 14 22 11 7 3 9 1
4 4 3 1 1 3 1 9 5 7 30 18 20 10 5 3 12 1
2 2 1 4 1 4 3 8 5 7 31 17 6 9 5 3 1 1
3 1 6 4 1 4 4 9 2 7 31 16 19 6 11 3 13 1
4 2 4 5 1 3 3 8 2 7 31 16 14 35 10 3 16 1
1 1 5 1 1 1 3 9 5 7 31 17 6 9 5 3 16 1
5 1 5 4 1 3 1 8 2 7 31 16 14 29 10 5 10 0
3 3 4 3 1 5 3 8 2 7 31 16 14 35 10 5 10 1
1 2 5 2 1 5 3 8 5 7 31 17 6 9 5 3 1 1
3 3 4 6 1 3 2 9 2 7 30 16 14 6 12 3 12 1
5 2 6 1 1 1 4 8 5 7 31 17 6 9 5 3 12 1
5 2 3 5 1 2 1 8 2 7 31 16 19 6 15 3 5 0
3 3 5 4 1 4 3 8 5 7 31 17 6 9 5 3 9 1
1 1 1 2 1 5 4 8 5 3 37 4 27 45 4 5 10 1
5 2 2 5 1 3 4 8 5 7 33 17 6 9 7 3 5 0
4 2 5 5 2 5 4 8 5 7 31 17 6 9 5 5 10 0
1 1 4 3 1 5 4 2 5 3 37 4 27 45 4 3 5 1
1 1 5 5 1 5 1 4 3 1 5 13 29 46 16 5 10 1
1 1 3 4 1 4 4 9 2 7 24 16 14 35 11 5 10 1
3 4 4 2 1 3 2 8 2 7 30 16 14 6 12 3 12 1
4 3 4 2 1 4 2 8 2 7 30 16 14 6 12 3 12 1
3 3 5 1 2 1 2 8 2 7 30 16 14 6 12 3 12 1
3 3 3 1 1 4 2 11 2 7 30 16 14 6 12 3 12 1
1 1 4 5 1 5 4 8 5 3 9 4 21 40 4 5 10 0
1 1 2 5 1 1 3 9 5 7 23 14 22 11 7 3 1 1
5 1 6 5 2 3 4 8 2 7 31 16 19 6 11 3 5 0
2 1 5 4 1 4 2 11 2 7 30 16 14 6 12 3 12 0
3 3 5 2 1 4 1 9 2 7 31 16 14 35 15 3 5 0
3 4 5 1 1 4 2 9 2 7 30 16 14 6 12 3 12 1
3 1 6 5 2 2 3 8 2 7 34 16 14 35 12 3 5 0
1 3 5 5 1 4 4 2 2 7 24 16 14 35 11 3 5 1
1 1 5 6 1 5 4 2 5 7 24 17 6 9 4 3 12 0
1 3 4 3 2 5 3 12 2 7 36 16 14 35 13 5 10 1
2 2 4 3 2 1 4 3 5 7 24 17 6 9 4 3 1 1
3 3 4 4 2 4 1 8 2 7 31 16 14 35 15 3 9 1
2 2 4 3 1 2 4 8 5 7 34 17 6 9 7 5 10 0
2 2 5 5 2 4 3 8 2 7 34 16 14 35 12 3 9 1
1 4 3 6 1 5 1 9 3 7 31 11 30 9 5 3 1 1
5 1 5 6 1 4 4 9 5 7 31 17 6 9 7 5 10 0
3 2 4 4 2 5 1 9 2 7 31 16 19 6 10 3 5 1
3 2 2 2 1 3 3 10 5 7 23 14 22 11 7 3 1 0
2 2 4 3 2 5 3 8 2 7 31 16 14 35 10 3 9 1
1 2 6 5 2 4 4 8 5 7 34 17 6 9 7 3 8 1
2 2 5 6 3 4 1 9 6 7 28 12 17 38 3 5 10 1
2 2 5 5 1 1 3 8 5 7 23 14 22 11 7 3 16 1
2 1 3 3 1 1 4 9 2 7 24 16 14 35 11 3 9 1
1 1 6 5 3 4 3 8 5 7 31 17 6 9 5 3 1 1
3 2 6 2 1 5 4 8 5 7 32 10 5 48 4 5 10 0
5 2 5 5 1 3 4 11 2 7 31 16 19 6 11 3 5 0
2 3 6 6 2 4 3 9 2 7 31 16 14 35 10 3 16 1
1 3 3 5 1 4 3 8 5 7 31 17 6 9 5 3 1 1
1 2 3 4 2 3 4 10 5 2 35 17 6 12 7 5 10 1
1 1 5 6 1 5 4 12 5 3 17 4 27 1 7 5 10 0
2 3 3 6 1 4 2 2 2 7 30 16 14 6 12 5 10 0
3 3 5 4 2 1 1 9 2 7 31 16 14 35 15 3 5 0
5 1 5 3 1 5 1 11 2 7 31 16 19 6 15 3 5 1
2 1 3 6 1 5 3 9 5 7 33 17 6 9 5 3 1 0
1 1 2 2 2 2 3 8 5 7 23 14 22 11 7 3 5 1
1 1 5 6 1 5 1 12 2 7 37 16 24 8 10 5 10 0
1 1 4 2 2 3 4 3 5 3 37 4 27 45 4 3 12 1
1 1 5 3 2 5 4 4 5 5 35 17 6 13 4 5 10 0
4 3 4 2 1 5 1 9 2 7 31 16 14 35 15 3 9 1
3 3 5 1 1 5 4 8 7 7 31 9 16 37 4 3 12 1
1 1 3 6 1 2 3 9 5 7 31 17 6 9 5 5 10 0
2 2 4 3 1 2 3 9 5 7 31 17 6 9 5 3 9 1
3 3 5 1 1 4 2 9 2 7 30 16 14 6 12 3 12 1
2 3 4 6 1 3 2 7 2 7 30 16 14 6 12 3 12 0
3 3 5 5 1 4 3 8 2 7 31 16 14 35 10 3 16 0
1 2 3 4 1 3 3 8 5 7 23 14 22 11 7 3 12 0
4 1 5 2 2 3 4 8 5 7 31 17 6 9 5 3 12 0
3 1 6 2 2 2 3 10 5 7 31 17 6 9 5 3 12 0
1 1 1 6 1 5 3 13 5 6 27 4 8 20 7 5 10 0
1 1 4 2 2 4 4 8 5 7 33 17 6 9 4 3 1 1
2 1 3 3 1 5 4 8 7 2 39 9 16 37 1 5 10 0
3 3 4 5 1 3 1 9 2 7 31 16 19 6 10 5 10 1
4 1 6 6 2 5 3 8 5 7 32 17 6 9 5 5 10 1
3 3 3 4 2 4 3 8 2 7 31 16 14 35 10 3 9 0
1 2 3 5 3 5 3 8 2 7 31 16 14 35 10 3 8 1
5 1 5 4 1 5 1 8 2 7 31 16 14 29 10 5 10 0
3 3 6 3 1 1 3 8 5 7 31 17 6 9 5 3 5 1
2 4 6 1 1 2 2 8 2 7 30 16 14 6 12 3 12 0
3 2 4 3 1 2 4 9 2 7 24 16 14 35 11 5 10 0
3 3 3 3 1 4 3 8 2 7 34 16 14 35 12 5 10 1
3 3 6 1 1 3 2 8 2 7 30 16 14 6 12 3 12 1
5 2 5 5 2 3 1 8 2 7 31 16 19 6 15 3 5 0
4 4 5 2 1 5 4 8 5 7 30 10 5 48 4 3 12 1
4 3 3 3 1 4 4 9 5 7 31 17 6 9 5 3 12 0
4 4 5 1 1 1 2 8 2 7 30 16 14 6 12 3 12 1
1 1 3 1 2 4 1 12 5 7 17 18 20 22 3 3 12 1
1 2 4 2 1 1 3 12 5 7 37 14 22 41 7 5 10 0
5 2 4 6 1 4 1 10 2 7 32 7 15 36 15 3 5 0
2 3 6 1 1 5 4 9 7 7 31 9 16 37 4 3 12 1
3 1 6 6 1 3 4 8 7 7 31 9 16 37 4 3 12 0
2 3 6 3 1 3 4 8 7 7 31 9 16 37 4 3 12 1
2 3 5 4 2 3 3 8 5 7 23 14 22 11 7 3 5 1
4 4 2 4 1 1 1 9 2 7 31 16 19 6 10 3 5 0
1 1 5 2 2 2 3 13 5 3 18 4 14 9 5 5 10 0
2 2 5 2 1 5 3 8 5 7 23 14 22 11 7 3 9 1
2 2 6 3 1 5 2 9 2 7 30 16 14 6 12 3 12 0
5 2 5 5 1 1 3 8 5 7 32 17 6 9 5 3 12 0
2 3 4 1 1 5 2 7 2 7 30 16 14 6 12 3 12 0
3 4 5 2 1 4 1 8 5 7 30 18 20 10 5 3 12 1
3 2 2 1 2 2 4 9 7 7 31 9 16 37 4 3 12 0
3 3 5 2 1 3 2 9 2 7 30 16 14 6 12 3 12 1
4 3 3 1 1 2 2 9 2 7 30 16 14 6 12 3 12 0
2 2 4 2 2 3 3 8 5 7 23 14 22 11 7 3 5 1
4 3 5 6 1 4 2 10 2 7 30 16 14 6 12 3 12 1
1 1 3 2 2 4 4 11 5 7 34 17 6 9 7 3 1 0
3 1 5 2 1 5 2 8 2 7 30 16 14 6 12 3 12 0
3 1 2 1 2 1 2 9 2 7 30 16 14 6 12 3 12 1
3 2 6 4 1 1 3 8 5 7 31 17 6 9 5 3 16 0
1 1 6 6 1 2 4 8 5 7 24 17 6 9 4 3 16 1
3 2 5 3 2 5 3 8 2 7 34 16 14 35 12 3 5 0
1 1 6 4 2 2 1 8 6 7 28 12 17 38 3 3 1 1
1 1 5 2 1 5 3 12 5 7 33 17 6 9 5 5 10 1
4 2 4 2 1 5 4 7 7 7 31 9 16 37 4 3 12 1
2 3 4 3 1 3 3 8 5 7 31 17 6 9 5 3 5 0
2 2 5 6 1 5 3 9 2 3 13 2 10 4 13 5 10 1
1 1 4 4 1 4 3 3 2 7 1 16 14 35 16 5 10 1
2 2 5 3 2 3 3 8 2 7 31 16 14 35 10 3 16 1
3 3 6 3 1 1 3 8 5 7 23 14 22 11 7 3 9 1
1 3 3 5 1 5 1 8 6 7 6 12 17 19 17 5 10 0
4 4 2 6 1 3 1 8 2 7 31 16 19 6 10 3 5 1
3 2 5 1 2 1 3 8 5 7 31 17 6 9 5 3 12 0
5 1 5 4 1 2 1 8 2 7 31 16 19 6 15 3 5 0
1 1 3 1 1 1 4 4 2 7 31 16 14 9 5 5 10 0
3 3 3 1 2 5 4 11 7 7 31 9 16 37 4 3 12 1
2 2 4 2 2 1 3 8 5 7 23 14 22 11 7 3 1 1
2 3 5 2 1 1 1 8 2 7 31 16 14 35 15 5 10 1
2 2 5 6 1 4 2 9 2 7 30 16 14 6 12 3 12 1
4 2 6 5 1 1 4 8 5 7 33 17 6 9 7 3 5 0
4 3 5 2 1 5 4 8 2 7 31 16 19 6 11 3 5 1
1 3 3 5 2 5 1 2 2 7 31 16 14 35 15 5 10 1
3 1 4 5 2 5 4 8 5 7 34 17 6 9 7 5 10 1
3 1 3 3 2 1 1 8 2 7 31 16 14 35 15 3 5 1
5 1 4 2 2 1 1 9 2 7 31 16 19 6 10 3 5 0
1 2 4 2 2 5 3 8 5 7 23 14 22 11 7 3 1 0
4 1 3 1 1 1 4 9 7 7 31 9 16 37 4 3 12 0
5 3 5 4 1 2 2 8 2 7 30 16 14 6 12 3 12 1
3 2 5 4 2 1 1 8 2 7 31 16 14 35 15 5 10 1
3 2 4 1 1 2 2 9 2 7 30 16 14 6 12 3 12 1
5 3 4 6 1 1 2 8 2 7 32 16 19 6 12 3 12 0
2 1 5 1 1 1 3 8 5 7 31 17 6 9 5 3 1 1
3 2 5 2 1 2 1 8 5 7 30 18 20 10 5 3 12 1
1 1 2 3 2 4 4 12 5 5 35 17 6 13 4 5 10 1
2 1 5 4 2 4 4 12 5 7 2 17 6 9 5 5 10 0
2 1 3 3 2 5 4 10 5 7 33 17 6 9 4 5 10 1
5 4 3 2 1 2 4 11 5 7 31 17 6 9 5 3 12 1
1 1 6 2 1 5 1 9 6 5 28 12 17 14 17 3 9 1
2 1 5 3 2 3 4 13 5 3 8 4 21 21 7 5 10 0
4 1 3 5 1 3 3 8 5 7 31 17 6 9 5 3 9 0
4 3 2 1 1 4 2 8 2 7 30 16 14 6 12 3 12 0
2 1 5 3 1 1 3 8 5 7 23 14 22 11 7 3 16 0
2 1 4 1 1 4 4 10 5 3 37 4 27 45 4 5 10 0
1 1 4 2 1 3 4 5 3 7 25 3 26 9 5 5 10 0
4 2 4 6 1 5 1 7 2 7 31 16 19 6 10 3 12 1
1 4 5 6 1 4 1 8 5 7 30 18 20 10 5 5 10 0
4 4 2 5 1 1 1 8 2 7 31 16 19 6 10 3 5 1
3 2 5 5 1 4 4 8 5 7 30 10 5 48 4 3 12 0
5 2 2 6 1 1 1 8 2 7 31 16 19 6 15 3 5 0
1 2 4 4 3 4 3 8 2 7 31 16 14 35 10 3 16 1
2 1 4 3 1 3 4 10 5 7 31 17 6 9 5 3 12 0
2 1 4 3 1 3 2 8 2 7 30 16 14 6 12 3 12 0
4 3 6 2 1 4 2 8 2 7 30 16 14 6 12 3 12 1
2 2 6 5 2 4 1 11 2 7 31 16 14 35 15 3 9 1
5 2 2 6 2 5 4 8 2 7 31 16 19 6 11 3 5 0
1 1 5 5 1 5 1 8 3 1 5 13 29 46 16 5 10 0
3 2 5 1 1 3 2 9 2 7 30 16 14 6 12 3 12 1
4 2 5 4 1 5 1 9 2 7 31 16 14 35 15 5 10 0
4 2 3 1 2 1 2 8 2 7 30 16 14 6 12 3 12 1
2 2 5 3 2 2 3 8 5 7 23 14 22 11 7 3 9 1
1 3 2 4 1 5 3 9 2 7 34 16 14 35 10 5 10 1
3 4 3 2 1 2 4 9 5 7 30 10 5 48 4 3 12 1
3 1 6 1 2 4 4 8 5 7 31 17 6 9 5 3 12 1
4 3 3 1 1 2 2 8 2 7 30 16 14 6 12 3 12 1
1 1 3 6 2 3 3 9 1 7 37 15 18 47 7 5 10 0
3 2 5 4 1 3 2 8 2 7 30 16 14 6 12 3 12 1
1 1 3 1 1 2 3 2 2 7 36 16 24 30 10 5 10 0
2 2 3 3 2 2 3 10 2 7 31 16 14 35 10 3 9 1
3 3 4 2 2 5 4 8 7 7 31 9 16 37 4 3 12 1
1 1 5 3 1 5 3 2 5 7 31 17 6 9 5 3 9 1
5 4 4 5 1 1 2 8 2 7 30 16 14 6 12 3 12 1
2 2 4 2 1 4 3 7 5 7 31 17 6 9 5 3 1 1
2 3 2 6 1 4 2 8 2 7 30 16 14 6 12 3 12 1
2 3 4 6 1 3 3 12 2 7 1 16 14 35 16 3 12 0
3 3 4 1 1 4 2 11 2 7 30 16 14 6 12 3 12 1
4 3 4 1 1 3 4 10 7 7 31 9 16 37 4 3 12 1
1 2 6 4 1 5 3 13 5 7 31 17 6 9 5 3 16 0
3 4 3 1 1 1 2 9 2 7 30 16 14 6 12 3 12 1
4 3 4 2 1 1 1 9 2 7 31 16 14 35 15 3 5 1
2 4 3 4 1 4 2 8 2 7 30 16 14 6 12 3 12 1
4 3 5 2 2 5 3 8 5 7 31 17 6 9 5 3 12 0
5 1 4 3 1 5 4 10 5 7 30 10 5 48 4 5 10 1
2 3 6 2 2 4 2 8 2 7 30 16 14 6 12 3 12 1
2 2 4 3 1 2 1 9 2 7 31 16 14 35 15 3 15 1
4 1 3 6 1 4 4 8 5 7 32 18 20 10 4 5 10 0
3 1 5 5 1 4 1 13 2 4 38 16 19 6 16 5 10 0
3 4 4 1 1 1 2 8 2 7 30 16 14 6 12 3 12 0
4 3 5 1 2 3 1 8 5 7 30 18 20 10 5 3 12 0
4 1 3 3 1 4 3 10 5 7 31 17 6 9 5 3 12 0
2 4 3 4 1 2 1 9 2 7 31 16 14 35 15 5 10 0
1 2 4 2 3 4 3 8 2 7 31 16 14 35 10 3 16 1
2 1 3 5 1 5 4 8 5 7 1 17 6 9 5 5 10 1
1 3 2 4 1 3 4 13 5 3 18 4 21 21 7 5 10 1
3 1 5 3 1 4 4 9 5 7 1 17 6 9 5 5 10 1
1 4 3 5 1 3 3 13 1 7 37 15 18 47 7 5 10 0
1 1 4 5 1 4 3 13 2 3 13 2 10 4 13 5 10 0
4 2 4 1 1 2 2 8 2 7 30 16 14 6 12 3 12 0
2 2 3 3 1 4 3 9 5 7 31 17 6 9 5 3 9 1
1 1 4 3 1 4 3 8 5 7 23 14 22 11 7 3 16 1
4 3 5 4 1 4 4 9 2 7 31 16 19 6 11 3 5 0
5 1 5 3 1 5 4 9 5 2 38 17 6 9 16 5 10 1
5 1 3 4 2 4 1 9 2 7 31 16 19 6 10 3 5 0
4 1 3 6 1 1 4 8 5 7 32 18 20 10 4 3 12 0
2 2 6 2 2 5 3 8 5 7 23 14 22 11 7 3 1 1
1 2 4 5 3 1 4 3 3 7 25 3 26 9 5 5 10 1
5 4 3 6 1 2 1 11 2 4 32 7 15 27 15 3 5 0
1 1 5 3 1 4 4 14 5 3 17 4 27 1 7 5 10 0
5 2 4 5 1 3 1 8 2 7 31 16 19 6 15 3 5 0
4 4 3 1 1 3 1 8 5 7 30 18 20 10 5 3 12 0
2 3 5 1 1 5 3 11 5 7 31 17 6 9 5 3 16 0
4 3 4 1 1 2 2 8 2 7 30 16 14 6 12 3 12 1
5 1 3 5 1 1 1 8 2 7 31 16 14 35 15 3 5 0
2 1 5 5 1 2 1 7 2 7 32 16 14 5 10 5 10 1
4 2 3 1 1 2 2 8 2 7 30 16 14 6 12 3 12 1
4 1 2 3 2 5 1 11 2 7 31 16 14 35 15 3 9 1
1 2 4 1 2 4 3 8 5 7 31 17 6 9 5 3 1 1
4 4 3 6 1 2 1 9 2 7 31 16 19 6 10 3 5 1
2 1 4 1 1 2 1 8 5 7 30 18 20 10 5 3 12 0
4 4 5 1 2 2 2 8 2 7 30 16 14 6 12 3 12 1
3 3 5 5 2 1 3 8 2 7 31 16 14 35 10 3 9 1
3 3 5 1 1 1 3 8 5 7 31 17 6 9 5 3 12 0
3 2 4 5 2 3 4 10 5 7 31 17 6 9 7 5 10 0
3 2 2 6 2 4 4 8 5 7 33 17 6 9 7 3 14 1
3 3 2 1 1 3 2 9 2 7 30 16 14 6 12 3 12 1
2 2 5 5 1 2 4 3 5 7 24 17 6 9 4 3 1 1
1 1 4 4 1 3 3 12 2 7 36 16 14 35 12 5 10 1
1 1 5 3 1 5 3 2 5 7 35 17 6 9 7 5 10 1
2 1 4 5 1 1 3 8 5 7 23 14 22 11 7 3 5 1
1 3 4 5 1 4 3 8 5 7 23 14 22 11 7 3 1 1
1 1 5 2 1 4 1 6 6 7 6 12 17 19 17 5 10 1
4 2 3 3 2 5 1 8 2 7 31 16 14 35 15 5 10 0
1 1 4 6 1 4 3 8 5 7 37 14 22 41 7 5 10 0
1 1 1 3 1 4 4 12 5 7 1 17 6 9 5 5 10 1
2 1 5 3 1 1 3 9 5 7 23 14 22 11 7 3 5 1
3 3 5 1 1 3 2 8 2 7 30 16 14 6 12 3 12 1
5 3 2 2 2 3 1 8 2 7 31 16 19 6 15 3 5 0
2 2 2 4 2 5 4 8 5 7 33 17 6 9 4 3 9 1
1 4 4 4 1 4 3 12 2 7 1 16 14 35 16 5 10 0
3 1 6 1 1 3 2 11 2 7 30 16 14 6 12 3 12 1
3 1 3 6 1 5 4 8 5 7 33 17 6 9 7 5 10 0
1 2 4 5 2 5 4 12 5 7 1 17 6 9 5 5 10 1
3 1 3 2 2 5 4 7 5 5 35 17 6 13 4 5 10 1
1 3 5 5 2 5 4 8 5 7 33 17 6 9 7 3 16 1
3 4 3 1 1 3 2 8 2 7 30 16 14 6 12 3 12 0
4 1 5 5 1 3 1 9 2 7 31 16 19 6 10 5 10 1
3 4 5 3 1 2 2 9 2 7 30 16 14 6 12 3 12 1
2 4 2 2 1 5 1 8 5 7 30 18 20 10 5 3 12 1
5 2 6 4 1 1 1 8 2 7 31 16 19 6 15 3 13 0
3 2 5 2 1 1 4 8 5 7 31 17 6 9 5 3 12 0
2 1 4 6 1 5 1 9 5 7 17 18 20 22 3 3 12 0
1 1 4 5 1 3 3 8 5 7 31 17 6 9 5 3 1 1
1 4 4 5 2 5 3 7 2 7 31 16 14 35 10 3 9 0
2 4 3 4 1 5 4 9 5 7 30 10 5 48 4 3 12 1
5 3 3 3 1 1 1 10 2 7 31 16 14 35 15 3 5 0
2 3 5 1 1 1 2 2 2 7 30 16 14 6 12 3 12 1
4 1 3 6 1 3 4 13 2 7 31 16 14 9 5 5 10 0
4 4 5 5 1 2 1 9 2 7 31 16 19 6 15 5 10 1
5 1 4 3 1 2 4 8 5 7 32 4 14 9 5 3 5 0
4 4 2 2 1 5 1 8 2 7 31 16 19 6 10 3 5 0
3 2 5 4 2 3 4 8 2 7 31 16 19 6 11 3 5 0
4 3 5 2 1 4 3 8 5 7 31 17 6 9 5 3 12 0
4 2 2 5 2 3 1 9 2 7 31 16 19 6 15 3 5 0
2 2 3 3 1 4 3 8 5 7 31 17 6 9 5 3 16 0
1 1 1 2 1 5 4 13 5 3 37 4 27 45 4 5 10 0
5 2 6 1 1 1 4 8 2 7 31 16 19 6 11 3 9 0
3 2 5 3 1 3 1 8 2 7 31 16 14 35 15 3 9 1
4 4 5 1 1 1 2 8 2 7 30 16 14 6 12 3 12 1
4 1 4 6 1 2 4 8 5 7 32 18 20 10 4 5 10 1
2 2 4 1 1 1 3 11 5 7 31 17 6 9 5 3 1 0
4 2 3 3 1 4 1 8 5 7 30 18 20 10 5 3 12 0
2 1 4 2 1 5 4 8 5 7 33 17 6 9 4 5 10 1
1 1 4 4 2 3 4 8 5 7 33 17 6 9 4 3 1 0
5 1 5 2 2 1 1 11 2 7 31 16 19 6 10 3 5 0
5 1 3 5 1 1 1 8 2 7 31 16 19 6 15 5 10 1
1 1 5 3 1 2 4 3 5 3 17 4 21 21 7 5 10 1
2 3 5 1 2 1 3 8 5 7 31 17 6 9 5 3 16 0
3 1 4 3 1 5 4 12 5 7 1 17 6 9 5 5 10 1
3 4 2 1 1 1 2 9 2 7 30 16 14 6 12 3 12 1
5 3 4 6 1 5 1 8 2 4 32 7 15 27 15 3 5 0
2 4 5 4 1 4 4 9 5 7 1 17 6 9 5 5 10 1
4 4 6 2 1 2 1 8 5 7 30 18 20 10 5 3 12 1
1 1 6 5 1 1 3 8 5 7 23 14 22 11 7 3 1 1
2 1 5 4 2 3 3 8 5 7 23 14 22 11 7 3 5 1
4 1 5 6 1 5 4 8 5 3 19 4 27 1 7 5 10 0
4 4 4 5 2 2 1 9 2 7 31 16 14 35 15 5 10 1
2 4 5 2 1 2 3 8 5 7 31 17 6 9 5 3 5 1
5 3 4 4 1 3 1 8 2 7 31 16 19 6 10 3 13 0
1 1 5 3 1 3 4 3 2 7 31 16 14 9 5 3 8 1
2 3 2 6 2 3 2 9 2 7 30 16 14 6 12 3 12 0
1 2 3 2 1 3 3 2 5 7 31 17 6 9 5 5 10 1
1 1 5 1 1 4 4 12 2 5 36 2 23 42 11 5 10 0
1 1 4 4 1 5 3 13 5 6 27 4 8 20 7 5 10 0
4 3 5 5 1 2 1 8 2 7 31 16 19 6 15 3 5 1
2 2 4 1 2 4 2 11 2 7 30 16 14 6 12 3 12 0
1 3 4 2 1 3 3 9 5 7 31 17 6 9 5 3 16 1
4 3 5 2 1 3 3 8 5 7 32 17 6 9 5 3 12 0
1 1 6 4 2 2 4 14 5 3 17 4 21 21 7 5 10 0
4 2 5 1 1 1 2 8 2 7 30 16 14 6 12 3 12 1
4 2 5 2 1 5 1 9 2 7 31 16 19 6 10 3 9 1
1 2 5 5 1 4 2 9 2 7 30 16 14 6 12 3 12 1
5 3 6 6 1 5 1 10 2 7 31 16 19 6 15 5 10 0
4 2 4 6 1 3 4 8 2 7 31 16 19 6 11 3 5 1
1 1 4 3 1 5 4 8 5 7 33 17 6 9 4 5 10 1
1 1 5 1 2 4 4 8 5 7 33 17 6 9 4 3 1 1
3 2 5 1 1 3 2 9 2 7 30 16 14 6 12 3 12 1
3 3 3 1 1 5 4 8 5 7 32 18 20 10 4 3 12 1
4 1 4 6 1 4 4 10 5 7 31 17 6 9 5 3 12 0
1 2 6 3 1 3 4 8 5 7 24 17 6 9 4 3 12 0
1 1 5 6 1 5 4 8 5 7 33 17 6 9 7 3 16 1
3 4 3 2 1 3 1 7 5 7 30 18 20 10 5 3 12 0
1 1 4 3 1 5 4 3 2 5 36 2 7 3 12 5 10 1
3 1 1 4 2 1 1 9 2 7 31 16 14 35 15 3 5 1
3 4 2 1 1 5 1 11 5 7 30 18 20 10 5 3 12 1
1 3 5 2 1 5 1 6 2 7 15 16 14 9 5 5 10 1
3 3 4 4 2 4 3 8 2 7 34 16 14 35 12 3 9 1
1 4 5 6 1 1 3 8 5 7 31 17 6 9 5 5 10 1
1 3 6 5 1 3 3 8 5 7 31 17 6 9 5 3 16 0
4 3 3 1 1 3 1 9 5 7 30 18 20 10 5 3 12 1
4 2 5 3 1 4 1 8 2 7 31 16 14 35 15 3 5 0
1 1 5 3 1 4 4 9 2 7 24 16 14 35 11 3 5 1
5 2 5 5 2 3 1 8 2 7 31 16 19 6 10 3 5 0
1 3 5 6 1 5 3 2 1 7 37 15 18 47 7 3 12 1
5 4 3 2 1 3 1 7 2 7 31 16 19 6 10 5 10 1
1 1 5 4 2 5 1 10 6 3 28 5 3 31 8 3 1 1
5 2 3 1 1 5 1 8 2 7 31 16 14 29 10 5 10 0
2 1 5 2 1 2 2 8 2 7 30 16 14 6 12 3 12 1
1 2 4 4 1 2 4 7 2 7 24 16 14 35 11 3 9 1
1 4 2 4 1 3 4 13 5 3 18 4 21 21 7 5 10 1
1 3 5 5 2 1 3 10 5 7 23 14 22 11 7 3 9 1
1 3 5 3 1 3 3 8 5 7 31 17 6 9 5 3 1 1
1 4 2 3 2 5 3 10 5 7 23 14 22 11 7 5 10 1
5 4 6 5 2 4 2 10 2 7 30 16 19 6 12 3 12 0
3 3 2 3 1 5 3 8 5 7 31 17 6 9 5 3 5 1
5 1 5 5 1 2 1 8 2 7 31 16 19 6 15 3 5 0
1 3 4 2 2 3 2 12 2 7 30 16 14 6 12 3 12 1
5 3 6 6 1 1 1 8 2 7 32 7 15 36 15 3 5 0
1 1 4 5 3 2 4 2 2 7 24 16 14 35 11 3 5 0
3 4 5 1 1 3 4 8 7 7 31 9 16 37 4 3 12 1
3 2 3 3 1 1 1 9 2 7 31 16 14 35 15 5 10 1
4 1 3 3 2 4 3 8 2 7 34 16 14 35 12 5 10 1
2 3 4 1 1 2 1 8 5 7 30 18 20 10 5 3 12 0
2 2 4 2 2 1 4 8 5 7 34 17 6 9 7 3 1 1
4 2 5 1 1 5 1 9 2 7 31 16 14 35 15 5 10 0
5 2 5 4 1 2 1 8 2 7 32 16 19 6 10 5 10 1
1 2 2 2 2 4 3 9 2 7 36 16 14 35 12 5 10 1
5 2 3 3 1 2 1 8 2 7 31 16 19 6 15 3 5 0
2 1 5 3 1 4 4 8 5 7 24 17 6 9 4 3 5 0
1 1 4 4 1 4 4 8 5 7 24 17 6 9 4 3 9 1
1 2 3 1 1 4 1 11 5 7 30 18 20 10 5 3 12 1
1 2 2 4 1 5 3 9 2 7 33 16 14 35 10 5 10 1
2 1 4 1 2 5 4 8 5 7 34 17 6 9 4 3 1 1
1 3 5 2 1 5 3 8 5 7 31 17 6 9 5 3 16 1
1 1 5 6 2 3 3 3 2 7 1 16 14 35 16 5 10 1
3 3 4 1 2 3 4 9 5 7 31 17 6 9 5 3 12 1
5 3 3 1 1 3 4 9 5 7 31 17 6 9 5 3 5 0
5 2 3 5 2 2 3 8 5 7 32 17 6 9 5 3 5 0
2 1 5 4 2 5 4 11 5 7 33 17 6 9 4 3 1 1
4 2 2 1 1 4 2 8 2 7 30 16 14 6 12 3 12 0
1 3 2 2 1 3 3 9 5 7 31 17 6 9 5 3 12 0
3 4 5 4 1 3 1 8 5 7 30 18 20 10 5 3 12 0
5 2 5 1 1 3 2 8 2 7 30 16 14 6 12 3 12 0
4 4 3 1 1 2 1 7 5 7 30 18 20 10 5 3 12 1
4 3 5 1 2 2 2 8 2 7 30 16 14 6 12 3 12 1
3 4 2 5 1 3 2 8 2 7 30 16 14 6 12 3 12 1
3 3 5 2 2 2 3 8 5 7 31 17 6 9 5 3 16 0
4 2 6 1 1 3 4 8 7 7 32 9 16 37 4 3 12 0
1 2 4 2 1 2 3 1 5 7 23 14 22 11 7 3 9 1
3 3 4 1 2 5 2 10 5 7 31 17 11 17 9 3 12 1
3 3 3 2 1 4 2 9 2 7 30 16 14 6 12 3 12 1
3 4 3 1 1 2 1 9 5 7 30 18 20 10 5 3 12 0
4 4 5 6 1 2 3 8 5 7 32 18 20 39 9 3 12 0
2 1 6 5 2 1 3 8 5 7 31 17 6 9 5 3 16 0
2 2 4 5 1 3 3 9 2 7 31 16 14 35 10 3 5 1
4 3 4 1 1 2 2 8 2 7 30 16 14 6 12 3 12 1
1 1 5 3 1 5 3 2 5 7 35 17 6 9 7 5 10 0
5 3 2 6 1 3 1 8 2 7 31 16 19 6 10 3 5 1
4 2 5 3 1 3 4 9 5 7 31 17 6 9 5 3 5 0
5 3 5 2 2 2 1 8 2 7 31 16 19 6 10 3 5 1
2 2 6 2 2 4 1 8 2 7 31 16 14 35 15 3 5 1
3 4 5 1 2 2 2 8 2 7 30 16 14 6 12 3 12 0
1 1 5 3 1 5 4 12 5 3 14 4 21 40 4 5 10 0
1 3 6 6 1 5 4 2 5 7 33 17 6 9 7 5 10 1
2 1 3 1 1 4 2 10 2 7 30 16 14 6 12 3 12 0
1 2 2 3 2 2 4 10 5 7 34 17 6 9 7 3 1 1
2 3 3 6 1 5 4 8 7 7 31 9 16 37 4 3 12 1
1 1 6 4 2 5 1 10 6 3 28 5 3 31 8 3 1 1
4 4 3 2 1 1 1 7 2 7 31 16 14 35 15 5 10 0
4 2 6 4 2 4 3 8 5 7 31 17 6 9 5 3 5 0
3 3 5 1 1 3 1 8 5 7 30 18 20 10 5 3 12 1
1 1 5 4 1 2 4 9 2 7 24 16 14 35 11 3 9 1
3 4 5 1 2 1 2 9 2 7 30 16 14 6 12 3 12 1
1 2 3 1 1 5 3 13 5 7 31 17 6 9 5 3 16 1
2 1 2 2 2 5 4 10 5 7 33 17 6 9 4 5 10 1
2 3 5 2 1 4 3 11 5 7 23 14 22 11 7 3 9 1
2 1 2 6 2 2 3 9 1 7 37 15 18 47 7 5 10 0
3 1 3 2 2 3 3 8 5 7 31 17 6 9 5 3 16 0
3 1 5 4 1 5 4 8 2 7 31 16 19 6 11 3 5 0
5 3 4 4 1 3 1 8 2 7 31 16 19 6 15 3 5 0
2 4 5 2 1 2 1 8 2 7 31 16 14 35 15 5 10 1
2 1 5 6 2 4 3 9 2 7 1 16 14 35 16 5 10 1
1 2 3 3 1 5 4 8 5 7 24 17 6 9 4 5 10 0
3 1 2 1 1 4 2 8 2 7 30 16 14 6 12 3 12 1
3 1 2 5 2 3 4 8 5 7 31 17 6 9 4 3 5 0
4 4 4 5 1 3 1 8 2 7 31 16 19 6 10 3 5 1
2 1 4 4 1 1 3 8 5 7 23 14 22 11 7 3 5 1
2 2 4 5 1 5 3 8 5 7 31 17 6 9 5 3 9 1
3 4 6 1 1 2 2 9 2 7 30 16 14 6 12 3 12 1
1 2 5 2 1 1 4 8 5 7 24 17 6 9 4 3 12 0
4 2 5 1 1 1 2 8 2 7 30 16 14 6 12 3 12 0
2 3 3 1 1 3 2 9 2 7 30 16 14 6 12 3 12 1
2 3 5 3 2 3 4 10 5 7 34 17 6 9 7 3 16 1
2 3 3 5 2 5 4 8 5 7 33 17 6 9 7 3 1 1
4 1 5 2 2 5 1 8 2 7 31 16 14 35 15 3 14 1
2 4 4 2 2 5 4 8 5 7 30 10 5 48 4 3 12 1
3 2 5 2 2 5 3 8 2 7 31 16 19 6 12 3 12 0
1 1 4 5 1 4 3 12 7 7 39 9 16 37 7 3 12 1
4 1 6 4 2 3 1 10 2 7 31 16 14 35 15 5 10 1
1 4 3 4 1 1 3 9 5 7 23 14 22 11 7 3 1 1
2 1 5 3 1 5 3 12 5 7 35 17 6 9 7 5 10 1
2 4 5 5 1 3 3 9 1 7 37 15 18 47 7 5 10 1
4 3 3 1 2 1 2 10 2 7 30 16 14 6 12 3 12 1
1 2 4 4 1 5 4 9 5 3 37 4 27 45 4 3 5 1
4 1 4 4 1 5 4 8 5 7 33 17 6 9 7 3 5 1
1 2 5 4 2 5 3 9 5 7 31 17 6 9 5 3 1 0
1 4 6 1 1 5 1 8 2 7 22 16 14 5 10 3 9 1
4 4 3 3 1 2 1 8 2 7 31 16 19 6 15 5 10 1
4 4 5 1 2 3 1 9 5 7 30 18 20 10 5 3 12 0
1 4 6 3 1 5 1 8 2 7 22 16 14 5 10 5 10 1
2 4 3 5 1 1 3 11 5 7 31 17 6 9 5 5 10 1
1 1 4 3 2 4 4 8 5 7 34 17 6 9 7 3 16 1
5 2 6 5 2 3 1 8 2 7 31 16 19 6 15 3 5 0
4 3 5 3 2 2 1 8 2 7 31 16 19 6 10 5 10 1
5 4 2 6 1 1 2 11 2 7 30 16 14 6 12 3 12 0
2 3 2 2 1 2 2 8 2 7 30 16 14 6 12 3 12 1
2 2 5 2 1 2 3 8 5 7 31 17 6 9 5 3 5 1
5 3 4 4 1 3 4 8 5 7 31 17 6 9 7 3 5 0
3 3 6 1 1 4 2 8 2 7 30 16 14 6 12 3 12 1
2 3 5 2 1 3 3 8 5 7 23 14 22 11 7 3 1 1
4 2 4 6 1 5 3 8 5 7 32 17 6 9 5 3 12 0
2 1 5 4 1 1 3 8 5 7 23 14 22 11 7 3 5 1
1 3 5 4 1 1 3 9 5 7 23 14 22 11 7 3 16 1
1 1 5 4 1 4 3 12 1 7 37 15 18 47 7 5 10 1
4 2 5 6 1 5 1 8 2 7 31 16 19 6 10 3 5 1
1 1 4 5 2 4 4 11 5 7 34 17 6 9 4 3 1 0
1 3 2 5 2 5 4 11 5 7 33 17 6 9 4 3 1 1
1 3 3 5 1 4 3 8 5 7 31 17 6 9 5 3 1 1
5 3 3 5 2 2 4 8 2 7 31 16 19 6 11 3 5 1
4 3 6 1 1 3 2 8 2 7 30 16 14 6 12 3 12 1
3 3 3 2 1 3 2 9 2 7 30 16 14 6 12 3 12 0
4 3 4 2 1 3 1 8 5 7 30 18 20 10 5 3 12 1
1 1 4 4 1 4 3 8 5 7 31 17 6 9 5 5 10 0
1 4 4 3 3 3 3 8 5 7 31 17 6 9 5 3 1 1
1 3 2 3 3 1 3 9 5 7 31 17 6 9 5 5 10 0
2 2 4 1 1 3 1 9 5 7 30 18 20 10 5 3 12 1
4 2 4 3 1 3 4 9 2 7 24 16 14 35 11 3 5 0
1 2 5 2 2 5 3 8 5 3 18 4 14 9 5 5 10 1
3 4 4 2 1 5 3 10 5 7 23 14 22 11 7 3 1 1
5 4 3 1 1 2 1 10 5 7 30 18 20 10 5 3 12 1
2 2 3 2 1 5 4 8 5 7 24 17 6 9 4 3 5 1
2 3 6 1 1 4 3 8 5 7 31 17 6 9 5 3 16 0
3 2 5 4 1 2 2 8 2 7 30 16 14 6 12 3 12 1
4 2 2 2 1 4 4 8 5 7 32 10 5 48 4 3 12 1
4 2 3 3 1 2 1 9 2 7 31 16 14 35 15 3 5 1
2 1 4 2 1 2 3 8 5 7 31 17 6 9 5 3 16 0
1 2 2 2 1 2 3 9 5 7 31 17 6 9 5 3 16 0
1 1 3 5 2 3 4 13 5 5 35 17 6 13 4 5 10 1
2 2 6 3 1 4 3 9 5 7 31 17 6 9 5 3 5 1
3 3 3 2 1 5 1 11 5 7 30 18 20 10 5 3 12 0
1 3 6 4 1 2 4 8 2 7 24 16 14 35 11 3 9 1
1 3 6 4 3 1 4 3 5 7 24 17 6 9 4 3 5 1
1 1 5 5 1 1 4 8 5 7 24 17 6 9 4 5 10 1
4 3 3 6 1 3 1 7 2 7 31 16 14 35 15 3 5 1
1 1 6 6 2 5 4 11 5 7 34 17 6 9 7 3 1 1
5 2 3 4 2 2 1 8 2 7 31 16 19 6 15 3 5 0
4 4 5 3 1 2 1 8 2 7 31 16 19 6 10 5 10 1
3 2 2 4 1 2 3 11 5 7 31 17 6 9 5 3 5 1
5 2 2 2 2 1 1 8 2 7 31 16 19 6 15 3 5 0
1 2 5 5 1 2 3 8 5 7 23 14 22 11 7 3 16 0
1 1 3 1 1 1 3 9 5 7 31 17 6 9 5 3 16 1
4 3 3 6 1 2 1 9 2 7 31 16 19 6 10 3 5 1
3 3 6 2 1 1 1 9 5 7 30 18 20 10 5 3 12 1
1 3 5 3 1 1 1 6 6 7 28 12 17 38 3 5 10 1
1 1 2 2 1 4 4 12 5 3 9 4 21 40 4 5 10 0
2 1 3 2 1 4 3 8 5 7 23 14 22 11 7 3 9 1
2 4 2 1 1 1 3 8 5 7 31 17 6 9 5 3 5 0
4 2 3 1 1 1 2 8 2 7 30 16 14 6 12 3 12 1
1 1 2 4 1 3 3 8 5 7 23 14 22 11 7 3 9 0
1 1 4 5 1 4 3 9 2 7 1 16 14 35 16 5 10 0
4 2 5 1 1 2 2 9 2 7 30 16 14 6 12 3 12 1
1 2 4 3 1 3 1 7 5 7 17 18 20 22 3 3 12 1
1 3 4 6 1 4 4 12 5 7 31 17 6 9 5 5 10 1
2 3 3 3 1 1 1 9 2 7 22 16 14 5 10 3 9 1
1 1 6 3 2 3 4 8 5 7 33 17 6 9 7 3 1 1
3 4 4 1 2 4 1 11 5 7 30 18 20 10 5 3 12 0
2 1 5 4 1 3 4 9 7 7 31 9 16 37 4 3 12 1
4 4 3 5 1 1 1 9 2 7 31 16 19 6 10 3 5 1
3 1 1 6 2 5 4 8 5 7 33 17 6 9 7 3 1 0
1 1 5 6 1 4 4 7 2 5 36 2 7 3 12 5 10 0
3 4 5 1 1 1 2 8 2 7 30 16 14 6 12 3 12 1
2 3 2 1 1 3 3 8 5 7 31 17 6 9 5 3 16 0
1 1 6 6 1 5 4 8 5 7 33 17 6 9 4 3 1 0
3 3 6 1 1 1 3 9 2 7 31 16 19 6 12 3 12 0
4 4 4 5 1 4 2 8 2 7 30 16 14 6 12 3 12 0
1 2 4 2 3 3 4 8 5 3 17 4 27 1 7 5 10 0
3 1 4 4 2 1 1 8 2 7 31 16 14 35 15 3 5 1
3 3 5 4 2 2 3 8 2 7 31 16 14 35 10 3 5 1
1 1 5 5 1 1 1 6 6 3 28 5 3 31 8 3 1 1
3 1 5 2 2 3 3 8 2 7 31 16 14 35 10 3 5 1
5 2 5 4 2 5 4 8 2 7 31 16 19 6 11 3 5 0
3 2 3 5 1 4 3 9 5 7 31 17 6 9 5 3 9 0
1 1 3 2 2 5 3 9 2 7 36 16 14 35 12 5 10 1
5 4 2 5 1 3 1 8 2 7 31 16 19 6 10 3 9 0
4 2 3 1 1 4 1 9 2 7 31 16 19 6 15 3 5 0
1 1 3 5 1 2 1 12 5 7 18 17 6 23 3 5 10 0
4 1 3 5 1 1 4 9 2 7 31 16 19 6 11 3 5 0
4 3 3 5 2 3 3 11 2 7 31 16 14 35 10 3 16 1
1 4 4 1 1 3 1 9 5 7 17 18 20 22 3 3 12 1
1 1 4 2 1 5 3 11 5 7 23 14 22 11 7 3 1 1
4 1 2 1 1 3 1 9 5 7 30 18 20 10 5 3 12 1
1 1 5 6 1 4 4 8 5 7 33 17 6 9 7 3 1 1
1 3 4 2 1 5 3 7 5 7 31 17 6 9 5 3 9 1
1 3 3 3 1 5 4 9 5 3 8 4 21 21 7 3 8 1
1 1 3 4 1 5 4 8 5 5 37 14 22 15 4 5 10 0
4 2 4 4 1 2 4 7 5 7 31 17 6 9 7 3 5 0
4 3 5 1 1 3 1 8 5 7 30 18 20 10 5 3 12 1
2 3 2 5 2 1 1 9 2 7 31 16 14 35 15 3 5 1
5 4 3 1 1 1 1 10 5 7 30 18 20 10 5 3 12 1
2 2 4 3 1 5 3 10 1 7 37 15 18 47 7 3 12 0
3 4 5 5 1 4 1 8 2 7 31 16 14 35 15 5 10 1
5 1 5 1 1 5 1 8 2 7 31 16 14 29 10 5 10 0
3 3 3 2 1 5 2 8 2 7 30 16 14 6 12 3 12 1
3 1 2 3 1 4 3 8 2 7 31 16 14 35 10 3 9 1
2 3 2 3 1 3 1 10 2 7 31 16 14 35 15 5 10 1
3 1 5 1 2 2 3 8 5 7 31 17 6 9 5 3 12 0
4 2 2 2 1 1 2 8 2 7 30 16 14 6 12 3 12 0
2 3 6 3 1 5 3 8 5 7 23 14 22 11 7 3 16 1
1 1 2 2 1 4 3 8 5 7 31 17 6 9 5 3 5 0
1 3 5 4 1 5 1 10 2 7 22 16 14 5 10 3 14 1
3 2 6 1 1 3 1 9 5 7 30 18 20 10 5 3 12 0
3 1 5 5 2 5 4 8 5 7 31 17 6 9 4 3 5 0
3 4 2 2 1 4 2 11 2 7 30 16 14 6 12 3 12 1
4 4 5 1 1 1 2 8 2 7 30 16 14 6 12 3 12 1
2 3 4 2 2 4 3 11 2 7 31 16 14 35 10 3 9 1
5 2 3 2 1 1 2 8 2 7 30 16 14 6 12 3 12 1
4 3 3 4 2 5 1 11 2 7 31 16 14 35 15 3 9 1
3 2 5 5 2 1 1 9 2 7 31 16 14 35 15 3 5 0
5 3 5 5 1 5 4 8 5 7 31 17 6 9 7 5 10 0
3 1 2 5 1 1 3 8 5 7 31 17 6 9 5 5 10 0
2 3 5 2 1 3 3 8 5 7 23 14 22 11 7 3 1 1
1 3 6 6 1 2 3 9 5 7 31 17 6 9 5 3 12 1
1 1 6 3 2 4 3 8 2 7 31 16 14 35 10 5 10 0
4 2 5 5 2 4 4 10 2 7 31 16 19 6 11 5 10 0
1 1 5 6 1 3 4 14 2 7 31 16 14 9 5 5 10 0
1 1 1 4 1 1 4 14 2 7 31 16 14 9 5 5 10 0
1 4 4 2 1 2 3 9 5 7 31 17 6 9 5 3 16 1
5 3 5 6 1 1 1 8 2 7 31 16 14 35 15 3 5 0
3 3 5 5 2 5 3 11 2 7 31 16 14 35 10 3 9 1
1 1 2 6 1 5 3 8 5 7 31 17 6 9 5 3 12 0
1 1 4 4 2 2 4 12 5 3 13 4 21 40 4 5 10 0
3 3 3 1 1 3 4 8 5 7 31 17 6 9 5 3 12 1
1 4 4 3 2 2 3 12 2 7 36 16 14 35 12 5 10 1
4 1 2 3 3 4 1 8 2 7 31 16 14 35 15 3 1 0
1 1 4 5 3 2 3 3 5 7 23 14 22 11 7 3 1 0
1 1 2 4 1 2 4 2 5 3 9 4 21 40 4 5 10 1
5 4 2 6 1 4 1 9 2 7 31 16 19 6 10 3 5 1
3 2 6 5 1 3 4 3 7 7 31 9 16 37 4 3 12 1
2 1 6 3 1 1 3 8 5 7 23 14 22 11 7 3 12 1
2 4 4 2 1 1 1 7 2 7 31 16 14 35 15 3 15 0
1 3 3 3 1 3 3 9 5 7 23 14 22 11 7 3 12 0
1 1 4 1 1 4 4 13 5 3 8 4 21 21 7 5 10 1
4 2 4 4 1 3 4 8 2 7 24 16 14 35 11 3 5 0
1 1 6 3 1 1 4 2 5 7 24 17 6 9 4 3 12 0
1 2 2 4 1 4 3 8 5 7 31 17 6 9 5 3 1 1
2 4 5 2 1 5 1 8 2 7 31 16 14 35 15 5 10 1
1 1 1 3 2 1 3 14 3 6 17 3 12 2 7 5 10 0
4 4 5 1 1 4 2 8 2 7 30 16 14 6 12 3 12 1
2 2 5 2 1 2 4 9 2 7 24 16 14 35 11 3 5 1
5 4 4 6 1 1 1 10 2 7 31 16 14 35 15 5 10 1
1 3 5 5 2 5 4 14 2 7 3 16 14 9 5 5 10 1
5 3 5 2 2 3 1 9 2 7 31 16 19 6 10 3 5 0
1 4 4 6 1 5 2 7 5 7 17 18 20 22 7 5 10 1
1 4 5 1 1 2 2 10 2 7 30 16 14 6 12 3 12 0
3 3 5 6 1 4 4 8 7 7 31 9 16 37 4 3 12 0
1 3 5 5 3 4 3 2 5 7 31 17 6 9 5 3 1 0
1 1 2 6 1 5 4 12 5 7 34 17 6 9 7 3 16 1
4 3 6 6 2 2 1 8 2 7 31 16 19 6 10 3 5 0
4 1 4 3 1 2 3 8 5 7 31 17 6 9 5 3 5 0
4 4 5 6 1 2 1 10 5 7 32 18 20 28 9 3 12 0
2 1 5 5 2 4 3 8 5 7 31 17 6 9 5 3 1 1
4 3 4 1 1 1 2 8 2 7 30 16 14 6 12 3 12 0
5 3 3 6 1 3 3 10 5 7 32 17 6 9 5 3 12 0
3 3 4 1 1 1 3 7 5 7 32 17 6 9 5 3 12 0
4 1 6 4 1 3 4 11 7 7 31 9 16 37 4 3 12 1
3 1 4 6 1 2 3 9 2 3 13 2 10 4 13 5 10 0
4 3 5 2 1 4 1 8 5 7 30 18 20 10 5 3 12 1
3 1 5 3 2 3 4 8 5 5 35 17 6 13 4 5 10 1
4 3 2 4 1 2 4 8 5 7 31 17 6 9 7 3 5 0
4 1 2 2 1 4 4 8 5 7 32 10 5 48 4 3 12 1
2 2 5 4 1 2 3 9 7 7 39 9 16 37 7 3 12 0
4 3 3 1 1 3 2 9 2 7 30 16 14 6 12 3 12 1
3 2 5 2 2 2 1 9 2 7 31 16 14 35 15 3 5 1
1 3 6 2 1 5 4 8 5 7 34 17 6 9 7 5 10 0
2 2 3 4 1 4 3 8 5 7 31 17 6 9 5 3 1 1
4 1 4 2 2 3 4 8 5 7 31 17 6 9 5 3 12 1
3 3 3 2 2 2 3 10 5 7 31 17 6 9 5 3 16 0
1 2 5 4 1 3 3 8 5 7 23 14 22 11 7 5 10 1
4 4 2 6 2 2 1 10 2 7 31 16 19 6 10 3 5 1
4 3 3 4 1 4 1 2 2 7 31 16 19 6 10 3 13 1
4 2 4 2 1 3 1 8 5 7 30 18 20 10 5 3 12 0
5 1 3 1 2 4 3 8 5 7 32 17 6 9 5 3 12 0
1 4 3 5 2 1 3 9 5 7 23 14 22 11 7 3 5 1
3 4 4 1 1 2 2 8 2 7 30 16 14 6 12 3 12 1
1 4 4 5 1 5 2 2 2 7 30 16 14 6 12 5 10 1
5 3 5 3 1 1 2 8 5 7 31 17 11 17 9 3 12 1
1 1 5 5 2 3 4 2 5 3 37 4 27 45 4 5 10 0
1 4 3 5 1 4 1 8 3 7 31 11 30 9 5 3 1 1
2 2 5 4 1 2 3 8 5 7 31 17 6 9 5 3 12 0
4 2 6 3 1 2 1 8 2 7 31 16 19 6 15 5 10 1
1 2 3 4 1 1 4 9 2 7 24 16 14 35 11 3 5 1
4 4 5 6 1 4 1 8 2 7 31 16 19 6 15 3 5 1
2 2 4 3 1 3 4 12 2 7 24 16 14 35 11 3 5 1
4 1 6 5 2 3 3 8 2 7 31 16 14 35 10 3 16 1
4 1 3 4 1 4 1 7 2 7 31 16 19 6 10 5 10 1
3 3 5 1 1 2 3 8 5 7 31 17 6 9 5 3 12 0
4 1 3 6 1 1 1 8 2 7 31 16 14 35 15 5 10 1
3 1 2 3 1 1 4 8 5 7 24 17 6 9 4 3 1 1
3 1 2 2 1 4 4 12 5 7 1 17 6 9 5 5 10 1
3 3 4 3 2 4 3 8 2 7 31 16 14 35 10 3 16 1
3 4 4 5 2 5 4 9 5 3 9 4 21 40 4 3 5 1
3 4 5 1 1 5 2 8 2 7 30 16 14 6 12 3 12 1
3 4 5 1 1 2 2 8 2 7 30 16 14 6 12 3 12 1
4 3 2 1 1 2 2 8 2 7 30 16 14 6 12 3 12 1
5 2 6 5 1 1 1 8 2 7 31 16 19 6 15 3 5 0
5 2 3 3 1 5 1 8 2 7 31 16 19 6 15 3 9 0
1 4 5 6 2 1 3 3 2 7 31 16 14 35 10 3 16 1
1 1 5 2 1 5 4 13 5 3 17 4 27 1 7 3 5 1
4 1 5 5 1 1 4 8 5 7 33 17 6 9 7 5 10 0
1 2 6 4 2 5 4 10 2 7 24 16 14 35 11 3 5 1
4 3 2 6 1 3 1 8 2 7 31 16 19 6 10 3 5 1
2 1 2 2 1 5 3 11 5 7 31 17 6 9 5 3 16 1
3 3 5 5 2 3 3 8 5 7 31 17 6 9 5 3 1 0
5 3 5 6 1 5 1 11 2 7 31 16 19 6 15 3 5 0
1 1 3 3 1 5 4 12 5 7 1 17 6 9 5 5 10 0
3 4 3 1 1 2 2 8 2 7 30 16 14 6 12 3 12 1
3 4 6 1 1 5 2 9 2 7 30 16 14 6 12 3 12 1
1 4 4 4 1 2 3 2 5 7 31 17 6 9 5 3 9 1
1 2 5 6 2 5 4 10 5 7 34 17 6 9 7 3 1 0
3 2 3 6 1 3 1 10 2 7 31 16 19 6 15 3 5 1
4 1 4 5 2 4 2 8 2 7 30 16 14 6 12 3 12 1
2 1 3 3 1 5 2 8 2 7 30 16 14 6 12 3 12 0
1 3 5 2 1 3 3 8 5 7 31 17 6 9 5 3 16 1
4 2 3 3 1 4 1 9 2 7 31 16 14 35 15 3 5 1
4 4 4 5 1 3 1 7 2 7 31 16 14 35 15 3 5 1
3 3 4 3 1 5 3 11 5 7 23 14 22 11 7 3 1 0
5 2 4 1 1 1 1 8 2 7 31 16 14 29 10 5 10 0
3 3 5 4 1 1 3 11 5 7 31 17 6 9 5 3 5 1
5 1 4 6 1 1 1 8 2 7 31 16 14 35 15 5 10 1
4 1 3 5 1 1 4 8 5 7 33 17 6 9 7 5 10 1
3 1 4 1 1 4 2 7 2 7 30 16 14 6 12 3 12 1
1 2 5 6 2 5 1 6 6 7 28 12 17 38 3 3 1 1
4 4 2 3 1 3 1 8 5 7 30 18 20 10 5 3 12 0
4 1 4 4 1 1 3 8 2 7 31 16 14 35 10 5 10 1
4 1 1 3 1 3 1 8 2 7 31 16 14 35 15 3 5 0
4 2 5 3 1 3 4 8 2 7 31 16 19 6 11 5 10 1
2 1 3 3 1 2 4 8 5 7 24 17 6 9 4 3 12 0
4 2 4 6 1 4 1 9 5 7 32 10 5 48 9 3 12 0
1 1 2 1 2 5 4 11 5 7 33 17 6 9 4 3 1 0
4 1 4 4 2 2 4 8 7 7 31 9 16 37 4 3 5 0
4 4 5 4 1 1 4 8 2 7 31 16 19 6 11 3 5 0
3 3 4 2 1 4 4 8 5 7 30 10 5 48 4 3 12 0
2 2 4 3 2 1 4 11 5 7 33 17 6 9 4 3 1 1
3 3 2 1 2 5 3 8 2 7 31 16 19 6 12 3 12 1
3 2 6 6 2 3 4 8 7 7 31 9 16 37 4 3 12 0
3 1 2 1 1 2 4 8 7 7 31 9 16 37 4 3 12 1
2 1 4 5 2 1 4 8 5 7 34 17 6 9 7 3 8 1
4 2 2 2 1 1 4 8 5 7 31 17 6 9 5 3 12 1
3 3 4 5 1 2 1 8 2 7 31 16 14 35 15 3 5 1
4 3 5 6 3 3 3 8 2 7 31 16 14 35 10 3 16 1
5 3 3 2 1 2 4 8 5 7 32 10 5 48 4 3 12 0
2 1 4 1 1 3 3 8 5 7 31 17 6 9 5 3 16 0
5 2 4 5 1 2 1 8 2 7 31 16 19 6 10 5 10 0
3 4 4 1 1 2 2 8 2 7 30 16 14 6 12 3 12 1
2 2 5 2 1 5 3 8 5 7 23 14 22 11 7 3 1 1
1 1 5 3 1 5 4 2 5 3 37 4 27 45 4 3 5 1
3 4 4 1 1 1 2 8 2 7 30 16 14 6 12 3 12 0
5 1 5 5 2 5 1 9 2 7 31 16 19 6 15 5 10 1
2 2 5 6 2 5 4 9 7 7 31 9 16 37 4 3 12 0
4 2 6 4 2 5 1 8 2 7 32 16 19 6 15 5 10 1
3 4 4 4 2 3 3 8 5 7 31 17 6 9 5 3 12 0
2 3 1 5 1 1 3 8 5 7 23 14 22 11 7 3 5 1
4 1 5 2 1 3 1 9 2 7 31 16 19 6 10 3 5 1
1 1 4 6 1 5 2 7 2 7 30 16 14 6 12 3 12 0
1 3 5 4 1 2 3 8 2 7 1 16 14 35 16 5 10 1
1 2 5 3 1 5 4 3 5 7 1 17 6 9 5 5 10 1
1 1 4 2 1 5 4 14 5 3 8 4 21 21 7 5 10 0
5 3 5 1 1 5 1 9 2 7 31 16 14 29 10 3 12 0
1 1 5 6 1 5 4 13 5 3 9 4 21 40 4 5 10 0
5 3 2 1 1 2 2 8 2 7 30 16 14 6 12 3 12 1
1 1 3 4 1 5 4 13 5 3 37 4 27 45 4 5 10 0
1 2 3 3 1 5 3 9 2 7 34 16 14 35 12 3 9 0
2 4 3 5 1 4 2 8 2 7 30 16 14 6 12 3 12 1
3 3 2 2 1 4 1 8 2 7 31 16 14 35 15 5 10 1
4 3 5 6 1 5 1 9 2 7 31 16 19 6 10 3 12 1
4 4 3 6 1 2 1 8 2 7 31 16 14 35 15 3 5 0
4 2 5 1 1 1 2 8 2 7 30 16 14 6 12 3 12 1
3 4 6 1 2 2 2 8 2 7 30 16 14 6 12 3 12 0
5 2 3 4 1 1 3 8 2 7 30 16 19 6 13 3 5 0
5 4 5 2 1 1 1 8 2 7 31 16 19 6 10 5 10 1
1 2 4 5 1 1 4 9 5 7 24 17 6 9 4 3 9 1
5 1 4 1 1 1 1 10 2 7 31 16 19 6 15 5 10 1
4 4 6 1 1 1 2 8 2 7 30 16 14 6 12 3 12 0
1 2 5 3 1 1 4 3 2 7 24 16 14 35 11 3 5 1
2 2 3 6 1 3 1 7 2 7 31 16 14 35 15 5 10 1
3 4 3 2 1 5 1 8 5 7 30 18 20 10 5 3 12 1
1 2 4 3 1 3 3 2 5 7 31 17 6 9 5 3 12 0
3 2 6 1 1 4 2 10 2 7 30 16 14 6 12 3 12 0
3 4 3 1 1 2 2 8 2 7 30 16 14 6 12 3 12 1
1 2 2 5 2 5 3 8 5 7 33 17 6 9 5 3 1 0
3 2 4 6 1 4 1 8 2 7 31 16 14 35 15 3 5 1
3 4 4 1 1 4 1 10 5 7 30 18 20 10 5 3 12 1
1 2 5 5 1 3 4 6 5 3 9 4 21 40 4 5 10 1
5 3 4 6 1 3 1 8 2 7 31 16 14 35 15 3 5 0
3 2 2 2 2 2 2 9 2 7 30 16 14 6 12 3 12 0
2 1 5 3 1 1 3 11 5 7 31 17 6 9 5 3 16 0
1 3 3 6 1 5 4 9 5 7 34 17 6 9 7 5 10 1
3 2 3 2 1 5 4 8 7 7 31 9 16 37 4 3 12 1
3 1 2 1 1 4 2 11 2 7 30 16 14 6 12 3 12 1
4 3 5 5 1 2 1 9 2 7 31 16 14 35 15 5 10 1
1 1 5 1 3 1 1 4 6 7 28 12 17 38 3 3 1 1
2 2 5 2 1 2 4 7 2 7 24 16 14 35 11 3 5 1
1 1 6 5 2 3 4 11 5 7 33 17 6 9 4 3 1 1
1 3 3 6 2 5 4 8 5 7 34 17 6 9 7 3 1 1
2 1 4 6 2 2 3 2 2 7 1 16 14 35 16 3 12 1
3 1 3 5 1 4 3 8 5 7 31 17 6 9 5 3 9 0
5 2 3 1 1 1 4 8 7 7 31 9 16 37 4 3 12 0
1 2 5 2 1 4 3 2 5 7 31 17 6 9 5 3 9 1
1 3 5 3 1 4 4 9 5 7 31 17 6 9 5 3 12 1
3 2 4 2 2 1 4 8 7 7 31 9 16 37 4 3 5 0
5 1 2 2 1 4 4 8 2 7 31 16 19 6 11 3 5 0
1 2 5 4 2 4 1 6 6 7 28 12 17 38 3 5 10 1
1 2 5 4 2 2 3 8 5 7 23 14 22 11 7 3 9 1
5 1 5 2 1 1 1 8 2 7 31 16 14 29 10 5 10 0
3 4 3 6 1 3 2 9 2 7 30 16 14 6 12 3 12 0
2 2 3 5 1 1 1 9 2 7 31 16 19 6 10 3 12 1
3 4 6 1 1 4 2 8 2 7 30 16 14 6 12 3 12 1
4 3 4 2 1 5 2 9 2 7 30 16 14 6 12 3 12 1
5 4 3 5 1 4 1 8 2 7 31 16 19 6 15 3 9 0
3 3 4 2 1 5 1 7 2 7 31 16 14 35 15 3 5 1
3 2 4 5 1 4 4 9 2 7 24 16 14 35 11 3 9 0
1 2 2 2 1 5 4 9 5 2 36 17 6 9 16 3 8 1
1 1 5 6 2 5 3 2 2 7 31 16 14 35 10 3 9 1
2 1 4 4 1 2 1 7 2 7 31 16 14 35 15 5 10 1
5 2 4 6 1 5 1 8 2 7 31 16 19 6 10 3 5 0
4 1 3 5 1 4 4 8 5 7 33 17 6 9 7 3 5 0
1 1 5 3 1 2 4 3 5 7 24 17 6 9 4 3 5 1
4 1 3 5 1 2 4 8 5 7 33 17 6 9 7 5 10 1
1 2 5 6 2 5 4 10 5 7 34 17 6 9 7 3 1 0
5 4 2 5 1 4 1 8 2 7 31 16 19 6 10 3 5 0
4 3 6 5 1 2 1 9 2 7 31 16 14 35 15 5 10 1
4 1 5 5 1 4 3 8 5 7 32 18 20 39 9 3 12 0
4 1 3 3 1 3 1 9 2 7 31 16 19 6 10 3 13 0
4 1 4 6 2 4 1 10 2 7 31 16 19 6 15 3 5 1
2 2 3 6 1 3 3 3 1 7 37 15 18 47 7 3 12 1
1 4 1 6 1 5 4 8 5 7 1 17 6 9 5 5 10 1
4 4 6 5 1 1 1 8 2 7 31 16 14 35 15 5 10 1
1 3 5 5 1 1 1 3 6 7 28 12 17 38 3 3 1 1
3 4 6 1 1 3 2 8 2 7 30 16 14 6 12 3 12 0
1 1 5 1 1 2 4 2 5 7 33 17 6 9 4 5 10 0
1 1 4 6 1 2 4 1 2 7 31 16 14 9 5 5 10 0
5 1 5 6 1 5 4 13 5 7 32 4 14 9 5 3 5 0
1 3 4 3 1 4 1 12 2 7 31 16 14 35 15 5 10 1
4 2 2 4 2 5 1 8 2 7 31 16 19 6 10 5 10 0
3 2 4 1 1 5 3 8 5 7 31 17 6 9 5 3 12 0
5 3 5 4 1 3 3 8 2 7 31 16 14 35 10 3 5 0
1 1 6 3 1 2 3 14 3 6 17 3 12 2 7 5 10 0
3 3 5 6 2 4 1 8 2 7 31 16 14 35 15 5 10 0
2 1 5 4 1 1 3 9 5 7 23 14 22 11 7 3 16 1
4 3 5 6 2 3 3 8 2 7 31 16 14 35 10 5 10 0
3 3 5 5 1 1 2 8 2 7 30 16 14 6 12 3 12 0
1 1 2 3 2 2 4 8 5 7 34 17 6 9 7 3 1 1
1 2 2 3 2 4 4 9 5 3 8 4 21 21 7 5 10 0
3 4 5 4 1 2 1 10 2 7 31 16 14 35 15 5 10 1
1 1 4 2 1 3 4 2 5 5 37 14 22 15 4 5 10 0
4 4 6 1 1 1 3 8 5 7 31 17 6 9 5 3 12 0
1 1 4 2 3 5 4 8 5 7 33 17 6 9 4 5 10 0
2 1 5 3 1 4 3 8 5 7 31 17 6 9 5 3 5 1
3 1 2 5 1 4 3 8 2 7 34 16 14 35 12 3 5 0
3 2 4 5 2 2 3 9 2 7 31 16 14 35 10 3 16 1
2 1 2 4 2 4 4 12 5 7 1 17 6 9 5 5 10 1
5 4 5 6 1 2 1 8 2 7 31 16 19 6 10 3 12 0
5 2 5 5 1 5 1 8 2 7 31 16 14 35 15 5 10 0
1 2 5 4 1 4 1 6 6 7 28 12 17 38 3 5 10 1
4 3 4 2 1 5 1 8 2 7 31 16 19 6 15 5 10 1
5 1 5 4 1 2 4 8 2 7 31 16 19 6 11 3 5 0
3 2 4 1 1 2 4 10 7 7 31 9 16 37 4 3 12 0
4 4 3 1 1 5 1 9 5 7 30 18 20 10 5 3 12 1
5 4 3 3 1 4 1 8 2 7 31 16 19 6 10 3 13 0
1 2 5 2 1 2 4 6 2 7 24 16 14 35 11 5 10 1
5 3 5 2 2 5 1 8 2 7 31 16 19 6 15 5 10 0
1 1 6 3 2 4 4 8 5 7 34 17 6 9 7 3 16 1
5 2 4 5 1 2 4 8 5 7 32 4 14 9 5 3 5 0
3 2 2 1 1 3 4 8 7 7 31 9 16 37 4 3 12 1
5 4 4 2 2 3 1 9 2 7 31 16 14 35 15 5 10 1
2 2 5 4 2 5 4 7 5 7 31 17 6 9 7 3 5 1
3 4 6 1 1 4 2 8 2 7 30 16 14 6 12 3 12 0
3 1 2 1 1 2 1 8 5 7 30 18 20 10 5 3 12 0
2 4 5 6 2 2 3 8 2 7 31 16 14 35 10 3 16 1
3 1 2 3 1 4 4 8 2 7 24 16 14 35 11 5 10 1
2 1 5 4 2 5 3 8 2 7 31 16 14 35 10 3 5 0
5 2 6 5 1 4 3 8 5 7 32 17 6 9 5 3 5 0
1 1 5 5 2 4 1 2 2 7 31 16 14 35 15 5 10 1
4 1 6 5 2 4 4 8 5 7 24 17 6 9 4 3 5 0
5 4 6 1 1 1 1 8 2 7 31 16 19 6 10 3 5 0
5 1 1 3 2 5 1 11 2 7 31 16 19 6 15 3 5 0
2 1 4 4 1 5 3 13 2 7 1 16 14 35 16 5 10 1
1 1 4 2 2 5 3 8 5 7 31 17 6 9 5 3 16 0
3 3 2 1 1 5 1 11 5 7 30 18 20 10 5 3 12 1
2 2 3 3 2 5 4 9 5 3 8 4 21 21 7 5 10 1
3 3 2 1 1 3 4 8 5 7 31 17 6 9 5 3 12 0
5 4 3 4 1 2 1 10 2 7 31 16 19 6 10 3 5 0
5 1 3 6 1 2 3 10 5 7 32 18 20 10 5 3 12 0
1 4 4 3 2 4 1 9 5 7 30 18 20 10 5 3 12 1
2 2 5 3 1 5 1 9 2 7 31 16 14 35 15 3 5 1
2 4 4 3 1 4 1 9 2 7 31 16 14 35 15 3 5 1
3 2 3 4 1 1 3 10 5 7 23 14 22 11 7 3 1 1
3 1 3 4 1 3 1 9 2 7 31 16 19 6 10 3 5 0
4 4 5 6 1 4 1 8 2 7 31 16 19 6 10 3 5 1
5 1 4 6 1 5 4 8 5 7 32 18 20 10 4 3 12 0
1 1 4 3 1 5 3 9 5 7 23 14 22 11 7 3 12 0
3 2 5 4 2 5 3 9 2 7 34 16 14 35 12 3 12 0
1 1 3 4 1 5 4 1 2 7 31 16 14 9 5 5 10 0
4 3 4 6 1 4 1 8 2 7 32 16 14 5 10 3 12 0
3 3 2 2 2 5 3 10 2 7 31 16 14 35 10 3 9 1
3 4 5 2 2 3 4 8 5 7 31 17 6 9 5 3 12 1
4 1 4 1 1 2 4 8 7 7 32 9 16 37 4 3 12 0
3 2 4 2 1 5 1 2 2 7 31 16 19 6 15 5 10 0
5 3 4 6 2 4 4 8 5 7 32 10 2 16 2 3 12 0
2 1 4 5 1 1 3 9 2 7 31 16 14 35 10 3 9 1
2 1 5 2 1 3 2 8 2 7 30 16 14 6 12 3 12 1
2 2 5 4 1 5 4 8 5 7 33 17 6 9 7 5 10 1
5 3 6 4 1 4 1 8 2 7 31 16 19 6 10 5 10 1
3 3 5 1 1 4 1 9 2 7 31 16 14 35 15 5 10 1
3 3 5 2 1 1 1 11 5 7 30 18 20 10 5 3 12 0
4 2 5 2 1 2 1 8 2 7 31 16 19 6 10 5 10 1
4 2 5 4 1 5 4 8 2 7 31 16 19 6 11 3 5 0
2 1 4 2 1 3 3 8 5 7 31 17 6 9 5 3 16 1
3 1 5 6 2 5 3 9 2 3 13 2 10 4 13 3 5 1
2 3 4 3 1 2 3 10 5 7 23 14 22 11 7 3 9 1
3 4 2 1 1 5 2 8 2 7 30 16 14 6 12 3 12 0
2 1 5 1 1 4 3 8 5 7 31 17 6 9 5 3 12 0
5 3 6 5 1 5 1 8 2 7 31 16 19 6 10 3 5 1
1 2 4 5 1 3 3 8 5 7 23 14 22 11 7 3 1 1
2 3 5 2 1 4 3 8 5 7 31 17 6 9 5 3 5 1
5 3 5 5 2 1 1 11 2 7 31 16 19 6 15 3 5 1
3 3 5 1 2 2 2 8 2 7 30 16 14 6 12 3 12 1
1 1 5 5 3 1 4 4 2 7 24 16 14 35 11 3 9 0
2 3 3 1 1 5 1 9 5 7 30 18 20 10 5 3 12 1
3 4 4 6 1 5 1 9 2 7 31 16 14 35 15 3 5 0
1 1 1 4 1 5 4 2 5 5 35 17 6 13 4 5 10 0
2 1 5 6 2 5 4 8 5 3 38 4 21 40 7 5 10 0
4 4 4 3 2 1 1 8 5 7 30 18 20 10 5 3 12 0
1 1 4 4 1 4 4 8 5 7 24 17 6 9 4 3 1 1
1 2 5 6 1 5 3 2 1 7 37 15 18 47 7 5 10 0
3 1 5 4 1 5 2 8 2 7 30 16 14 6 12 3 12 0
1 3 4 4 1 3 3 12 1 7 37 15 18 47 7 3 12 1
3 4 5 2 2 5 4 8 5 7 31 17 6 9 5 3 12 1
3 1 2 1 2 5 4 8 5 7 31 17 6 9 5 3 12 0
1 1 5 2 1 3 1 8 5 7 30 18 20 10 5 3 12 1
2 1 1 3 1 1 3 10 5 7 23 14 22 11 7 3 9 1
3 3 6 4 2 5 4 8 5 7 34 17 6 9 7 3 1 1
1 1 3 2 1 2 3 9 5 7 31 17 6 9 5 3 9 1
1 3 4 4 2 2 1 3 2 7 31 16 14 35 15 5 10 0
4 1 5 5 1 5 1 10 2 7 31 16 14 35 15 5 10 0
3 2 5 6 1 2 4 9 5 7 31 17 6 9 5 3 12 1
2 1 4 3 2 5 4 12 5 7 33 17 6 9 4 5 10 1
3 4 5 3 1 3 4 9 7 7 31 9 16 37 4 3 12 1
3 2 3 2 1 4 4 10 7 7 31 9 16 37 4 3 12 1
1 2 5 5 3 1 4 9 2 7 24 16 14 35 11 5 10 1
1 1 3 3 2 5 3 8 5 7 31 17 6 9 5 3 16 1
1 2 4 6 2 4 3 8 2 7 31 16 14 35 10 5 10 1
5 2 4 1 1 1 4 8 2 7 31 16 19 6 11 3 9 0
1 2 4 3 1 4 1 12 2 7 31 16 14 35 15 5 10 1
3 4 5 1 1 4 3 8 5 7 31 17 6 9 5 3 12 1
1 3 4 6 1 1 3 9 5 7 23 14 22 11 7 3 1 1
3 4 4 2 1 1 2 8 2 7 30 16 14 6 12 3 12 0
5 4 2 6 1 1 1 8 5 7 32 10 5 48 9 3 12 0
1 1 1 5 3 3 4 1 2 7 31 16 14 9 5 5 10 0
2 2 5 1 1 5 3 11 5 7 23 14 22 11 7 3 1 1
5 4 5 2 1 1 1 8 2 7 31 16 19 6 15 5 10 1
1 1 4 5 3 1 4 9 2 7 24 16 14 35 11 5 10 1
4 2 3 3 2 3 1 8 2 7 32 16 14 5 10 3 12 0
2 2 2 4 2 2 4 8 5 7 34 17 6 9 7 3 1 0
5 4 5 2 1 1 2 8 2 7 30 16 14 6 12 3 12 1
2 2 6 5 1 4 3 8 5 7 31 17 6 9 5 3 1 1
4 2 4 4 2 1 3 7 2 7 31 16 14 35 10 3 5 1
2 2 5 3 1 5 1 10 2 7 31 16 14 35 15 3 5 1
2 4 3 6 1 3 2 8 2 7 30 16 14 6 12 3 12 0
2 3 3 2 1 5 3 9 5 7 31 17 6 9 5 3 5 1
1 1 5 2 1 2 4 6 2 7 31 16 14 9 5 3 1 1
3 4 2 1 1 2 1 9 5 7 30 18 20 10 5 3 12 0
1 2 5 4 2 5 4 9 5 7 34 17 6 9 7 3 5 1
2 4 4 1 1 3 1 8 5 7 30 18 20 10 5 3 12 1
4 4 5 1 1 2 2 8 2 7 30 16 14 6 12 3 12 1
3 2 4 5 1 4 3 8 5 7 31 17 6 9 5 3 1 1
5 1 5 4 1 5 4 8 5 7 31 17 6 9 7 3 5 0
2 1 4 1 1 2 2 9 2 7 30 16 14 6 12 3 12 1
4 4 3 1 1 3 1 8 5 7 30 18 20 10 5 3 12 0
3 3 4 4 2 1 1 8 2 7 31 16 14 35 15 3 5 1
3 2 3 4 1 4 4 8 2 7 24 16 14 35 11 5 10 0
1 3 5 3 2 5 3 11 5 7 23 14 22 11 7 3 1 1
1 2 5 2 3 4 3 8 5 7 23 14 22 11 7 3 9 1
3 1 3 4 2 1 4 8 5 7 33 17 6 9 7 3 12 0
3 1 4 6 1 3 1 10 2 7 31 16 19 6 15 3 7 1
3 3 5 1 1 2 4 8 7 7 31 9 16 37 4 3 12 0
1 1 1 1 1 1 4 12 5 3 8 4 21 21 7 5 10 0
1 2 4 6 1 5 2 9 2 7 30 16 14 6 12 3 12 0
3 1 6 6 2 2 2 8 2 7 30 16 14 6 12 3 12 0
1 1 5 6 1 1 4 12 5 7 24 17 6 9 4 3 9 0
2 3 2 4 1 4 3 8 5 7 31 17 6 9 5 3 12 0
4 4 6 1 1 4 2 8 2 7 30 16 14 6 12 3 12 1
4 2 4 4 1 4 1 8 2 7 31 16 14 35 15 5 10 0
5 2 4 5 1 4 1 8 2 7 31 16 14 35 15 5 10 0
3 2 5 2 1 2 4 8 5 7 31 17 6 9 5 3 12 1
1 1 4 4 1 5 4 12 5 3 14 4 21 40 4 5 10 1
1 1 3 3 2 5 1 8 6 3 28 5 3 31 8 5 10 1
1 3 4 1 1 5 1 9 5 7 30 18 20 10 5 3 12 1
3 1 4 2 3 4 3 10 5 7 31 17 6 9 5 3 16 0
4 2 6 6 1 4 1 8 2 7 31 16 14 35 15 5 10 1
2 2 4 1 1 1 3 8 5 7 31 17 6 9 5 3 1 1
1 1 3 6 1 2 4 8 5 7 24 17 6 9 4 3 1 1
1 2 3 3 1 5 4 7 5 7 34 17 6 9 4 5 10 1
5 2 4 5 1 4 3 8 5 7 30 18 20 10 5 5 10 0
1 2 6 6 1 5 3 8 2 7 1 16 14 35 16 5 10 1
3 2 5 3 2 4 1 8 2 7 31 16 14 35 15 5 10 1
1 1 5 5 3 1 4 9 2 7 24 16 14 35 11 5 10 1
4 3 4 5 1 3 3 8 2 7 31 16 14 35 10 3 16 1
2 1 2 2 2 3 4 11 5 7 32 18 20 10 4 3 5 0
5 4 3 2 1 3 1 9 2 7 31 16 19 6 10 5 10 1
2 3 5 4 2 3 3 8 5 7 23 14 22 11 7 3 9 1
2 1 5 3 1 4 2 9 2 7 30 16 14 6 12 3 12 1
2 1 4 2 1 5 3 11 5 7 31 17 6 9 5 3 1 0
5 3 4 6 1 3 3 8 5 7 32 17 6 9 5 3 12 0
2 2 6 6 1 5 4 8 7 7 31 9 16 37 4 3 12 0
1 1 5 4 1 5 4 3 3 7 25 3 26 9 5 5 10 0
5 3 5 5 1 3 1 8 2 7 31 16 19 6 15 3 5 0
2 4 5 2 2 5 3 8 5 7 31 17 6 9 5 3 16 0
2 1 5 3 1 5 3 11 5 7 23 14 22 11 7 3 16 1
4 3 6 2 2 3 4 9 5 7 31 17 6 9 5 3 12 1
2 1 4 4 1 3 1 8 6 3 28 5 3 31 8 5 10 0
5 1 5 3 2 4 1 8 2 7 31 16 19 6 15 5 10 1
4 4 4 1 1 1 1 8 5 7 30 18 20 10 5 3 12 1
5 2 5 1 1 1 1 10 2 7 31 16 19 6 15 5 10 1
2 2 5 6 2 5 1 8 2 7 31 16 14 35 15 3 5 0
2 4 5 4 1 3 4 8 7 7 31 9 16 37 4 3 12 1
4 3 5 1 1 5 4 8 7 7 31 9 16 37 4 3 12 1
2 1 1 2 1 2 4 8 5 7 24 17 6 9 4 3 16 0
4 3 6 4 1 4 4 8 2 7 31 16 19 6 11 3 5 1
5 1 2 6 2 4 1 8 2 7 31 16 19 6 15 3 5 0
3 3 2 1 2 2 4 8 5 7 31 17 6 9 5 3 12 1
5 4 5 1 2 1 1 9 2 7 31 16 14 35 15 3 5 0
4 3 4 6 1 5 1 8 2 7 31 16 19 6 15 3 5 1
2 1 3 5 2 2 2 8 2 7 30 16 14 6 12 3 12 0
2 4 5 1 1 4 3 8 5 7 31 17 6 9 5 3 16 0
1 1 5 5 2 5 1 8 3 3 10 3 26 44 16 5 10 0
4 4 5 5 1 3 2 8 2 7 30 16 14 6 12 3 12 1
2 3 5 3 1 5 3 8 5 7 31 17 6 9 5 3 16 1
5 4 6 6 1 3 4 9 5 7 32 18 20 10 4 3 12 0
5 2 4 4 1 3 4 8 2 7 31 16 19 6 11 3 13 0
4 1 1 5 1 1 4 8 5 7 33 17 6 9 7 5 10 1
1 3 5 6 2 2 3 9 2 7 31 16 14 35 10 3 16 1
2 1 2 4 2 2 1 9 2 7 32 16 14 5 10 5 10 1
4 2 3 5 2 3 4 8 5 7 33 17 6 9 7 3 5 0
1 4 3 4 1 5 2 10 2 7 30 16 14 6 12 3 12 0
5 4 5 4 2 4 3 8 5 7 31 17 6 9 5 3 5 1
3 3 4 4 1 5 2 8 2 7 30 16 14 6 12 3 12 0
2 3 6 2 2 4 3 10 5 7 31 17 6 9 5 3 1 1
5 1 5 3 2 5 3 8 2 7 30 16 19 6 13 5 10 1
4 1 3 2 2 1 4 8 5 7 31 17 6 9 5 3 5 0
1 1 5 1 1 5 4 3 5 3 9 4 21 40 4 5 10 1
1 2 4 5 3 1 4 3 3 7 25 3 26 9 5 5 10 1
3 4 5 5 1 3 1 9 2 7 31 16 14 35 15 3 5 1
1 2 5 3 1 4 3 8 5 7 31 17 6 9 5 3 5 0
3 1 3 2 2 5 3 8 2 7 34 16 14 35 12 3 12 1
2 3 5 6 1 5 2 8 2 7 30 16 14 6 12 3 12 1
1 1 1 5 2 1 4 9 2 7 24 16 14 35 11 5 10 0
1 1 4 2 1 5 4 12 2 7 24 16 14 35 11 3 9 1
4 4 3 1 1 4 1 8 5 7 30 18 20 10 5 3 12 1
1 1 6 3 2 3 4 8 5 7 33 17 6 9 7 3 1 1
2 3 3 3 1 5 3 9 1 7 37 15 18 47 7 5 10 1
3 4 3 2 1 1 1 10 2 7 31 16 19 6 10 3 5 1
2 3 4 3 1 2 4 8 2 7 24 16 14 35 11 3 9 1
2 4 4 4 1 4 4 8 7 7 31 9 16 37 4 3 12 1
2 3 3 4 2 5 2 9 2 7 30 16 14 6 12 3 12 1
2 2 2 6 1 4 2 9 2 7 30 16 14 6 12 3 12 1
3 2 6 2 1 3 1 8 5 7 30 18 20 10 5 3 12 1
4 3 3 1 1 4 2 9 2 7 30 16 14 6 12 3 12 1
1 2 5 5 3 1 4 9 2 7 24 16 14 35 11 3 9 1
2 4 5 3 1 2 3 10 5 7 23 14 22 11 7 3 12 0
2 1 5 4 2 5 4 9 5 7 34 17 6 9 4 3 1 1
3 4 5 2 1 4 1 9 2 7 31 16 14 35 15 3 5 1
3 4 3 1 1 2 1 8 5 7 30 18 20 10 5 3 12 1
1 2 5 4 1 5 4 8 5 7 33 17 6 9 7 3 1 1
4 3 5 1 1 1 2 8 2 7 30 16 14 6 12 3 12 1
1 4 4 6 1 1 3 8 5 7 23 14 22 11 7 3 9 0
5 4 5 5 1 5 3 8 2 7 31 16 14 35 10 3 5 1
4 2 3 2 1 3 4 8 2 7 31 16 19 6 11 3 5 0
4 4 5 1 2 2 2 10 2 7 30 16 14 6 12 3 12 0
4 3 3 1 1 3 4 8 7 7 31 9 16 37 4 3 12 0
3 3 3 1 1 3 3 10 5 7 31 17 6 9 5 3 16 0
1 2 4 4 1 3 4 8 5 7 33 17 6 9 4 3 1 1
3 3 4 3 2 3 3 9 2 7 31 16 14 35 10 3 16 1
3 3 3 1 1 4 2 11 2 7 30 16 14 6 12 3 12 1
1 4 3 6 1 5 1 9 3 7 31 11 30 9 5 3 1 1
3 2 4 2 2 1 4 8 7 7 31 9 16 37 4 3 12 0
3 2 5 2 1 4 3 8 5 7 23 14 22 11 7 3 1 1
1 1 1 4 1 2 1 3 2 7 31 16 14 35 15 3 15 1
3 3 3 6 2 4 1 10 2 7 31 16 19 6 15 5 10 1
3 3 4 5 1 3 4 8 7 7 31 9 16 37 4 3 12 0
1 1 5 5 1 5 3 11 5 7 23 14 22 11 7 3 1 1
1 1 3 3 2 3 3 8 5 7 31 17 6 9 5 3 9 1
1 1 3 4 1 4 3 3 2 3 13 2 10 4 13 5 10 1
5 2 6 2 1 1 1 8 2 7 31 16 19 6 10 3 9 0
3 4 5 3 1 4 2 11 2 7 30 16 14 6 12 3 12 0
5 2 3 3 1 1 1 9 2 7 31 16 19 6 10 5 10 1
5 4 3 3 1 2 1 10 2 7 31 16 19 6 15 5 10 1
3 2 6 1 1 2 2 8 2 7 30 16 14 6 12 3 12 1
2 1 5 5 2 5 4 8 5 7 33 17 6 9 4 3 9 1
3 3 3 1 1 3 2 9 2 7 30 16 14 6 12 3 12 1
2 2 5 4 1 1 4 8 5 7 34 17 6 9 7 3 8 1
3 4 2 2 1 1 2 8 2 7 30 16 14 6 12 3 12 0
2 1 5 6 3 5 1 3 6 3 28 5 3 31 8 5 10 1
2 3 4 3 1 2 4 12 5 7 1 17 6 9 5 5 10 1
3 1 5 1 2 5 4 10 7 7 31 9 16 37 4 3 12 1
3 3 6 1 1 1 1 8 5 7 30 18 20 10 5 3 12 1
3 2 3 5 1 4 4 8 5 7 32 10 5 48 4 3 12 1
2 4 4 3 2 4 3 10 5 7 31 17 6 9 5 3 16 0
1 3 3 6 1 3 3 8 5 7 23 14 22 11 7 3 16 1
1 3 5 4 1 5 4 8 5 7 33 17 6 9 7 3 1 1
2 2 6 3 1 4 4 10 5 7 23 14 22 11 4 3 12 0
2 2 5 4 1 4 3 8 5 7 31 17 6 9 5 3 1 1
4 1 6 3 2 5 1 8 2 7 31 16 14 35 15 5 10 0
3 2 6 1 1 4 2 9 2 7 30 16 14 6 12 3 12 0
2 2 5 4 1 4 4 9 2 7 24 16 14 35 11 3 5 1
2 2 6 3 1 4 4 8 5 7 24 17 6 9 4 3 12 0
5 2 6 2 1 3 1 8 2 7 31 16 19 6 10 3 5 0
2 3 6 6 1 4 2 8 2 7 30 16 14 6 12 3 12 1
5 2 4 4 2 2 1 8 2 7 31 16 19 6 15 3 5 0
2 3 4 3 1 2 2 10 2 7 30 16 14 6 12 3 12 0
5 4 3 2 1 1 1 8 2 7 31 16 19 6 10 5 10 0
1 2 6 5 2 2 4 8 5 7 33 17 6 9 4 3 1 1
5 3 4 6 1 2 1 11 2 7 31 16 19 6 10 5 10 1
3 3 2 3 1 4 3 9 2 7 31 16 14 35 10 3 9 1
1 1 3 1 1 4 4 14 2 7 31 16 14 9 5 5 10 1
2 4 5 2 1 4 1 9 5 7 30 18 20 10 5 3 12 0
4 4 4 2 1 5 4 9 7 7 31 9 16 37 4 3 12 1
4 2 3 6 1 3 1 10 2 7 31 16 19 6 10 3 13 0
3 3 5 2 1 5 1 10 5 7 30 18 20 10 5 3 12 0
1 1 4 6 1 5 3 14 5 6 27 4 8 20 7 5 10 0
3 2 4 4 2 2 2 8 2 7 30 16 14 6 12 3 12 0
1 1 2 3 2 2 4 9 5 7 33 17 6 9 4 3 1 1
1 1 4 1 1 5 3 12 7 7 39 9 16 37 7 5 10 0
4 3 5 4 1 1 3 8 5 7 31 17 6 9 5 3 9 1
2 3 5 5 3 2 3 8 2 7 31 16 14 35 10 3 16 1
2 1 4 5 1 3 4 8 5 7 33 17 6 9 7 3 5 0
4 1 4 6 1 5 2 11 2 7 30 16 14 6 12 3 12 1
1 2 6 5 1 5 4 9 5 7 33 17 6 9 4 5 10 1
4 4 3 1 1 2 4 9 7 7 31 9 16 37 4 3 12 0
1 2 3 4 1 5 3 8 5 7 23 14 22 11 7 3 5 1
2 3 3 4 2 4 1 8 2 7 31 16 14 35 15 3 9 0
4 2 3 5 1 5 3 8 5 7 32 17 6 9 5 3 12 0
5 1 2 2 1 4 4 8 2 7 31 16 19 6 11 3 5 0
2 1 4 3 2 3 4 8 5 3 18 4 21 21 7 5 10 1
5 1 5 4 2 4 1 8 2 7 31 16 19 6 15 3 5 0
1 1 3 2 1 4 4 12 5 3 17 4 27 1 7 5 10 0
1 3 4 5 1 5 3 2 7 7 39 9 16 37 7 5 10 1
1 1 5 6 1 4 3 3 1 7 37 15 18 47 7 5 10 0
2 2 5 4 1 3 4 2 5 7 33 17 6 9 7 3 5 1
5 3 5 4 1 4 1 11 2 7 31 16 19 6 15 5 10 1
2 4 5 6 2 2 3 9 5 7 31 17 6 9 5 5 10 1
3 4 3 1 1 2 1 8 5 7 30 18 20 10 5 3 12 1
3 2 4 6 1 5 4 8 7 7 32 9 16 37 4 3 12 1
2 4 4 2 1 2 2 8 2 7 30 16 14 6 12 3 12 1
3 3 6 3 1 3 3 8 5 7 31 17 6 9 5 3 12 0
2 3 4 4 2 2 4 8 5 7 34 17 6 9 7 3 1 0
2 3 5 3 2 5 3 11 5 7 23 14 22 11 7 3 1 1
3 3 4 6 2 4 3 10 2 7 31 16 14 35 10 5 10 0
1 3 3 5 1 4 3 9 5 7 23 14 22 11 7 3 16 1
1 1 5 3 1 4 3 8 5 7 23 14 22 11 7 3 16 1
1 1 1 4 2 2 4 1 2 7 31 16 14 9 5 5 10 0
3 1 1 4 1 5 3 8 5 7 31 17 6 9 5 5 10 1
1 1 3 3 3 2 4 3 3 7 25 3 26 9 5 5 10 1
2 1 6 2 2 4 4 8 5 7 24 17 6 9 4 3 5 1
3 3 5 1 1 3 4 8 5 7 32 10 5 48 4 3 12 1
4 3 2 3 1 4 1 8 2 7 31 16 19 6 10 3 13 0
4 4 5 3 1 3 1 10 2 7 31 16 19 6 10 3 5 0
5 1 5 5 2 1 1 11 2 7 31 16 19 6 15 5 10 1
1 3 4 6 1 1 3 7 5 7 31 17 6 9 5 3 16 1
3 3 2 4 1 2 3 8 5 7 31 17 6 9 5 3 5 1
3 3 3 6 2 2 2 8 2 7 30 16 14 6 12 3 12 1
2 1 5 1 1 5 4 8 5 7 24 17 6 9 4 3 1 1
3 2 5 1 1 2 4 8 5 7 31 17 6 9 5 3 12 0
1 1 5 2 1 2 4 6 2 7 31 16 14 9 5 3 1 1
1 2 4 1 2 5 4 8 5 7 33 17 6 9 4 3 1 1
1 3 5 5 1 2 3 9 2 7 31 16 14 35 10 3 8 1
1 3 5 6 2 5 1 6 6 7 28 12 17 38 3 3 1 1
2 3 5 4 2 5 3 11 2 7 31 16 14 35 10 3 9 1
1 1 4 2 1 4 4 8 2 7 24 16 14 35 11 3 5 1
2 1 2 4 1 4 4 8 5 3 9 4 21 40 4 5 10 1
4 3 5 6 2 3 1 10 2 7 31 16 19 6 10 3 5 1
5 2 4 6 1 4 1 9 2 7 31 16 14 35 15 3 5 0
3 4 2 5 2 4 2 8 2 7 30 16 14 6 12 3 12 1
1 2 4 1 1 3 3 9 2 7 1 16 14 35 16 5 10 1
4 3 5 6 1 3 1 10 2 7 31 16 19 6 10 5 10 1
4 4 4 6 1 2 3 9 5 7 32 17 6 9 5 3 12 0
3 3 5 6 1 3 2 8 2 7 30 16 14 6 12 3 12 1
1 2 2 4 1 3 3 9 5 7 31 17 6 9 5 3 9 1
3 4 6 3 1 5 1 8 2 7 31 16 14 35 15 3 5 1
3 2 3 1 1 2 4 8 5 7 31 17 6 9 5 3 12 0
1 3 3 5 1 3 3 9 5 7 31 17 6 9 5 3 16 0
5 2 6 6 1 2 1 8 2 7 31 16 14 29 10 5 10 1
4 3 6 4 1 3 1 8 2 7 31 16 19 6 15 3 5 1
5 1 5 6 1 3 3 8 5 7 32 18 20 10 5 3 12 0
3 1 4 6 2 5 1 8 2 7 31 16 19 6 15 3 5 0
3 3 5 4 2 1 3 8 2 7 31 16 14 35 10 3 5 1
2 2 6 4 1 1 3 8 2 3 13 2 10 4 13 3 9 1
2 1 3 4 2 4 3 8 5 7 31 17 6 9 5 3 9 0
1 3 5 4 1 2 3 8 5 7 23 14 22 11 7 3 16 1
2 3 6 4 1 4 3 8 5 7 31 17 6 9 5 3 1 1
4 1 6 3 1 5 4 8 5 7 31 17 6 9 5 3 12 0
1 1 2 6 2 4 4 13 5 7 33 17 6 9 7 5 10 1
4 3 6 6 1 2 1 8 2 7 31 16 14 35 15 5 10 1
2 4 3 6 1 1 2 8 2 7 30 16 14 6 12 3 12 0
2 3 4 4 2 2 4 11 5 7 34 17 6 9 4 3 1 1
4 1 4 6 1 4 3 11 5 7 32 17 6 9 5 3 12 0
4 3 3 4 1 2 2 11 2 7 30 16 14 6 12 3 12 0
3 2 4 2 1 1 4 8 7 7 31 9 16 37 4 3 12 0
1 1 2 3 1 4 1 12 5 7 18 17 6 23 3 5 10 0
1 2 5 4 1 2 1 8 6 3 28 5 3 31 8 3 1 1
1 1 5 3 1 5 3 8 2 7 1 16 14 35 16 5 10 1
1 1 4 2 1 5 4 14 2 7 3 16 14 9 5 5 10 0
5 4 6 6 1 3 1 8 2 7 31 16 19 6 10 3 12 0
3 1 5 3 2 2 4 8 5 7 34 17 6 9 7 3 16 0
2 4 5 4 1 5 4 8 5 7 34 17 6 9 7 3 5 1
3 4 3 6 1 3 2 8 2 7 30 16 14 6 12 3 12 1
1 2 6 2 2 3 3 8 5 7 31 17 6 9 5 3 5 0
3 4 5 1 1 5 1 8 5 7 30 18 20 10 5 3 12 1
3 2 2 6 2 4 1 9 2 7 31 16 19 6 10 3 7 1
5 3 5 6 1 3 2 8 2 7 30 16 19 6 12 3 12 0
1 2 3 3 2 1 4 8 5 7 34 17 6 9 7 3 1 1
3 1 4 3 1 5 4 7 5 7 1 17 6 9 5 3 12 1
4 4 5 6 1 2 4 9 7 7 31 9 16 37 4 3 12 0
4 3 4 5 1 4 1 8 2 7 31 16 19 6 15 3 13 0
3 3 5 2 1 4 3 8 2 7 31 16 14 35 10 5 10 1
2 1 3 6 1 3 2 2 2 7 30 16 14 6 12 3 12 1
2 3 4 3 2 3 4 8 5 7 24 17 6 9 4 3 9 0
5 1 4 1 1 1 1 10 2 7 31 16 19 6 10 5 10 1
2 2 4 5 1 1 3 11 5 7 23 14 22 11 7 3 5 1
1 1 4 5 2 5 4 8 5 7 24 17 6 9 4 3 9 1
3 3 4 5 1 3 4 8 7 7 32 9 25 43 4 3 12 0
4 3 2 5 1 4 1 9 2 7 31 16 14 35 15 3 5 0
4 1 5 1 1 1 2 8 2 7 30 16 14 6 12 3 12 1
2 4 5 2 1 5 1 8 5 7 30 18 20 10 5 3 12 1
1 2 6 1 1 5 3 8 5 7 23 14 22 11 7 3 12 1
1 4 2 4 2 5 1 8 2 7 31 16 14 35 15 5 10 1
3 3 4 2 1 5 1 2 2 7 31 16 19 6 15 5 10 1
1 1 3 5 2 3 4 8 5 3 17 4 27 1 7 3 1 1
1 1 4 1 1 5 3 12 2 7 36 16 24 30 10 5 10 0
2 1 4 1 1 3 2 8 2 7 30 16 14 6 12 3 12 1
1 1 6 4 2 2 4 9 5 3 37 4 27 45 4 5 10 1
4 4 4 4 1 4 1 10 5 7 30 18 20 10 5 3 12 0
4 4 4 5 1 2 1 8 2 7 31 16 19 6 10 3 5 1
4 3 5 6 2 4 3 8 2 7 31 16 14 35 10 3 16 1
2 3 5 1 1 1 3 8 5 7 23 14 22 11 7 3 16 1
3 1 5 2 2 4 4 11 5 7 32 10 5 48 4 3 12 0
1 1 5 5 2 4 4 14 5 3 8 4 21 21 7 5 10 0
4 3 4 5 1 2 1 9 2 7 31 16 14 35 15 3 5 0
5 4 3 4 1 1 1 8 2 7 31 16 19 6 10 3 5 0
1 4 3 6 1 5 1 2 3 7 31 11 30 9 5 3 1 1
3 4 4 1 2 1 2 9 2 7 30 16 14 6 12 3 12 1
3 3 5 1 1 3 2 9 2 7 30 16 14 6 12 3 12 0
2 2 3 1 1 2 3 8 5 7 31 17 6 9 5 3 16 1
4 2 4 1 1 4 4 7 7 7 31 9 16 37 4 3 12 0
4 4 3 5 1 2 2 8 2 7 30 16 14 6 12 3 12 1
3 1 2 3 2 1 2 8 2 7 30 16 14 6 12 3 5 0
1 2 6 3 1 5 4 2 5 7 31 17 6 9 7 3 5 1
1 2 4 3 3 5 3 8 2 7 31 16 14 35 10 3 16 1
5 2 4 2 1 5 4 8 5 7 32 10 2 16 2 3 5 1
2 1 3 2 1 4 3 11 5 7 31 17 6 9 5 3 1 1
5 3 5 4 2 2 1 8 2 4 30 7 15 27 15 3 5 1
1 1 3 1 2 5 4 12 2 5 36 2 23 42 11 5 10 0
1 1 5 3 1 5 4 3 5 3 9 4 21 40 4 5 10 0
5 1 3 5 1 1 4 8 2 7 31 16 19 6 11 3 9 0
1 1 3 5 1 3 4 8 5 7 24 17 6 9 4 5 10 1
3 4 6 1 1 1 3 8 2 7 31 16 19 6 12 3 12 0
1 1 5 3 1 1 4 12 5 7 23 14 22 11 4 3 5 1
5 3 3 6 1 4 4 8 5 7 32 18 20 10 4 3 12 0
4 3 5 1 2 4 3 10 2 7 31 16 19 6 12 3 12 1
3 4 6 1 1 4 3 8 2 7 31 16 19 6 12 3 12 0
1 1 5 2 2 1 4 7 2 7 24 16 14 35 11 3 5 0
1 2 5 5 1 1 3 9 5 7 23 14 22 11 7 3 16 1
1 1 5 2 2 5 3 9 5 3 18 4 14 9 5 5 10 1
1 1 6 2 1 3 3 2 1 7 37 15 18 47 7 5 10 1
1 1 3 4 2 2 4 8 5 7 33 17 6 9 4 3 1 1
3 2 2 2 2 5 3 8 2 7 31 16 14 35 10 3 9 1
1 1 5 3 1 5 4 12 5 3 9 4 21 40 4 5 10 1
1 3 4 4 1 2 4 7 5 7 34 17 6 9 7 3 8 1
3 3 6 1 1 2 3 9 5 7 31 17 6 9 5 3 16 1
1 2 2 4 2 4 4 8 5 3 9 4 21 40 4 5 10 1
3 2 5 1 1 3 2 8 2 7 30 16 14 6 12 3 12 0
3 1 3 4 1 4 3 8 2 7 31 16 14 35 10 5 10 0
3 1 3 5 1 5 4 8 5 7 31 17 6 9 5 3 12 0
5 1 2 5 1 2 1 8 2 7 31 16 19 6 10 3 5 0
2 2 5 3 3 4 3 8 2 7 31 16 14 35 10 3 16 1
1 3 3 3 1 5 1 9 2 7 22 16 14 5 10 5 10 1
4 4 5 1 1 5 2 8 2 7 30 16 14 6 12 3 12 0
4 4 5 6 2 4 3 8 2 7 31 16 14 35 10 5 10 1
3 2 4 2 1 4 3 8 5 7 31 17 6 9 5 3 12 1
4 3 2 1 1 1 1 8 5 7 30 18 20 10 5 3 12 0
1 2 2 5 1 3 3 8 5 7 31 17 6 9 5 3 1 1
5 3 6 6 1 1 1 8 2 7 32 7 15 36 15 3 5 0
1 1 5 5 2 3 1 12 2 7 37 16 24 8 10 5 10 0
1 1 5 6 2 3 4 11 5 7 33 17 6 9 7 3 1 0
3 3 3 1 1 4 3 8 5 7 31 17 6 9 5 3 16 0
5 3 4 6 1 4 1 8 2 7 31 16 14 35 15 5 10 1
2 2 2 5 1 5 1 9 2 7 31 16 14 35 15 5 10 1
3 2 3 1 1 3 1 10 5 7 30 18 20 10 5 3 12 0
2 1 4 5 2 5 1 9 2 7 31 16 14 35 15 3 9 1
4 1 3 5 2 3 1 8 2 7 31 16 14 35 15 3 5 0
2 2 3 1 1 4 2 8 2 7 30 16 14 6 12 3 12 0
1 1 5 6 1 5 4 8 5 7 33 17 6 9 7 3 16 1
5 4 6 6 2 4 4 8 5 7 32 18 20 10 4 3 12 0
1 1 4 4 1 4 4 11 5 7 24 17 6 9 4 3 1 1
1 1 4 3 1 4 3 8 5 7 31 17 6 9 5 3 5 1
3 1 3 1 1 5 2 9 2 7 30 16 14 6 12 3 12 1
2 3 2 1 1 1 2 8 2 7 30 16 14 6 12 3 12 0
1 1 5 4 1 5 4 9 5 7 33 17 6 9 4 5 10 0
3 2 4 1 1 3 2 11 2 7 30 16 14 6 12 3 12 1
2 3 5 4 2 5 3 8 5 7 31 17 6 9 5 3 16 0
5 2 5 3 2 2 1 8 2 7 31 16 19 6 15 3 5 0
3 2 5 2 2 5 4 8 5 7 32 10 5 48 4 3 12 0
4 3 4 1 1 3 1 10 5 7 30 18 20 10 5 3 12 1
5 1 6 6 2 4 1 10 2 7 32 16 19 6 15 3 5 0
2 3 6 2 1 1 3 8 5 7 23 14 22 11 7 3 1 1
4 2 2 2 1 1 4 8 5 7 31 17 6 9 5 3 12 0
4 4 2 1 2 4 4 8 7 7 31 9 16 37 4 3 12 0
2 1 5 6 1 5 1 7 5 7 17 18 20 22 3 5 10 0
3 1 5 3 2 2 3 9 2 7 31 16 14 35 10 5 10 1
4 1 5 3 1 3 4 8 2 7 31 16 19 6 11 5 10 0
1 1 6 4 2 5 4 13 5 3 18 4 21 21 7 5 10 1
3 3 5 3 1 4 4 8 5 7 30 10 5 48 4 3 12 1
2 2 6 3 2 3 4 8 5 7 34 17 6 9 7 3 16 1
2 4 2 6 1 3 1 9 2 7 31 16 14 35 15 3 12 1
2 1 5 4 2 2 4 8 5 7 34 17 6 9 7 3 8 1
1 3 6 4 1 3 4 8 5 7 33 17 6 9 4 3 9 1
3 4 6 1 1 3 4 8 5 7 32 10 5 48 4 3 12 1
1 3 6 4 1 5 3 9 2 7 34 16 14 35 10 5 10 1
1 1 3 1 1 3 1 2 5 7 30 18 20 10 5 3 12 0
2 1 4 2 2 1 4 8 5 7 24 17 6 9 4 3 5 0
3 3 5 2 1 3 1 9 2 7 31 16 19 6 10 5 10 1
3 4 3 1 1 4 2 8 2 7 30 16 14 6 12 3 12 0
3 1 5 2 1 4 3 8 5 7 31 17 6 9 5 3 5 1
5 2 5 1 1 4 1 8 2 7 31 16 19 6 15 3 9 0
4 4 2 1 2 1 2 8 2 7 30 16 14 6 12 3 12 1
3 2 4 1 1 5 4 9 7 7 31 9 16 37 4 3 12 1
1 1 6 1 1 3 4 7 5 3 17 4 27 1 7 3 12 0
4 2 4 1 1 1 4 8 7 7 32 9 16 37 4 3 12 1
2 3 3 3 1 4 3 9 1 7 37 15 18 47 7 3 12 1
5 4 5 2 1 2 3 8 5 7 30 18 20 10 5 5 10 1
3 1 5 1 1 2 2 8 2 7 30 16 14 6 12 3 12 0
3 4 6 2 1 3 2 8 2 7 30 16 14 6 12 3 12 1
5 4 5 1 1 3 1 8 5 7 30 18 20 10 5 3 12 1
1 1 4 5 2 5 4 12 5 3 18 4 21 21 7 5 10 0
1 1 3 1 1 5 1 12 5 7 18 17 6 23 3 5 10 0
4 1 2 4 1 3 4 10 2 7 31 16 19 6 11 3 5 1
3 4 4 1 1 1 4 8 5 7 31 17 6 9 5 3 12 0
1 1 4 4 1 5 3 9 5 7 37 14 22 41 7 5 10 1
3 3 5 2 1 4 2 8 2 7 30 16 14 6 12 3 12 0
4 2 4 3 1 4 1 9 2 7 31 16 19 6 10 5 10 1
4 4 5 6 1 1 1 8 2 7 31 16 14 35 15 3 5 0
1 1 4 3 2 5 4 2 5 5 35 17 6 13 4 5 10 0
1 1 3 2 1 3 3 2 1 7 37 15 18 47 7 5 10 1
1 1 4 1 1 5 4 12 2 5 36 2 23 42 11 5 10 0
3 2 3 1 1 1 2 9 2 7 30 16 14 6 12 3 12 1
2 1 4 3 1 5 1 12 5 7 17 18 20 22 3 5 10 0
3 4 3 3 1 2 1 8 5 7 30 18 20 10 5 3 12 0
3 4 3 2 1 1 1 9 2 7 31 16 19 6 10 3 5 1
5 2 5 6 1 3 1 11 2 7 31 16 19 6 10 3 12 0
1 3 5 4 2 1 1 6 6 7 28 12 17 38 3 3 1 1
3 2 5 4 2 4 4 8 2 7 24 16 14 35 11 3 5 1
1 1 5 3 1 1 4 9 2 7 24 16 14 35 11 3 9 1
4 4 5 3 1 3 1 9 2 7 31 16 14 35 15 3 5 1
4 4 4 3 1 3 4 8 5 7 30 10 5 48 4 3 12 1
1 1 2 4 2 4 1 12 2 7 31 16 14 35 15 5 10 1
1 3 3 6 1 4 2 9 2 7 30 16 14 6 12 3 12 1
4 1 2 5 2 1 3 8 2 7 34 16 14 35 12 3 12 0
3 3 4 3 1 3 3 8 2 7 34 16 14 35 12 3 5 1
3 3 5 5 2 4 3 8 2 7 31 16 14 35 10 3 16 1
1 3 4 4 1 2 3 8 5 7 23 14 22 11 7 3 16 1
1 4 3 3 1 3 3 8 5 7 31 17 6 9 5 3 16 0
2 1 4 4 1 2 3 9 5 7 23 14 22 11 7 3 1 1
4 1 5 2 2 5 1 8 2 7 31 16 14 35 15 3 14 1
3 4 2 4 1 5 2 8 2 7 30 16 14 6 12 3 12 1
2 2 4 5 1 2 1 11 2 7 31 16 14 35 15 5 10 1
3 3 5 2 1 2 2 8 2 7 30 16 14 6 12 3 12 1
1 1 3 3 1 4 3 8 5 7 31 17 6 9 5 3 5 1
5 3 5 3 2 4 1 8 2 7 31 16 19 6 15 3 13 0
1 2 5 2 1 2 3 9 5 7 23 14 22 11 7 3 16 1
3 1 1 1 1 2 3 9 1 7 37 15 18 47 7 3 12 1
1 1 1 6 1 2 4 1 2 7 31 16 14 9 5 5 10 0
2 2 4 1 1 4 1 8 5 7 30 18 20 10 5 3 12 0
4 4 6 1 1 1 2 8 2 7 30 16 14 6 12 3 12 1
4 1 4 3 2 1 4 8 5 7 31 17 6 9 4 3 5 0
5 3 5 6 2 1 1 11 2 7 31 7 13 34 10 3 5 0
4 4 4 2 2 3 1 9 2 7 31 16 14 35 15 5 10 1
4 2 4 2 1 5 4 10 5 7 32 10 5 48 4 3 12 0
3 4 6 2 1 2 2 8 2 7 30 16 14 6 12 3 12 1
1 3 2 3 2 2 4 8 5 7 33 17 6 9 7 5 10 1
1 1 2 3 1 5 4 8 5 5 37 14 22 15 4 5 10 0
2 3 4 4 1 5 3 9 5 7 23 14 22 11 7 3 5 1
2 2 2 3 3 4 3 11 2 7 31 16 14 35 10 3 9 1
4 2 4 2 1 3 2 8 2 7 30 16 14 6 12 3 12 0
2 2 2 4 1 2 1 8 2 7 31 16 14 35 15 5 10 0
4 2 5 2 1 3 1 8 2 7 31 16 14 35 15 5 10 1
4 4 4 5 1 3 1 9 2 7 31 16 14 35 15 5 10 1
1 1 4 4 1 4 4 2 2 7 24 16 14 35 11 3 5 1
3 3 5 4 3 4 3 9 2 7 31 16 14 35 10 3 16 1
5 4 4 6 1 3 1 8 5 7 30 18 20 10 5 3 12 0
3 2 5 6 2 5 4 8 2 7 31 16 19 6 11 3 5 1
5 1 2 5 1 5 4 8 2 7 31 16 19 6 11 3 5 0
3 3 3 2 1 4 2 8 2 7 30 16 14 6 12 3 12 0
1 4 5 3 1 5 4 12 5 7 34 17 6 9 7 3 15 0
1 1 2 5 1 1 3 8 5 7 23 14 22 11 7 3 1 1
5 4 5 2 1 2 1 8 2 7 31 16 14 35 15 5 10 1
1 2 5 2 1 4 2 9 2 7 30 16 14 6 12 3 12 1
2 1 4 2 1 4 4 8 7 2 39 9 16 37 1 3 12 1
2 2 4 2 2 2 4 8 5 7 33 17 6 9 4 3 1 1
3 2 3 5 1 5 4 8 5 7 32 10 5 48 4 3 12 1
4 2 3 4 1 3 4 8 2 7 24 16 14 35 11 5 10 0
3 2 6 2 1 5 2 8 2 7 30 16 14 6 12 3 12 1
1 2 5 4 1 3 4 9 5 3 37 4 27 45 4 5 10 1
4 1 5 6 1 3 4 8 5 7 31 17 6 9 5 3 12 0
3 1 3 5 1 5 4 9 5 7 31 17 6 9 7 3 5 0
1 3 4 3 1 5 4 2 5 3 37 4 27 45 4 3 5 1
2 2 5 1 1 3 2 9 2 7 30 16 14 6 12 3 12 1
1 1 4 5 1 2 3 12 2 7 1 16 14 35 16 5 10 0
3 4 3 6 1 4 2 9 2 7 30 16 14 6 12 3 12 1
1 3 3 1 1 5 2 7 2 7 30 16 14 6 12 3 12 1
2 2 5 5 1 5 4 8 5 7 33 17 6 9 7 3 1 1
1 1 5 5 1 4 3 12 2 7 1 16 14 35 16 3 12 1
3 3 5 1 1 5 3 8 5 7 31 17 6 9 5 3 12 1
2 1 6 2 2 3 4 11 5 7 32 18 20 10 4 3 5 0
1 1 3 5 2 3 4 8 5 3 17 4 27 1 7 3 1 1
2 1 4 1 1 3 2 9 2 7 30 16 14 6 12 3 12 1
4 3 3 6 2 1 1 8 2 7 31 16 14 35 15 3 5 1
2 3 4 2 2 5 3 8 5 7 31 17 6 9 5 3 16 0
4 3 5 1 1 2 2 9 2 7 30 16 14 6 12 3 12 0
2 3 6 4 1 1 3 11 5 7 31 17 6 9 5 3 12 0
3 2 3 1 1 5 2 9 2 7 30 16 14 6 12 3 12 1
1 1 3 5 2 3 4 8 5 3 37 4 27 45 4 5 10 1
4 1 3 1 1 1 2 8 2 7 30 16 14 6 12 3 12 0
2 1 5 6 1 5 2 10 2 7 30 16 14 6 12 3 12 0
2 2 6 1 1 5 1 8 2 7 31 16 14 35 15 3 9 1
1 1 4 4 2 5 4 14 5 7 1 17 6 9 5 5 10 1
4 1 4 6 1 5 4 9 5 3 19 4 27 1 7 5 10 0
1 1 4 4 2 3 4 12 5 2 35 17 6 12 7 5 10 1
4 2 3 5 3 5 3 11 5 7 33 17 6 9 5 5 10 0
3 2 5 1 1 2 4 9 5 7 31 17 6 9 5 3 12 1
1 1 6 3 2 2 4 8 5 7 33 17 6 9 7 5 10 1
4 1 5 3 1 1 2 9 2 7 30 16 14 6 12 3 12 1
2 2 2 5 2 2 3 8 5 7 31 17 6 9 5 3 16 1
2 2 5 2 2 1 3 8 5 7 31 17 6 9 5 3 5 0
3 3 3 1 1 4 1 11 5 7 30 18 20 10 5 3 12 1
2 3 3 4 1 5 1 8 5 7 30 18 20 10 5 3 12 1
4 3 3 1 1 1 4 10 7 7 31 9 16 37 4 3 12 1
4 4 6 1 1 1 2 8 2 7 30 16 14 6 12 3 12 1
2 4 5 3 1 5 3 10 5 7 31 17 6 9 5 3 1 1
1 1 1 6 1 5 4 14 5 3 40 4 21 9 16 5 10 0
2 4 3 5 1 4 2 9 2 7 30 16 14 6 12 3 12 1
1 1 4 3 1 5 4 7 5 3 37 4 27 45 4 3 5 1
5 3 5 2 1 4 1 8 2 7 31 16 14 29 10 5 10 0
5 1 3 1 1 2 4 8 5 7 32 10 5 48 4 3 12 0
3 4 5 6 1 1 2 8 2 7 30 16 14 6 12 3 12 0
2 4 3 6 1 2 1 8 5 7 30 18 20 10 5 3 12 1
1 4 5 6 2 1 3 3 2 7 31 16 14 35 10 3 16 1
1 2 6 1 2 4 3 9 1 7 37 15 18 47 7 3 12 1
4 2 2 2 1 3 4 8 2 7 31 16 19 6 11 3 5 0
4 2 4 4 1 4 2 8 2 7 30 16 14 6 12 3 12 0
4 4 5 6 2 5 1 8 2 7 31 16 19 6 10 3 12 1
2 2 5 5 1 5 3 8 5 7 31 17 6 9 5 3 9 1
2 4 3 5 2 4 3 8 5 7 31 17 6 9 5 3 1 1
2 3 4 1 1 4 4 9 5 3 38 4 21 40 7 3 12 0
1 4 4 5 2 4 1 2 5 7 17 18 20 22 3 5 10 1
1 2 1 2 1 3 4 11 5 7 34 17 6 9 7 3 1 1
3 4 5 1 1 5 4 8 7 7 31 9 16 37 4 3 12 1
4 1 5 5 1 3 3 8 5 7 33 17 6 9 5 5 10 0
2 2 3 2 1 3 1 8 5 7 30 18 20 10 5 3 12 1
4 1 3 4 1 2 4 8 2 7 31 16 19 6 11 3 5 0
1 1 6 4 2 4 4 12 5 3 37 4 27 45 4 5 10 1
1 1 3 2 1 1 4 14 5 3 18 4 21 21 7 5 10 0
1 2 6 5 1 2 3 8 5 7 23 14 22 11 7 3 1 1
4 4 5 6 1 4 4 8 5 7 31 17 6 9 5 3 12 1
1 1 2 4 1 4 3 9 5 7 23 14 22 11 7 3 12 1
3 2 5 1 2 2 4 8 5 7 31 17 6 9 5 3 12 0
1 2 5 5 1 2 3 8 5 7 23 14 22 11 7 3 16 1
4 2 5 5 2 3 1 8 2 7 31 16 19 6 10 3 5 0
3 3 4 1 1 2 2 9 2 7 30 16 14 6 12 3 12 1
1 1 5 2 2 2 3 12 2 3 37 2 10 4 13 5 10 0
1 2 6 5 1 5 1 9 6 5 28 12 17 14 17 5 10 1
3 1 4 5 1 4 1 9 2 7 31 16 14 35 15 3 12 1
2 1 4 4 2 4 4 12 5 3 14 4 21 40 4 5 10 0
4 2 2 4 1 1 3 8 5 7 31 17 6 9 5 3 12 0
2 2 4 3 1 5 4 8 5 7 33 17 6 9 4 3 1 1
3 2 5 1 1 4 1 9 2 7 31 16 14 35 15 3 5 1
5 1 5 2 1 5 1 8 2 7 31 16 14 35 15 5 10 0
4 3 4 3 1 2 4 10 5 7 32 10 5 48 4 3 12 1
4 4 3 3 1 1 1 9 2 7 31 16 14 35 15 3 5 0
3 3 5 1 2 2 4 11 7 7 31 9 16 37 4 3 12 0
4 3 5 1 1 2 4 9 5 7 31 17 6 9 5 3 12 0
2 2 4 2 1 3 1 10 2 7 31 16 14 35 15 3 9 1
2 1 5 3 1 1 4 9 2 7 24 16 14 35 11 3 9 1
5 2 4 5 2 3 1 9 2 7 31 16 19 6 10 3 5 0
2 2 5 3 2 5 3 8 5 7 23 14 22 11 7 3 5 0
5 2 4 5 1 3 1 8 2 7 31 16 19 6 10 5 10 1
1 1 6 4 1 5 3 10 5 7 23 14 22 11 7 3 16 1
5 3 3 5 1 4 4 9 5 7 31 17 6 9 7 3 5 0
1 2 2 1 2 2 3 9 5 7 31 17 6 9 5 3 1 1
5 1 3 1 1 1 2 8 2 7 30 16 14 6 12 3 12 1
5 2 4 3 1 1 3 8 5 7 30 18 20 10 5 3 5 0
5 1 6 1 1 2 4 8 5 7 32 10 5 48 4 3 12 1
4 2 6 5 1 1 1 9 2 7 31 16 14 35 15 5 10 1
1 2 5 5 2 5 4 3 5 7 33 17 6 9 7 3 16 1
4 3 3 2 1 3 4 9 2 7 31 16 19 6 11 3 5 0
3 4 5 1 1 2 2 8 2 7 30 16 14 6 12 3 12 1
3 1 4 2 1 4 3 2 5 7 31 17 6 9 5 3 16 0
3 1 2 1 1 4 4 8 7 7 31 9 16 37 4 3 12 1
3 2 4 5 1 4 3 8 5 7 31 17 6 9 5 3 1 1
2 2 4 6 2 4 1 7 2 7 31 16 19 6 15 3 12 1
5 1 4 2 2 1 1 2 2 7 31 16 19 6 15 5 10 0
2 1 4 3 3 2 3 8 5 7 31 17 6 9 5 3 16 0
1 4 3 1 2 4 3 8 5 7 31 17 6 9 5 3 16 0
2 2 5 1 1 4 2 8 2 7 30 16 14 6 12 3 12 1
3 2 6 3 1 5 4 8 5 7 30 10 5 48 4 3 12 0
1 3 4 2 1 2 4 12 2 7 24 16 14 35 11 5 10 1
5 3 5 6 1 1 1 8 2 7 31 16 19 6 15 3 9 0
4 2 6 3 1 3 1 9 2 7 31 16 19 6 15 5 10 1
2 1 5 5 2 4 1 8 6 3 28 5 3 31 8 3 1 0
2 2 5 1 2 2 1 9 5 7 17 18 20 22 3 3 12 1
3 1 4 1 1 2 1 10 5 7 30 18 20 10 5 3 12 0
4 4 6 2 1 4 1 8 5 7 30 18 20 10 5 3 12 0
2 4 6 1 1 2 2 8 2 7 30 16 14 6 12 3 12 1
2 2 3 1 1 4 2 9 2 7 30 16 14 6 12 3 12 1
1 1 5 5 1 5 4 6 2 7 4 16 14 9 5 5 10 0
3 1 2 1 1 5 4 8 5 7 24 17 6 9 4 3 1 0
1 1 3 2 1 5 1 8 6 3 28 5 3 31 8 5 10 0
2 1 5 2 1 1 3 8 5 7 23 14 22 11 7 3 16 0
1 1 6 4 1 3 3 8 5 7 31 17 6 9 5 3 16 1
1 2 5 5 1 4 4 14 5 3 17 4 27 1 7 5 10 0
5 1 4 3 1 5 1 8 2 7 31 16 14 35 15 5 10 0
5 2 4 5 2 4 4 8 2 7 31 16 19 6 11 3 5 0
3 2 5 2 1 2 4 11 7 7 31 9 16 37 4 3 12 0
2 1 4 2 2 2 1 10 5 7 30 18 20 10 5 3 12 0
3 2 5 5 1 4 1 9 2 7 31 16 19 6 15 3 5 1
2 3 4 4 2 1 1 12 2 7 31 16 19 6 10 3 5 1
2 3 4 2 1 5 3 9 5 7 31 17 6 9 5 3 5 1
1 1 4 6 2 5 3 9 2 7 31 16 14 35 10 3 9 1
2 4 3 3 2 4 1 12 2 7 31 16 14 35 15 5 10 1
1 1 5 5 1 1 1 14 6 7 28 12 17 38 3 3 1 1
4 2 5 6 2 1 1 8 2 7 31 16 14 35 15 3 5 1
2 2 2 2 2 4 3 8 5 7 31 17 6 9 5 3 1 1
4 1 5 6 2 4 3 8 2 7 34 16 14 35 12 3 5 0
1 1 4 4 2 4 3 12 2 7 36 16 14 35 13 5 10 1
3 1 4 2 1 2 4 9 5 7 24 17 6 9 4 5 10 1
3 2 3 5 1 5 1 8 2 7 31 16 14 35 15 5 10 1
1 1 4 3 2 1 3 12 5 7 37 14 22 41 7 5 10 1
3 3 3 1 2 3 2 9 2 7 30 16 14 6 12 3 12 1
3 1 5 3 1 3 1 9 2 7 31 16 14 35 15 3 5 1
3 4 4 3 1 2 3 9 1 7 37 15 18 47 7 3 12 1
3 2 5 2 2 3 3 8 5 7 31 17 6 9 5 3 12 0
2 1 4 6 1 4 1 10 2 7 37 16 24 8 10 5 10 0
5 2 6 4 1 5 1 8 2 7 31 16 14 35 15 5 10 0
5 1 5 1 1 1 1 8 2 7 31 16 14 29 10 5 10 0
5 2 5 3 2 5 2 11 2 7 32 16 19 6 12 3 5 0
4 4 2 1 1 4 1 8 5 7 30 18 20 10 5 3 12 0
4 2 5 5 1 4 1 8 2 7 31 16 14 35 15 3 9 1
4 3 2 4 1 2 4 9 7 7 31 9 16 37 4 3 12 1
3 3 5 6 1 3 4 8 5 7 34 17 6 9 7 3 5 0
1 1 4 5 2 5 3 12 5 7 35 17 6 9 7 5 10 0
3 1 5 2 2 1 3 8 5 7 31 17 6 9 5 3 16 0
1 2 5 4 1 5 4 12 2 7 24 16 14 35 11 3 5 1
4 4 5 5 1 2 1 9 2 7 31 16 14 35 15 5 10 1
2 2 5 6 1 2 3 9 7 7 39 9 16 37 7 3 12 1
3 2 2 3 1 1 3 10 2 7 31 16 14 35 10 3 5 1
5 2 5 6 1 4 2 8 2 7 32 16 19 6 12 3 12 0
5 3 4 4 2 4 1 9 2 7 31 16 19 6 10 3 9 1
1 4 5 2 1 5 1 8 2 7 22 16 14 5 10 3 9 1
5 2 4 2 1 5 4 10 2 7 31 16 19 6 11 3 9 0
1 4 5 2 1 4 3 8 5 7 23 14 22 11 7 5 10 1
1 1 3 6 2 3 2 14 5 7 17 18 20 22 7 5 10 1
2 1 3 5 1 4 3 8 5 7 23 14 22 11 7 3 16 1
2 2 4 2 1 4 4 8 2 7 24 16 14 35 11 3 5 0
2 3 5 3 3 1 3 8 5 7 31 17 6 9 5 3 16 0
3 3 5 1 1 4 2 8 2 7 30 16 14 6 12 3 12 1
3 2 5 4 1 3 2 11 2 7 30 16 14 6 12 3 12 1
4 4 3 5 1 1 1 8 5 7 30 18 20 10 5 3 12 1
3 3 3 2 1 4 3 14 5 7 33 17 6 9 5 5 10 1
1 1 3 3 1 1 1 8 6 7 6 12 17 19 17 5 10 0
2 1 5 1 1 4 1 8 5 7 30 18 20 10 5 3 12 1
3 3 4 1 1 3 2 8 2 7 30 16 14 6 12 3 12 1
2 2 2 3 1 5 3 8 5 7 31 17 6 9 5 3 9 1
2 4 3 5 1 4 2 9 2 7 30 16 14 6 12 3 12 0
5 2 3 5 1 3 1 8 2 7 31 16 19 6 10 3 5 0
1 2 5 3 1 4 3 8 5 7 31 17 6 9 5 3 16 1
4 4 5 2 1 3 2 9 2 7 30 16 14 6 12 3 12 1
2 4 3 4 1 3 3 7 2 7 31 16 14 35 10 3 16 1
1 1 3 2 1 3 3 14 3 6 17 3 12 2 7 5 10 1
5 3 4 2 1 1 3 10 5 7 30 18 20 10 5 3 5 0
4 1 5 2 1 3 4 8 5 7 32 10 5 48 4 3 12 1
2 2 5 6 1 2 3 8 5 7 31 17 6 9 5 5 10 0
1 1 4 4 1 3 4 9 5 3 37 4 27 45 4 5 10 0
4 3 4 2 1 2 2 9 2 7 30 16 14 6 12 3 12 0
2 1 2 3 1 5 4 8 5 7 24 17 6 9 4 3 16 1
3 4 3 5 1 4 2 9 2 7 30 16 14 6 12 3 12 0
4 2 5 5 2 5 3 10 5 7 31 17 6 9 5 3 5 0
5 3 4 6 1 3 1 8 2 7 31 16 19 6 15 3 5 1
4 4 5 4 2 4 3 8 5 7 31 17 6 9 5 3 12 0
1 4 3 6 1 3 2 8 2 7 30 16 14 6 12 3 12 1
3 3 4 1 1 4 2 9 2 7 30 16 14 6 12 3 12 1
5 2 5 6 1 4 1 11 2 7 30 16 19 6 10 3 5 0
4 3 4 6 1 5 4 8 7 2 39 9 25 43 1 3 12 0
1 2 6 4 2 2 1 8 6 7 28 12 17 38 3 3 1 1
2 1 5 2 1 4 3 8 5 7 31 17 6 9 5 3 1 1
4 2 6 4 1 2 4 8 2 7 31 16 19 6 11 3 5 1
2 2 4 4 1 3 1 9 2 7 31 16 14 35 15 3 9 1
2 2 3 5 1 5 3 8 5 7 31 17 6 9 5 5 10 1
4 4 5 5 1 2 1 8 2 7 31 16 14 35 15 5 10 1
2 2 2 2 2 3 4 8 5 7 34 17 6 9 7 3 1 1
5 3 4 6 1 4 1 8 2 7 30 16 19 6 10 3 5 0
1 1 1 6 2 5 4 8 5 7 33 17 6 9 4 3 1 1
1 2 6 3 2 5 4 13 5 7 33 17 6 9 4 5 10 0
2 4 5 3 2 4 3 8 5 7 31 17 6 9 5 3 16 0
1 4 4 2 1 4 4 8 5 3 8 4 21 21 7 5 10 1
2 2 5 1 2 3 3 8 5 7 23 14 22 11 7 3 5 1
3 3 3 4 2 5 3 8 5 7 31 17 6 9 5 3 12 1
4 2 6 1 1 2 2 8 2 7 30 16 14 6 12 3 12 1
2 2 5 5 1 5 3 11 5 7 23 14 22 11 7 3 1 1
1 1 5 4 1 5 4 8 5 7 33 17 6 9 4 5 10 1
5 2 5 5 2 4 4 11 2 7 31 16 19 6 11 3 5 0
4 1 4 2 1 2 2 9 2 7 30 16 14 6 12 3 12 0
4 1 4 1 1 1 4 8 5 7 30 18 20 10 4 3 9 0
1 1 5 3 2 4 4 9 5 7 34 17 6 9 7 3 16 1
4 2 6 4 1 2 1 9 2 7 31 16 14 35 15 3 5 1
5 2 6 6 1 5 3 10 2 7 30 16 19 6 13 3 5 0
4 4 6 1 1 1 2 8 2 7 30 16 14 6 12 3 12 1
2 1 6 2 2 1 3 8 5 7 31 17 6 9 5 3 16 0
4 1 5 6 1 2 4 8 5 7 31 17 6 9 5 3 12 1
1 3 4 4 1 4 4 12 5 7 1 17 6 9 5 5 10 1
2 2 4 3 1 5 2 7 2 7 30 16 14 6 12 3 12 1
3 3 5 5 1 4 1 9 2 7 31 16 19 6 10 3 5 1
2 3 6 6 2 4 1 8 2 7 31 16 14 35 15 3 14 1
1 1 4 6 1 5 4 2 5 3 37 4 27 45 4 5 10 0
2 1 5 4 2 3 4 8 5 7 33 17 6 9 4 3 1 0
4 3 5 5 2 4 4 9 2 7 31 16 19 6 11 3 5 0
3 1 3 2 1 2 2 8 2 7 30 16 14 6 12 3 12 0
3 4 4 2 2 3 3 11 2 7 31 16 14 35 10 3 9 1
1 1 1 6 1 4 3 8 5 7 23 14 22 11 7 3 16 0
2 1 3 1 1 3 3 8 5 7 31 17 6 9 5 3 5 0
3 3 3 2 1 4 4 11 7 7 32 9 16 37 4 3 12 1
1 4 5 6 1 5 1 2 2 7 31 16 14 35 15 5 10 1
2 1 4 3 1 5 3 12 2 3 13 2 10 4 13 5 10 0
1 1 4 6 1 5 4 12 5 3 37 4 27 45 4 5 10 0
2 2 4 4 2 2 4 8 5 7 24 17 6 9 4 3 16 1
2 2 4 5 2 4 1 8 2 7 31 16 14 35 15 3 9 1
1 2 3 3 2 1 4 8 2 7 24 16 14 35 11 5 10 1
4 4 4 1 1 2 1 10 5 7 30 18 20 10 5 3 12 1
3 2 5 2 1 5 4 10 7 7 32 9 16 37 4 3 12 1
2 2 5 3 3 1 3 10 5 7 31 17 6 9 5 3 1 1
4 1 3 6 1 3 4 8 5 7 31 17 6 9 5 3 12 0
1 2 6 2 1 1 3 9 5 7 31 17 6 9 5 3 9 1
3 2 4 3 1 5 2 9 2 7 30 16 14 6 12 3 12 0
1 2 4 4 1 5 3 2 2 7 1 16 14 35 16 3 9 1
2 4 5 4 1 1 2 8 2 7 30 16 14 6 12 3 12 0
1 2 4 4 1 2 4 9 5 7 34 17 6 9 7 3 9 1
4 1 3 4 1 1 3 8 5 7 31 17 6 9 5 3 5 1
2 1 6 3 1 3 3 8 5 7 31 17 6 9 5 3 16 0
4 4 5 1 1 3 2 8 2 7 30 16 14 6 12 3 12 1
2 1 5 4 1 1 1 13 2 7 31 16 19 6 15 5 10 1
4 4 6 1 1 1 2 8 2 7 30 16 14 6 12 3 12 1
2 3 3 1 2 2 3 2 1 7 37 15 18 47 7 3 12 1
1 3 6 2 1 5 1 6 2 7 15 16 14 9 5 5 10 1
5 3 4 6 1 2 1 11 2 7 31 16 19 6 10 3 13 0
3 3 5 3 1 1 3 8 2 7 31 16 14 35 10 5 10 1
5 2 4 6 1 1 1 11 2 7 31 16 19 6 15 3 5 0
1 3 3 2 1 4 3 8 5 7 31 17 6 9 5 3 9 0
3 1 2 2 1 3 1 9 2 7 31 16 14 35 15 3 5 1
4 3 5 3 2 4 1 10 2 7 31 16 19 6 10 5 10 1
4 3 5 4 1 2 1 11 2 7 31 16 19 6 15 3 5 0
3 2 3 5 1 2 3 9 2 7 31 16 14 35 10 3 16 1
3 4 5 6 1 1 2 8 2 7 30 16 14 6 12 3 12 1
1 2 5 3 2 5 3 9 5 7 31 17 6 9 5 3 5 0
2 1 6 3 2 4 4 7 5 7 33 17 6 9 4 5 10 1
3 3 5 2 1 2 2 8 2 7 30 16 14 6 12 3 12 1
2 3 4 4 1 3 1 12 2 7 31 16 19 6 15 5 10 1
2 2 4 2 1 2 1 9 2 7 31 16 14 35 15 5 10 1
2 1 2 6 1 4 3 11 1 7 37 15 18 47 7 5 10 0
4 3 3 1 2 1 1 7 5 7 30 18 20 10 5 3 12 1
2 4 4 1 1 4 4 9 7 7 31 9 16 37 4 3 12 1
5 4 6 4 1 1 1 8 2 7 31 16 14 35 15 3 5 0
3 2 3 4 1 1 3 9 2 7 34 16 14 35 10 3 9 1
1 1 4 2 1 4 4 9 2 7 24 16 14 35 11 3 5 1
2 3 5 1 1 1 2 8 2 7 30 16 14 6 12 3 12 0
4 3 5 2 1 1 1 8 2 7 31 16 19 6 10 3 5 0
1 2 6 2 1 3 4 9 5 7 24 17 6 9 4 3 9 0
4 4 3 1 1 5 2 8 2 7 30 16 14 6 12 3 12 1
2 2 5 1 1 3 1 2 5 7 17 18 20 22 3 3 12 1
3 1 5 3 2 1 3 11 5 7 31 17 6 9 5 3 1 1
2 2 4 2 2 2 4 8 5 7 24 17 6 9 4 3 5 0
3 4 2 5 1 2 1 8 2 7 31 16 14 35 15 5 10 1
5 1 4 2 1 1 1 8 2 7 31 16 19 6 10 3 9 0
1 1 2 3 1 5 4 14 5 3 17 4 27 1 7 5 10 0
1 4 4 1 1 3 1 2 2 7 31 16 14 35 15 5 10 1
1 1 5 3 2 5 1 4 6 7 28 12 17 38 3 5 10 0
1 1 2 3 1 5 4 8 5 7 24 17 6 9 4 5 10 0
3 1 5 6 1 3 1 9 2 7 31 16 14 35 15 3 5 1
2 3 4 2 1 4 3 2 1 7 37 15 18 47 7 3 12 1
1 3 2 5 1 2 4 13 2 7 24 16 14 35 11 5 10 1
3 2 3 5 2 2 3 10 5 7 31 17 6 9 5 3 16 1
3 2 5 5 1 4 4 8 5 7 34 17 6 9 7 5 10 1
3 4 6 1 1 1 2 8 2 7 30 16 14 6 12 3 12 0
4 3 4 1 1 5 4 8 5 7 30 10 5 48 4 3 12 1
3 2 5 4 2 5 4 9 2 7 31 16 19 6 11 3 5 0
2 4 2 2 1 3 4 10 5 7 30 10 5 48 4 3 12 1
3 2 2 2 1 1 3 8 5 7 23 14 22 11 7 3 12 0
4 4 3 2 1 2 2 8 2 7 30 16 14 6 12 3 12 1
5 2 3 6 1 2 4 8 5 7 32 18 20 10 4 3 12 0
5 4 3 1 1 2 2 8 2 7 30 16 14 6 12 3 12 1
2 1 4 2 1 3 3 8 5 7 23 14 22 11 7 3 1 1
4 3 3 1 1 1 2 8 2 7 30 16 14 6 12 3 12 1
4 2 5 2 1 1 4 9 5 7 31 17 6 9 7 3 5 1
2 2 3 4 2 3 4 8 5 7 33 17 6 9 7 3 1 1
1 2 4 4 1 4 4 12 5 7 1 17 6 9 5 5 10 1
2 2 3 2 2 4 1 9 2 7 31 16 14 35 15 5 10 1
3 1 3 4 2 5 3 8 2 7 31 16 14 35 10 3 9 1
2 4 5 2 1 5 1 1 2 7 31 16 14 35 15 5 10 1
5 4 4 4 1 2 1 10 2 7 31 16 19 6 15 3 13 0
3 2 5 1 1 4 4 8 5 7 24 17 6 9 4 3 12 0
5 4 5 4 1 4 1 8 2 7 31 16 19 6 15 3 13 0
2 1 3 3 1 5 3 9 5 7 31 17 6 9 5 3 5 1
1 2 3 6 2 5 4 9 5 7 33 17 6 9 7 3 1 1
2 3 4 1 1 3 4 7 7 7 31 9 16 37 4 3 12 0
1 1 3 2 1 3 1 7 5 7 17 18 20 22 3 3 12 1
4 4 5 1 1 5 1 8 5 7 30 18 20 10 5 3 12 1
4 2 4 2 1 5 1 9 2 7 31 16 19 6 10 3 5 0
4 4 3 5 1 2 1 10 2 7 31 16 19 6 10 3 5 0
5 2 4 3 1 2 1 10 2 7 31 16 19 6 10 3 5 1
1 2 4 5 1 3 3 8 5 7 23 14 22 11 7 3 1 1
1 1 4 5 2 5 1 4 3 1 5 13 29 46 16 5 10 0
3 3 5 1 1 2 2 10 2 7 30 16 14 6 12 3 12 0
1 1 1 2 1 5 4 14 5 3 17 4 27 1 7 5 10 0
4 3 4 6 1 3 1 8 2 7 31 16 14 35 15 5 10 1
3 4 5 5 1 4 3 8 2 7 31 16 14 35 10 3 16 1
1 1 1 3 1 5 4 14 3 7 25 3 26 9 5 5 10 0
2 3 4 3 1 4 3 8 5 7 31 17 6 9 5 3 9 1
4 2 6 6 1 5 3 8 5 7 32 17 6 9 5 3 12 0
5 1 5 4 1 3 1 8 2 7 31 16 14 29 10 3 5 0
5 2 5 4 2 3 4 8 2 7 31 16 19 6 11 3 5 0
2 3 2 2 2 3 4 8 5 7 34 17 6 9 4 5 10 1
5 4 2 3 1 5 1 8 2 7 31 16 14 29 10 5 10 0
2 3 6 2 1 2 2 8 2 7 30 16 14 6 12 3 12 1
1 2 5 2 1 3 3 8 5 7 31 17 6 9 5 3 16 1
4 4 5 4 1 2 3 10 5 7 31 17 6 9 5 3 5 0
3 3 4 6 2 3 3 8 2 7 31 16 14 35 10 3 16 1
3 2 5 4 1 2 2 8 2 7 30 16 14 6 12 3 12 1
2 3 4 5 2 5 3 7 2 7 31 16 14 35 10 3 9 1
3 3 6 2 1 2 1 8 5 7 30 18 20 10 5 3 12 0
4 3 2 1 1 2 2 8 2 7 30 16 14 6 12 3 12 1
3 3 3 4 1 1 3 10 2 7 31 16 14 35 10 5 10 1
1 1 5 4 1 1 4 8 5 3 37 4 27 45 4 3 1 1
2 1 3 4 2 2 3 8 2 7 34 16 14 35 12 3 5 0
3 4 6 2 1 1 1 8 5 7 30 18 20 10 5 3 12 1
2 1 6 1 2 5 4 10 5 7 33 17 6 9 4 3 1 1
4 3 2 5 2 4 1 10 2 7 31 16 14 35 15 5 10 1
5 1 4 4 1 4 1 8 2 7 32 16 14 5 10 3 5 0
4 1 5 4 1 3 1 10 2 7 31 16 19 6 15 5 10 1
2 1 6 5 1 2 1 9 2 7 31 16 14 35 15 5 10 1
3 3 3 2 1 1 4 9 7 7 31 9 16 37 4 3 12 1
5 2 4 6 1 1 3 8 5 7 32 17 6 9 5 3 12 0
2 1 5 2 1 3 3 9 5 7 31 17 6 9 5 3 5 1
5 2 6 3 2 5 4 8 2 7 31 16 19 6 11 3 5 0
3 4 3 1 2 1 2 8 2 7 30 16 14 6 12 3 12 0
4 1 5 3 1 2 1 7 2 7 31 16 14 35 15 3 5 1
2 4 3 3 2 5 4 10 5 7 33 17 6 9 4 3 9 1
2 1 5 4 1 5 3 9 5 7 31 17 6 9 5 3 12 1
4 2 5 1 1 1 2 9 2 7 30 16 14 6 12 3 12 1
4 2 5 3 1 5 1 9 2 7 31 16 19 6 15 3 5 1
3 3 2 1 1 3 4 9 2 7 31 16 19 6 11 3 5 0
1 2 2 4 1 1 3 9 5 7 23 14 22 11 7 3 1 1
2 2 3 4 1 3 4 9 5 7 33 17 6 9 7 3 9 1
4 4 2 5 1 2 2 9 2 7 30 16 14 6 12 3 12 1
4 2 5 4 1 3 1 11 2 7 31 16 19 6 15 5 10 1
4 3 4 6 1 3 1 9 5 7 30 18 20 10 5 3 12 0
2 3 2 4 3 5 4 9 5 7 33 17 6 9 7 3 1 1
2 3 5 6 1 3 2 8 2 7 30 16 14 6 12 3 12 1
5 4 5 5 1 2 1 8 2 7 31 16 19 6 10 3 13 0
2 2 5 1 1 1 2 8 2 7 30 16 14 6 12 3 12 0
5 4 5 2 1 2 1 10 2 7 31 16 14 35 15 5 10 0
5 3 6 4 1 1 1 8 2 7 31 7 13 34 15 5 10 1
1 1 2 1 1 1 1 6 2 7 15 16 14 9 5 5 10 0
1 1 5 5 1 5 1 12 5 7 18 17 6 23 3 5 10 0
4 4 4 6 1 3 1 10 2 7 31 16 19 6 10 3 9 1
1 2 4 2 1 5 4 2 5 3 17 4 27 1 7 5 10 1
4 4 4 1 1 1 4 8 7 7 32 9 25 43 4 3 12 1
2 1 2 5 2 5 4 8 5 7 24 17 6 9 4 3 12 0
1 3 4 1 1 4 3 2 2 7 1 16 14 35 16 5 10 1
4 1 5 1 1 5 1 8 2 7 31 16 14 35 15 5 10 0
1 1 5 3 1 4 3 3 2 7 36 16 24 30 10 5 10 0
3 2 4 1 1 1 2 9 2 7 30 16 14 6 12 3 12 1
1 2 5 5 2 5 3 3 5 7 35 17 6 9 7 5 10 1
3 4 2 5 1 4 2 8 2 7 30 16 14 6 12 3 12 0
2 1 3 1 1 4 1 14 5 7 17 18 20 22 3 3 12 1
1 2 2 2 1 2 3 8 5 7 31 17 6 9 5 3 1 1
2 3 2 1 1 2 1 9 5 7 30 18 20 10 5 3 12 1
4 1 4 5 1 5 4 8 5 7 31 17 6 9 5 3 12 1
1 1 4 3 1 1 4 12 5 3 8 4 21 21 7 5 10 1
1 2 5 4 1 2 4 8 5 7 33 17 6 9 4 3 5 1
4 3 4 4 1 5 3 8 2 7 34 16 14 35 12 3 5 0
1 1 5 6 1 5 3 1 3 6 17 3 12 2 7 5 10 1
2 2 5 4 1 5 2 8 2 7 30 16 14 6 12 3 12 1
1 1 4 5 2 2 1 2 6 7 28 12 17 38 3 5 10 1
5 2 5 6 1 1 3 8 5 7 32 18 20 39 9 3 5 0
1 1 3 6 1 1 3 9 5 7 23 14 22 11 7 3 1 1
2 2 6 5 2 2 2 9 2 7 30 16 14 6 12 3 12 0
3 2 5 6 1 4 4 8 5 7 31 17 6 9 5 3 12 0
2 3 5 5 1 5 1 9 2 7 31 16 14 35 15 3 5 1
1 1 1 6 3 1 3 8 2 7 31 16 14 35 10 5 10 1
1 1 3 3 1 3 4 9 5 7 33 17 6 9 4 5 10 0
3 4 5 1 2 4 2 9 2 7 30 16 14 6 12 3 12 1
2 2 3 5 1 3 3 8 5 7 31 17 6 9 5 3 1 1
4 2 6 2 1 5 4 9 2 7 31 16 19 6 11 5 10 0
5 1 3 2 2 2 1 8 2 7 31 16 19 6 15 5 10 0
5 2 2 6 1 2 1 8 2 7 31 16 19 6 15 3 5 0
5 1 3 6 2 5 1 8 2 7 31 16 19 6 15 3 13 0
2 2 3 1 1 3 2 8 2 7 30 16 14 6 12 3 12 1
1 1 4 3 1 1 4 7 5 7 23 14 22 11 4 3 5 0
5 2 2 6 1 1 1 10 2 7 32 16 19 6 10 5 10 0
3 3 3 4 2 2 3 11 2 7 34 16 14 35 12 3 5 0
2 3 4 2 1 2 2 8 2 7 30 16 14 6 12 3 12 0
2 1 5 1 1 2 1 7 5 7 30 18 20 10 5 3 12 1
3 3 4 5 2 2 3 8 2 7 31 16 14 35 10 3 16 1
3 3 5 2 1 5 3 8 5 7 31 17 6 9 5 3 5 0
5 1 4 5 1 2 1 8 2 7 31 16 19 6 15 3 5 0
2 1 4 6 1 5 4 8 2 7 24 16 14 35 11 5 10 1
3 2 5 2 1 5 1 9 2 7 31 16 14 35 15 3 5 1
1 1 4 2 1 4 3 8 5 7 31 17 6 9 5 3 16 1
2 2 3 1 1 1 1 8 5 7 30 18 20 10 5 3 12 1
4 1 6 1 1 1 4 8 7 7 31 9 16 37 4 3 12 1
1 1 4 5 3 1 4 2 2 7 24 16 14 35 11 3 5 0
1 2 2 5 2 5 4 10 5 7 33 17 6 9 4 3 1 1
2 1 3 3 1 2 3 10 5 7 23 14 22 11 7 3 9 1
5 4 3 4 2 3 1 8 2 7 31 16 19 6 15 3 5 1
2 3 4 2 2 2 4 8 5 7 33 17 6 9 4 3 1 1
1 2 3 4 1 1 4 3 5 7 1 17 6 9 5 5 10 1
3 4 3 3 1 3 1 9 2 7 31 16 14 35 15 5 10 1
1 4 6 3 1 2 3 11 5 7 23 14 22 11 7 3 16 1
5 1 5 1 1 4 1 8 5 7 30 18 20 10 5 3 12 1
1 2 5 2 2 2 3 9 5 7 31 17 6 9 5 3 12 1
3 3 4 4 1 2 3 8 2 7 34 16 14 35 12 3 5 0
2 3 5 4 2 5 1 7 2 7 31 16 14 35 15 3 5 0
2 1 4 4 1 3 4 7 5 3 37 4 27 45 4 5 10 0
2 2 4 1 1 3 2 7 2 7 30 16 14 6 12 3 12 1
3 1 4 3 2 3 4 8 7 7 31 9 16 37 4 3 12 1
1 1 5 3 2 2 4 8 5 7 34 17 6 9 7 3 1 1
2 3 5 2 1 2 2 7 2 7 30 16 14 6 12 3 12 0
2 1 3 5 2 4 1 9 2 7 31 16 14 35 15 5 10 1
3 4 3 1 1 4 2 9 2 7 30 16 14 6 12 3 12 0
4 3 4 6 2 3 1 10 2 7 31 16 19 6 15 5 10 1
4 2 6 1 1 4 1 8 5 7 30 18 20 10 5 3 12 1
2 3 6 1 1 2 3 8 5 7 31 17 6 9 5 3 12 0
1 1 3 5 2 5 3 8 5 7 35 17 6 9 7 5 10 1
2 3 6 3 2 2 4 8 5 7 33 17 6 9 4 3 8 1
4 4 5 3 1 1 3 8 2 7 31 16 14 35 10 3 9 0
5 3 4 3 1 4 1 8 2 7 31 16 14 35 15 5 10 0
3 1 2 3 2 4 4 8 7 7 31 9 16 37 4 3 12 1
4 1 2 4 2 2 4 8 5 7 34 17 6 9 7 3 5 0
2 4 5 1 1 1 4 8 5 7 31 17 6 9 5 3 12 0
1 1 5 2 1 4 4 8 5 3 37 4 27 45 4 3 5 1
1 1 5 1 3 5 3 2 2 7 36 16 24 30 10 5 10 0
2 3 5 2 3 3 3 9 5 7 31 17 6 9 5 3 1 1
2 3 2 1 1 5 1 8 5 7 30 18 20 10 5 3 12 0
1 1 4 2 2 5 4 14 5 3 18 4 21 21 7 5 10 0
5 2 1 3 1 2 1 11 2 4 30 7 15 27 15 3 5 0
3 2 5 4 1 1 3 8 2 7 34 16 14 35 12 3 5 0
3 1 5 1 2 5 4 8 5 7 31 17 6 9 5 3 12 1
1 1 6 3 1 4 4 14 5 5 37 14 22 15 4 5 10 1
4 1 5 2 1 1 4 8 5 7 32 10 5 48 4 3 12 1
1 4 5 5 3 3 3 8 5 7 31 17 6 9 5 3 1 1
5 4 2 1 1 3 2 8 2 7 30 16 14 6 12 3 12 1
1 1 4 3 1 5 4 8 5 7 33 17 6 9 4 5 10 1
2 2 4 2 1 2 2 9 2 7 30 16 14 6 12 3 12 0
4 1 5 1 1 1 4 8 7 7 31 9 16 37 4 3 5 0
1 1 4 4 1 1 4 9 2 7 24 16 14 35 11 3 9 1
5 2 4 2 1 3 4 9 5 7 31 17 6 9 7 3 5 0
2 3 4 6 1 4 4 9 7 7 32 9 16 37 4 3 12 1
3 3 4 3 1 5 4 9 5 7 30 10 5 48 4 3 12 1
3 4 4 4 1 3 1 9 2 7 31 16 19 6 10 3 5 1
2 4 3 6 1 4 1 9 5 7 30 18 20 10 5 3 12 1
1 1 1 6 1 1 4 14 2 7 31 16 14 9 5 5 10 0
1 2 2 2 3 5 3 3 2 7 31 16 14 35 10 5 10 1
2 2 2 1 1 4 1 9 5 7 30 18 20 10 5 3 12 1
2 4 5 4 1 3 4 11 5 7 1 17 6 9 5 3 5 1
5 4 3 3 1 3 1 10 2 7 31 16 19 6 15 3 13 0
3 2 5 6 1 4 4 9 2 7 31 16 19 6 11 5 10 0
1 2 4 1 2 5 4 10 5 7 34 17 6 9 4 3 1 1
4 3 3 1 1 1 4 9 5 7 31 17 6 9 5 3 5 0
4 4 6 4 1 3 2 8 2 7 30 16 14 6 12 3 12 1
2 1 6 1 1 3 1 9 5 7 30 18 20 10 5 3 12 0
4 3 6 1 1 5 2 8 2 7 30 16 14 6 12 3 12 1
3 1 6 2 2 2 4 8 5 7 32 18 20 10 4 3 5 0
4 1 4 1 1 3 4 8 5 7 31 17 6 9 5 3 12 0
1 4 2 3 1 2 3 9 5 7 31 17 6 9 5 3 16 1
4 4 4 2 1 3 1 9 2 7 31 16 19 6 10 3 5 0
2 1 5 5 1 1 3 8 5 7 23 14 22 11 7 3 5 1
3 1 4 3 2 1 3 8 5 7 31 17 6 9 5 3 1 1
5 2 6 1 1 1 1 10 5 7 30 18 20 10 5 3 12 1
3 1 4 3 3 4 3 8 2 7 31 16 14 35 10 3 16 1
2 2 1 1 1 3 2 8 2 7 30 16 14 6 12 3 12 1
2 2 5 6 1 2 4 8 7 7 31 9 16 37 4 3 12 1
2 2 4 4 2 5 3 8 5 7 31 17 6 9 5 3 12 0
1 2 4 2 1 2 2 2 2 7 30 16 14 6 12 3 12 0
1 1 4 5 1 5 4 8 5 3 9 4 21 40 4 5 10 0
3 1 4 6 1 3 2 9 2 7 30 16 14 6 12 3 12 1
1 1 5 1 1 3 4 2 5 3 8 4 21 21 7 5 10 0
3 2 6 3 2 4 4 8 5 7 24 17 6 9 7 5 10 1
1 1 4 1 1 5 4 14 5 3 18 4 21 21 7 5 10 0
1 3 3 5 2 3 3 8 5 7 23 14 22 11 7 3 9 1
3 4 5 1 1 4 2 8 2 7 30 16 14 6 12 3 12 1
3 1 3 1 1 4 4 8 7 7 31 9 16 37 4 3 12 1
3 2 4 1 1 4 1 9 2 7 31 16 14 35 15 3 5 1
2 3 6 6 1 4 1 9 5 7 17 18 20 22 3 5 10 0
1 1 5 6 2 5 4 9 5 7 34 17 6 9 7 3 5 0
4 2 5 1 1 2 2 8 2 7 30 16 14 6 12 3 12 1
2 2 3 5 1 4 3 8 5 7 31 17 6 9 5 3 1 1
3 1 6 4 2 4 3 8 2 3 13 2 10 4 13 5 10 0
1 2 5 2 1 2 4 9 5 3 17 4 27 1 7 3 5 1
1 2 4 4 1 5 4 2 2 7 24 16 14 35 11 3 5 1
3 3 3 3 1 4 4 9 7 7 31 9 16 37 4 3 12 1
1 1 5 6 1 1 3 9 5 7 23 14 22 11 7 3 16 1
2 4 6 2 2 4 2 8 2 7 30 16 14 6 12 3 12 1
2 2 4 1 1 1 2 9 2 7 30 16 14 6 12 3 12 0
1 1 4 3 1 5 4 7 5 3 37 4 27 45 4 3 5 1
3 3 3 1 2 1 2 9 2 7 30 16 14 6 12 3 12 0
4 2 3 5 1 5 1 9 2 7 31 16 14 35 15 5 10 0
4 3 3 4 2 5 3 11 2 7 31 16 14 35 10 3 9 1
4 3 4 6 1 5 3 8 5 7 32 17 6 9 5 3 12 0
4 2 5 1 1 3 4 9 5 7 31 17 6 9 5 3 5 0
1 1 3 3 1 2 4 3 5 7 1 17 6 9 5 5 10 1
2 1 2 6 1 3 3 8 5 7 31 17 6 9 5 3 12 0
1 2 4 6 1 2 4 13 5 3 37 4 27 45 4 5 10 0
5 3 4 1 2 1 1 11 2 7 31 16 19 6 10 3 5 0
1 2 6 6 1 2 4 8 5 7 33 17 6 9 7 3 1 1
1 1 5 5 1 2 4 12 5 7 1 17 6 9 5 3 15 1
3 3 5 3 1 5 1 9 2 7 31 16 14 35 15 3 5 0
3 4 3 2 1 4 2 8 2 7 30 16 14 6 12 3 12 1
2 4 5 2 2 4 4 8 5 7 30 10 5 48 4 3 12 1
2 3 3 4 1 3 3 9 2 7 31 16 14 35 10 3 5 1
2 2 5 3 2 3 3 8 5 7 23 14 22 11 7 3 1 1
2 2 4 3 1 5 3 8 5 7 23 14 22 11 7 3 16 1
1 1 5 2 1 3 3 9 5 7 31 17 6 9 5 3 16 1
3 4 5 6 2 2 1 7 2 7 31 16 19 6 10 3 12 1
1 2 5 4 1 3 3 10 5 7 23 14 22 11 7 3 9 1
3 3 4 1 1 2 1 10 5 7 30 18 20 10 5 3 12 0
3 2 5 4 1 1 3 11 5 7 23 14 22 11 7 3 5 1
3 2 4 2 2 5 2 9 5 7 31 17 11 17 9 3 12 1
1 2 4 3 2 5 1 12 2 7 31 16 14 35 15 3 9 0
2 2 1 3 1 1 4 8 2 7 24 16 14 35 11 3 9 1
4 3 5 6 2 4 1 8 2 7 31 16 14 35 15 5 10 0
2 3 2 2 2 4 3 8 5 7 31 17 6 9 5 3 12 0
2 3 5 4 1 1 3 8 2 7 1 16 14 35 16 5 10 1
1 3 3 5 2 2 1 7 2 7 31 16 14 35 15 5 10 1
4 1 5 2 2 4 1 8 2 7 31 16 14 35 15 3 14 0
2 1 2 1 1 5 1 10 5 7 17 18 20 22 3 3 12 0
3 3 2 1 1 1 4 8 7 7 31 9 16 37 4 3 12 0
2 3 5 5 2 2 4 8 5 7 24 17 6 9 4 3 15 1
1 1 3 4 1 3 4 8 5 7 34 17 6 9 7 3 1 1
5 2 3 5 1 5 1 8 2 7 31 16 19 6 15 3 9 0
3 1 3 1 1 1 4 8 7 7 31 9 16 37 4 3 12 1
4 4 5 1 1 1 2 9 2 7 30 16 14 6 12 3 12 1
4 4 4 6 1 5 1 9 2 7 31 16 19 6 10 5 10 1
1 2 5 6 2 3 3 12 5 7 35 17 6 9 7 5 10 1
1 1 6 5 1 5 4 10 5 3 9 4 21 40 4 5 10 0
3 3 4 1 1 4 2 8 2 7 30 16 14 6 12 3 12 0
2 3 4 5 2 5 3 8 5 7 31 17 6 9 5 3 16 1
3 4 4 3 1 1 1 7 5 7 30 18 20 10 5 3 12 0
1 1 4 5 2 4 4 13 5 3 18 4 21 21 7 5 10 0
1 1 3 4 1 5 4 12 2 7 24 16 14 35 11 5 10 0
2 4 4 2 2 2 1 11 5 7 30 18 20 10 5 3 12 0
2 3 5 4 1 4 3 8 5 7 31 17 6 9 5 3 1 1
1 2 5 3 2 5 3 11 5 7 23 14 22 11 7 3 1 1
5 4 3 1 1 2 1 8 5 7 30 18 20 10 5 3 12 0
2 1 5 6 1 2 3 7 2 7 1 16 14 35 16 3 12 1
1 1 5 5 2 2 3 8 5 7 31 17 6 9 5 3 1 1
1 2 3 6 1 2 3 8 5 7 31 17 6 9 5 3 16 1
3 3 4 1 2 3 4 8 7 7 31 9 16 37 4 3 9 0
3 4 5 2 1 4 1 8 5 7 30 18 20 10 5 3 12 1
2 1 4 2 2 5 1 3 6 7 6 12 17 19 17 5 10 0
5 2 3 2 1 3 1 8 2 7 31 16 19 6 10 5 10 0
2 1 3 6 1 1 4 2 5 7 24 17 6 9 4 3 9 0
2 2 5 3 1 2 3 8 5 7 23 14 22 11 7 3 16 0
2 3 4 4 1 2 1 7 2 7 31 16 14 35 15 3 9 1
2 2 2 1 1 3 2 9 2 7 30 16 14 6 12 3 12 1
1 2 4 4 2 1 4 7 2 7 24 16 14 35 11 3 9 1
1 1 5 3 1 5 3 10 5 7 37 14 22 41 7 5 10 0
1 2 4 3 1 5 4 8 5 3 17 4 27 1 7 3 16 1
3 1 4 6 2 3 3 2 2 3 13 2 10 4 13 5 10 1
4 4 6 2 1 3 2 9 2 7 30 16 14 6 12 3 12 0
2 2 3 6 1 3 2 2 2 7 30 16 14 6 12 3 12 1
3 4 5 2 2 1 3 11 2 7 31 16 14 35 10 3 5 1
5 2 5 6 1 5 1 8 2 7 31 16 19 6 10 3 12 1
2 2 5 4 1 5 3 9 5 7 31 17 6 9 5 5 10 1
2 1 6 3 1 5 1 8 6 3 28 5 3 31 8 5 10 0
2 2 3 3 1 4 2 3 2 7 30 16 14 6 12 3 12 0
3 4 6 6 1 5 4 9 7 7 32 9 16 37 4 3 12 1
1 1 4 6 1 1 4 14 5 3 17 4 27 1 7 5 10 0
2 3 5 1 1 2 2 8 2 7 30 16 14 6 12 3 12 0
5 1 1 1 1 5 4 8 2 6 29 16 14 9 5 3 9 0
5 3 5 1 1 3 1 8 5 7 30 18 20 10 5 3 12 1
1 4 3 6 1 5 1 2 3 7 31 11 30 9 5 3 1 1
4 3 5 5 1 1 1 9 2 7 31 16 14 35 15 5 10 1
1 1 4 3 1 1 4 14 5 3 17 4 21 21 7 5 10 0
1 1 5 1 1 5 4 2 2 5 36 2 23 42 11 5 10 0
2 2 4 3 2 5 3 2 5 7 31 17 6 9 5 5 10 0
4 1 5 5 1 1 4 10 7 7 31 9 16 37 4 3 12 0
5 2 4 4 2 5 2 11 2 7 30 16 14 6 12 3 5 0
1 1 2 4 1 3 3 8 5 7 31 17 6 9 5 3 5 1
1 3 2 6 2 3 1 9 2 7 31 16 14 35 15 5 10 1
1 1 3 2 1 5 4 4 3 7 25 3 26 9 5 5 10 0
4 4 4 2 2 4 1 7 2 7 31 16 14 35 15 5 10 1
1 1 3 2 2 2 4 8 5 7 34 17 6 9 7 3 1 1
3 3 3 6 1 5 1 8 2 7 31 16 14 35 15 3 5 0
4 4 5 1 1 1 4 8 7 7 31 9 16 37 4 3 12 1
3 2 5 4 2 3 3 8 2 7 34 16 14 35 12 3 9 0
2 1 4 5 1 5 4 8 5 7 33 17 6 9 7 3 5 0
2 2 5 5 1 3 3 8 5 7 23 14 22 11 7 3 5 1
5 2 4 5 1 5 4 8 5 7 32 2 14 9 5 3 12 0
1 1 2 1 1 2 1 9 5 7 30 18 20 10 5 3 12 1
2 4 4 1 1 1 1 9 2 7 31 16 14 35 15 5 10 1
5 2 3 3 1 4 4 10 5 7 32 10 5 48 4 3 12 0
4 3 2 1 1 3 2 8 2 7 30 16 14 6 12 3 12 1
3 1 2 2 1 2 1 8 5 7 30 18 20 10 5 3 12 1
4 3 5 3 1 4 2 9 2 7 30 16 14 6 12 3 12 1
3 1 5 5 2 5 4 8 5 7 24 17 6 9 4 5 10 0
1 1 1 1 3 5 3 5 2 7 36 16 24 30 10 5 10 0
4 2 2 1 1 3 2 8 2 7 30 16 14 6 12 3 12 0
1 1 2 5 1 4 3 12 2 3 37 2 10 4 13 5 10 1
1 4 4 4 1 2 3 8 5 7 31 17 6 9 5 3 12 0
3 2 5 3 2 2 3 10 2 7 1 16 14 35 16 5 10 1
3 4 4 4 1 3 1 9 2 7 31 16 19 6 10 3 5 1
4 3 4 1 2 1 2 10 2 7 30 16 14 6 12 3 12 1
2 4 4 3 1 4 2 7 2 7 30 16 14 6 12 3 12 1
4 3 4 5 1 2 3 7 2 7 31 16 14 35 10 3 16 1
4 4 4 1 1 3 2 8 2 7 30 16 14 6 12 3 12 1
5 2 5 3 2 2 4 8 2 7 31 16 19 6 11 3 5 1
1 1 4 2 1 2 3 2 5 7 31 17 6 9 5 3 1 1
3 1 2 1 1 1 4 8 7 7 31 9 16 37 4 3 12 0
2 3 5 4 2 5 3 11 2 7 31 16 14 35 10 3 9 1
5 2 2 5 2 2 1 8 2 7 31 16 19 6 15 3 5 0
4 1 5 2 1 4 1 8 2 7 31 16 19 6 15 3 5 0
3 3 2 1 2 4 3 8 5 7 31 17 6 9 5 3 12 0
3 4 2 3 1 4 2 8 2 7 30 16 14 6 12 3 12 0
5 2 4 6 1 2 4 8 5 7 32 10 5 48 4 3 12 0
2 1 3 2 2 4 3 8 5 7 31 17 6 9 5 3 5 0
1 1 5 6 1 2 4 14 5 3 17 4 27 1 7 5 10 1
2 2 5 2 2 4 4 8 5 7 32 10 5 48 4 3 5 0
1 2 6 4 2 2 4 8 5 7 33 17 6 9 7 5 10 1
3 1 4 4 2 5 4 10 5 7 34 17 6 9 4 3 9 1
2 1 6 2 2 3 3 8 5 7 31 17 6 9 5 3 1 0
3 1 3 5 1 4 1 2 2 7 31 16 19 6 15 3 5 0
1 1 1 5 1 5 4 13 5 3 14 4 21 40 4 5 10 0
1 2 5 2 2 1 4 8 5 7 24 17 6 9 4 3 16 1
5 1 5 4 2 1 1 11 2 7 31 16 19 6 15 5 10 1
1 1 4 1 1 5 4 12 5 3 8 4 21 21 7 5 10 0
1 2 1 2 2 1 4 8 5 7 34 17 6 9 4 3 8 0
2 4 3 6 2 4 2 10 2 7 30 16 14 6 12 3 12 1
1 1 1 5 1 3 4 8 5 3 17 4 27 1 7 5 10 0
2 1 3 3 1 1 3 8 5 7 23 14 22 11 7 3 16 0
5 4 5 3 1 5 1 8 2 7 31 16 14 29 10 5 10 0
1 1 4 3 1 3 4 13 5 7 34 17 6 9 7 5 10 1
2 4 4 1 1 1 3 11 5 7 31 17 6 9 5 3 16 0
5 3 3 3 1 4 1 9 2 7 31 16 19 6 10 5 10 0
3 3 4 1 1 4 4 9 5 7 32 18 20 10 4 3 12 1
3 1 3 4 1 5 2 10 2 7 30 16 14 6 12 3 12 0
2 2 4 6 1 5 4 8 7 2 39 9 25 43 1 5 10 0
3 4 6 1 1 5 2 10 2 7 30 16 14 6 12 3 12 1
1 4 3 6 1 5 1 9 3 7 31 11 30 9 5 3 1 1
2 2 4 1 1 2 2 10 2 7 30 16 14 6 12 3 12 1
2 3 5 6 2 2 1 7 2 7 31 16 19 6 10 3 12 1
2 3 4 4 1 4 3 8 7 7 39 9 16 37 7 3 12 1
3 3 4 2 2 5 4 8 7 7 31 9 16 37 4 3 12 1
5 3 3 1 1 3 1 9 2 7 31 16 14 29 10 3 5 0
1 4 2 3 2 5 1 8 2 7 31 16 14 35 15 5 10 1
1 2 5 3 1 1 4 14 2 7 3 16 14 9 5 5 10 1
1 2 4 3 1 5 4 2 5 3 37 4 27 45 4 3 5 1
2 2 3 4 1 5 4 9 2 7 24 16 14 35 11 5 10 0
2 3 5 2 1 1 4 10 5 7 24 17 6 9 4 3 16 1
1 1 5 5 2 5 1 2 3 1 5 13 29 46 16 5 10 1
3 3 4 1 1 4 1 9 5 7 30 18 20 10 5 3 12 1
5 1 4 3 1 5 1 9 2 7 31 16 19 6 10 3 5 0
2 4 4 5 1 2 1 9 5 7 30 18 20 10 5 3 12 1
5 4 4 4 2 3 1 8 2 7 31 16 19 6 15 3 13 0
1 3 5 3 1 3 4 3 5 7 24 17 6 9 4 3 12 1
2 3 2 1 2 5 2 8 2 7 30 16 14 6 12 3 12 1
2 2 4 4 1 2 3 8 5 7 23 14 22 11 7 3 5 1
5 3 3 6 1 3 4 8 5 7 32 18 20 10 4 3 12 0
2 2 2 4 1 3 3 9 5 7 31 17 6 9 5 5 10 1
2 1 6 5 2 4 4 8 5 7 34 17 6 9 7 3 8 1
1 2 6 2 1 4 3 8 5 7 31 17 6 9 5 5 10 1
3 3 4 1 1 5 1 7 2 7 31 16 14 35 15 3 5 1
3 1 5 4 2 5 4 8 5 7 31 17 6 9 5 5 10 1
1 1 6 6 1 1 4 8 5 7 24 17 6 9 4 3 1 1
1 2 4 2 1 1 4 12 2 5 36 2 23 42 11 3 8 0
5 1 3 1 1 1 1 8 2 7 31 16 19 6 15 3 9 0
1 1 5 2 1 2 4 14 5 3 18 4 21 21 7 5 10 0
3 3 5 2 1 2 2 8 2 7 30 16 14 6 12 3 12 1
2 2 6 3 1 4 4 9 5 7 24 17 6 9 4 3 12 0
4 2 6 5 1 3 3 8 2 7 34 16 14 35 12 5 10 1
3 1 2 3 1 4 4 8 2 7 24 16 14 35 11 5 10 1
1 1 2 4 1 3 4 10 5 7 31 17 6 9 5 3 12 0
2 3 3 2 2 4 4 8 5 7 34 17 6 9 4 3 16 0
5 4 3 1 1 3 1 9 5 7 30 18 20 10 5 3 12 1
1 2 2 6 2 5 4 9 5 7 33 17 6 9 4 5 10 1
1 1 5 3 1 3 4 12 5 7 1 17 6 9 5 5 10 1
2 1 5 1 1 3 2 7 2 7 30 16 14 6 12 3 12 1
2 1 6 3 1 3 4 8 2 7 24 16 14 35 11 3 9 1
3 2 6 1 1 3 2 8 2 7 30 16 14 6 12 3 12 1
5 4 3 5 1 4 2 8 2 7 30 16 14 6 12 3 12 0
2 2 2 5 1 1 3 10 5 7 23 14 22 11 7 3 5 1
5 4 3 6 1 5 2 8 2 7 30 16 14 6 12 3 12 1
2 1 5 4 2 2 4 10 5 7 33 17 6 9 4 3 8 1
4 1 4 5 1 4 1 9 2 7 31 16 19 6 10 5 10 1
1 2 5 4 1 4 4 11 5 7 24 17 6 9 4 3 1 1
4 3 6 4 1 3 4 11 7 7 31 9 16 37 4 3 12 1
4 4 5 2 1 2 1 9 2 7 31 16 19 6 10 3 9 0
3 3 5 3 2 4 1 9 2 7 31 16 14 35 15 3 5 1
3 3 5 1 2 4 2 8 2 7 30 16 14 6 12 3 12 1
1 1 5 6 1 5 3 9 5 7 37 14 22 41 7 5 10 0
5 3 6 1 1 2 2 8 2 7 30 16 14 6 12 3 12 1
3 2 5 2 1 4 3 8 2 7 34 16 14 35 12 3 12 0
2 2 4 5 1 3 3 2 2 7 1 16 14 35 16 5 10 1
5 4 5 1 1 5 1 8 2 7 31 16 14 29 10 5 10 0
1 2 6 3 2 4 4 8 5 7 34 17 6 9 7 3 16 1
1 3 5 4 1 2 3 2 3 6 17 3 12 2 7 3 16 1
1 1 4 5 3 5 3 3 2 7 31 16 14 35 10 5 10 1
3 1 5 6 2 4 3 8 2 7 31 16 14 35 10 3 9 1
2 3 3 3 1 2 1 9 2 7 22 16 14 5 10 3 9 0
1 1 5 1 2 1 3 8 5 7 23 14 22 11 7 3 5 0
3 2 5 4 1 4 3 10 2 7 31 16 14 35 10 3 15 1
1 3 5 6 1 5 2 8 2 7 30 16 14 6 12 3 12 0
4 2 4 6 2 4 1 8 2 7 31 16 14 35 15 3 5 1
3 2 2 3 1 4 1 8 2 7 31 16 14 35 15 3 5 1
1 1 6 3 3 1 1 8 6 3 28 5 3 31 8 5 10 0
2 4 3 1 1 4 1 11 5 7 30 18 20 10 5 3 12 1
5 2 5 2 1 1 1 8 2 7 32 7 15 36 15 3 5 0
4 3 3 2 1 4 1 9 2 7 31 16 19 6 10 5 10 1
3 2 5 1 1 4 2 9 2 7 30 16 14 6 12 3 12 1
1 2 4 6 3 1 1 2 6 7 28 12 17 38 3 5 10 1
1 1 5 6 2 5 3 9 2 3 13 2 10 4 13 3 9 1
3 2 6 1 1 1 3 8 5 7 31 17 6 9 5 3 12 0
5 2 6 3 2 4 1 2 2 7 31 16 19 6 15 3 5 0
2 2 5 3 1 2 1 8 2 7 22 16 14 5 10 3 9 1
3 3 5 1 1 1 4 7 5 7 31 17 6 9 5 3 12 0
5 3 5 1 1 5 1 8 2 7 31 16 14 29 10 5 10 0
1 1 4 1 2 5 4 8 5 7 33 17 6 9 4 3 1 1
5 1 3 1 1 4 1 8 2 7 31 16 19 6 15 3 5 0
2 1 3 5 1 5 2 8 2 7 30 16 14 6 12 3 12 1
1 1 2 2 2 3 3 8 5 7 31 17 6 9 5 3 1 1
1 1 3 4 1 5 4 13 5 3 17 4 21 21 7 5 10 0
2 4 4 1 1 1 1 8 5 7 30 18 20 10 5 3 12 0
3 4 4 3 1 2 1 8 2 7 31 16 19 6 10 3 5 1
2 2 5 4 1 4 3 9 1 7 37 15 18 47 7 3 12 0
5 2 2 4 2 4 1 8 2 7 32 16 19 6 15 3 12 0
1 1 5 6 1 5 4 9 5 7 33 17 6 9 7 3 16 1
3 2 5 4 2 5 4 10 5 7 34 17 6 9 7 3 12 0
3 2 6 1 2 2 2 8 2 7 30 16 14 6 12 3 12 0
4 1 4 5 1 1 4 8 5 7 31 17 6 9 4 3 9 0
4 3 3 2 2 3 1 11 2 7 31 16 19 6 10 3 5 1
1 2 2 2 1 5 4 9 5 2 36 17 6 9 16 3 8 1
2 1 5 3 2 3 4 11 5 7 33 17 6 9 7 3 1 1
2 1 5 2 1 5 3 11 5 7 23 14 22 11 7 3 16 0
3 2 4 5 1 3 3 10 2 3 13 2 10 4 13 3 5 1
2 2 5 4 1 1 3 8 5 7 23 14 22 11 7 3 5 1
1 2 6 5 2 5 4 8 2 7 24 16 14 35 11 3 5 1
2 1 5 3 2 3 4 2 5 7 1 17 6 9 5 5 10 1
3 1 3 2 2 3 4 11 7 7 31 9 16 37 4 3 12 1
1 1 3 4 1 5 4 12 5 3 8 4 21 21 7 5 10 0
3 2 5 1 1 4 2 8 2 7 30 16 14 6 12 3 12 1
2 3 4 3 2 3 4 8 5 7 34 17 6 9 4 3 8 1
3 4 3 1 1 5 2 8 2 7 30 16 14 6 12 3 12 1
1 3 5 3 1 1 1 8 6 7 28 12 17 38 3 5 10 1
1 2 5 5 1 1 3 9 1 7 37 15 18 47 7 5 10 1
4 2 5 1 1 2 1 8 2 7 31 16 19 6 15 3 5 0
2 2 5 4 1 4 3 8 5 7 31 17 6 9 5 3 16 1
3 3 3 2 2 5 2 8 2 7 30 16 14 6 12 3 12 0
1 2 3 2 1 2 4 8 5 3 8 4 21 21 7 3 8 1
4 2 3 4 1 4 2 9 2 7 30 16 14 6 12 3 12 0
3 2 5 6 1 2 2 10 2 7 30 16 14 6 12 3 12 1
1 1 4 5 2 2 3 8 5 7 31 17 6 9 5 3 16 0
3 2 3 2 1 5 3 10 5 7 31 17 6 9 5 3 5 1
4 4 5 6 1 1 4 9 5 7 32 18 20 10 4 3 12 0
3 2 4 1 1 2 2 11 2 7 30 16 14 6 12 3 12 1
1 1 3 4 1 1 4 9 2 7 24 16 14 35 11 3 9 1
4 3 6 3 1 3 1 8 2 7 31 16 19 6 15 5 10 0
3 2 5 3 1 5 4 8 5 7 33 17 6 9 4 5 10 0
3 3 5 6 1 2 4 8 7 7 31 9 16 37 4 3 12 0
4 1 5 3 1 1 4 9 5 7 31 17 6 9 5 3 12 1
4 1 4 5 1 5 3 9 5 7 32 17 6 9 5 3 12 0
1 1 5 1 2 5 4 13 5 2 36 17 6 9 16 5 10 0
3 1 3 1 1 4 2 9 2 7 30 16 14 6 12 3 12 1
5 1 6 5 2 2 1 8 2 7 31 16 19 6 15 3 5 0
5 2 4 6 1 5 1 8 2 7 30 16 19 6 10 3 5 0
3 3 6 1 1 1 1 8 2 7 31 16 14 35 15 5 10 1
1 1 6 2 1 4 1 8 6 7 6 12 17 19 17 5 10 0
5 3 3 3 1 2 1 10 5 7 30 18 20 10 5 3 12 1
4 4 3 6 1 5 1 8 2 7 31 16 19 6 10 5 10 1
1 1 5 2 1 5 4 12 2 5 36 2 23 42 11 5 10 0
4 4 5 1 1 3 1 10 5 7 30 18 20 10 5 3 12 0
5 3 5 6 1 3 1 8 2 7 31 16 19 6 10 3 5 1
1 1 5 2 1 5 4 12 5 7 1 17 6 9 5 5 10 1
2 1 4 5 2 4 3 8 5 7 31 17 6 9 5 3 1 1
5 3 5 3 1 2 1 8 2 7 31 16 19 6 15 5 10 1
5 2 5 2 1 4 1 8 2 7 31 16 14 29 10 3 12 0
3 4 5 5 1 4 4 8 5 7 34 17 6 9 7 5 10 0
3 4 4 2 2 4 3 10 2 7 31 16 14 35 10 3 9 1
3 1 2 5 1 3 2 8 2 7 30 16 14 6 12 3 12 0
2 1 4 1 2 1 3 9 5 7 31 17 6 9 5 3 1 0
2 1 3 1 2 5 4 8 5 7 33 17 6 9 4 3 1 1
2 2 3 4 2 1 4 9 5 7 34 17 6 9 7 3 8 1
3 1 5 3 2 5 1 8 2 7 31 16 19 6 10 3 5 0
1 1 5 2 1 4 1 13 2 7 31 16 14 35 15 5 10 1
2 1 5 1 2 5 4 2 5 7 33 17 6 9 4 3 1 1
1 1 1 1 1 2 4 14 5 3 18 4 21 21 7 5 10 0
1 4 2 6 1 5 1 9 5 7 30 18 20 10 5 3 12 0
4 3 5 5 1 1 4 9 5 7 31 17 6 9 5 3 5 0
4 3 4 5 1 2 1 9 2 7 31 16 14 35 15 5 10 1
4 3 6 5 2 1 4 8 7 7 31 9 16 37 4 5 10 1
3 2 5 5 1 2 2 9 2 7 30 16 14 6 12 3 12 1
2 1 2 6 2 4 1 9 5 7 30 18 20 10 5 3 12 0
1 1 5 3 1 1 3 9 5 7 23 14 22 11 7 3 16 1
3 4 3 1 2 2 3 2 7 7 39 9 16 37 7 3 12 1
1 3 4 3 2 4 4 12 5 3 8 4 21 21 7 5 10 1
4 2 3 4 1 5 2 8 2 7 30 16 14 6 12 3 12 0
3 2 4 5 1 4 3 8 5 7 31 17 6 9 5 3 9 0
3 4 3 1 1 4 2 8 2 7 30 16 14 6 12 3 12 1
4 1 4 6 1 4 4 8 5 3 19 4 27 1 7 5 10 0
2 2 3 4 2 3 4 10 5 7 34 17 6 9 7 3 1 0
1 1 1 1 1 4 3 12 2 7 36 16 24 30 10 5 10 0
3 3 3 2 1 4 4 8 7 7 31 9 16 37 4 3 12 1
3 2 4 6 2 3 1 9 2 7 31 16 19 6 15 3 5 1
3 3 3 1 1 3 1 9 5 7 30 18 20 10 5 3 12 0
4 3 4 6 1 2 1 8 2 7 31 16 14 35 15 5 10 1
3 3 5 2 1 5 1 9 5 7 30 18 20 10 5 3 12 1
5 2 6 6 1 3 1 8 2 7 31 16 19 6 10 3 5 1
1 1 1 2 1 5 3 9 5 7 37 14 22 41 7 3 12 0
1 2 6 4 1 3 3 11 5 7 31 17 6 9 5 3 1 1
5 3 3 6 1 2 1 10 2 7 31 16 14 35 15 3 5 0
5 3 3 1 1 4 4 10 5 7 31 17 6 9 5 3 12 1
2 3 5 6 1 5 3 12 1 7 37 15 18 47 7 3 12 1
2 4 3 2 1 2 3 9 5 7 31 17 6 9 5 3 9 1
3 3 4 1 1 1 1 8 5 7 30 18 20 10 5 3 12 0
2 2 3 6 1 4 1 9 5 7 17 18 20 22 3 5 10 0
3 2 3 5 2 5 3 9 2 7 31 16 14 35 10 3 9 1
2 1 5 2 1 3 4 8 7 2 39 9 25 43 1 3 12 1
1 2 4 4 1 1 3 8 5 7 23 14 22 11 7 3 8 1
5 3 5 4 2 2 1 10 2 7 32 16 19 6 15 3 5 1
4 1 6 1 1 3 2 9 2 7 30 16 14 6 12 3 12 1
3 1 4 4 1 4 1 7 2 7 31 16 19 6 10 3 5 1
4 1 4 3 1 1 3 8 2 7 31 16 14 35 10 5 10 1
5 3 6 6 1 5 1 8 2 7 32 16 19 6 15 3 5 0
4 4 6 4 1 4 2 8 2 7 30 16 14 6 12 3 12 1
1 1 5 6 1 5 1 14 3 1 5 13 29 46 16 5 10 0
2 4 4 3 1 4 3 10 5 7 23 14 22 11 7 3 9 0
4 4 6 1 1 4 2 8 2 7 30 16 14 6 12 3 12 1
5 4 4 4 1 1 1 8 2 7 31 16 19 6 15 3 5 0
5 2 5 6 1 1 1 8 5 7 30 18 20 10 5 3 12 1
2 1 4 1 1 2 2 8 2 7 30 16 14 6 12 3 12 1
2 3 4 1 1 1 1 8 5 7 30 18 20 10 5 3 12 0
2 2 3 1 1 2 3 8 5 7 31 17 6 9 5 3 16 1
4 1 3 6 1 1 4 8 5 7 32 18 20 10 4 3 12 0
5 2 5 6 1 1 1 8 2 7 30 16 19 6 10 3 5 0
5 1 5 2 2 1 1 8 2 7 31 16 19 6 10 3 5 0
2 2 3 4 2 4 3 9 2 7 31 16 14 35 10 3 16 1
4 4 6 1 1 4 2 8 2 7 30 16 14 6 12 3 12 1
2 1 2 3 1 2 4 2 5 7 1 17 6 9 5 5 10 1
2 1 4 3 1 4 3 9 5 7 31 17 6 9 5 3 9 1
2 3 3 2 1 1 3 11 5 7 23 14 22 11 7 3 1 1
4 2 2 2 1 2 1 9 2 7 31 16 19 6 10 3 5 1
4 2 6 1 1 3 4 8 5 7 32 10 5 48 4 3 12 0
1 2 3 3 1 2 2 10 2 7 30 16 14 6 12 3 12 0
4 3 5 3 1 3 1 9 2 7 31 16 19 6 10 3 13 0
2 2 5 6 1 4 3 8 5 7 31 17 6 9 5 3 12 0
2 2 5 1 2 5 3 8 5 7 31 17 6 9 5 3 16 0
3 4 5 5 3 3 3 8 2 7 31 16 14 35 10 3 16 1
2 4 5 6 1 1 2 8 2 7 30 16 14 6 12 3 12 0
3 1 6 5 2 5 3 8 5 7 31 17 6 9 5 5 10 0
5 1 4 1 1 3 4 8 5 3 30 4 14 9 5 3 5 0
1 2 5 2 1 5 4 9 2 7 24 16 14 35 11 3 5 1
2 4 3 4 1 5 3 8 5 7 31 17 6 9 5 3 12 0
4 2 3 2 1 2 2 8 2 7 30 16 14 6 12 3 12 1
2 1 2 5 1 4 1 13 2 7 31 16 19 6 10 5 10 1
3 3 6 6 2 4 4 8 5 7 31 17 6 9 5 3 12 1
2 2 4 5 2 4 3 9 2 7 31 16 14 35 10 3 9 1
1 1 4 3 1 5 4 12 5 3 14 4 21 40 4 5 10 0
1 4 5 3 1 5 2 11 2 7 30 16 14 6 12 3 12 1
4 2 4 5 1 3 1 9 2 7 31 16 19 6 10 3 5 1
3 3 3 3 1 1 4 9 2 7 31 16 19 6 11 3 5 1
4 4 3 1 1 3 1 8 5 7 30 18 20 10 5 3 12 1
5 2 4 4 1 2 1 8 2 7 31 16 19 6 15 5 10 1
1 2 5 6 1 4 4 9 5 7 33 17 6 9 7 3 1 1
4 1 2 3 1 4 3 8 2 7 31 16 14 35 10 3 5 0
1 1 2 6 1 5 3 3 1 7 37 15 18 47 7 3 12 1
1 1 5 4 1 4 4 8 5 3 37 4 27 45 4 3 12 0
1 1 4 3 2 5 1 4 6 3 28 5 3 31 8 5 10 0
1 1 4 1 2 4 4 8 5 7 33 17 6 9 4 3 1 1
2 2 3 2 1 3 2 10 2 7 30 16 14 6 12 3 12 0
5 2 6 5 1 2 1 8 2 7 32 16 19 6 15 3 5 0
4 3 4 2 1 2 1 8 2 7 31 16 19 6 15 3 5 0
5 3 5 4 1 1 1 8 2 7 31 16 14 35 10 3 5 1
1 1 4 4 1 4 4 12 5 7 1 17 6 9 5 5 10 1
2 2 4 1 2 3 2 8 2 7 30 16 14 6 12 3 5 0
4 4 6 6 1 3 1 8 2 7 31 16 19 6 10 3 5 1
5 1 2 6 1 4 1 11 2 7 32 7 15 36 15 3 5 1
2 3 2 4 1 2 3 11 5 7 31 17 6 9 5 3 16 1
2 3 3 3 1 5 1 9 2 7 31 16 14 35 15 5 10 1
2 3 4 1 1 1 3 8 5 7 31 17 6 9 5 3 5 0
4 2 4 6 1 3 3 8 5 7 32 17 6 9 5 3 12 0
5 4 5 4 2 3 1 8 2 7 31 16 19 6 15 3 5 0
1 1 2 4 1 3 3 9 5 7 31 17 6 9 5 3 1 1
1 1 5 3 1 2 4 10 5 7 24 17 6 9 4 3 16 1
2 4 4 4 1 2 3 8 7 7 39 9 16 37 7 3 12 1
4 2 5 5 1 4 3 8 2 7 34 16 14 35 12 3 5 0
2 1 3 1 1 4 1 7 5 7 30 18 20 10 5 3 12 1
2 3 2 2 1 4 4 8 5 7 31 17 6 9 5 3 12 1
3 3 6 1 1 3 4 9 7 7 31 9 16 37 4 3 12 1
1 2 3 6 2 5 4 10 5 7 34 17 6 9 7 3 1 1
3 1 4 6 1 3 4 11 5 7 31 17 6 9 5 3 12 0
5 3 3 5 2 2 4 11 5 7 32 10 2 16 2 3 5 0
3 3 6 3 1 4 1 9 2 7 31 16 14 35 15 3 5 1
3 2 5 5 1 2 3 8 2 7 34 16 14 35 12 3 5 0
2 2 2 1 1 3 3 8 5 7 31 17 6 9 5 3 16 0
3 2 4 5 2 4 3 11 2 7 31 16 14 35 10 3 9 0
4 3 4 2 1 5 1 9 2 7 31 16 19 6 10 3 5 0
4 2 6 2 1 3 1 9 2 7 31 16 19 6 10 3 5 1
3 3 3 1 1 4 2 11 2 7 30 16 14 6 12 3 12 1
2 4 3 6 1 2 2 9 2 7 30 16 14 6 12 3 12 1
3 1 5 1 1 3 4 8 7 7 31 9 16 37 4 3 12 1
5 3 3 6 2 1 1 8 2 7 31 16 19 6 10 3 5 0
1 2 2 5 1 4 3 9 2 7 31 16 14 35 10 5 10 1
3 3 4 2 1 3 2 9 2 7 30 16 14 6 12 3 12 0
2 3 3 2 2 4 2 8 2 7 30 16 14 6 12 3 12 1
1 1 4 3 2 3 3 12 2 7 36 16 14 35 12 5 10 1
4 3 6 3 2 5 1 9 2 7 31 16 19 6 10 5 10 1
2 3 4 5 2 1 4 8 5 7 33 17 6 9 7 3 8 1
3 1 4 1 2 1 2 9 2 7 30 16 14 6 12 3 12 1
3 3 5 2 1 5 1 9 2 7 31 16 14 35 15 3 5 1
4 3 5 6 1 4 4 8 2 7 31 16 19 6 11 5 10 1
3 2 3 4 1 5 3 8 5 7 31 17 6 9 5 3 9 0
4 1 3 6 1 5 1 9 2 7 31 16 19 6 15 5 10 1
3 3 4 3 1 4 4 8 5 7 30 10 5 48 4 3 12 1
2 1 6 3 2 1 4 10 5 7 33 17 6 9 4 3 1 1
5 1 3 1 1 5 1 8 2 7 31 16 19 6 15 3 9 0
1 4 3 4 1 5 1 8 3 7 31 11 30 9 5 3 1 1
4 3 2 4 1 5 3 8 5 7 32 17 6 9 5 3 12 0
3 1 5 3 2 5 3 8 2 7 34 16 14 35 12 5 10 0
1 1 6 6 1 3 4 13 2 7 31 16 14 9 5 3 12 0
4 2 5 3 1 1 4 10 7 7 32 9 16 37 4 3 5 0
2 2 4 4 1 5 3 9 2 7 31 16 14 35 10 3 9 1
2 1 4 2 2 4 3 8 5 7 31 17 6 9 5 3 12 1
3 3 4 4 1 5 1 9 2 7 31 16 19 6 10 3 5 1
1 3 4 5 1 5 2 2 2 7 30 16 14 6 12 5 10 1
2 2 5 5 1 2 4 9 5 7 34 17 6 9 7 3 9 1
1 1 4 5 1 5 4 13 5 3 17 4 27 1 7 5 10 0
2 4 4 2 1 4 3 9 5 7 31 17 6 9 5 3 16 1
3 3 6 1 1 5 2 3 2 7 30 16 14 6 12 3 12 1
4 1 5 4 1 3 1 9 2 7 31 16 19 6 15 3 13 1
1 1 4 6 2 5 3 2 2 7 31 16 14 35 10 3 9 1
1 1 2 4 1 4 4 4 5 3 14 4 21 40 4 5 10 0
5 2 4 1 1 1 4 8 2 7 31 16 19 6 11 3 9 0
2 1 5 4 1 5 1 8 2 4 39 16 24 7 14 5 10 0
3 2 4 1 1 3 2 11 2 7 30 16 14 6 12 3 12 1
2 4 4 6 1 4 1 10 5 7 30 18 20 10 5 3 12 0
3 2 3 4 2 5 3 8 2 7 34 16 14 35 12 3 12 0
3 4 6 3 1 4 1 8 5 7 30 18 20 10 5 3 12 1
3 3 3 6 1 1 2 11 2 7 30 16 14 6 12 3 12 0
2 3 3 2 1 3 2 9 2 7 30 16 14 6 12 3 12 1
3 4 5 2 1 3 1 8 5 7 30 18 20 10 5 3 12 1
4 2 5 3 1 5 1 8 2 7 31 16 19 6 10 3 5 0
5 4 3 5 2 1 1 9 2 7 31 16 19 6 10 3 5 0
2 2 3 2 2 4 3 8 2 7 31 16 14 35 10 3 16 0
1 1 6 3 1 4 4 12 5 7 1 17 6 9 5 5 10 0
4 3 5 1 2 1 2 9 2 7 30 16 14 6 12 3 12 1
1 2 5 5 2 3 3 11 5 7 23 14 22 11 7 3 5 1
4 4 6 2 1 2 3 9 2 7 31 16 14 35 10 3 5 0
3 4 5 3 1 4 4 9 7 7 31 9 16 37 4 3 12 1
2 3 5 6 1 1 2 8 2 7 30 16 14 6 12 3 12 0
4 2 5 1 1 2 2 8 2 7 30 16 14 6 12 3 12 1
1 1 6 6 2 1 4 8 5 7 33 17 6 9 7 3 1 1
4 3 6 6 2 3 1 9 2 7 31 16 19 6 10 3 5 1
1 1 2 2 1 2 2 9 2 7 30 16 14 6 12 3 12 0
2 2 4 2 1 4 3 10 5 7 31 17 6 9 5 3 1 1
1 4 2 3 1 2 3 8 5 7 31 17 6 9 5 5 10 1
5 1 4 4 2 1 1 10 2 4 30 7 15 27 15 3 5 0
5 2 3 5 1 2 1 8 2 7 32 16 19 6 10 3 5 0
2 4 5 6 1 4 2 8 2 7 30 16 14 6 12 3 12 0
3 1 6 6 1 3 2 9 2 7 30 16 14 6 12 3 12 1
4 2 5 3 1 1 1 11 2 7 31 16 19 6 15 5 10 1
2 1 6 1 2 5 4 8 5 7 33 17 6 9 4 3 1 1
4 2 4 6 1 3 3 8 5 7 32 17 6 9 5 3 12 0
2 3 4 4 1 3 4 7 2 7 31 16 19 6 11 3 5 1
1 1 1 3 2 4 4 12 5 5 35 17 6 13 4 5 10 1
2 1 4 5 2 1 1 8 2 7 32 16 14 5 10 5 10 0
5 1 3 1 1 1 4 8 2 7 31 16 19 6 11 3 9 1
2 1 3 5 1 3 4 8 7 7 31 9 16 37 4 3 12 1
3 2 5 5 2 3 3 11 2 7 31 16 14 35 10 5 10 1
2 1 6 5 1 1 1 9 2 7 31 16 14 35 15 3 15 0
4 2 2 5 1 3 1 8 2 7 31 16 19 6 10 3 5 1
3 2 3 2 2 1 2 9 2 7 30 16 14 6 12 3 12 0
3 2 3 3 1 4 2 10 2 7 30 16 14 6 12 3 12 1
3 2 5 1 1 3 1 9 5 7 30 18 20 10 5 3 12 1
3 1 3 1 1 1 4 8 7 7 31 9 16 37 4 3 12 1
3 2 3 2 1 5 4 9 5 7 31 17 6 9 7 3 5 0
4 4 2 5 1 1 1 9 2 7 31 16 19 6 10 3 5 0
2 1 3 2 1 2 2 9 2 7 30 16 14 6 12 3 12 1
2 2 5 5 2 1 3 10 5 7 23 14 22 11 7 3 9 1
5 4 2 1 1 1 2 8 2 7 30 16 14 6 12 3 12 1
5 1 6 5 1 4 1 8 2 7 31 16 19 6 15 3 5 0
2 1 3 5 1 5 1 7 2 7 31 16 14 35 15 5 10 1
1 2 5 1 1 5 1 6 3 1 5 13 29 46 16 5 10 1
3 3 2 5 1 1 1 9 2 7 31 16 19 6 10 3 13 0
2 2 5 2 1 5 1 9 2 7 31 16 14 35 15 3 5 1
5 3 4 3 1 3 1 8 2 7 31 16 19 6 15 5 10 1
4 3 3 1 1 4 2 8 2 7 30 16 14 6 12 3 12 1
2 2 6 1 1 3 2 8 2 7 30 16 14 6 12 3 12 1
5 3 5 4 1 1 4 8 2 7 31 16 19 6 11 3 5 0
2 2 5 5 1 4 3 8 2 7 31 16 14 35 10 3 9 1
2 2 5 2 1 4 3 11 5 7 23 14 22 11 7 3 9 1
5 3 4 2 1 1 1 10 2 7 31 16 19 6 10 3 5 0
1 1 4 2 1 5 4 12 5 5 35 17 6 13 4 5 10 0
3 4 2 1 1 5 2 8 2 7 30 16 14 6 12 3 12 0
1 1 3 4 1 2 4 8 5 5 37 14 22 15 4 5 10 0
1 3 5 3 1 4 4 6 5 7 33 17 6 9 4 5 10 1
2 3 3 2 1 5 2 8 2 7 30 16 14 6 12 3 12 1
5 2 2 3 1 3 1 8 2 7 31 16 19 6 15 3 5 0
3 4 4 5 1 2 1 9 2 7 31 16 14 35 15 3 5 1
2 2 5 2 2 2 4 8 5 7 34 17 6 9 4 3 16 1
4 1 6 3 2 5 3 8 2 7 34 16 14 35 12 5 10 1
1 3 5 3 1 4 1 6 6 7 28 12 17 38 3 3 1 1
4 3 5 6 2 2 3 8 2 7 31 16 14 35 10 3 16 1
1 2 6 5 1 1 4 8 5 7 34 17 6 9 7 3 15 1
1 2 5 4 2 3 3 3 5 7 31 17 6 9 5 3 9 1
3 1 4 2 2 5 3 10 5 7 33 17 6 9 5 3 1 1
3 4 4 4 1 3 1 9 2 7 31 16 14 35 15 3 12 1
5 4 2 2 1 1 2 10 2 7 30 16 14 6 12 3 12 0
2 1 5 1 1 4 1 9 5 7 30 18 20 10 5 3 12 1
1 1 5 3 1 5 4 12 5 3 9 4 21 40 4 5 10 1
3 4 6 2 2 3 4 8 7 7 31 9 16 37 4 3 12 0
4 1 3 2 1 5 2 8 2 7 30 16 14 6 12 3 12 0
1 4 3 4 1 5 4 9 5 3 37 4 21 21 7 5 10 1
1 2 5 4 1 2 4 9 5 7 34 17 6 9 7 3 1 1
3 1 5 5 1 1 3 8 2 7 31 16 14 35 10 3 9 1
3 4 5 2 1 5 2 8 2 7 30 16 14 6 12 3 12 1
4 4 6 6 1 2 3 8 5 7 32 17 6 9 5 3 12 0
3 4 2 5 1 1 1 9 2 7 31 16 14 35 15 3 5 0
2 3 4 6 1 5 4 10 5 7 34 17 6 9 7 3 1 1
4 2 3 1 1 1 2 9 5 7 31 17 11 17 9 3 12 0
3 1 2 1 1 4 2 11 2 7 30 16 14 6 12 3 12 1
2 1 5 3 1 5 4 11 5 3 37 4 27 45 4 5 10 0
5 1 5 3 2 2 1 8 2 7 31 16 19 6 15 5 10 0
3 4 3 3 1 2 1 8 5 7 30 18 20 10 5 3 12 0
3 2 5 2 1 5 3 8 5 7 32 17 6 9 5 3 12 0
1 4 5 5 3 2 3 3 5 7 23 14 22 11 7 3 9 1
1 4 3 4 1 5 1 9 3 7 31 11 30 9 5 3 1 1
4 3 4 6 1 1 1 8 2 7 31 16 14 35 15 5 10 1
5 3 4 6 1 5 1 8 2 7 31 16 14 35 15 3 5 0
1 1 3 3 1 5 3 12 2 7 1 16 14 35 16 5 10 1
3 1 3 3 1 4 4 2 5 7 1 17 6 9 5 5 10 1
4 3 4 1 2 1 2 8 2 7 30 16 14 6 12 3 12 1
2 3 3 3 1 4 4 10 2 7 24 16 14 35 11 3 9 0
2 1 5 2 1 4 3 8 5 7 31 17 6 9 5 3 5 1
5 3 4 6 1 3 1 11 2 7 32 16 19 6 10 3 5 0
1 2 5 1 1 1 3 8 5 7 31 17 6 9 5 3 16 1
1 2 3 1 1 2 1 9 5 7 30 18 20 10 5 3 12 1
4 2 6 4 1 2 4 11 5 7 31 17 6 9 5 3 12 0
4 4 3 2 2 4 4 9 5 7 32 18 20 10 4 3 12 0
3 3 3 4 2 3 3 10 2 7 31 16 14 35 10 3 16 1
3 4 4 6 2 3 1 8 5 7 30 18 20 10 5 3 12 0
3 3 4 3 1 5 2 8 2 7 30 16 14 6 12 3 12 0
1 1 5 2 1 1 1 8 6 3 28 5 3 31 8 5 10 0
2 3 6 3 1 5 3 8 5 7 31 17 6 9 5 3 12 0
3 1 1 5 2 5 1 10 2 7 31 16 14 35 15 5 10 1
4 4 2 6 2 3 1 10 2 7 31 16 19 6 10 3 5 1
1 3 3 2 2 3 4 8 5 7 33 17 6 9 4 3 8 1
3 4 3 2 2 1 3 9 2 7 31 16 14 35 10 3 5 1
3 2 4 5 1 4 4 8 5 7 32 10 5 48 4 3 12 1
1 1 3 3 1 1 1 2 6 5 28 12 17 14 17 5 10 0
4 2 5 2 1 4 4 8 2 7 24 16 14 35 11 3 5 0
2 1 3 2 2 3 4 8 5 7 34 17 6 9 7 3 1 1
2 2 5 4 1 1 3 11 5 7 31 17 6 9 5 3 16 1
3 2 2 1 1 4 4 8 7 7 31 9 16 37 4 3 12 1
4 1 2 5 2 4 4 11 5 7 24 17 6 9 4 5 10 0
1 2 6 2 1 1 3 9 5 7 23 14 22 11 7 3 16 1
3 2 5 3 2 2 3 8 2 7 31 16 14 35 10 3 5 1
5 2 4 1 1 3 4 8 2 7 30 16 19 6 10 3 5 0
1 2 5 1 1 3 3 8 5 7 31 17 6 9 5 3 12 0
3 3 4 4 2 4 3 9 2 7 31 16 14 35 10 5 10 1
1 2 3 6 1 4 1 2 5 7 17 18 20 22 3 3 12 1
5 3 4 5 1 1 1 11 2 7 31 16 19 6 10 3 13 0
2 3 6 3 2 4 3 11 2 7 31 16 14 35 10 3 9 1
5 2 1 6 1 1 4 11 5 7 32 10 5 48 4 5 10 0
3 4 5 1 2 3 2 8 2 7 30 16 14 6 12 3 12 0
1 2 4 3 2 2 1 8 6 3 28 5 3 31 8 3 16 1
2 1 5 3 1 3 4 8 5 3 37 4 27 45 4 5 10 0
2 3 2 5 1 3 2 8 2 7 30 16 14 6 12 3 12 0
1 1 3 4 2 2 4 12 5 7 1 17 6 9 5 5 10 1
5 1 6 4 1 5 4 10 2 7 31 16 19 6 11 5 10 1
5 4 6 6 1 2 3 8 5 7 32 17 6 9 5 3 12 0
1 1 4 5 2 5 3 3 2 7 31 16 14 35 10 5 10 1
1 1 3 6 1 2 4 13 5 3 17 4 27 1 7 5 10 0
1 1 5 5 2 2 3 9 6 2 28 12 17 38 6 5 10 1
1 2 6 2 2 5 4 8 5 7 34 17 6 9 4 3 16 1
2 4 3 3 1 5 1 9 5 7 30 18 20 10 5 3 12 1
2 3 3 6 2 4 1 7 2 7 31 16 19 6 10 3 5 1
4 2 5 1 1 1 2 8 2 7 30 16 14 6 12 3 12 1
1 2 5 5 1 3 4 12 5 7 31 17 6 9 5 3 12 0
1 1 3 1 2 3 3 8 5 7 31 17 6 9 5 3 9 0
1 1 5 5 3 1 4 9 2 7 24 16 14 35 11 5 10 1
5 3 2 6 1 1 1 8 2 7 31 16 19 6 15 3 5 0
1 1 6 6 2 5 3 13 1 7 37 15 18 47 7 3 12 0
3 2 4 2 2 4 1 8 2 7 22 16 14 5 10 3 1 1
4 3 5 6 1 4 3 8 2 7 34 16 14 35 12 3 5 0
5 3 3 1 1 3 1 8 2 7 31 16 19 6 10 5 10 1
1 1 1 1 1 5 4 12 5 3 8 4 21 21 7 5 10 0
1 1 3 4 2 5 4 2 5 3 9 4 21 40 4 5 10 0
3 4 6 1 1 5 2 8 2 7 30 16 14 6 12 3 12 1
4 1 6 4 1 1 4 8 5 7 31 17 6 9 5 3 12 1
1 3 3 5 1 1 4 11 5 3 17 4 27 1 7 5 10 1
3 4 4 3 1 3 1 2 2 7 31 16 14 35 15 3 1 1
1 2 5 2 1 3 1 3 6 3 28 5 3 31 8 3 1 0
2 1 2 2 2 2 4 7 5 7 33 17 6 9 4 5 10 1
2 2 5 2 1 3 3 9 5 7 31 17 6 9 5 3 5 1
4 2 6 1 1 4 2 8 2 7 30 16 14 6 12 3 12 1
1 1 5 1 2 4 4 10 5 7 33 17 6 9 4 3 1 1
1 1 6 5 2 2 4 8 5 7 34 17 6 9 4 3 1 1
2 4 2 5 1 4 1 8 2 7 31 16 14 35 15 5 10 0
5 3 2 6 1 1 1 8 2 7 31 16 19 6 15 3 5 0
5 2 2 6 1 2 4 8 2 7 31 16 19 6 11 3 5 0
2 3 5 3 3 4 3 8 2 7 31 16 14 35 10 3 16 1
4 4 3 3 1 3 4 9 5 7 31 17 6 9 5 3 9 0
2 4 3 4 1 3 3 8 5 7 31 17 6 9 5 3 1 1
3 3 5 1 1 4 2 8 2 7 30 16 14 6 12 3 12 1
1 1 6 3 2 4 4 12 5 5 35 17 6 13 4 5 10 1
5 3 5 6 1 4 2 8 2 7 30 16 14 6 12 3 5 0
4 3 4 3 2 3 1 8 2 7 31 16 14 35 15 3 5 0
2 1 6 5 1 4 2 9 5 7 17 18 20 22 7 3 12 0
5 4 3 6 1 1 1 10 2 7 31 16 19 6 10 3 5 0
3 1 5 3 1 3 2 10 2 7 30 16 14 6 12 3 12 1
3 4 4 1 2 1 2 9 2 7 30 16 14 6 12 3 12 1
4 4 3 3 1 4 1 9 2 7 31 16 19 6 10 3 5 0
4 4 4 3 1 5 1 7 2 7 31 16 14 35 15 3 5 1
3 2 3 1 1 2 2 8 2 7 30 16 14 6 12 3 12 1
2 1 4 1 2 5 4 10 5 7 33 17 6 9 4 3 1 0
4 4 4 6 1 1 1 10 5 7 30 18 20 10 5 3 12 0
3 3 3 2 2 2 3 8 2 7 31 16 14 35 10 3 16 0
1 1 3 4 1 5 4 14 5 3 17 4 27 1 7 5 10 0
3 3 5 1 1 3 3 8 5 7 32 17 6 9 5 3 12 0
3 1 3 2 1 1 4 10 7 7 31 9 16 37 4 3 9 0
1 1 2 6 2 4 4 11 5 7 34 17 6 9 7 3 1 1
2 3 4 6 1 3 1 10 2 7 31 16 19 6 15 5 10 1
1 2 3 2 1 4 3 8 5 7 31 17 6 9 5 3 16 1
2 2 5 4 2 2 4 8 5 7 34 17 6 9 7 3 8 1
1 2 2 2 1 4 3 8 5 7 31 17 6 9 5 3 16 1
5 1 2 1 1 2 2 8 2 7 30 16 14 6 12 3 12 1
4 4 5 1 1 5 4 8 7 7 31 9 16 37 4 3 12 1
5 1 3 6 1 1 4 10 5 7 32 10 5 48 4 3 12 0
3 1 4 3 1 2 2 8 2 7 30 16 14 6 12 3 12 1
5 3 6 4 2 2 1 8 2 7 31 16 19 6 10 3 5 0
2 1 2 4 1 3 4 8 5 7 34 17 6 9 7 3 1 1
5 1 5 5 1 1 1 8 2 7 31 16 19 6 15 3 5 0
5 4 3 6 1 3 1 10 2 7 31 16 19 6 10 3 5 1
1 1 3 4 2 2 4 12 5 7 1 17 6 9 5 5 10 1
2 1 2 3 1 2 3 10 5 7 23 14 22 11 7 3 9 1
5 3 1 2 2 5 1 8 2 7 31 16 19 6 15 3 5 1
2 2 6 6 2 2 4 8 7 7 31 9 16 37 4 3 12 1
1 1 5 4 1 2 4 9 5 7 34 17 6 9 7 3 16 1
2 4 1 5 2 5 3 8 2 7 31 16 14 35 10 3 9 1
4 2 6 4 2 2 1 8 2 7 31 16 19 6 10 3 5 1
1 1 5 6 2 2 1 3 6 3 28 5 3 31 8 5 10 0
5 4 2 6 1 4 3 8 2 7 32 16 14 5 12 3 12 0
4 4 3 6 1 4 4 10 5 7 32 18 20 10 4 3 12 0
2 1 5 4 2 3 4 2 5 5 37 14 22 15 4 3 9 0
2 2 4 3 2 3 4 8 5 7 34 17 6 9 4 3 8 1
2 1 5 6 2 4 3 2 2 3 13 2 10 4 13 5 10 1
2 1 6 2 1 1 2 9 2 7 30 16 14 6 12 3 12 1
1 2 6 2 2 5 4 8 5 7 34 17 6 9 4 3 16 1
2 2 5 2 2 5 3 8 5 7 23 14 22 11 7 3 5 0
4 4 3 5 1 1 1 8 2 7 31 16 19 6 10 3 5 1
4 2 5 3 1 3 1 9 5 7 30 18 20 10 5 3 12 0
1 1 3 3 1 2 4 2 5 7 1 17 6 9 5 5 10 1
1 2 2 4 1 1 4 9 2 7 24 16 14 35 11 3 5 1
5 4 3 3 1 2 4 11 5 7 31 17 6 9 5 3 12 1
3 1 5 5 1 5 4 8 5 7 24 17 6 9 4 5 10 0
5 1 4 5 1 1 1 10 2 7 31 16 19 6 15 3 5 0
4 4 3 1 1 4 1 9 5 7 30 18 20 10 5 3 12 1
4 4 5 4 1 1 3 9 5 7 31 17 6 9 5 3 9 1
4 4 3 3 1 4 3 7 2 7 34 16 14 35 12 3 5 0
2 2 2 1 2 3 4 8 7 7 31 9 16 37 4 3 12 0
1 1 5 2 1 2 4 8 5 3 17 4 27 1 7 3 5 0
1 1 6 1 2 5 4 8 5 7 33 17 6 9 4 3 1 1
1 4 3 6 2 5 2 8 2 7 30 16 14 6 12 3 12 1
4 3 5 4 1 2 1 9 2 7 31 16 19 6 10 5 10 1
1 2 5 5 3 1 4 9 2 7 24 16 14 35 11 3 9 1
1 3 5 5 1 3 3 9 2 7 31 16 14 35 10 5 10 1
3 1 5 1 1 1 3 8 2 7 31 16 19 6 12 3 12 1
2 3 3 6 1 3 4 9 7 7 31 9 16 37 4 3 12 1
4 4 3 3 2 3 1 9 2 7 31 16 19 6 10 3 5 0
5 1 5 6 1 5 4 8 5 7 31 17 6 9 7 5 10 0
2 2 2 6 2 4 4 8 5 7 31 17 6 9 5 3 12 1
5 1 4 3 1 1 1 8 2 7 32 7 15 36 10 3 5 0
2 4 4 2 2 4 4 7 5 7 30 10 5 48 4 3 12 1
2 4 5 5 2 3 3 8 2 7 31 16 14 35 10 3 9 1
4 2 5 1 1 1 2 8 2 7 30 16 14 6 12 3 12 1
1 1 6 3 2 1 4 8 5 7 34 17 6 9 7 3 1 1
5 1 5 5 1 1 1 8 2 7 32 16 19 6 10 3 5 0
1 1 4 1 1 1 4 12 2 7 31 16 14 9 5 5 10 0
4 3 5 5 1 3 3 8 2 7 31 16 14 35 10 3 16 1
5 4 5 3 1 3 1 8 2 7 31 16 19 6 10 5 10 1
3 4 2 1 1 3 1 10 5 7 30 18 20 10 5 3 12 1
3 3 4 5 1 3 3 8 2 7 31 16 14 35 10 3 16 1
2 2 2 6 2 2 2 9 2 7 30 16 14 6 12 3 12 1
4 1 2 1 2 2 2 8 2 7 30 16 14 6 12 3 12 1
5 2 5 1 1 5 1 8 2 7 31 16 14 29 10 5 10 0
2 3 4 1 1 5 4 8 7 7 31 9 16 37 4 3 12 0
1 3 3 5 3 1 1 8 6 7 28 12 17 38 3 5 10 1
1 1 6 4 2 2 4 8 5 7 33 17 6 9 7 5 10 1
1 2 6 2 1 3 3 9 5 7 31 17 6 9 5 3 9 1
1 4 4 1 1 4 3 2 2 7 1 16 14 35 16 5 10 1
5 4 4 4 1 1 1 10 2 7 31 16 19 6 10 3 5 1
1 2 5 4 1 5 3 12 1 7 37 15 18 47 7 5 10 1
1 2 4 2 1 5 4 14 5 5 37 14 22 15 4 5 10 1
4 1 5 1 1 4 4 8 7 7 31 9 16 37 4 3 12 0
4 4 2 6 2 3 1 9 2 7 31 16 19 6 10 3 5 1
3 1 5 4 2 5 4 8 5 3 38 4 21 9 16 5 10 0
4 1 2 6 1 4 4 8 5 7 32 18 20 10 4 5 10 0
1 1 3 3 1 5 1 12 5 7 18 17 6 23 3 5 10 0
4 1 3 1 1 5 2 8 2 7 30 16 14 6 12 3 12 0
4 3 3 5 1 2 1 7 2 7 31 16 19 6 10 5 10 1
2 4 5 5 1 4 2 8 2 7 30 16 14 6 12 3 12 1
4 1 5 5 2 1 4 8 5 7 31 17 6 9 5 5 10 1
1 1 6 4 1 5 4 13 5 5 37 14 22 15 4 5 10 1
4 2 4 5 1 2 1 9 2 7 31 16 14 35 15 5 10 1
3 2 3 1 1 3 2 9 2 7 30 16 14 6 12 3 12 0
2 2 4 3 1 4 4 9 5 7 24 17 6 9 4 3 1 1
2 1 5 4 1 4 4 12 5 7 1 17 6 9 5 5 10 1
1 1 5 5 3 4 1 8 6 3 28 5 3 31 8 3 1 1
5 4 3 5 1 5 1 8 2 7 31 16 19 6 10 5 10 0
4 2 4 6 2 3 1 8 2 7 31 16 14 35 15 3 5 0
4 1 5 5 1 2 3 8 2 7 31 16 14 35 10 3 16 1
1 1 5 4 2 1 1 8 2 7 31 16 14 35 15 5 10 1
1 2 3 1 1 2 3 8 5 7 31 17 6 9 5 3 16 0
3 2 4 1 2 1 2 9 2 7 30 16 14 6 12 3 12 1
2 2 5 4 3 5 3 11 2 7 31 16 14 35 10 3 9 1
3 2 3 1 1 2 2 8 2 7 30 16 14 6 12 3 12 1
2 1 3 5 1 5 4 11 5 7 33 17 6 9 7 3 5 0
4 4 4 6 1 3 1 10 2 7 31 16 19 6 10 3 9 1
3 3 1 3 1 4 4 8 2 7 24 16 14 35 11 5 10 0
4 4 4 2 2 5 3 8 5 7 31 17 6 9 5 3 12 0
5 3 4 5 2 3 1 10 2 7 31 16 19 6 15 3 5 1
4 3 4 1 2 1 2 8 2 7 30 16 14 6 12 3 12 1
3 1 3 3 1 4 4 8 5 7 33 17 6 9 4 5 10 0
4 3 3 1 1 2 2 8 2 7 30 16 14 6 12 3 12 1
2 1 4 2 3 5 1 8 6 7 6 12 17 19 17 5 10 0
3 2 3 1 1 3 2 9 2 7 30 16 14 6 12 3 12 0
5 4 2 5 1 4 2 8 2 7 30 16 14 6 12 3 12 0
1 3 5 4 1 1 1 3 6 3 28 5 3 31 8 5 10 1
4 1 4 5 1 4 4 8 5 7 33 17 6 9 4 3 5 0
1 1 5 3 2 4 3 9 5 7 23 14 22 11 7 3 1 1
3 4 2 1 1 4 1 11 5 7 30 18 20 10 5 3 12 1
5 4 4 3 1 3 1 10 2 7 31 16 19 6 15 3 13 0
1 1 5 6 1 3 4 9 5 7 24 17 6 9 4 3 1 1
4 2 3 4 1 3 1 11 2 7 31 16 14 35 15 3 5 0
3 4 4 4 1 3 4 8 5 7 30 10 5 48 4 3 12 1
2 1 3 2 2 5 3 10 5 7 31 17 6 9 5 3 16 0
5 3 4 6 1 4 4 8 5 7 32 18 20 10 4 3 12 0
2 3 3 4 2 3 3 8 5 7 31 17 6 9 5 3 9 0
3 3 3 3 2 5 3 8 2 7 31 16 14 35 10 3 9 1
5 4 4 1 1 1 1 10 2 7 31 16 19 6 15 5 10 1
5 2 6 4 2 5 1 8 2 7 32 16 14 5 10 5 10 0
3 4 4 3 1 2 1 7 2 7 31 16 19 6 10 3 5 1
4 1 3 5 1 3 4 8 5 7 33 17 6 9 4 5 10 1
5 1 4 2 1 4 1 9 2 7 31 16 14 35 15 5 10 0
2 2 6 3 1 5 4 9 5 7 34 17 6 9 4 3 8 1
1 1 6 2 1 1 3 8 5 7 31 17 6 9 5 3 12 0
4 1 4 2 1 3 4 9 2 7 31 16 19 6 11 5 10 1
2 2 4 3 1 2 3 10 5 7 23 14 22 11 7 3 5 1
5 4 3 6 1 1 2 8 2 7 30 16 14 6 12 3 12 1
1 4 2 1 2 2 3 9 5 7 31 17 6 9 5 3 1 1
4 4 3 6 2 5 1 9 2 7 31 16 19 6 10 3 5 1
1 1 3 5 1 5 1 6 3 3 10 3 26 44 16 5 10 0
5 4 6 4 1 2 1 8 2 7 31 16 19 6 10 3 5 0
2 4 6 5 1 3 4 8 5 7 31 17 6 9 5 3 12 1
2 2 3 6 2 5 4 9 7 7 31 9 16 37 4 3 12 1
1 3 4 2 2 2 4 11 5 7 34 17 6 9 7 3 1 1
2 3 4 2 1 3 3 8 5 7 31 17 6 9 5 3 1 1
1 1 5 5 1 1 3 8 5 7 23 14 22 11 7 3 1 1
5 1 3 3 1 4 4 8 5 7 32 10 2 16 2 3 5 0
1 1 5 6 1 5 3 14 3 6 17 3 12 2 7 5 10 0
5 1 4 6 1 4 4 11 5 7 32 4 14 9 5 3 5 0
2 4 5 6 1 2 1 8 5 7 30 18 20 10 5 3 12 0
2 4 5 6 2 4 1 9 2 7 31 16 14 35 15 3 12 1
1 1 2 3 2 5 3 8 5 7 31 17 6 9 5 3 16 0
3 4 4 1 1 4 1 9 5 7 30 18 20 10 5 3 12 1
1 1 4 1 2 5 4 8 5 7 33 17 6 9 4 3 1 1
3 3 4 3 2 2 1 11 2 7 31 16 14 35 15 3 5 1
4 3 5 1 2 1 2 9 2 7 30 16 14 6 12 3 12 1
3 2 6 1 2 5 4 8 7 7 31 9 16 37 4 3 12 1
3 2 5 1 1 4 4 8 5 7 31 17 6 9 5 3 12 1
4 2 4 1 1 1 4 8 5 7 32 18 20 10 4 3 12 0
5 1 3 5 2 2 1 8 2 7 31 16 19 6 15 3 5 0
2 2 5 5 1 2 4 8 2 7 24 16 14 35 11 3 9 1
5 3 2 1 1 3 2 8 2 7 30 16 14 6 12 3 12 1
3 3 3 1 1 4 2 9 2 7 30 16 14 6 12 3 12 1
2 3 3 2 1 3 2 10 5 7 17 18 20 22 7 3 12 1
4 3 3 5 1 3 1 8 2 7 31 16 19 6 10 3 9 0
1 3 4 1 1 4 4 12 5 3 8 4 21 21 7 5 10 1
4 1 6 5 2 5 3 8 5 7 31 17 6 9 5 3 5 0
3 4 2 3 2 5 3 11 2 7 31 16 14 35 10 3 9 1
1 1 6 6 3 1 3 8 2 7 31 16 14 35 10 5 10 1
5 3 4 6 1 2 1 8 2 7 31 16 19 6 15 3 5 1
2 1 6 4 1 4 3 8 5 7 31 17 6 9 5 5 10 1
2 1 1 4 2 5 3 8 2 7 31 16 14 35 10 3 9 1
4 2 5 2 1 2 2 8 2 7 30 16 14 6 12 3 12 1
1 3 4 3 1 5 1 6 2 7 15 16 14 9 5 5 10 1
2 2 5 5 1 1 3 8 5 7 23 14 22 11 7 3 5 1
1 1 4 4 1 5 1 12 2 7 31 16 14 35 15 5 10 1
2 1 5 3 3 5 3 8 5 7 31 17 6 9 5 3 16 1
4 3 3 1 1 1 4 9 5 7 31 17 6 9 5 3 12 0
2 2 2 6 2 1 3 8 5 7 23 14 22 11 7 3 16 1
5 2 5 2 2 3 1 8 2 7 31 16 14 35 15 5 10 1
1 1 2 5 2 3 4 8 5 3 17 4 27 1 7 5 10 1
4 2 6 5 1 4 3 11 2 7 34 16 14 35 12 3 5 0
5 4 3 2 2 1 1 8 2 7 31 16 19 6 10 3 5 0
2 2 3 4 2 2 4 8 5 7 34 17 6 9 7 3 1 0
2 1 2 5 2 5 4 8 5 7 33 17 6 9 7 5 10 1
3 3 4 5 1 5 3 8 5 7 31 17 6 9 5 3 9 1
4 4 2 1 1 1 3 9 5 7 31 17 6 9 5 3 12 0
2 4 6 2 2 4 1 8 2 7 31 16 14 35 15 3 5 1
2 1 4 5 1 1 3 8 2 7 31 16 14 35 10 3 5 1
2 3 5 3 1 2 4 8 5 7 24 17 6 9 4 3 12 0
4 2 6 1 1 1 2 8 2 7 30 16 14 6 12 3 12 1
1 3 2 2 2 1 3 10 5 7 23 14 22 11 7 3 5 1
1 2 4 3 2 3 4 8 5 7 34 17 6 9 7 5 10 1
3 4 5 1 1 4 2 8 2 7 30 16 14 6 12 3 12 1
5 2 3 6 1 2 4 8 5 7 32 18 20 10 4 3 12 0
3 3 5 1 1 4 2 9 2 7 30 16 14 6 12 3 12 1
1 1 5 3 1 3 4 12 5 3 9 4 21 40 4 5 10 0
1 1 3 2 2 2 4 8 5 7 34 17 6 9 4 3 8 0
1 3 3 2 1 3 3 2 5 7 31 17 6 9 5 3 9 0
2 3 4 4 3 2 3 8 5 7 31 17 6 9 5 3 1 1
3 3 3 3 1 5 1 7 2 7 31 16 19 6 15 5 10 1
5 4 2 6 1 3 1 8 2 7 31 16 19 6 10 3 5 1
1 1 2 5 2 3 1 8 6 3 28 5 3 31 8 3 1 0
2 1 3 1 1 3 3 2 1 7 37 15 18 47 7 3 12 1
1 2 4 1 1 3 4 12 5 3 8 4 21 21 7 5 10 1
2 1 5 6 1 4 4 8 7 7 32 9 25 43 4 3 12 1
2 2 3 2 1 3 3 7 1 7 37 15 18 47 7 3 12 1
3 2 2 1 1 1 2 8 2 7 30 16 14 6 12 3 12 0
1 1 4 3 1 5 3 12 1 7 37 15 18 47 7 3 12 1
4 3 4 2 1 2 2 8 2 7 30 16 14 6 12 3 12 1
1 1 3 4 1 5 4 12 5 5 35 17 6 13 4 5 10 0
3 4 2 6 1 4 1 8 2 7 31 16 14 35 15 5 10 1
1 1 4 2 1 5 3 8 5 7 31 17 6 9 5 3 16 1
3 3 3 1 1 2 1 7 5 7 30 18 20 10 5 3 12 0
5 2 3 6 2 3 3 10 5 7 32 17 6 9 5 3 5 0
4 4 6 6 1 5 4 8 5 7 31 17 6 9 5 3 12 0
2 2 5 4 2 2 4 3 5 7 24 17 6 9 4 3 12 0
5 2 2 4 2 4 1 9 2 7 31 16 19 6 10 3 13 0
3 4 2 6 1 5 2 10 2 7 30 16 14 6 12 3 12 1
4 1 2 1 1 2 4 8 7 7 32 9 16 37 4 3 12 1
4 3 5 1 1 3 4 8 7 7 32 9 25 43 4 3 12 1
5 3 4 5 1 3 4 8 2 7 31 16 19 6 11 3 5 0
4 2 5 1 1 1 2 8 2 7 30 16 14 6 12 3 12 1
5 2 6 6 2 4 4 9 2 7 31 16 19 6 11 5 10 1
2 2 3 6 1 4 4 8 7 7 31 9 16 37 4 3 12 0
2 1 6 2 2 2 4 8 5 7 33 17 6 9 4 3 16 0
3 3 4 3 1 5 3 8 2 7 31 16 14 35 10 5 10 1
1 3 5 4 1 4 3 8 5 7 23 14 22 11 7 3 9 0
2 1 5 2 1 5 3 11 5 7 31 17 6 9 5 3 16 0
4 3 5 1 1 3 1 8 5 7 30 18 20 10 5 3 12 1
5 2 4 1 1 1 4 8 5 7 31 17 6 9 7 3 12 0
4 3 4 6 2 4 3 8 2 7 31 16 14 35 10 3 16 1
5 1 4 6 1 3 4 10 5 7 33 17 6 9 7 5 10 1
5 4 4 3 1 5 1 8 2 7 31 16 19 6 10 5 10 1
5 1 5 5 2 5 1 8 2 7 30 16 19 6 10 3 5 0
2 3 5 3 1 2 3 9 5 7 23 14 22 11 7 3 5 1
4 3 6 1 1 3 2 10 2 7 30 16 14 6 12 3 12 1
3 2 2 4 2 5 1 10 2 7 31 16 14 35 15 5 10 1
3 3 5 1 1 4 2 8 2 7 30 16 14 6 12 3 12 0
4 3 3 1 1 3 2 10 2 7 30 16 14 6 12 3 12 0
4 2 6 1 1 1 4 8 7 7 31 9 16 37 4 3 12 1
3 3 3 1 1 4 2 9 2 7 30 16 14 6 12 3 12 1
1 3 5 4 1 1 2 9 2 7 30 16 14 6 12 3 12 0
4 2 5 3 1 3 2 8 2 7 30 16 14 6 12 3 12 1
2 3 4 3 1 1 3 9 5 7 31 17 6 9 5 3 12 0
2 4 3 5 1 2 2 10 2 7 30 16 14 6 12 3 12 1
2 1 4 5 1 5 4 8 7 7 31 9 16 37 4 5 10 1
5 2 3 1 1 1 4 8 5 7 31 17 6 9 5 3 12 0
3 2 5 4 1 5 1 2 2 7 31 16 19 6 15 5 10 1
1 1 4 2 2 5 4 3 5 5 35 17 6 13 4 5 10 0
5 1 5 5 1 1 1 10 2 7 31 16 19 6 15 3 5 0
3 3 3 3 2 4 3 8 2 7 34 16 14 35 12 3 5 1
2 1 5 3 2 4 4 8 2 7 24 16 14 35 11 3 5 0
2 3 4 3 3 4 3 8 2 7 31 16 14 35 10 3 16 1
5 2 4 3 1 5 4 9 5 7 30 10 5 48 4 5 10 1
4 2 5 5 1 4 4 9 2 7 31 16 19 6 11 3 5 0
3 2 4 2 1 3 2 8 2 7 30 16 14 6 12 3 12 1
4 3 3 5 1 3 1 8 2 7 31 16 19 6 10 3 5 0
1 1 5 3 2 2 4 12 5 3 8 4 21 21 7 5 10 0
3 3 2 1 1 2 2 9 2 7 30 16 14 6 12 3 12 1
1 1 5 2 1 5 4 9 2 7 24 16 14 35 11 3 5 1
2 3 5 2 1 4 3 8 5 7 31 17 6 9 5 3 16 0
1 2 3 1 2 5 4 10 5 7 34 17 6 9 4 3 1 1
1 1 6 1 1 5 3 12 2 7 36 16 24 30 10 5 10 0
3 4 2 6 1 4 1 9 2 7 31 16 19 6 10 3 7 1
2 1 4 6 1 5 4 9 2 7 24 16 14 35 11 3 9 1
4 1 6 1 1 2 4 8 5 7 31 17 6 9 5 3 12 0
4 4 5 1 2 3 4 8 5 7 31 17 6 9 5 3 12 0
1 4 2 3 1 4 4 13 5 3 8 4 21 21 7 5 10 1
3 2 4 6 1 4 2 7 2 7 30 16 14 6 12 3 12 1
1 3 5 6 1 5 4 14 5 3 17 4 27 1 7 3 12 0
2 2 6 6 1 4 3 9 2 7 1 16 14 35 16 3 12 1
2 1 5 5 2 1 3 10 5 7 23 14 22 11 7 3 9 1
3 2 4 1 1 4 1 7 5 7 30 18 20 10 5 3 12 1
3 2 4 2 1 3 2 9 2 7 30 16 14 6 12 3 12 1
2 2 2 4 1 4 2 8 2 7 30 16 14 6 12 3 12 1
2 2 3 3 1 5 4 10 2 7 24 16 14 35 11 5 10 0
5 1 3 3 2 1 3 8 5 7 31 17 6 9 7 3 5 0
2 2 4 5 2 1 3 8 5 7 23 14 22 11 7 3 9 1
1 3 4 5 2 5 4 2 5 7 1 17 6 9 5 5 10 1
2 3 5 1 1 1 3 9 5 7 31 17 6 9 5 3 16 0
2 3 5 2 1 5 1 9 2 7 31 16 14 35 15 3 5 1
1 1 4 4 1 4 4 8 5 7 34 17 6 9 7 3 1 0
3 4 4 5 1 1 2 10 2 7 30 16 14 6 12 3 12 0
4 3 5 2 1 1 1 8 5 7 30 18 20 10 5 3 12 1
3 4 5 5 3 5 1 8 2 7 31 16 14 35 15 3 9 1
2 2 5 5 2 4 3 8 5 7 31 17 6 9 5 3 1 1
5 3 3 4 2 3 1 8 2 7 31 16 19 6 15 5 10 1
3 4 3 1 1 2 2 11 2 7 30 16 14 6 12 3 12 1
5 4 4 4 1 5 1 8 2 4 32 7 15 27 15 3 12 0
5 4 2 6 2 3 1 8 2 7 31 16 14 35 15 3 5 1
1 2 5 5 2 5 4 8 2 7 24 16 14 35 11 3 5 0
2 4 6 5 2 5 3 8 2 7 31 16 14 35 10 3 9 1
1 1 5 6 1 5 4 3 5 7 1 17 6 9 5 5 10 0
4 3 5 5 1 3 2 8 2 7 30 16 14 6 12 3 12 0
4 4 5 6 2 3 1 9 2 7 31 16 19 6 10 3 5 0
2 3 5 5 1 4 2 9 2 7 30 16 14 6 12 3 12 0
4 2 5 2 1 2 1 8 2 7 31 16 19 6 10 3 5 1
2 2 5 2 2 4 3 11 5 7 31 17 6 9 5 3 1 1
1 1 5 1 1 5 4 14 5 3 8 4 21 21 7 5 10 0
3 1 3 2 1 4 2 8 2 7 30 16 14 6 12 3 12 1
1 1 5 1 3 5 3 4 2 7 36 16 24 30 10 5 10 0
4 2 4 6 1 5 4 8 5 7 31 17 6 9 5 3 12 1
4 4 4 1 1 4 4 8 5 7 32 10 5 48 4 3 12 1
4 4 6 2 1 2 1 8 5 7 30 18 20 10 5 3 12 1
3 2 6 1 1 4 2 9 2 7 30 16 14 6 12 3 12 1
2 3 4 5 2 2 3 2 5 7 31 17 6 9 5 3 1 1
2 3 4 4 1 3 1 7 2 7 31 16 19 6 10 3 5 1
3 3 3 1 1 5 1 9 5 7 30 18 20 10 5 3 12 1
5 3 2 3 2 1 1 8 2 7 31 16 19 6 10 3 5 0
5 2 6 3 1 5 4 8 5 7 31 17 6 9 7 3 5 0
1 1 1 6 1 2 4 1 2 7 31 16 14 9 5 5 10 0
5 3 2 5 2 3 1 8 2 7 31 16 19 6 10 3 13 0
3 4 6 4 2 4 3 9 2 3 13 2 10 4 13 5 10 1
1 1 5 5 1 2 4 12 5 7 1 17 6 9 5 3 15 1
4 2 2 1 2 1 2 7 2 7 30 16 14 6 12 3 12 0
2 4 2 6 1 1 3 8 5 7 23 14 22 11 7 3 9 0
3 1 5 1 1 5 4 8 7 7 32 9 25 43 4 3 12 1
4 4 6 3 1 2 1 8 2 7 31 16 19 6 10 3 5 0
4 1 4 1 1 1 2 9 2 7 30 16 14 6 12 3 12 0
2 2 4 3 1 4 3 8 5 7 31 17 6 9 5 3 5 1
3 1 4 4 2 3 4 8 5 7 34 17 6 9 7 3 16 0
1 1 5 5 2 5 4 11 5 7 33 17 6 9 4 5 10 1
5 4 4 6 1 2 1 8 5 7 32 10 5 48 9 3 12 0
2 2 4 4 2 2 4 8 5 7 33 17 6 9 4 3 8 1
5 1 3 2 1 1 1 8 2 7 31 16 19 6 10 3 9 0
1 4 5 3 2 3 4 9 5 3 17 4 27 1 7 3 12 0
1 1 4 4 2 4 3 3 2 7 36 16 14 35 13 5 10 1
4 2 5 1 1 5 1 9 2 7 31 16 14 29 10 3 12 0
5 2 4 6 1 5 4 8 5 7 32 4 14 9 5 3 5 0
3 2 6 4 1 3 4 9 2 7 31 16 19 6 11 3 13 0
3 4 5 2 1 1 2 8 2 7 30 16 14 6 12 3 12 1
2 2 4 2 1 1 3 9 5 7 31 17 6 9 5 3 9 1
2 1 4 5 1 5 4 11 5 7 24 17 6 9 4 3 1 1
2 3 3 6 1 5 2 8 2 7 30 16 14 6 12 3 12 0
3 1 6 4 2 2 4 8 2 7 24 16 14 35 11 3 5 1
1 1 5 2 1 4 1 6 6 7 6 12 17 19 17 5 10 1
2 3 3 3 1 4 3 8 5 7 31 17 6 9 5 5 10 1
1 1 4 6 1 1 3 9 5 7 23 14 22 11 7 3 16 1
2 3 4 2 1 4 3 13 1 7 37 15 18 47 7 3 12 1
4 3 4 4 1 4 1 9 2 7 31 16 14 35 15 3 5 0
1 1 4 4 1 3 3 8 5 7 31 17 6 9 5 3 16 1
5 3 6 1 2 2 1 8 2 7 31 16 14 29 10 5 10 1
1 1 3 3 2 3 3 10 5 7 23 14 22 11 7 3 1 0
1 1 4 6 1 5 1 9 5 7 17 18 20 22 3 5 10 1
4 4 3 6 1 5 2 10 2 7 30 16 19 6 12 3 12 0
2 3 3 4 2 5 3 8 2 7 31 16 14 35 10 3 9 1
2 1 1 4 1 5 3 9 5 3 18 4 14 9 5 5 10 1
4 1 2 4 1 3 4 8 2 7 31 16 19 6 11 3 5 0
4 3 3 6 1 3 4 8 5 7 32 18 20 10 4 3 12 0
1 1 5 3 1 5 3 9 5 7 31 17 6 9 5 5 10 1
3 4 4 1 1 3 2 8 2 7 30 16 14 6 12 3 12 1
1 2 3 5 1 1 4 9 2 7 24 16 14 35 11 5 10 1
2 4 6 2 1 5 3 12 7 7 39 9 16 37 7 3 12 1
4 2 6 1 2 4 4 8 7 7 32 9 16 37 4 3 12 1
4 2 4 4 1 5 1 11 2 7 31 16 19 6 10 3 13 0
2 2 6 3 2 5 4 10 5 7 33 17 6 9 4 3 1 0
2 2 6 1 1 2 4 9 7 7 31 9 16 37 4 3 12 0
1 3 4 3 1 3 3 2 2 3 13 2 10 4 13 5 10 1
1 1 5 4 2 1 1 8 6 3 28 5 3 31 8 5 10 1
1 3 5 6 1 5 4 9 2 7 24 16 14 35 11 5 10 1
5 3 5 4 1 2 1 8 2 7 31 16 14 35 15 5 10 1
1 1 5 5 2 2 4 8 2 7 24 16 14 35 11 5 10 0
3 2 3 1 1 3 4 8 7 7 31 9 16 37 4 3 12 0
1 1 4 4 2 4 4 8 5 7 33 17 6 9 7 5 10 1
4 2 2 6 2 3 4 8 2 7 24 16 14 35 11 5 10 0
1 1 3 5 2 1 4 14 5 3 17 4 21 21 7 5 10 0
2 1 5 4 2 5 4 11 5 7 34 17 6 9 4 3 1 1
3 3 3 6 1 4 2 9 2 7 30 16 14 6 12 3 12 1
1 1 5 4 1 4 3 12 2 3 37 2 10 4 13 5 10 1
3 4 5 4 2 3 1 8 2 7 31 16 14 35 15 3 16 1
2 1 2 5 1 3 2 9 2 7 30 16 14 6 12 3 12 1
4 3 6 5 1 5 1 8 2 7 31 16 14 35 15 3 5 0
4 1 4 6 1 4 4 13 2 7 31 16 14 9 5 5 10 0
2 1 4 4 2 4 3 8 2 7 31 16 14 35 10 3 9 0
2 3 3 3 1 2 3 8 5 7 23 14 22 11 7 3 9 1
5 3 3 6 1 5 1 2 2 7 31 16 19 6 15 3 12 1
3 2 5 2 1 3 4 9 2 7 24 16 14 35 11 5 10 1
2 3 5 4 1 3 4 11 5 7 1 17 6 9 5 3 5 1
5 3 4 4 1 5 1 8 2 4 32 7 15 27 15 3 12 0
5 2 5 6 1 1 1 8 2 7 31 16 19 6 15 3 9 1
4 3 4 6 2 5 1 8 2 7 31 16 19 6 10 3 5 1
2 1 6 3 2 2 3 9 2 7 34 16 14 35 12 3 5 0
4 3 5 1 1 2 2 8 2 7 30 16 14 6 12 3 12 1
1 2 4 4 2 5 1 2 6 7 28 12 17 38 3 3 1 1
2 1 4 1 1 4 2 9 2 7 30 16 14 6 12 3 12 1
2 2 4 2 1 3 3 11 5 7 31 17 6 9 5 3 1 1
3 3 2 5 1 2 1 9 2 7 31 16 19 6 10 3 13 1
5 3 2 3 2 3 1 10 2 7 31 16 14 35 15 5 10 0
5 4 4 4 2 2 1 10 2 7 31 16 19 6 10 3 5 1
2 4 2 3 1 3 1 8 5 7 30 18 20 10 5 3 12 1
4 1 3 3 1 1 1 9 2 7 31 16 14 35 15 3 5 1
4 1 6 2 1 3 4 8 2 7 24 16 14 35 11 3 5 0
2 2 2 4 2 3 4 10 5 7 24 17 6 9 4 3 5 1
5 3 5 5 1 5 1 8 2 7 31 16 14 29 10 3 5 0
3 1 3 2 1 3 4 8 7 7 31 9 16 37 4 3 5 0
1 1 4 4 2 4 3 12 2 7 36 16 14 35 13 5 10 1
4 2 3 1 2 1 2 10 2 7 30 16 14 6 12 3 12 1
2 2 2 5 1 5 4 8 5 7 33 17 6 9 7 3 1 1
4 2 4 6 1 4 1 8 2 7 30 16 19 6 10 3 12 0
5 3 5 6 1 2 1 8 2 7 31 16 14 29 10 3 5 0
4 3 5 3 1 5 1 11 2 7 31 16 19 6 10 3 13 0
3 1 4 1 1 2 3 8 5 7 31 17 6 9 5 3 1 1
3 1 4 1 1 3 4 10 7 7 31 9 16 37 4 3 12 0
2 2 5 4 1 4 3 9 2 7 1 16 14 35 16 5 10 1
1 2 5 4 2 2 4 8 5 7 33 17 6 9 7 3 16 1
1 1 2 5 1 4 3 8 2 3 13 2 10 4 13 5 10 1
1 1 4 5 1 4 3 8 2 7 36 16 14 35 12 5 10 1
4 3 3 4 1 5 1 9 2 7 31 16 19 6 10 3 5 0
2 1 6 6 1 4 3 12 1 7 37 15 18 47 7 5 10 0
1 1 2 3 2 3 4 8 5 7 33 17 6 9 7 3 16 1
1 3 4 4 1 4 4 2 5 7 24 17 6 9 4 3 9 1
3 2 5 3 1 4 2 9 2 7 30 16 14 6 12 3 12 0
5 1 4 2 2 3 4 2 2 7 31 16 19 6 11 3 5 0
1 1 5 6 1 1 4 2 5 5 37 14 22 15 4 3 9 1
2 2 5 4 2 3 4 11 2 7 24 16 14 35 11 3 5 1
4 3 5 5 2 5 3 8 5 7 31 17 6 9 5 3 12 1
2 1 5 5 1 3 3 8 5 7 23 14 22 11 7 3 5 1
2 3 3 3 2 2 3 8 5 7 23 14 22 11 7 3 5 1
2 1 3 4 1 5 3 2 2 3 13 2 10 4 13 5 10 0
1 3 5 4 1 5 1 3 2 7 22 16 14 5 10 3 14 1
2 4 3 5 1 4 2 8 2 7 30 16 14 6 12 3 12 1
2 2 5 4 1 2 3 8 5 7 23 14 22 11 7 3 5 1
3 2 3 4 1 4 3 8 2 7 31 16 14 35 10 3 9 0
4 3 5 6 2 2 3 8 2 7 31 16 14 35 10 3 16 1
4 2 5 1 2 4 1 9 5 7 30 18 20 10 5 3 12 0
2 4 3 1 1 1 2 8 2 7 30 16 14 6 12 3 12 0
1 3 2 4 1 1 1 10 5 7 17 18 20 22 3 3 12 0
5 2 4 2 2 4 1 8 2 7 31 16 19 6 10 3 5 0
3 3 2 3 2 3 2 8 2 7 30 16 14 6 12 3 12 1
4 4 5 1 2 1 2 9 2 7 30 16 14 6 12 3 12 1
2 1 4 4 1 5 3 7 2 7 1 16 14 35 16 5 10 1
1 1 4 3 2 5 1 8 6 3 28 5 3 31 8 5 10 1
1 1 6 4 1 5 4 13 5 3 17 4 27 1 7 5 10 1
2 2 4 3 1 5 3 8 5 7 31 17 6 9 5 3 1 1
4 4 6 3 1 2 2 8 2 7 30 16 14 6 12 3 12 1
4 3 5 6 1 5 4 8 5 7 32 18 20 10 4 3 12 0
3 3 5 1 2 4 2 8 2 7 30 16 14 6 12 3 12 1
1 2 4 4 1 3 4 8 2 7 24 16 14 35 11 3 5 1
1 4 4 2 1 2 2 12 2 7 30 16 14 6 12 3 12 1
4 4 3 1 1 3 4 9 5 7 31 17 6 9 5 3 12 0
2 2 3 2 1 1 3 7 5 7 31 17 6 9 5 3 9 1
2 2 4 4 1 3 4 9 5 7 31 17 6 9 5 3 12 0
3 2 4 6 1 5 4 9 7 7 32 9 16 37 4 3 12 1
1 2 4 3 1 4 3 9 5 7 37 14 22 41 7 5 10 0
2 3 5 5 1 5 1 9 2 7 31 16 14 35 15 3 5 1
1 2 4 2 1 5 4 2 5 7 24 17 6 9 4 3 9 1
3 1 2 5 2 1 3 8 2 7 1 16 14 35 16 5 10 0
4 2 4 3 1 2 1 7 2 7 31 16 14 35 15 3 5 1
4 2 5 1 2 1 2 9 2 7 30 16 14 6 12 3 12 1
2 1 5 1 1 3 3 9 5 7 31 17 6 9 5 3 16 0
3 2 4 1 1 3 2 11 2 7 30 16 14 6 12 3 12 1
2 4 6 1 1 4 2 8 2 7 30 16 14 6 12 3 12 1
5 1 5 1 1 1 4 8 2 7 31 16 19 6 11 3 9 0
5 2 1 5 1 2 1 8 2 7 31 16 19 6 15 5 10 1
3 3 3 6 2 3 2 9 2 7 30 16 14 6 12 3 12 1
3 2 3 4 1 5 4 8 7 7 31 9 16 37 4 3 12 1
3 1 4 4 2 3 3 8 5 7 31 17 6 9 5 5 10 1
1 1 4 5 2 5 4 3 5 5 35 17 6 13 4 5 10 0
3 3 5 1 1 1 2 8 2 7 30 16 14 6 12 3 12 0
4 3 5 1 1 4 4 9 2 7 31 16 19 6 11 3 5 0
1 2 5 3 2 3 4 8 5 7 34 17 6 9 4 3 8 0
2 2 5 6 1 3 3 12 1 7 37 15 18 47 7 3 12 1
1 2 2 6 1 5 4 12 5 7 34 17 6 9 7 3 16 1
2 3 5 2 1 2 4 8 5 7 31 17 6 9 5 3 12 0
2 1 2 6 1 4 3 12 7 7 39 9 16 37 7 5 10 0
2 2 3 3 1 4 3 3 5 7 31 17 6 9 5 3 9 1
2 1 2 3 2 3 4 10 5 7 33 17 6 9 7 3 16 1
5 3 2 3 2 1 1 11 2 7 31 16 19 6 15 3 5 0
5 4 5 6 1 1 3 8 5 7 32 17 6 9 5 3 12 0
2 1 4 1 2 5 4 10 5 7 33 17 6 9 4 3 1 1
4 3 3 2 2 1 1 11 2 7 31 16 14 35 15 5 10 1
3 1 3 1 2 1 2 9 2 7 30 16 14 6 12 3 12 0
2 1 3 4 1 5 4 10 2 7 24 16 14 35 11 3 9 1
2 2 3 3 1 1 3 9 5 7 31 17 6 9 5 3 9 1
3 4 3 2 1 2 1 8 5 7 30 18 20 10 5 3 12 0
3 3 6 3 2 1 3 9 2 7 34 16 14 35 12 3 12 0
4 1 4 5 1 5 3 8 5 7 33 17 6 9 5 3 5 0
3 3 4 5 2 2 3 9 2 7 31 16 14 35 10 3 16 1
5 1 2 1 1 5 1 8 2 7 31 16 14 35 15 5 10 0
3 1 4 3 1 5 3 8 2 7 31 16 14 35 10 5 10 1
1 4 3 5 2 2 1 12 2 7 31 16 14 35 15 5 10 1
1 3 5 3 1 5 3 2 5 7 31 17 6 9 5 3 9 1
1 3 3 3 1 2 4 9 2 7 24 16 14 35 11 3 9 1
1 2 2 2 2 3 3 8 5 7 23 14 22 11 7 3 5 1
2 2 5 3 1 4 1 9 2 7 31 16 14 35 15 5 10 1
1 1 3 5 2 5 4 12 5 3 8 4 21 21 7 5 10 0
2 2 6 2 1 2 3 11 5 7 31 17 6 9 5 3 16 1
1 3 3 4 1 2 4 12 5 7 1 17 6 9 5 5 10 1
3 1 5 5 1 3 3 10 2 7 34 16 14 35 12 3 5 0
3 4 5 2 1 5 1 8 5 7 30 18 20 10 5 3 12 0
2 1 5 5 1 5 4 8 7 7 31 9 16 37 4 3 12 1
2 3 4 3 2 4 3 8 5 7 23 14 22 11 7 3 1 1
3 3 2 4 2 2 4 11 5 7 33 17 6 9 7 3 5 0
3 3 5 3 1 4 4 9 5 5 35 17 6 13 4 3 5 1
3 3 6 1 1 3 2 8 2 7 30 16 14 6 12 3 12 1
4 3 5 2 1 2 1 9 2 7 31 16 19 6 15 3 5 0
2 1 5 6 2 1 3 8 5 7 23 14 22 11 7 3 16 0
1 1 4 2 1 4 3 9 5 7 31 17 6 9 5 3 16 1
2 3 3 5 1 4 3 9 2 7 31 16 14 35 10 5 10 1
1 2 5 6 1 4 4 9 5 7 33 17 6 9 7 3 1 1
5 4 3 2 1 1 1 8 2 7 31 16 19 6 10 5 10 1
2 2 6 4 1 5 3 9 5 7 31 17 6 9 5 3 5 1
3 1 1 4 2 5 3 9 5 7 31 17 6 9 5 5 10 1
1 1 5 3 2 4 4 12 5 5 35 17 6 13 4 5 10 1
2 2 6 5 2 4 3 8 2 7 31 16 14 35 10 3 9 1
4 4 3 5 1 2 1 8 2 7 31 16 19 6 10 3 5 1
5 4 2 6 1 2 3 8 5 7 32 17 6 9 5 3 12 0
4 1 6 1 1 2 2 8 2 7 30 16 14 6 12 3 12 0
5 4 4 6 1 3 3 8 5 7 32 18 20 39 9 3 12 0
5 4 6 2 1 3 1 8 2 7 31 16 19 6 15 5 10 1
1 4 3 4 1 2 3 9 5 7 31 17 6 9 5 3 16 1
1 3 4 6 1 1 3 3 5 7 31 17 6 9 5 3 16 1
1 1 6 3 1 5 4 3 5 3 9 4 21 40 4 5 10 0
3 3 5 5 2 4 3 8 2 7 31 16 14 35 10 3 16 1
2 2 5 6 1 5 3 10 5 7 31 17 6 9 5 3 12 0
4 1 4 5 1 5 1 7 2 7 31 16 14 35 15 3 5 0
3 1 4 1 1 2 2 10 2 7 30 16 14 6 12 3 12 0
4 2 5 6 2 4 1 9 2 7 31 16 14 35 15 5 10 1
3 2 2 6 2 3 1 11 2 7 31 16 19 6 10 3 5 0
4 2 3 2 1 1 1 9 2 7 31 16 14 35 15 5 10 1
4 2 4 5 1 1 1 11 2 7 31 16 19 6 15 5 10 0
3 2 3 3 2 5 4 8 2 7 24 16 14 35 11 3 5 1
3 1 3 2 2 3 1 9 2 7 31 16 14 35 15 3 5 1
2 4 5 4 1 4 3 8 5 7 31 17 6 9 5 3 1 1
1 3 6 1 1 4 1 9 5 7 30 18 20 10 5 3 12 1
4 4 2 6 1 3 1 8 2 7 31 16 19 6 10 3 5 1
3 4 5 2 1 3 1 9 2 7 31 16 14 35 15 3 5 1
1 2 5 4 1 5 4 12 2 7 24 16 14 35 11 5 10 0
4 3 4 1 1 4 2 10 2 7 30 16 14 6 12 3 12 1
1 3 4 4 1 1 3 8 5 7 23 14 22 11 7 3 8 1
1 2 3 5 2 5 4 2 5 3 8 4 21 21 7 5 10 1
3 2 5 1 2 5 4 8 7 7 31 9 16 37 4 3 12 1
3 2 3 5 3 5 3 8 5 7 33 17 6 9 5 5 10 0
3 1 6 3 2 4 1 8 2 7 31 16 14 35 15 3 5 1
2 4 3 5 1 3 3 8 5 7 31 17 6 9 5 3 1 0
1 3 6 3 1 3 3 2 2 7 36 16 14 35 13 5 10 1
2 3 4 6 1 5 2 8 2 7 30 16 14 6 12 3 12 0
5 4 5 1 1 1 1 11 2 7 31 16 19 6 10 5 10 1
1 1 4 3 1 5 3 11 5 7 37 14 22 41 7 5 10 0
3 3 4 3 1 5 4 9 7 7 31 9 16 37 4 3 12 1
1 3 6 5 1 3 1 6 6 7 28 12 17 38 3 5 10 1
4 3 3 2 1 3 1 8 2 7 31 16 19 6 10 3 13 1
1 3 6 1 1 5 1 8 2 7 22 16 14 5 10 3 9 1
1 1 4 3 1 4 4 12 5 3 8 4 21 21 7 5 10 1
5 3 4 1 1 1 4 8 7 7 31 9 16 37 4 3 12 0
4 1 6 6 2 5 3 8 2 7 31 16 14 35 10 3 5 0
5 3 5 4 1 4 1 8 2 7 31 16 19 6 10 5 10 1
4 2 2 1 1 1 2 8 2 7 30 16 14 6 12 3 12 0
3 3 5 2 1 1 2 8 2 7 30 16 14 6 12 3 12 0
1 2 5 4 1 2 1 8 6 3 28 5 3 31 8 3 1 1
5 3 5 4 1 3 1 8 2 7 31 16 19 6 15 3 13 0
3 2 4 2 1 2 4 8 5 7 34 17 6 9 7 3 1 0
2 2 4 4 1 2 3 10 5 7 23 14 22 11 7 3 5 1
4 1 3 3 1 2 4 9 7 7 31 9 16 37 4 3 5 0
1 1 4 4 1 5 4 2 2 7 24 16 14 35 11 3 5 1
3 4 2 5 1 4 2 8 2 7 30 16 14 6 12 3 12 0
3 2 5 1 2 1 2 2 2 7 30 16 14 6 12 3 12 1
3 1 3 3 2 2 4 9 5 7 1 17 6 9 5 5 10 1
1 2 3 6 2 5 4 9 2 7 24 16 14 35 11 5 10 1
1 1 3 6 1 5 4 2 5 7 34 17 6 9 7 3 16 1
1 4 2 3 1 2 3 9 5 7 23 14 22 11 7 3 16 1
5 3 3 6 1 5 1 9 5 7 30 18 20 10 5 3 12 1
3 2 2 4 2 5 1 9 2 7 31 16 14 35 15 3 5 1
4 4 4 1 1 2 4 11 7 7 31 9 16 37 4 3 12 1
3 4 6 1 1 2 2 8 2 7 30 16 14 6 12 3 12 1
5 2 4 4 1 4 3 8 5 7 32 18 20 39 9 3 12 0
3 2 3 5 1 2 1 9 2 7 31 16 14 35 15 5 10 1
1 1 5 4 2 4 3 11 5 7 23 14 22 11 7 3 1 1
4 1 4 1 1 2 4 9 5 7 31 17 6 9 4 3 5 1
4 4 5 6 1 5 1 8 2 7 31 16 19 6 10 3 12 1
2 1 4 1 1 2 1 9 5 7 30 18 20 10 5 3 12 1
2 3 3 2 1 4 2 9 2 7 30 16 14 6 12 3 12 1
2 1 2 2 1 3 3 7 5 7 31 17 6 9 5 3 12 1
4 3 5 4 1 4 1 9 2 7 31 16 19 6 15 5 10 1
3 3 3 6 1 2 2 8 2 7 30 16 14 6 12 3 12 0
2 4 5 6 1 3 2 12 2 7 30 16 14 6 12 3 12 1
2 1 5 2 1 3 3 9 5 7 23 14 22 11 7 3 5 1
4 3 4 6 2 4 1 9 2 7 31 16 14 35 15 3 5 1
2 4 3 3 2 3 3 12 2 7 36 16 14 35 12 5 10 1
1 3 5 6 1 3 2 14 2 7 30 16 14 6 12 5 10 0
3 3 2 2 1 5 2 8 2 7 30 16 14 6 12 3 12 0
2 2 4 2 2 2 3 8 5 7 23 14 22 11 7 3 5 0
2 1 5 2 1 2 4 8 7 2 39 9 25 43 1 3 12 1
1 1 5 2 1 5 3 8 5 7 23 14 22 11 7 3 12 0
5 3 5 1 1 3 2 8 2 7 30 16 14 6 12 3 12 1
5 2 5 2 2 1 1 9 2 7 31 16 19 6 10 3 5 1
1 4 4 3 3 5 1 8 3 1 5 13 29 46 16 5 10 1
1 2 5 6 1 5 4 2 5 7 1 17 6 9 5 5 10 1
3 2 5 5 1 2 4 8 5 7 32 10 5 48 4 3 12 1
3 4 4 2 1 4 1 8 5 7 30 18 20 10 5 3 12 0
4 3 3 6 1 3 1 9 2 7 31 16 19 6 10 3 5 1
1 4 3 4 1 5 1 7 2 7 31 16 14 35 15 5 10 1
4 1 6 5 2 4 4 8 2 7 24 16 14 35 11 3 5 0
1 1 1 6 1 5 3 14 5 6 27 4 8 20 7 5 10 0
2 1 4 2 1 4 4 8 5 7 24 17 6 9 4 3 5 0
3 2 5 1 1 4 2 8 2 7 30 16 14 6 12 3 12 1
3 3 4 5 1 4 1 9 2 7 31 16 19 6 15 3 12 0
4 3 3 3 2 5 1 11 2 7 31 16 14 35 15 3 9 1
1 1 4 1 1 1 4 12 2 7 31 16 14 9 5 5 10 0
4 1 5 5 2 5 4 8 5 7 33 17 6 9 7 3 5 0
3 3 4 5 1 3 1 9 2 7 31 16 14 35 15 5 10 1
1 2 3 3 1 1 4 9 5 7 33 17 6 9 4 5 10 1
2 1 3 1 2 3 4 7 5 7 31 17 6 9 5 3 12 1
3 1 4 6 2 4 3 9 2 3 13 2 10 4 13 3 5 1
5 1 5 5 2 1 4 8 2 7 31 16 19 6 11 5 10 1
1 2 3 6 2 5 4 11 5 7 34 17 6 9 7 3 1 1
3 1 5 3 1 5 3 8 5 7 31 17 6 9 5 5 10 1
1 1 1 6 1 4 3 12 5 7 37 14 22 41 7 5 10 0
2 3 3 3 1 3 3 8 5 7 31 17 6 9 5 3 16 0
1 1 5 5 1 2 3 8 5 7 23 14 22 11 7 3 1 1
3 2 4 5 1 5 2 8 2 7 30 16 14 6 12 3 12 1
4 1 4 5 1 5 1 8 2 7 31 16 19 6 15 5 10 1
3 3 5 5 1 1 2 8 2 7 30 16 14 6 12 3 12 0
3 4 3 3 1 3 1 7 2 7 31 16 19 6 15 3 5 1
2 4 4 1 1 5 1 9 5 7 30 18 20 10 5 3 12 0
2 3 5 6 1 5 4 8 5 7 34 17 6 9 7 5 10 0
1 1 2 3 2 3 3 10 5 7 23 14 22 11 7 3 5 0
4 4 3 3 1 1 2 8 2 7 30 16 14 6 12 3 12 1
3 1 4 6 1 4 4 9 5 7 32 18 20 10 4 3 12 0
3 1 3 3 1 4 4 9 5 7 31 17 6 9 7 5 10 1
1 4 5 6 2 2 3 3 2 7 31 16 14 35 10 5 10 1
2 2 4 1 1 2 3 8 5 7 31 17 6 9 5 3 1 1
1 2 3 3 1 1 4 9 2 7 24 16 14 35 11 3 5 0
4 3 3 1 1 4 2 8 2 7 30 16 14 6 12 3 12 1
4 4 5 6 1 1 3 9 2 7 31 16 19 6 12 3 12 0
5 2 4 6 1 5 1 8 2 4 32 7 15 27 15 3 12 0
3 1 5 3 2 2 1 11 2 7 31 16 14 35 15 3 5 0
1 3 2 5 1 1 4 9 2 7 24 16 14 35 11 5 10 1
2 4 5 6 1 3 1 8 5 7 30 18 20 10 5 3 12 1
2 3 4 1 1 3 2 9 2 7 30 16 14 6 12 3 12 1
1 2 2 6 2 3 4 8 5 7 34 17 6 9 7 3 1 1
3 1 6 2 2 4 3 8 2 7 34 16 14 35 12 3 12 1
3 4 5 4 2 2 1 8 2 7 31 16 14 35 15 5 10 1
2 1 5 3 2 3 4 8 5 7 34 17 6 9 7 5 10 1
1 1 1 1 3 5 3 14 5 6 27 4 8 20 7 5 10 0
1 3 3 4 1 2 3 9 5 7 31 17 6 9 5 3 16 0
4 4 3 5 2 3 1 7 2 7 31 16 19 6 10 5 10 1
1 1 5 3 1 1 4 9 5 7 24 17 6 9 4 5 10 0
3 2 4 4 1 3 4 8 5 7 33 17 6 9 7 3 5 1
1 3 5 6 1 4 4 12 5 7 31 17 6 9 5 5 10 0
1 4 3 3 1 2 3 9 5 7 31 17 6 9 5 3 16 1
4 2 4 1 1 4 2 8 2 7 30 16 14 6 12 3 12 0
5 2 3 6 1 4 1 8 2 7 31 16 19 6 10 3 12 0
4 2 5 6 2 4 1 8 2 7 31 16 19 6 10 3 5 1
4 1 3 3 1 2 1 9 2 7 31 16 19 6 10 3 9 0
2 2 6 4 2 3 4 11 2 7 24 16 14 35 11 3 5 1
1 2 5 4 1 5 2 9 2 7 30 16 14 6 12 3 12 1
5 1 2 2 1 4 4 8 5 3 30 4 14 9 5 3 5 0
3 2 4 1 2 3 2 8 2 7 30 16 14 6 12 3 12 0
5 4 5 2 1 1 1 11 2 7 31 16 19 6 10 3 5 0
4 3 4 2 2 4 1 8 2 7 31 16 14 35 15 5 10 1
5 2 6 1 1 1 1 10 5 7 30 18 20 10 5 3 12 0
4 4 3 6 1 4 1 8 5 7 30 18 20 10 5 3 12 1
1 3 4 2 1 3 4 8 5 3 8 4 21 21 7 5 10 1
1 1 3 5 1 3 3 7 5 7 31 17 6 9 5 5 10 0
1 1 2 3 1 5 4 12 5 3 8 4 21 21 7 5 10 0
1 1 6 5 1 1 3 8 5 7 23 14 22 11 7 3 12 1
3 3 5 5 2 5 2 8 2 7 30 16 14 6 12 3 12 1
5 2 4 1 1 2 1 8 2 7 31 16 19 6 10 3 9 0
5 2 3 1 1 1 1 8 2 7 31 16 19 6 15 3 9 0
2 1 5 2 1 4 4 10 5 7 33 17 6 9 7 3 9 1
1 4 3 6 1 5 1 9 3 7 31 11 30 9 5 3 1 1
1 3 4 4 1 1 4 7 5 7 23 14 22 11 4 3 5 1
4 1 5 3 1 5 4 8 5 7 32 18 20 10 4 3 12 0
2 1 2 4 1 3 4 2 5 3 9 4 21 40 4 5 10 1
2 2 5 6 2 2 4 8 5 7 33 17 6 9 7 3 8 1
3 4 2 1 1 3 1 8 5 7 30 18 20 10 5 3 12 1
2 1 5 5 1 3 4 9 7 7 31 9 16 37 4 3 12 0
4 2 5 1 2 1 2 9 2 7 30 16 14 6 12 3 12 1
3 3 4 6 1 3 4 7 5 7 30 10 5 48 4 3 12 1
1 1 1 4 1 1 1 6 2 7 15 16 14 9 5 5 10 0
3 1 1 3 1 3 3 9 5 7 31 17 6 9 5 3 5 0
4 4 6 2 1 4 1 9 2 7 31 16 14 35 15 3 5 0
4 1 4 3 1 5 1 13 2 4 38 16 19 6 16 5 10 1
4 4 5 4 1 2 2 9 2 7 30 16 14 6 12 3 12 0
3 2 3 4 1 3 1 10 2 7 31 16 19 6 15 3 5 1
2 2 3 4 1 5 4 2 5 3 13 4 21 40 4 5 10 1
2 1 4 1 1 3 3 2 1 7 37 15 18 47 7 3 12 1
2 2 4 3 2 3 3 8 2 7 31 16 14 35 10 3 16 1
3 4 5 3 1 5 1 9 2 7 31 16 14 35 15 3 5 1
1 1 1 5 1 5 4 14 2 7 31 16 14 9 5 5 10 0
4 3 1 1 1 3 4 8 5 7 31 17 6 9 5 3 12 1
1 1 4 5 1 1 3 14 5 7 23 14 22 11 7 5 10 1
2 2 4 1 2 2 4 8 5 7 34 17 6 9 4 3 16 1
3 2 6 6 1 4 2 11 2 7 30 16 14 6 12 3 12 1
1 2 5 5 1 1 4 9 5 7 23 14 22 11 4 3 5 0
5 2 4 5 1 3 1 8 2 7 31 16 19 6 10 3 13 0
3 3 5 1 1 3 2 9 2 7 30 16 14 6 12 3 12 1
1 1 5 3 1 1 4 9 2 7 24 16 14 35 11 3 9 1
1 2 1 4 1 3 3 9 5 7 31 17 6 9 5 3 9 1
1 1 3 2 1 5 4 12 2 7 24 16 14 35 11 3 8 0
1 2 5 4 1 1 4 9 2 7 24 16 14 35 11 3 5 1
1 1 3 6 2 5 1 4 3 1 5 13 29 46 16 5 10 0
3 1 5 1 1 2 2 9 2 7 30 16 14 6 12 3 12 1
4 3 5 1 1 1 1 9 5 7 30 18 20 10 5 3 12 1
4 1 5 3 1 2 4 8 2 7 24 16 14 35 11 5 10 0
4 3 3 1 1 2 2 9 2 7 30 16 14 6 12 3 12 0
4 4 3 1 1 3 1 10 5 7 30 18 20 10 5 3 12 1
2 2 5 5 2 4 2 2 2 7 30 16 14 6 12 3 12 1
2 3 3 4 1 3 3 8 5 7 23 14 22 11 7 3 16 1
1 4 2 6 1 5 4 8 5 7 34 17 6 9 7 3 1 1
3 4 5 1 2 4 2 8 2 7 30 16 14 6 12 3 12 0
1 1 1 3 1 1 4 14 2 7 31 16 14 9 5 5 10 0
1 2 4 6 2 4 3 3 2 7 31 16 14 35 10 3 16 1
3 2 6 3 1 3 2 11 2 7 30 16 14 6 12 3 12 0
1 1 5 5 1 5 4 12 5 3 8 4 21 21 7 5 10 0
4 3 4 6 1 5 2 8 2 7 30 16 14 6 12 3 12 1
1 1 5 5 1 4 4 3 5 5 35 17 6 13 4 3 15 1
4 2 3 5 1 1 1 8 2 7 31 16 14 35 15 3 5 0
3 3 4 1 2 1 2 9 2 7 30 16 14 6 12 3 12 1
2 1 5 2 1 3 3 9 5 7 31 17 6 9 5 3 16 1
2 3 4 1 1 1 1 8 5 7 30 18 20 10 5 3 12 0
1 1 1 3 1 4 4 14 5 3 18 4 21 21 7 5 10 0
5 4 5 5 1 4 3 10 5 7 32 17 6 9 5 3 12 0
4 4 4 5 1 2 1 8 2 7 31 16 14 35 15 3 5 0
2 2 6 5 1 1 4 9 5 7 34 17 6 9 7 3 15 1
3 3 3 5 2 4 3 9 2 3 13 2 10 4 13 3 5 1
1 1 1 4 1 5 4 12 5 7 1 17 6 9 5 5 10 1
2 4 6 6 1 5 2 2 2 7 30 16 14 6 12 3 12 1
2 2 6 1 1 4 1 9 5 7 30 18 20 10 5 3 12 1
3 2 4 5 1 2 1 8 2 7 31 16 14 35 15 3 5 1
3 2 6 1 1 4 2 8 2 7 30 16 14 6 12 3 12 0
3 2 3 6 2 1 1 8 2 7 31 16 14 35 15 5 10 1
1 1 3 5 3 1 4 2 2 7 24 16 14 35 11 5 10 1
4 2 3 4 1 1 1 8 2 7 31 16 19 6 15 3 5 0
1 1 5 2 2 4 4 12 5 7 1 17 6 9 5 5 10 1
3 4 3 4 1 4 3 8 5 7 31 17 6 9 5 3 5 1
2 2 3 2 2 5 3 8 2 7 31 16 14 35 10 3 9 1
1 1 4 4 2 2 4 8 5 7 33 17 6 9 4 3 8 1
2 1 4 4 1 4 3 9 1 7 37 15 18 47 7 5 10 0
1 3 4 5 2 1 3 8 5 7 23 14 22 11 7 3 9 1
3 1 5 5 1 1 3 8 2 7 31 16 14 35 10 5 10 1
5 1 4 6 1 1 1 8 2 7 31 16 14 29 10 5 10 1
1 3 2 2 1 5 3 8 1 7 37 15 18 47 7 3 12 1
1 2 4 2 2 4 4 9 7 2 39 9 25 43 1 5 10 1
3 4 4 1 2 3 2 11 2 7 30 16 14 6 12 3 12 0
1 1 5 5 1 5 4 12 5 3 9 4 21 40 4 5 10 0
5 3 4 6 1 1 1 8 5 7 32 18 20 28 9 3 12 0
2 4 6 2 1 3 3 8 5 7 31 17 6 9 5 3 16 1
3 3 5 4 1 4 1 9 2 7 31 16 14 35 15 3 5 1
3 3 5 1 1 3 2 9 2 7 30 16 14 6 12 3 12 1
1 2 4 2 1 5 1 11 6 3 28 5 3 31 8 5 10 1
3 3 4 2 2 3 3 8 2 7 31 16 14 35 10 3 16 0
2 2 5 1 1 2 3 8 5 7 31 17 6 9 5 3 16 0
3 1 5 5 2 4 4 2 5 7 24 17 6 9 4 3 1 0
4 4 3 5 1 2 1 8 5 7 30 18 20 10 5 3 12 1
1 2 5 6 1 4 1 8 2 7 31 16 14 35 15 5 10 1
2 1 3 1 1 1 3 9 5 7 31 17 6 9 5 3 1 1
1 1 5 6 1 2 4 8 5 3 37 4 27 45 4 3 16 0
5 1 1 5 1 2 2 8 2 7 30 16 14 6 12 3 12 0
3 2 5 5 1 3 3 9 2 7 31 16 14 35 10 3 5 1
3 2 5 6 1 5 1 8 2 7 31 16 14 35 15 3 5 1
5 3 4 2 1 5 1 8 2 7 31 16 14 29 10 5 10 0
4 3 2 6 1 3 2 8 2 7 30 16 14 6 12 3 12 0
1 4 6 6 1 4 3 8 1 7 37 15 18 47 7 3 12 0
4 1 3 5 2 5 3 8 5 7 32 17 6 9 5 3 12 0
3 3 6 1 1 1 2 9 2 7 30 16 14 6 12 3 12 0
5 3 3 6 1 2 1 11 2 7 31 16 19 6 10 3 5 0
1 1 5 4 1 4 4 2 5 7 24 17 6 9 4 3 9 1
4 4 5 6 1 1 3 8 2 7 31 16 19 6 12 3 12 0
5 1 4 6 1 1 4 11 5 7 32 10 2 26 9 3 5 0
1 1 4 3 1 4 3 10 5 7 23 14 22 11 7 3 9 0
1 2 3 3 2 4 3 10 5 7 23 14 22 11 7 3 1 0
3 2 5 5 1 2 2 11 2 7 30 16 14 6 12 3 12 1
2 3 5 2 2 5 3 8 5 7 31 17 6 9 5 3 16 0
1 1 4 5 3 1 4 9 2 7 24 16 14 35 11 3 5 1
3 4 4 1 1 3 1 9 5 7 30 18 20 10 5 3 12 1
3 2 4 3 2 3 3 9 2 7 31 16 14 35 10 3 16 1
1 1 5 4 1 1 3 9 5 7 23 14 22 11 7 3 16 1
3 1 5 4 1 2 4 8 2 7 24 16 14 35 11 5 10 1
2 3 6 2 2 5 2 11 2 7 30 16 14 6 12 3 12 0
5 2 4 3 2 5 4 8 5 7 31 17 6 9 5 3 12 0
4 3 5 2 1 4 1 9 2 7 31 16 14 35 15 3 5 1
1 3 6 5 1 5 4 8 5 7 34 17 6 9 7 3 1 0
2 2 5 2 1 3 4 9 2 7 24 16 14 35 11 3 5 1
1 1 5 5 3 1 1 2 6 7 28 12 17 38 3 5 10 0
1 3 6 3 1 5 1 8 6 5 28 12 17 14 17 3 9 1
4 2 5 4 1 1 4 8 5 7 33 17 6 9 7 3 5 0
1 2 5 5 1 5 1 8 6 7 6 12 17 19 17 5 10 0
5 1 5 1 1 2 1 8 2 7 31 16 14 29 10 5 10 0
5 2 4 5 1 1 1 9 2 7 31 16 14 35 15 5 10 1
5 1 3 5 2 5 1 10 2 7 31 16 19 6 10 3 5 0
3 3 3 6 2 2 2 8 2 7 30 16 14 6 12 3 12 1
1 3 4 6 1 1 4 9 5 7 24 17 6 9 4 5 10 1
2 1 5 2 2 1 2 9 2 7 30 16 14 6 12 3 12 0
3 4 3 3 2 4 3 8 2 7 34 16 14 35 12 3 5 1
2 1 3 5 1 5 3 9 2 3 13 2 10 4 13 5 10 1
2 4 6 3 1 4 3 8 5 7 31 17 6 9 5 3 5 0
2 4 6 4 2 5 3 8 5 7 31 17 6 9 5 3 1 1
4 3 4 3 2 3 4 8 7 7 31 9 16 37 4 3 9 0
3 1 4 4 1 5 4 10 5 7 24 17 6 9 4 5 10 1
1 1 3 3 1 5 4 8 2 7 24 16 14 35 11 3 9 0
1 4 5 5 3 3 4 13 5 3 17 4 27 1 7 3 1 1
3 3 5 5 1 4 1 10 2 7 31 16 14 35 15 3 5 0
2 4 4 1 1 3 1 8 5 7 30 18 20 10 5 3 12 1
1 2 2 2 1 1 3 3 5 7 23 14 22 11 7 3 12 1
1 3 4 6 1 1 3 9 5 7 23 14 22 11 7 3 9 1
4 4 5 2 1 2 1 8 2 7 31 16 19 6 15 3 5 0
1 1 5 5 1 4 4 3 5 5 35 17 6 13 4 5 10 0
3 2 6 1 2 5 4 8 7 7 31 9 16 37 4 3 12 1
5 3 5 1 1 5 1 8 2 7 31 16 14 29 10 5 10 0
1 1 3 2 1 2 2 8 2 7 30 16 14 6 12 3 12 0
3 2 6 4 2 1 1 8 2 7 31 16 19 6 10 5 10 1
5 2 4 5 1 1 1 8 2 7 32 16 19 6 15 3 12 0
2 3 4 4 2 5 3 11 2 7 31 16 14 35 10 3 9 1
2 2 2 2 2 2 3 8 5 7 23 14 22 11 7 3 5 1
3 2 2 5 1 2 4 8 5 7 31 17 6 9 5 5 10 1
2 3 4 5 1 3 4 12 5 7 1 17 6 9 5 5 10 1
3 4 6 1 1 2 2 9 2 7 30 16 14 6 12 3 12 1
4 4 5 6 1 4 1 8 2 7 31 16 19 6 15 3 5 0
3 2 2 4 2 1 3 11 2 7 34 16 14 35 12 3 5 0
3 4 3 1 1 4 1 11 5 7 30 18 20 10 5 3 12 0
5 1 2 6 1 1 2 10 2 7 30 16 14 6 12 3 12 0
3 1 4 1 1 3 2 10 2 7 30 16 14 6 12 3 12 1
1 2 4 6 2 5 4 2 2 7 31 16 14 9 5 3 9 1
2 4 3 3 1 2 4 9 7 7 31 9 16 37 4 5 10 1
4 1 3 5 1 2 1 9 2 7 31 16 14 35 15 5 10 1
1 1 5 6 1 2 4 8 5 7 33 17 6 9 7 3 1 1
2 2 4 2 1 2 4 10 5 7 32 18 20 10 4 3 12 0
2 1 3 4 1 5 4 13 5 3 13 4 21 40 4 5 10 0
1 3 5 2 1 5 1 8 6 5 28 12 17 14 17 3 9 1
2 3 4 5 1 4 1 7 2 7 31 16 14 35 15 3 12 1
1 3 5 5 1 4 3 8 2 7 31 16 14 35 10 3 9 1
2 2 5 6 2 3 2 8 2 7 30 16 14 6 12 3 12 0
1 1 4 5 1 2 1 8 6 3 28 5 3 31 8 5 10 1
2 2 4 2 2 5 3 8 5 7 31 17 6 9 5 3 16 0
2 3 2 2 1 2 3 8 5 7 31 17 6 9 5 3 16 1
3 3 2 4 1 3 3 8 5 7 31 17 6 9 5 3 5 1
4 4 3 1 1 4 1 9 5 7 30 18 20 10 5 3 12 1
1 1 5 5 1 5 4 8 5 7 1 17 6 9 5 5 10 1
3 1 5 3 2 5 4 12 7 7 31 9 16 37 4 3 12 0
1 4 2 6 1 3 4 2 5 3 17 4 27 1 7 5 10 1
3 3 4 1 1 2 2 8 2 7 30 16 14 6 12 3 12 1
2 2 3 1 1 3 2 8 2 7 30 16 14 6 12 3 12 1
1 2 4 5 2 5 1 3 6 7 6 12 17 19 17 5 10 0
5 4 5 5 1 4 2 8 2 7 30 16 19 6 12 3 12 0
4 3 6 2 1 3 2 8 2 7 30 16 14 6 12 3 12 1
2 1 5 2 1 4 3 8 5 7 31 17 6 9 5 3 16 1
2 4 1 4 2 4 3 8 2 7 36 16 14 35 12 3 5 1
1 2 3 4 2 2 4 9 5 7 34 17 6 9 7 3 1 1
1 1 2 2 1 1 3 7 5 7 31 17 6 9 5 3 9 1
2 3 5 2 1 2 3 8 5 7 31 17 6 9 5 3 16 1
3 2 4 3 2 5 3 8 5 7 31 17 6 9 5 3 12 1
1 1 6 6 2 5 3 3 5 7 33 17 6 9 5 5 10 1
3 3 5 4 1 4 1 9 2 7 31 16 14 35 15 3 5 1
2 1 2 4 1 3 4 3 5 3 9 4 21 40 4 5 10 1
4 3 4 4 1 5 1 8 2 7 31 16 14 35 15 5 10 0
1 3 5 2 1 2 1 9 2 7 22 16 14 5 10 3 9 1
1 1 1 3 1 2 4 9 2 7 24 16 14 35 11 3 5 1
2 2 3 2 1 3 2 9 5 7 17 18 20 22 7 3 12 1
4 1 5 2 1 3 1 10 2 7 31 16 14 35 15 3 5 1
4 3 4 3 2 5 1 9 5 7 30 18 20 10 5 3 12 0
1 2 5 3 3 4 3 9 5 7 31 17 6 9 5 3 1 1
1 1 3 1 1 5 4 3 5 3 8 4 21 21 7 5 10 0
2 2 4 3 2 4 3 9 2 7 31 16 14 35 10 3 9 1
3 3 4 5 1 3 1 7 2 7 31 16 19 6 15 3 12 1
3 1 4 2 1 4 3 8 5 7 31 17 6 9 5 3 5 0
3 1 1 4 2 5 4 8 5 7 34 17 6 9 4 3 9 0
4 3 2 5 1 5 3 11 5 7 32 17 6 9 5 3 12 0
2 1 4 1 1 2 2 8 2 7 30 16 14 6 12 3 12 1
1 2 2 5 2 5 4 10 5 7 33 17 6 9 4 3 1 1
1 1 5 4 2 5 3 2 2 7 36 16 14 35 12 5 10 0
5 2 6 6 2 3 4 8 5 7 32 10 2 16 2 3 5 0
2 1 5 1 2 3 4 8 5 7 34 17 6 9 4 3 16 1
4 4 4 1 1 2 1 9 5 7 30 18 20 10 5 3 12 1
3 2 5 5 1 5 1 8 2 7 31 16 14 35 15 3 5 1
3 4 6 1 2 4 2 8 2 7 30 16 14 6 12 3 12 1
5 1 2 1 1 1 4 8 2 7 31 16 19 6 11 3 9 0
2 4 3 1 1 4 3 8 5 7 31 17 6 9 5 3 16 0
5 3 6 6 1 1 1 8 2 7 31 16 14 29 10 3 5 0
1 2 2 2 1 5 3 8 5 7 31 17 6 9 5 3 12 1
2 1 2 2 1 3 4 8 5 7 23 14 22 11 4 3 9 0
5 2 5 6 1 1 4 8 5 7 31 17 6 9 5 3 12 1
4 4 6 1 1 4 2 8 2 7 30 16 14 6 12 3 12 1
4 3 6 5 1 5 1 8 2 7 31 16 14 35 15 3 5 0
3 1 5 1 1 3 1 9 5 7 30 18 20 10 5 3 12 1
3 4 4 4 1 4 2 9 2 7 30 16 14 6 12 3 12 1
4 2 6 6 1 1 4 2 5 7 32 18 20 10 4 3 12 0
4 4 4 1 1 1 4 9 5 7 31 17 6 9 5 3 12 0
4 2 4 5 2 2 4 8 7 7 31 9 16 37 4 3 12 0
4 1 6 1 1 4 2 8 2 7 30 16 14 6 12 3 12 1
2 1 3 3 2 4 3 8 2 7 31 16 14 35 10 3 9 1
4 1 4 6 2 3 1 7 2 7 31 16 19 6 10 3 5 0
1 2 4 5 1 1 3 2 5 7 23 14 22 11 7 3 9 1
3 2 5 1 2 1 3 8 1 7 37 15 18 47 7 3 12 1
1 2 2 2 1 3 4 8 5 7 34 17 6 9 7 3 1 1
3 4 3 1 1 3 2 9 2 7 30 16 14 6 12 3 12 1
4 2 5 6 1 1 3 8 5 7 32 18 20 39 9 3 12 0
1 4 4 4 1 2 3 7 5 7 31 17 6 9 5 3 9 1
1 1 4 3 2 5 1 3 6 3 28 5 3 31 8 5 10 0
3 2 5 1 1 3 2 8 2 7 30 16 14 6 12 3 12 1
3 3 2 1 1 4 2 8 2 7 30 16 14 6 12 3 12 1
4 2 5 1 1 3 1 8 5 7 30 18 20 10 5 3 12 1
3 3 3 1 1 4 2 8 2 7 30 16 14 6 12 3 12 0
2 4 5 3 1 5 4 12 7 7 32 9 16 37 4 3 12 1
4 2 4 6 1 1 3 10 5 7 31 17 6 9 5 5 10 1
3 4 4 1 1 3 2 7 2 7 30 16 14 6 12 3 12 1
2 2 3 5 1 5 3 8 5 7 31 17 6 9 5 5 10 1
4 3 3 1 1 1 2 10 2 7 30 16 14 6 12 3 12 0
3 3 4 3 1 2 4 8 5 7 34 17 6 9 7 3 1 1
1 1 5 5 1 2 1 6 3 3 10 3 26 44 16 5 10 0
3 1 6 5 1 4 1 9 2 7 31 16 19 6 15 5 10 1
1 4 2 3 1 3 3 8 7 7 39 9 16 37 7 3 12 0
5 4 3 4 2 3 1 8 2 7 31 16 14 35 15 3 5 0
3 4 6 2 1 4 2 8 2 7 30 16 14 6 12 3 12 1
1 2 4 3 1 2 4 12 5 3 17 4 27 1 7 3 9 0
2 3 5 1 1 3 2 11 2 7 30 16 14 6 12 3 12 1
3 1 4 1 1 2 2 9 2 7 30 16 14 6 12 3 12 1
1 1 3 3 2 1 3 11 5 7 23 14 22 11 7 3 5 0
3 2 6 2 1 3 3 8 5 7 23 14 22 11 7 3 1 1
1 3 3 6 1 1 3 9 5 7 23 14 22 11 7 3 1 1
2 2 4 1 1 2 3 8 5 7 31 17 6 9 5 3 1 1
3 3 2 2 2 5 3 8 2 7 31 16 14 35 10 3 9 1
4 4 4 4 1 5 1 8 2 7 31 16 14 35 15 3 5 0
1 3 2 6 1 4 3 8 5 7 31 17 6 9 5 3 12 1
2 1 6 1 1 5 4 8 5 7 31 17 6 9 5 3 12 1
1 3 3 6 2 5 4 2 5 7 34 17 6 9 7 3 1 1
2 2 3 4 1 2 2 10 2 7 30 16 14 6 12 3 12 0
1 2 6 3 2 3 3 8 5 7 23 14 22 11 7 5 10 1
3 2 5 4 2 3 3 8 2 7 34 16 14 35 12 3 5 0
1 1 1 1 3 5 3 5 2 7 36 16 24 30 10 5 10 0
5 3 4 6 1 4 1 8 2 7 31 16 14 35 15 3 5 0
4 2 5 2 1 3 4 10 2 7 31 16 14 9 5 3 12 1
5 1 4 1 1 2 1 9 2 7 31 16 19 6 10 3 9 0
4 1 3 6 1 3 4 8 2 7 31 16 19 6 11 3 5 0
3 3 3 1 1 4 1 8 5 7 30 18 20 10 5 3 12 0
3 3 3 2 2 2 3 8 5 7 31 17 6 9 5 3 16 0
1 3 4 5 1 4 1 2 2 7 31 16 14 35 15 5 10 1
3 3 2 1 2 2 2 8 2 7 30 16 14 6 12 3 12 0
5 4 4 6 1 5 4 8 5 7 32 18 20 10 4 3 12 0
3 4 2 1 1 2 1 9 5 7 30 18 20 10 5 3 12 0
2 3 2 3 1 1 4 9 5 7 24 17 6 9 4 5 10 1
4 4 3 3 1 2 1 9 2 7 31 16 19 6 10 5 10 1
5 1 4 3 1 5 4 13 2 6 29 16 14 9 5 5 10 1
5 3 4 6 1 2 3 8 5 7 32 17 6 9 5 3 12 0
1 1 6 5 2 4 4 13 5 3 18 4 21 21 7 5 10 0
4 3 3 3 1 4 1 9 2 7 31 16 14 35 15 5 10 1
1 1 3 5 3 5 3 4 2 7 31 16 14 35 10 5 10 0
4 2 5 1 2 1 4 9 7 7 31 9 16 37 4 3 12 0
5 3 4 2 1 2 1 7 2 7 31 16 14 35 15 5 10 1
3 1 5 4 1 3 3 11 2 7 31 16 14 35 10 3 15 1
4 1 3 1 2 2 4 8 5 7 31 17 6 9 5 3 12 0
1 3 5 3 1 2 4 14 5 7 24 17 6 9 4 3 12 0
4 3 6 2 2 3 2 8 2 7 30 16 14 6 12 3 12 1
3 3 2 1 1 4 2 8 2 7 30 16 14 6 12 3 12 1
4 1 4 6 1 5 4 8 5 3 19 4 27 1 7 3 12 0
2 2 4 3 1 5 1 10 2 7 31 16 14 35 15 3 5 1
1 2 4 2 1 5 3 11 5 7 23 14 22 11 7 5 10 1
2 1 5 5 1 3 4 10 2 7 24 16 14 35 11 3 9 0
3 3 4 4 2 4 3 8 2 7 31 16 14 35 10 3 9 0
5 2 6 3 2 2 1 10 2 7 32 7 15 36 15 3 5 0
1 1 5 2 1 4 3 8 5 7 31 17 6 9 5 3 5 1
3 2 3 3 2 3 3 11 5 7 31 17 6 9 5 3 16 0
1 2 4 6 1 5 4 14 5 7 31 17 6 9 5 5 10 1
2 3 2 2 1 5 4 8 5 7 24 17 6 9 4 3 9 1
1 3 5 3 1 5 1 3 2 7 22 16 14 5 10 5 10 1
2 4 5 4 1 2 3 8 2 7 31 16 14 35 10 3 9 1
3 4 2 6 1 3 1 8 2 7 31 16 14 35 15 3 5 0
1 1 1 2 1 5 3 8 5 7 23 14 22 11 7 3 1 1
3 3 4 1 1 4 2 8 2 7 30 16 14 6 12 3 12 1
2 1 5 5 2 2 4 11 5 7 34 17 6 9 7 3 1 1
1 4 3 6 1 5 1 2 3 7 31 11 30 9 5 5 10 1
1 2 6 3 1 2 4 8 5 7 33 17 6 9 7 3 1 1
3 3 3 1 1 4 2 12 2 7 30 16 14 6 12 3 12 1
1 2 5 4 2 3 3 3 5 7 31 17 6 9 5 3 9 1
5 3 6 3 2 5 3 8 2 7 31 16 14 35 10 3 5 0
4 2 6 1 1 4 2 8 2 7 30 16 14 6 12 3 12 1
3 4 4 3 1 1 1 7 2 7 31 16 14 35 15 3 12 1
2 1 3 2 2 5 3 9 5 7 23 14 22 11 7 3 1 1
1 2 5 6 1 2 4 8 5 7 33 17 6 9 7 3 1 1
4 3 2 6 1 5 1 9 2 7 31 16 19 6 10 3 5 0
5 1 1 3 1 3 1 8 2 7 31 16 19 6 15 5 10 1
4 3 6 5 1 4 4 8 5 7 31 17 6 9 7 3 5 0
5 4 4 5 1 3 1 7 2 7 31 16 19 6 10 5 10 1
2 1 3 3 2 5 4 10 5 7 33 17 6 9 4 5 10 1
3 4 2 2 1 4 2 8 2 7 30 16 14 6 12 3 12 1
5 3 5 2 1 4 1 11 2 7 31 16 19 6 10 3 5 1
2 3 6 4 1 1 1 8 2 7 31 16 14 35 15 3 9 1
3 4 4 6 1 5 2 9 2 7 30 16 14 6 12 3 12 0
3 4 5 1 2 3 2 8 2 7 30 16 14 6 12 3 12 1
3 3 5 1 1 5 2 8 2 7 30 16 14 6 12 3 12 1
4 2 4 5 1 3 4 8 2 7 31 16 19 6 11 3 5 0
2 2 6 1 1 5 1 8 2 7 31 16 14 35 15 3 9 1
3 2 3 2 2 1 3 8 2 7 31 16 14 35 10 3 5 1
3 2 2 1 1 2 2 9 2 7 30 16 14 6 12 3 12 1
2 3 5 1 2 2 4 8 5 7 34 17 6 9 4 3 16 0
2 4 5 4 1 4 1 9 5 7 30 18 20 10 5 5 10 1
3 1 3 2 1 4 4 10 7 7 31 9 16 37 4 3 12 0
5 1 3 6 2 1 1 11 2 7 31 16 19 6 15 3 5 0
4 3 5 3 1 5 4 9 5 7 31 17 6 9 7 3 5 0
2 1 6 2 1 2 3 8 5 7 31 17 6 9 5 3 5 0
2 2 2 3 2 3 3 8 5 7 23 14 22 11 7 3 9 1
3 2 5 1 1 3 2 8 2 7 30 16 14 6 12 3 12 0
2 4 6 4 1 4 3 8 5 7 31 17 6 9 5 3 12 0
1 2 5 5 1 3 4 8 5 7 24 17 6 9 4 5 10 0
2 2 5 5 2 5 1 8 6 3 28 5 3 31 8 5 10 0
5 3 6 6 1 5 2 11 2 7 30 16 14 6 12 3 12 0
3 1 6 1 1 2 2 8 2 7 30 16 14 6 12 3 12 1
2 3 3 3 2 2 4 8 5 7 34 17 6 9 7 3 16 0
3 3 6 2 1 2 2 8 2 7 30 16 14 6 12 3 12 1
1 1 4 2 1 4 2 8 2 7 30 16 14 6 12 3 5 0
1 1 6 2 1 4 4 8 2 5 36 2 7 3 12 5 10 0
2 2 3 1 1 3 2 8 2 7 30 16 14 6 12 3 12 1
1 1 1 4 2 5 1 4 6 7 28 12 17 38 3 5 10 1
5 3 4 6 1 2 1 8 2 7 31 16 14 35 15 5 10 1
4 2 2 2 1 3 2 8 2 7 30 16 14 6 12 3 12 1
3 3 6 1 2 4 2 9 2 7 30 16 14 6 12 3 12 1
5 3 5 2 2 1 1 10 2 7 31 16 14 29 10 5 10 1
3 1 4 3 1 4 3 8 5 7 23 14 22 11 7 3 1 1
2 1 5 4 1 3 3 7 2 7 1 16 14 35 16 5 10 0
1 1 4 3 1 3 4 5 3 7 25 3 26 9 5 5 10 0
1 3 5 4 1 2 3 8 5 7 23 14 22 11 7 3 1 1
1 3 5 3 1 3 3 8 5 7 23 14 22 11 7 5 10 1
4 1 6 5 1 4 3 8 2 7 34 16 14 35 12 3 5 0
3 3 5 1 1 1 4 8 7 7 31 9 16 37 4 3 12 0
5 2 6 5 1 4 1 8 2 7 31 16 19 6 10 3 5 0
1 1 4 3 2 5 4 10 5 5 35 17 6 13 4 5 10 1
3 2 6 3 2 1 3 8 2 7 31 16 14 35 10 3 5 1
3 2 6 1 2 1 4 8 7 7 31 9 16 37 4 3 12 0
2 4 4 2 1 3 2 10 2 7 30 16 14 6 12 3 12 0
2 3 3 2 1 4 3 7 5 7 31 17 6 9 5 3 16 1
4 1 2 3 1 1 1 9 2 7 31 16 19 6 10 5 10 1
1 3 3 3 1 4 3 12 2 7 31 16 14 35 10 5 10 1
1 1 6 5 1 1 4 9 2 7 24 16 14 35 11 3 5 1
4 1 4 4 1 1 4 8 2 7 31 16 19 6 11 3 5 1
1 3 4 2 1 5 3 8 5 7 31 17 6 9 5 5 10 0
3 4 5 2 1 3 2 8 2 7 30 16 14 6 12 3 12 1
2 3 2 2 2 5 4 8 5 7 34 17 6 9 4 3 9 1
4 4 4 6 1 3 3 9 2 7 34 16 14 35 12 3 5 0
5 3 2 5 1 2 3 8 5 7 32 17 6 9 5 3 5 0
4 2 3 4 1 4 1 9 2 7 31 16 19 6 10 3 5 1
5 1 6 2 1 1 1 8 2 4 30 7 15 27 15 3 5 0
5 4 3 4 1 4 1 8 2 7 31 16 14 35 15 5 10 1
5 3 5 2 2 2 1 8 2 7 31 16 19 6 10 3 5 1
1 4 2 4 1 5 1 8 3 7 31 11 30 9 5 3 1 1
2 2 3 3 1 4 3 3 5 7 31 17 6 9 5 3 9 1
4 2 4 1 2 1 2 10 2 7 30 16 14 6 12 3 12 1
2 1 4 6 1 3 3 9 5 7 31 17 6 9 5 3 12 0
3 2 5 5 1 1 3 11 2 7 31 16 14 35 10 3 5 1
4 1 2 5 1 5 4 8 5 7 33 17 6 9 7 5 10 0
5 1 2 6 2 3 4 11 5 7 32 10 2 16 2 3 5 0
3 2 4 4 1 3 4 8 5 7 33 17 6 9 7 3 5 1
2 1 5 2 1 1 4 9 5 7 24 17 6 9 4 3 16 0
3 1 2 6 1 5 1 9 2 7 31 16 14 35 15 3 5 0
1 1 3 3 1 4 3 12 2 7 1 16 14 35 16 5 10 1
1 1 4 4 1 3 4 11 5 3 17 4 27 1 7 3 1 1
2 2 6 3 2 4 4 8 5 7 33 17 6 9 7 5 10 1
3 2 5 2 2 2 1 8 2 7 31 16 14 35 15 3 5 1
1 1 4 3 3 1 1 3 6 3 28 5 3 31 8 5 10 1
4 4 5 6 1 2 1 8 2 7 31 16 14 35 15 5 10 1
3 3 6 4 1 5 3 9 2 7 31 16 14 35 10 3 9 1
5 2 4 5 1 1 4 11 2 7 30 16 19 6 10 3 5 0
4 4 5 1 1 3 1 8 2 7 31 16 19 6 15 3 5 0
1 2 4 4 1 3 4 8 5 7 24 17 6 9 4 3 5 1
2 3 3 2 1 3 2 8 2 7 30 16 14 6 12 3 12 0
1 1 5 5 2 3 4 11 5 7 24 17 6 9 4 3 5 1
2 2 4 2 2 5 4 11 5 3 19 4 27 1 7 3 12 0
1 1 1 5 3 5 4 2 5 5 35 17 6 13 4 5 10 0
5 3 5 3 2 3 1 8 2 7 31 16 19 6 15 5 10 1
3 1 2 1 2 4 4 9 5 2 38 17 6 9 16 3 9 0
4 3 2 1 1 4 4 9 5 7 31 17 6 9 5 3 12 0
3 2 5 1 1 3 2 8 2 7 30 16 14 6 12 3 12 1
3 2 5 2 2 4 3 10 5 7 31 17 6 9 5 3 16 0
4 3 1 1 1 4 2 8 2 7 30 16 14 6 12 3 12 1
1 2 5 3 3 3 3 9 5 7 31 17 6 9 5 3 1 1
1 3 4 5 2 5 1 3 3 1 5 13 29 46 16 5 10 1
1 3 6 4 1 2 4 8 2 7 24 16 14 35 11 3 9 1
2 3 4 2 2 4 3 10 2 7 31 16 14 35 10 3 9 1
1 1 5 3 1 4 3 12 2 7 36 16 14 35 13 5 10 0
2 1 5 4 1 1 3 9 5 7 23 14 22 11 7 3 16 1
3 2 5 3 1 1 3 8 5 7 31 17 6 9 5 3 12 0
1 1 5 3 2 2 3 9 5 7 31 17 6 9 5 3 16 1
3 4 5 1 1 2 1 8 5 7 30 18 20 10 5 3 12 1
4 2 5 1 1 2 4 8 7 7 32 9 16 37 4 3 12 1
2 4 6 1 1 2 1 8 5 7 30 18 20 10 5 3 12 0
2 2 2 4 1 3 3 8 5 7 31 17 6 9 5 3 12 0
2 2 5 2 1 5 1 9 2 7 31 16 14 35 15 3 5 1
1 2 4 6 1 4 3 2 2 7 1 16 14 35 16 5 10 1
5 3 3 4 1 1 1 8 2 7 31 16 19 6 15 5 10 1
3 1 5 5 2 4 4 11 5 2 36 17 6 9 16 5 10 0
4 4 3 1 1 2 2 8 2 7 30 16 14 6 12 3 12 1
3 3 4 1 1 2 1 8 5 7 30 18 20 10 5 3 12 0
3 2 6 2 1 4 4 8 7 7 31 9 16 37 4 3 12 1
1 3 5 3 1 3 3 8 5 7 31 17 6 9 5 3 1 1
4 1 5 5 1 4 3 8 5 7 31 17 6 9 5 3 5 1
2 1 4 3 1 2 3 10 5 7 23 14 22 11 7 3 5 1
2 1 5 5 1 1 3 8 5 7 23 14 22 11 7 3 5 1
3 2 5 2 1 2 4 9 5 7 30 10 5 48 4 3 12 1
2 3 4 1 1 3 2 10 2 7 30 16 14 6 12 3 12 1
3 4 3 3 2 5 1 8 2 7 22 16 14 5 10 3 1 0
3 1 6 6 3 2 3 8 2 7 31 16 14 35 10 3 16 1
4 4 4 2 2 3 1 8 2 7 31 16 19 6 10 3 5 1
1 4 2 6 3 4 4 2 5 3 17 4 27 1 7 3 1 1
2 2 5 1 1 3 2 8 2 7 30 16 14 6 12 3 12 0
5 2 3 2 1 3 2 8 2 7 30 16 14 6 12 3 12 1
5 3 5 5 1 3 1 8 2 7 31 16 14 35 15 5 10 1
2 4 4 2 2 2 4 8 5 7 24 17 6 9 4 3 5 0
3 4 5 1 1 3 1 8 5 7 30 18 20 10 5 3 12 0
3 4 4 1 1 4 1 9 5 7 30 18 20 10 5 3 12 1
4 3 4 5 1 5 1 9 2 7 31 16 14 35 15 5 10 1
1 2 5 4 1 5 3 8 5 7 31 17 6 9 5 3 1 1
1 2 3 4 3 1 3 2 5 7 23 14 22 11 7 3 5 0
5 4 5 6 1 1 1 8 2 7 31 16 14 35 15 3 5 0
2 1 6 5 1 3 4 12 2 7 24 16 14 35 11 3 5 1
3 2 4 2 2 3 3 8 2 7 31 16 14 35 10 5 10 0
2 3 3 5 1 2 4 10 5 7 34 17 6 9 7 3 16 0
3 1 2 2 1 5 4 9 5 7 33 17 6 9 4 5 10 1
2 1 5 1 2 5 4 8 5 7 33 17 6 9 4 3 1 1
1 2 5 4 1 1 3 2 5 7 31 17 6 9 5 5 10 1
1 1 3 3 1 4 3 8 5 7 31 17 6 9 5 3 5 1
4 4 4 5 1 5 1 7 2 7 31 16 14 35 15 5 10 1
3 4 6 4 1 5 2 8 2 7 30 16 14 6 12 3 12 1
4 4 6 1 1 4 2 8 2 7 30 16 14 6 12 3 12 1
2 2 4 5 2 1 4 9 5 7 24 17 6 9 4 5 10 1
1 1 4 3 2 5 2 4 2 7 30 16 14 6 12 3 12 1
1 1 5 2 2 1 4 3 2 7 31 16 14 9 5 5 10 1
5 4 2 5 2 3 2 8 2 7 30 16 19 6 12 3 12 0
3 3 5 3 1 3 2 8 2 7 30 16 14 6 12 3 12 0
1 3 5 2 1 4 1 6 6 3 28 5 3 31 8 5 10 1
4 4 5 1 1 4 2 8 2 7 30 16 14 6 12 3 12 1
1 2 2 6 1 1 4 8 5 7 24 17 6 9 4 3 16 1
5 1 5 6 2 5 3 10 2 7 32 16 19 6 13 3 5 0
4 3 3 2 2 1 2 9 2 7 30 16 14 6 12 3 12 1
3 4 3 4 1 2 1 8 2 7 31 16 14 35 15 3 5 0
2 1 2 6 2 5 3 8 5 7 33 17 6 9 5 5 10 0
5 2 4 5 1 5 4 9 2 7 31 16 19 6 11 5 10 1
1 1 3 4 2 5 4 12 5 3 14 4 21 40 4 5 10 0
4 3 5 1 1 2 1 9 5 7 30 18 20 10 5 3 12 0
5 2 5 2 2 2 1 8 2 7 31 16 19 6 10 3 5 0
2 3 3 1 2 4 2 2 2 7 30 16 14 6 12 3 12 1
2 2 4 5 1 4 4 9 2 7 24 16 14 35 11 5 10 1
2 2 5 1 2 4 3 9 5 7 31 17 6 9 5 3 16 0
3 2 3 3 2 5 3 8 2 7 34 16 14 35 12 3 12 0
1 3 5 4 1 3 3 8 5 7 31 17 6 9 5 5 10 1
4 4 4 1 1 3 2 8 2 7 30 16 14 6 12 3 12 0
3 3 4 5 1 5 1 9 2 7 31 16 19 6 15 3 12 0
4 4 5 3 1 3 1 8 5 7 30 18 20 10 5 3 12 0
2 4 5 5 2 4 3 8 5 7 23 14 22 11 7 3 9 1
4 4 5 1 1 3 2 8 2 7 30 16 14 6 12 3 12 0
2 3 4 1 2 4 1 8 5 7 30 18 20 10 5 3 12 0
4 4 2 1 1 4 4 8 5 7 31 17 6 9 5 3 12 1
1 2 5 2 3 4 4 3 5 7 33 17 6 9 4 3 1 1
3 3 2 2 1 5 3 8 5 7 31 17 6 9 5 3 5 0
2 1 5 4 1 5 3 10 5 7 23 14 22 11 7 3 16 1
2 1 6 5 2 3 1 8 6 3 28 5 3 31 8 5 10 0
3 2 2 2 1 4 2 9 2 7 30 16 14 6 12 3 12 1
2 3 2 2 2 3 3 11 2 7 31 16 14 35 10 3 9 1
2 1 5 4 2 2 4 9 5 7 33 17 6 9 7 3 8 1
1 1 3 3 2 3 3 8 5 7 31 17 6 9 5 3 1 1
1 4 3 4 1 5 3 8 5 7 23 14 22 11 7 3 5 1
4 3 5 3 1 4 1 8 2 7 31 16 19 6 10 3 5 0
4 1 5 1 1 4 4 9 7 7 31 9 16 37 4 3 12 1
5 1 1 5 1 5 2 8 2 7 32 16 19 6 12 3 12 0
3 3 4 1 1 1 1 7 5 7 30 18 20 10 5 3 12 1
4 3 5 1 1 3 1 8 5 7 30 18 20 10 5 3 12 1
1 2 1 2 2 5 3 8 5 7 31 17 6 9 5 3 16 1
4 1 5 1 1 3 2 9 2 7 30 16 14 6 12 3 12 1
3 1 4 4 1 5 4 10 5 7 24 17 6 9 4 5 10 1
3 4 4 4 1 5 2 8 2 7 30 16 14 6 12 3 12 1
5 1 3 6 2 2 4 8 2 7 31 16 19 6 11 3 5 0
2 2 5 5 2 3 3 8 2 7 31 16 14 35 10 3 9 1
1 2 3 4 1 5 4 12 5 3 17 4 27 1 7 5 10 1
1 1 1 6 1 4 4 8 5 7 24 17 6 9 4 3 16 0
3 4 5 3 1 1 1 7 2 7 31 16 14 35 15 3 12 1
2 1 5 3 1 3 3 10 5 7 31 17 6 9 5 3 16 0
3 3 3 3 2 4 2 8 2 7 30 16 14 6 12 3 12 0
3 3 5 1 1 3 2 8 2 7 30 16 14 6 12 3 12 1
5 1 5 3 1 2 3 10 2 7 31 16 19 6 10 3 5 0
2 2 3 4 2 3 4 8 5 7 33 17 6 9 7 3 1 1
5 3 2 4 1 4 1 8 2 7 31 16 19 6 10 3 13 0
2 3 6 6 2 2 2 9 2 7 30 16 14 6 12 3 12 1
5 2 6 5 2 5 1 8 2 7 31 16 19 6 10 3 5 0
3 2 5 5 1 4 3 8 2 7 34 16 14 35 12 3 5 0
1 2 5 3 1 1 4 9 2 7 24 16 14 35 11 3 9 1
2 2 6 6 2 4 1 8 2 7 31 16 14 35 15 3 14 1
5 3 4 3 1 5 4 8 5 7 31 17 6 9 5 3 9 0
4 2 5 6 1 3 1 10 2 7 31 16 19 6 10 3 5 1
2 1 2 2 1 1 3 10 5 7 23 14 22 11 7 3 1 1
3 1 5 1 1 3 4 8 5 7 32 10 5 48 4 3 12 0
3 3 5 3 1 3 4 8 2 7 31 16 19 6 11 3 5 0
2 2 3 3 2 5 2 7 2 7 30 16 14 6 12 3 12 0
5 3 2 2 1 4 1 8 2 7 31 16 14 35 15 3 12 0
2 4 3 6 1 2 1 9 2 7 31 16 14 35 15 3 5 1
2 3 5 2 1 2 3 8 5 7 31 17 6 9 5 3 5 1
3 2 6 5 2 1 1 9 2 7 31 16 19 6 10 3 5 1
3 2 3 2 1 5 2 8 2 7 30 16 14 6 12 3 12 1
5 1 3 5 2 5 4 8 5 7 31 17 6 9 5 3 12 0
4 4 4 2 1 3 1 8 5 7 30 18 20 10 5 3 12 1
4 3 6 5 1 1 1 8 5 7 30 18 20 10 5 3 12 1
4 2 3 5 1 3 3 8 2 7 34 16 14 35 12 3 5 0
3 2 3 3 1 2 1 8 2 7 31 16 19 6 15 3 12 1
1 4 4 2 1 4 4 2 5 3 8 4 21 21 7 5 10 1
2 3 5 3 1 5 3 10 5 7 23 14 22 11 7 3 16 1
2 1 2 3 1 5 3 12 7 7 39 9 16 37 7 3 12 1
4 2 4 2 1 4 4 9 2 7 31 16 19 6 11 5 10 1
4 1 1 6 2 5 1 8 2 7 31 16 19 6 10 3 5 1
3 2 5 1 1 3 3 8 2 7 31 16 19 6 12 3 12 0
4 4 3 1 1 5 1 9 5 7 30 18 20 10 5 3 12 1
3 2 5 1 1 4 2 9 2 7 30 16 14 6 12 3 12 1
3 1 4 6 2 5 3 9 5 7 31 17 6 9 5 3 5 1
2 2 3 2 1 5 4 8 5 7 24 17 6 9 4 3 5 0
5 4 2 6 1 3 1 10 2 7 31 16 19 6 10 3 5 1
3 1 2 1 1 3 4 9 5 7 31 17 6 9 5 3 12 1
2 1 6 4 1 2 3 12 2 7 33 16 14 35 10 3 15 0
3 4 4 1 2 4 2 8 2 7 30 16 14 6 12 3 12 0
1 2 2 6 1 1 2 9 2 7 30 16 14 6 12 3 12 1
2 2 5 5 1 2 4 3 5 7 24 17 6 9 4 3 1 1
1 3 3 6 1 2 4 8 5 3 17 4 27 1 7 3 9 1
4 2 4 5 1 2 3 8 2 7 31 16 14 35 10 3 16 1
3 1 3 6 1 4 2 9 2 7 30 16 14 6 12 3 12 1
1 1 3 2 1 1 3 7 5 7 31 17 6 9 5 3 9 1
2 2 4 3 2 5 3 8 2 7 34 16 14 35 12 3 9 0
2 1 1 2 1 5 4 9 5 7 24 17 6 9 4 3 9 1
2 3 2 5 2 2 1 9 5 7 17 18 20 22 3 3 12 0
3 3 3 4 2 1 1 10 2 7 31 16 14 35 15 3 5 1
2 1 6 6 2 4 4 11 5 3 37 4 27 45 4 3 12 0
1 1 3 3 2 4 4 12 5 3 8 4 21 21 7 5 10 1
1 1 4 1 2 5 4 8 5 7 33 17 6 9 4 3 1 1
2 3 5 1 1 3 2 11 2 7 30 16 14 6 12 3 12 1
2 1 3 5 1 5 4 9 5 7 1 17 6 9 5 5 10 1
1 2 5 4 2 1 4 8 5 7 34 17 6 9 7 3 8 0
3 2 4 5 2 3 4 8 5 7 34 17 6 9 7 3 16 0
3 4 2 1 2 2 3 8 5 7 31 17 6 9 5 3 12 0
4 3 5 2 1 5 4 8 5 7 30 10 5 48 4 3 12 1
3 3 3 2 2 4 1 8 2 7 31 16 14 35 15 3 9 0
1 1 5 3 1 3 4 8 5 7 34 17 6 9 7 3 1 1
4 4 5 1 1 2 2 11 2 7 30 16 14 6 12 3 12 1
1 4 5 2 1 5 3 8 5 7 23 14 22 11 7 3 9 1
5 2 5 4 1 2 1 8 5 7 30 18 20 10 5 3 12 1
4 3 3 1 1 5 1 8 5 7 30 18 20 10 5 3 12 1
1 1 5 4 2 5 1 2 6 3 28 5 3 31 8 3 1 0
4 3 3 4 1 4 1 7 2 7 31 16 14 35 15 3 5 1
4 2 5 2 1 4 1 8 2 7 31 16 19 6 10 3 5 0
1 2 5 5 1 3 1 2 6 7 28 12 17 38 3 5 10 1
2 4 5 6 1 5 2 8 2 7 30 16 14 6 12 3 12 1
2 1 4 6 1 5 4 8 5 3 37 4 27 45 4 3 12 0
2 2 4 2 2 1 3 8 5 7 23 14 22 11 7 3 1 1
3 2 4 3 1 4 4 8 5 7 30 10 5 48 4 3 12 1
5 1 4 4 2 2 4 9 2 7 31 16 19 6 11 5 10 1
1 2 4 4 1 2 4 8 5 7 34 17 6 9 7 3 8 1
1 1 4 3 1 1 4 9 2 7 24 16 14 35 11 3 9 1
1 1 4 2 2 5 4 12 2 7 31 16 14 9 5 5 10 0
5 2 2 1 1 3 1 8 5 7 30 18 20 10 5 3 12 1
1 1 4 5 2 5 3 8 2 7 31 16 14 35 10 3 8 1
2 1 4 1 1 4 3 9 1 7 37 15 18 47 7 3 12 1
1 2 5 6 1 3 4 12 5 3 17 4 27 1 7 5 10 1
3 3 5 2 1 2 2 8 2 7 30 16 14 6 12 3 12 1
2 2 3 1 1 4 2 10 2 7 30 16 14 6 12 3 12 0
4 1 5 1 2 2 4 8 7 7 31 9 16 37 4 3 9 0
5 2 5 6 1 3 1 9 2 7 31 16 19 6 10 3 5 0
1 1 4 2 2 4 3 8 1 7 37 15 18 47 7 5 10 1
3 1 5 3 1 4 4 10 2 7 31 16 19 6 11 3 5 0
3 2 5 3 1 3 3 8 5 7 31 17 6 9 5 3 12 0
2 1 4 1 1 2 4 11 7 7 31 9 16 37 4 3 12 1
3 2 6 2 1 4 2 8 2 7 30 16 14 6 12 3 12 1
4 1 3 5 2 2 4 9 2 7 31 16 19 6 11 3 5 0
3 3 6 5 1 1 1 11 2 7 31 16 14 35 15 3 5 1
3 3 4 1 1 1 2 8 2 7 30 16 14 6 12 3 12 1
2 4 2 3 1 1 3 8 5 7 31 17 6 9 5 3 9 1
4 1 3 4 1 3 3 8 5 7 31 17 6 9 5 3 9 1
1 1 5 3 2 1 4 9 2 7 24 16 14 35 11 3 5 1
5 3 2 5 1 2 3 10 2 7 31 16 14 35 10 3 12 0
2 2 3 3 1 1 3 10 5 7 23 14 22 11 7 3 9 1
5 3 5 5 2 4 3 10 5 7 30 18 20 10 5 3 12 0
1 3 4 1 1 4 4 3 5 3 8 4 21 21 7 5 10 1
2 3 2 3 2 2 3 8 5 7 31 17 6 9 5 3 1 1
3 3 3 4 2 3 3 8 2 7 31 16 14 35 10 3 9 1
3 2 4 2 3 5 4 10 5 7 33 17 6 9 4 3 1 0
3 2 5 4 2 3 3 8 5 7 31 17 6 9 5 3 12 0
4 4 5 2 1 1 2 8 2 7 30 16 14 6 12 3 12 1
1 1 4 4 1 5 4 2 5 3 17 4 27 1 7 5 10 1
1 1 5 5 1 2 4 12 5 7 1 17 6 9 5 3 15 1
3 4 5 1 2 5 2 9 2 7 30 16 14 6 12 3 12 1
3 4 4 1 1 3 3 8 5 7 31 17 6 9 5 3 12 0
2 4 3 5 2 3 1 9 2 7 31 16 14 35 15 5 10 1
1 1 5 4 1 1 3 8 5 7 23 14 22 11 7 3 16 1
2 2 5 2 1 1 3 8 5 7 23 14 22 11 7 3 16 1
2 1 3 5 1 5 4 10 5 7 33 17 6 9 7 3 9 0
2 4 3 6 1 3 2 7 2 7 30 16 14 6 12 3 12 0
5 2 6 2 2 4 1 11 2 7 31 16 19 6 15 5 10 1
4 2 3 3 2 3 3 9 5 7 32 17 6 9 5 3 12 0
5 2 5 4 1 4 4 8 2 7 31 16 19 6 11 3 13 0
3 4 5 2 2 4 1 9 5 7 30 18 20 10 5 3 12 1
5 3 4 3 2 1 1 8 2 7 31 16 19 6 10 3 5 1
1 1 3 2 2 1 4 12 5 3 18 4 21 21 7 5 10 0
5 1 4 5 1 3 4 2 5 7 32 4 14 9 5 3 5 0
1 1 5 5 1 5 4 9 5 7 34 17 6 9 7 5 10 0
4 2 4 6 1 5 4 11 5 7 32 18 20 10 4 3 12 0
3 4 2 2 1 2 2 9 2 7 30 16 14 6 12 3 12 0
4 2 6 1 1 1 2 8 2 7 30 16 14 6 12 3 12 0
2 2 2 5 2 1 3 8 5 7 31 17 6 9 5 3 9 0
2 1 6 2 2 2 3 8 5 7 23 14 22 11 7 3 5 0
4 1 1 2 1 2 1 9 2 7 31 16 19 6 10 3 5 0
1 1 2 5 1 4 3 12 2 3 37 2 10 4 13 3 5 1
5 1 4 6 2 2 1 8 2 7 31 16 19 6 10 3 5 0
1 1 1 3 1 2 4 12 2 7 24 16 14 35 11 3 5 1
1 2 3 2 1 4 1 9 5 7 30 18 20 10 5 3 12 1
2 3 5 2 1 2 3 10 5 7 23 14 22 11 7 3 9 1
4 1 3 4 1 1 3 8 2 7 31 16 14 35 10 5 10 0
1 1 5 4 2 2 4 8 5 7 34 17 6 9 7 3 1 1
2 3 4 4 2 1 4 10 5 7 34 17 6 9 7 3 8 1
2 1 1 2 3 5 1 8 6 7 6 12 17 19 17 5 10 0
4 3 3 4 2 4 4 11 5 7 34 17 6 9 7 3 1 1
1 1 2 3 1 1 4 9 2 7 24 16 14 35 11 3 9 1
3 1 5 3 2 2 4 9 2 7 31 16 19 6 11 3 5 1
3 3 6 5 2 1 1 9 2 7 31 16 19 6 10 5 10 1
2 1 2 2 1 5 4 9 5 7 24 17 6 9 4 5 10 1
1 1 6 5 2 2 3 10 5 7 23 14 22 11 7 3 1 1
4 1 5 1 1 1 4 10 7 7 31 9 16 37 4 3 12 0
2 1 6 4 1 4 3 9 2 7 1 16 14 35 16 5 10 0
1 1 4 1 2 5 3 9 1 7 37 15 18 47 7 3 12 0
2 3 5 1 1 2 2 9 2 7 30 16 14 6 12 3 12 1
1 1 3 5 3 1 4 7 2 7 24 16 14 35 11 3 9 1
4 3 5 2 1 3 1 9 2 7 31 16 19 6 10 5 10 0
1 1 1 3 3 3 4 3 5 3 17 4 21 21 7 5 10 1
5 1 2 4 1 2 4 8 5 7 32 10 5 48 4 5 10 0
4 2 3 1 1 3 2 8 2 7 30 16 14 6 12 3 12 1
1 2 4 5 1 1 3 9 5 7 23 14 22 11 7 3 9 1
2 2 4 1 1 3 2 9 2 7 30 16 14 6 12 3 12 1
1 1 5 4 1 4 1 2 6 3 28 5 3 31 8 5 10 1
2 3 6 3 1 3 3 8 5 7 31 17 6 9 5 3 12 0
3 2 3 4 1 1 3 9 5 7 31 17 6 9 5 5 10 1
1 3 5 2 2 4 3 8 5 7 31 17 6 9 5 3 1 1
3 3 3 1 1 3 2 8 2 7 30 16 14 6 12 3 12 1
3 3 4 1 1 2 2 8 2 7 30 16 14 6 12 3 12 1
3 2 3 1 1 3 1 9 5 7 30 18 20 10 5 3 12 0
1 3 5 4 1 4 3 9 5 7 31 17 6 9 5 3 9 1
4 1 3 4 1 1 4 9 5 7 31 17 6 9 5 3 12 1
4 3 4 6 1 3 3 8 5 7 32 17 6 9 5 3 12 0
4 1 5 3 1 4 4 9 7 7 31 9 16 37 4 3 12 0
3 4 2 1 1 2 4 9 5 7 31 17 6 9 5 3 12 0
1 1 5 3 1 5 4 14 2 7 3 16 14 9 5 5 10 0
4 2 5 1 1 3 4 8 7 7 31 9 16 37 4 3 12 0
1 1 4 1 1 1 3 8 5 7 31 17 6 9 5 3 16 1
4 4 6 1 1 4 2 8 2 7 30 16 14 6 12 3 12 1
3 3 4 1 1 3 1 8 5 7 30 18 20 10 5 3 12 1
4 2 5 5 1 4 1 9 2 7 31 16 19 6 15 3 5 1
2 3 3 4 1 1 1 9 2 7 31 16 14 35 15 3 9 1
1 4 5 5 3 4 3 2 2 7 31 16 14 35 10 3 16 1
3 4 5 1 2 4 3 8 2 7 31 16 19 6 12 3 12 1
1 1 2 2 2 3 4 9 5 7 33 17 6 9 4 5 10 1
1 1 2 2 1 2 3 8 5 7 31 17 6 9 5 3 1 1
1 1 2 4 2 2 1 9 6 7 28 12 17 38 3 3 1 1
3 4 5 5 3 3 3 8 2 7 31 16 14 35 10 3 16 1
3 1 2 4 1 2 3 11 5 7 31 17 6 9 5 3 5 1
1 2 6 4 1 5 3 8 5 7 31 17 6 9 5 3 1 1
4 2 4 2 1 2 4 7 5 7 31 17 6 9 7 3 5 1
1 4 4 6 2 2 3 8 2 7 31 16 14 35 10 3 16 1
4 4 6 6 1 5 3 8 5 7 32 17 6 9 5 3 12 0
2 1 4 4 2 2 4 9 5 7 33 17 6 9 4 3 8 1
3 3 3 2 2 3 1 11 2 7 31 16 14 35 15 5 10 1
3 2 5 3 1 4 2 8 2 7 30 16 14 6 12 3 12 0
5 2 4 6 1 5 1 8 2 7 32 7 15 36 15 3 5 0
2 2 3 3 2 2 3 9 2 7 38 16 14 35 12 3 5 1
5 4 5 1 1 1 2 8 2 7 30 16 14 6 12 3 12 1
5 4 6 4 1 1 1 11 2 7 31 16 19 6 10 3 5 0
4 2 1 6 2 3 1 8 2 7 31 16 19 6 10 3 5 1
1 2 5 1 1 5 4 1 2 7 31 16 14 9 5 5 10 1
5 4 5 1 1 1 1 8 2 7 31 16 14 29 15 5 10 1
3 1 6 2 3 4 4 8 5 7 33 17 6 9 7 5 10 1
2 3 4 3 1 3 4 10 7 7 31 9 16 37 4 3 12 0
4 3 4 5 1 4 1 7 2 7 31 16 14 35 15 5 10 1
4 4 4 1 1 2 2 9 2 7 30 16 14 6 12 3 12 1
5 3 6 2 1 3 1 9 2 7 31 16 14 35 15 5 10 1
2 3 5 1 1 1 3 8 5 7 31 17 6 9 5 3 5 0
3 4 4 5 1 4 1 9 2 7 31 16 14 35 15 3 12 1
1 1 3 6 2 2 1 3 2 7 37 16 24 8 10 5 10 0
3 4 5 1 1 2 2 9 2 7 30 16 14 6 12 3 12 0
2 2 5 6 1 4 4 8 5 7 31 17 6 9 5 3 12 1
1 4 5 2 1 4 3 8 5 7 23 14 22 11 7 5 10 1
2 3 5 3 1 2 3 8 5 7 31 17 6 9 5 3 12 1
5 3 4 6 1 4 4 9 2 7 31 16 19 6 11 3 12 1
3 3 5 1 1 1 3 8 5 7 31 17 6 9 5 3 16 0
2 4 5 2 1 3 2 8 2 7 30 16 14 6 12 3 12 1
2 1 6 4 2 3 4 8 5 7 33 17 6 9 7 3 1 1
1 1 3 1 1 4 4 2 2 5 36 2 23 42 11 5 10 0
3 1 2 1 2 1 2 9 2 7 30 16 14 6 12 3 12 1
5 1 5 1 1 3 1 8 2 7 31 16 19 6 15 3 5 0
4 2 2 4 2 4 3 8 2 7 34 16 14 35 12 3 12 0
5 4 5 5 1 2 1 8 2 7 31 16 19 6 10 3 5 0
3 3 3 4 1 3 1 8 2 7 31 16 14 35 15 3 5 0
1 1 2 6 1 3 4 1 2 7 31 16 14 9 5 5 10 0
1 1 4 4 2 2 4 2 5 7 34 17 6 9 7 5 10 1
2 3 5 2 2 2 3 8 5 7 23 14 22 11 7 3 16 0
2 2 5 2 1 2 4 12 5 7 24 17 6 9 4 3 16 0
3 1 5 1 2 3 4 8 7 7 31 9 16 37 4 3 12 1
1 1 4 4 1 5 4 12 5 7 1 17 6 9 5 5 10 1
3 4 5 1 1 3 4 8 5 7 30 10 5 48 4 3 12 0
4 1 4 1 1 4 4 8 5 7 32 10 5 48 4 3 12 0
2 1 5 2 2 5 3 8 5 7 31 17 6 9 5 3 16 1
5 4 6 6 1 5 4 11 5 7 32 18 20 10 4 3 12 0
2 1 3 6 1 5 3 12 1 7 37 15 18 47 7 5 10 0
1 1 3 4 1 5 4 2 5 7 34 17 6 9 7 5 10 0
2 3 5 3 1 1 3 8 5 7 31 17 6 9 5 3 12 0
2 1 3 5 1 2 3 8 5 7 23 14 22 11 7 3 5 1
3 1 5 3 1 4 1 9 2 7 31 16 19 6 10 5 10 1
3 4 4 1 1 2 2 9 2 7 30 16 14 6 12 3 12 0
3 3 5 4 1 4 3 8 5 7 31 17 6 9 5 3 9 1
4 3 6 4 1 1 2 8 2 7 30 16 14 6 12 3 12 1
3 4 6 2 1 3 1 8 5 7 30 18 20 10 5 3 12 0
3 4 5 1 1 3 2 11 2 7 30 16 14 6 12 3 12 1
1 2 2 6 2 5 4 10 5 3 18 4 21 21 7 5 10 1
3 3 3 1 1 4 2 8 2 7 30 16 14 6 12 3 12 0
1 1 5 2 3 1 1 3 6 7 28 12 17 38 3 5 10 1
4 3 3 1 2 2 2 8 2 7 30 16 14 6 12 3 12 0
1 4 6 3 1 4 3 8 5 7 31 17 6 9 5 5 10 0
2 1 5 5 2 2 3 8 2 7 34 16 14 35 10 3 15 0
1 3 4 6 1 1 3 9 5 7 23 14 22 11 7 3 9 1
1 1 3 5 1 4 4 12 5 5 35 17 6 13 4 5 10 1
1 1 1 5 1 5 4 12 5 5 35 17 6 13 4 3 9 1
1 1 4 5 1 5 4 12 5 7 31 17 6 9 5 5 10 1
4 4 3 1 1 2 1 9 5 7 30 18 20 10 5 3 12 1
3 4 4 3 1 2 2 10 2 7 30 16 14 6 12 3 12 1
1 1 2 3 1 5 4 8 5 3 37 4 27 45 4 5 10 0
1 1 4 2 1 2 4 14 5 3 37 4 27 45 4 5 10 0
2 2 5 2 1 2 2 8 2 7 30 16 14 6 12 3 12 1
2 1 6 1 1 1 4 8 5 7 24 17 6 9 4 3 12 0
2 3 2 3 1 1 3 8 5 7 23 14 22 11 7 3 1 1
3 4 5 1 1 2 2 8 2 7 30 16 14 6 12 3 12 0
2 3 5 2 1 3 1 8 5 7 30 18 20 10 5 3 12 1
4 3 4 5 2 2 1 8 2 7 31 16 14 35 15 5 10 1
1 1 4 6 1 5 4 13 5 3 37 4 27 45 4 5 10 0
3 3 5 6 2 5 2 8 2 7 30 16 14 6 12 3 12 0
4 4 3 5 2 2 1 8 2 7 31 16 19 6 10 3 5 1
5 3 4 6 1 2 1 10 2 7 31 16 14 35 15 3 5 0
2 2 5 2 1 2 3 9 5 7 31 17 6 9 5 3 5 1
2 3 2 4 2 5 3 8 2 7 31 16 14 35 10 3 9 1
4 2 5 5 2 4 4 8 5 7 33 17 6 9 4 5 10 1
1 2 5 3 1 1 4 3 2 7 24 16 14 35 11 3 5 1
1 2 5 5 2 1 3 10 5 7 23 14 22 11 7 3 9 1
1 3 2 2 1 5 1 9 2 7 31 16 14 35 15 5 10 1
3 4 4 2 1 5 1 10 5 7 30 18 20 10 5 3 12 0
5 3 3 4 2 2 1 8 2 7 31 16 19 6 10 3 5 1
1 2 5 5 1 1 4 13 5 7 24 17 6 9 4 5 10 1
4 4 4 5 1 5 3 9 5 7 31 17 6 9 5 5 10 1
5 1 4 5 1 1 1 8 2 7 31 16 14 35 15 5 10 1
3 4 4 1 1 4 1 10 5 7 30 18 20 10 5 3 12 1
1 1 6 3 2 3 4 8 5 7 24 17 6 9 4 3 9 1
4 2 3 4 1 3 1 7 2 7 31 16 19 6 10 3 5 1
5 2 2 5 1 3 1 8 2 7 31 16 19 6 10 3 5 0
4 3 5 6 2 3 1 8 2 7 31 16 19 6 10 3 5 1
3 1 6 3 2 1 1 8 2 7 31 16 14 35 15 3 5 1
2 1 2 5 1 2 1 9 2 7 31 16 14 35 15 5 10 1
3 3 5 1 1 3 1 7 2 7 31 16 14 35 15 3 5 1
5 2 5 1 1 4 1 8 2 7 31 16 19 6 10 3 5 0
1 1 3 4 1 5 4 8 2 5 36 2 7 3 12 5 10 0
4 4 5 1 1 2 2 8 2 7 30 16 14 6 12 3 12 1
3 3 2 1 1 2 1 8 5 7 30 18 20 10 5 3 12 1
3 1 2 1 1 4 2 9 2 7 30 16 14 6 12 3 12 1
1 1 3 1 2 4 4 1 2 7 31 16 14 9 5 3 1 1
1 2 5 3 2 3 4 11 5 7 33 17 6 9 7 3 16 1
3 4 5 5 1 2 1 8 2 7 31 16 14 35 15 3 12 1
1 2 6 6 2 5 4 8 5 7 33 17 6 9 4 3 1 1
3 3 4 4 2 4 3 8 2 7 31 16 14 35 10 3 16 1
3 3 4 1 1 2 2 8 2 7 30 16 14 6 12 3 12 1
5 1 4 6 1 3 1 8 2 7 31 16 19 6 10 3 5 0
3 3 5 2 2 4 1 8 2 7 31 16 14 35 15 3 5 1
1 1 2 5 1 4 3 12 2 7 1 16 14 35 16 3 12 1
1 1 5 3 1 4 1 2 6 7 28 12 17 38 3 5 10 0
1 2 4 5 1 2 4 8 5 7 34 17 6 9 7 5 10 0
4 1 5 6 1 3 1 9 2 7 31 16 19 6 10 3 5 1
1 2 3 2 2 4 2 9 2 7 30 16 14 6 12 3 12 1
1 1 5 1 1 1 4 12 5 7 24 17 6 9 4 5 10 0
3 2 6 1 2 2 2 8 2 7 30 16 14 6 12 3 12 0
1 3 6 2 1 4 3 9 5 7 31 17 6 9 5 3 5 0
4 3 5 6 1 3 1 8 2 7 31 16 14 35 15 5 10 1
2 3 3 3 1 4 1 9 5 7 30 18 20 10 5 3 12 0
1 1 3 2 1 4 3 13 3 6 17 3 12 2 7 5 10 0
2 4 3 4 2 5 4 10 5 7 33 17 6 9 4 3 9 1
2 1 5 2 1 3 3 8 5 7 23 14 22 11 7 3 1 1
1 1 4 2 1 1 4 7 5 7 23 14 22 11 4 3 5 0
1 4 4 2 2 4 1 2 5 7 30 18 20 10 5 3 12 1
4 1 5 4 1 5 1 9 2 7 31 16 14 35 15 5 10 0
2 4 2 4 1 4 1 9 2 7 31 16 14 35 15 5 10 1
2 2 5 1 1 1 3 8 5 7 23 14 22 11 7 3 16 1
3 3 5 3 2 5 4 8 5 7 34 17 6 9 7 3 1 0
3 3 4 1 1 1 1 9 5 7 30 18 20 10 5 3 12 0
3 4 5 4 3 2 3 8 2 7 31 16 14 35 10 3 16 1
2 2 5 3 2 5 3 11 5 7 23 14 22 11 7 3 1 0
1 3 3 5 1 2 3 8 5 7 23 14 22 11 7 3 5 1
2 2 6 5 1 5 4 8 5 7 33 17 6 9 7 3 5 1
4 3 4 2 1 5 4 7 7 7 31 9 16 37 4 3 12 1
4 2 3 6 2 4 4 8 5 7 32 18 20 10 4 3 12 0
4 3 3 3 1 4 1 9 2 7 31 16 14 35 15 3 5 1
1 2 5 4 1 1 4 9 2 7 24 16 14 35 11 3 9 1
4 1 2 3 2 5 1 8 2 7 31 16 14 35 15 3 1 0
1 2 5 3 1 5 4 9 5 5 37 14 22 15 4 3 12 1
2 3 4 2 1 5 2 9 2 7 30 16 14 6 12 3 12 0
4 3 4 1 1 3 4 7 5 7 30 10 5 48 4 3 12 1
3 2 5 5 1 3 2 8 2 7 30 16 14 6 12 3 12 1
3 3 4 1 1 3 1 8 5 7 30 18 20 10 5 3 12 1
2 2 5 3 1 2 1 10 5 7 30 18 20 10 5 3 12 0
1 1 5 2 1 5 4 13 5 3 37 4 27 45 4 5 10 0
1 1 5 2 1 3 3 12 5 7 37 14 22 41 7 5 10 0
2 3 5 1 1 3 3 8 5 7 23 14 22 11 7 3 1 1
5 4 3 2 1 3 2 8 2 7 30 16 14 6 12 3 12 0
4 4 6 2 1 2 1 8 5 7 30 18 20 10 5 3 12 1
3 3 2 1 2 2 2 9 2 7 30 16 14 6 12 3 12 1
2 3 5 2 2 4 3 10 5 7 31 17 6 9 5 3 1 0
5 2 3 5 1 5 1 11 2 7 31 16 19 6 10 5 10 1
2 3 5 1 1 1 2 9 2 7 30 16 14 6 12 3 12 0
2 2 3 2 1 1 2 8 2 7 30 16 14 6 12 3 12 0
5 4 3 4 1 3 1 10 2 7 31 16 19 6 15 3 13 0
2 1 4 6 1 2 3 11 1 7 37 15 18 47 7 5 10 0
1 2 5 4 1 4 3 12 1 7 37 15 18 47 7 5 10 1
1 1 3 6 2 1 4 1 2 7 31 16 14 9 5 5 10 0
2 1 3 2 2 5 3 8 5 7 31 17 6 9 5 3 1 0
1 1 4 1 3 5 4 2 5 7 33 17 6 9 4 3 1 0
1 2 3 5 2 5 4 7 5 3 8 4 21 21 7 5 10 1
2 4 4 1 1 2 1 8 5 7 30 18 20 10 5 3 12 1
1 1 1 4 3 1 4 1 2 7 31 16 14 9 5 5 10 0
2 2 4 5 1 2 3 8 5 7 23 14 22 11 7 3 9 0
3 2 5 1 1 1 2 8 2 7 30 16 14 6 12 3 12 1
4 1 5 1 1 4 1 9 2 7 31 16 19 6 10 3 9 0
2 4 4 1 1 4 2 8 2 7 30 16 14 6 12 3 12 0
1 1 5 4 1 4 4 2 5 7 24 17 6 9 4 3 9 1
1 1 4 6 1 5 1 14 6 5 10 5 9 33 17 5 10 0
4 2 5 6 1 4 4 8 2 7 31 16 19 6 11 5 10 1
2 2 6 5 1 5 2 8 2 7 30 16 14 6 12 3 12 1
2 3 2 4 1 4 2 8 2 7 30 16 14 6 12 3 12 1
3 1 6 3 1 4 2 8 2 7 30 16 14 6 12 3 12 1
3 1 6 1 1 3 3 8 5 7 31 17 6 9 5 3 16 0
4 2 3 5 2 4 1 10 2 7 31 16 14 35 15 5 10 1
3 2 6 2 1 2 3 8 5 7 31 17 6 9 5 3 12 0
1 2 6 2 1 5 3 8 5 7 31 17 6 9 5 3 16 1
5 3 3 6 1 5 1 9 2 7 31 16 19 6 15 3 12 1
3 2 5 1 1 2 3 9 5 7 32 17 6 9 5 3 12 0
2 2 5 5 1 1 4 9 5 7 24 17 6 9 4 3 1 1
4 4 5 6 1 3 4 8 5 7 31 17 6 9 5 3 12 0
3 3 6 1 1 3 2 9 2 7 30 16 14 6 12 3 12 1
3 2 4 2 2 3 2 8 2 7 30 16 14 6 12 3 5 0
4 4 5 4 2 4 1 8 2 7 31 16 14 35 15 5 10 0
5 4 5 3 1 4 1 8 2 7 31 16 19 6 15 5 10 1
5 3 5 3 1 3 1 11 2 7 31 16 19 6 10 3 13 0
2 3 4 3 1 2 3 8 5 7 31 17 6 9 5 3 5 0
3 1 3 3 1 3 4 8 7 7 32 9 16 37 4 3 12 1
1 2 4 5 2 3 1 2 5 7 17 18 20 22 3 5 10 1
4 4 6 2 2 5 1 8 2 7 31 16 14 35 15 3 12 0
1 3 5 2 3 3 4 12 5 3 37 4 27 45 4 5 10 1
3 3 2 1 2 5 2 8 5 7 31 17 11 17 9 3 12 1
5 4 3 1 1 4 1 8 2 7 31 16 19 6 10 3 5 0
4 3 3 6 2 3 3 11 5 7 32 18 20 39 9 3 12 0
1 1 5 6 1 4 4 3 2 7 31 16 14 9 5 5 10 0
2 3 5 5 1 1 3 2 2 7 1 16 14 35 16 5 10 1
3 4 5 4 1 5 1 7 2 7 31 16 19 6 10 3 5 1
4 3 4 6 2 3 1 8 2 7 31 16 14 35 15 3 5 0
1 3 3 1 1 4 3 8 5 7 31 17 6 9 5 3 16 1
3 1 5 6 1 4 4 9 5 7 31 17 6 9 5 3 12 1
4 2 5 5 1 2 4 8 5 7 33 17 6 9 7 3 5 0
3 4 3 4 1 3 3 8 2 7 31 16 14 35 10 3 16 1
2 1 3 4 2 2 3 8 2 7 31 16 14 35 10 3 9 1
3 2 2 3 1 3 3 10 5 7 31 17 6 9 5 3 12 0
1 2 4 2 2 2 3 8 5 7 23 14 22 11 7 5 10 1
4 2 5 1 1 1 4 8 7 7 31 9 16 37 4 3 12 0
1 3 3 2 1 1 3 7 5 7 23 14 22 11 7 3 16 0
5 4 5 4 1 2 1 11 2 7 31 16 19 6 10 3 5 0
2 2 6 1 1 3 3 8 5 7 23 14 22 11 7 3 1 1
4 2 4 1 2 2 4 8 5 7 31 17 6 9 5 3 12 0
4 1 5 3 1 1 4 8 5 7 33 17 6 9 7 3 5 0
5 3 4 5 1 4 1 8 2 7 30 16 19 6 10 3 12 0
3 1 3 5 2 5 3 9 2 7 31 16 14 35 10 3 9 1
4 1 4 6 1 5 4 13 5 3 19 4 27 1 7 5 10 0
1 3 5 3 1 5 1 8 2 7 22 16 14 5 10 5 10 1
1 1 6 3 2 4 4 12 5 5 35 17 6 13 4 5 10 1
2 1 5 3 1 5 3 11 5 7 23 14 22 11 7 3 16 1
3 3 4 1 1 2 3 8 5 7 31 17 6 9 5 3 5 1
5 2 3 6 2 5 1 11 2 7 32 16 19 6 10 3 5 0
2 2 4 1 1 3 3 7 1 7 37 15 18 47 7 3 12 1
5 3 4 1 2 2 4 8 5 7 32 18 20 10 4 3 12 0
1 1 3 5 2 5 1 2 2 7 31 16 14 35 15 5 10 1
2 3 3 2 1 4 2 10 2 7 30 16 14 6 12 3 12 0
3 2 4 2 1 2 2 8 2 7 30 16 14 6 12 3 12 1
1 1 5 5 1 2 3 8 5 7 31 17 6 9 5 5 10 1
1 4 5 2 1 5 3 6 5 7 23 14 22 11 7 5 10 1
5 1 3 6 1 3 4 8 5 7 32 18 20 10 4 3 12 0
4 2 3 6 1 4 3 8 5 7 32 17 6 9 5 3 12 0
5 1 1 4 1 3 4 9 2 7 31 16 19 6 11 3 5 0
3 4 5 1 1 5 2 8 2 7 30 16 14 6 12 3 12 1
4 1 4 6 1 3 4 8 2 7 31 16 14 9 5 5 10 0
1 1 1 4 1 5 3 12 1 7 37 15 18 47 7 5 10 1
1 1 5 3 2 5 4 9 5 3 8 4 21 21 7 5 10 0
3 3 6 6 1 3 1 9 2 7 31 16 14 35 15 3 12 1
2 4 5 1 1 3 2 8 2 7 30 16 14 6 12 3 12 0
1 1 6 5 2 4 3 7 5 7 37 14 22 41 7 5 10 0
1 2 2 5 2 5 4 11 5 7 33 17 6 9 4 3 1 0
5 4 3 1 1 2 2 8 2 7 30 16 14 6 12 3 12 1
4 4 2 1 2 1 2 10 2 7 30 16 14 6 12 3 12 1
4 2 4 6 2 4 1 8 2 7 31 16 19 6 15 5 10 1
5 3 3 6 1 4 2 8 2 7 30 16 19 6 12 3 12 0
1 3 5 5 2 5 4 12 5 7 1 17 6 9 5 5 10 1
5 3 5 6 2 4 4 8 5 3 30 4 14 9 5 3 5 0
3 4 3 1 2 1 1 8 5 7 30 18 20 10 5 3 12 0
3 3 5 1 1 2 1 7 5 7 30 18 20 10 5 3 12 0
1 2 6 3 1 1 4 2 5 3 37 4 27 45 4 3 5 1
3 4 5 6 1 5 2 9 2 7 30 16 14 6 12 3 12 1
4 1 5 6 1 3 4 13 5 3 19 4 27 1 7 5 10 0
1 2 6 3 2 3 4 8 5 7 33 17 6 9 7 3 1 1
3 3 3 2 1 5 4 8 7 7 31 9 16 37 4 3 12 1
5 1 5 6 1 5 4 8 5 7 31 17 6 9 7 5 10 0
4 3 3 1 1 5 1 8 5 7 30 18 20 10 5 3 12 1
2 2 4 2 1 5 3 8 5 7 31 17 6 9 5 3 12 1
5 4 2 5 1 1 1 9 2 7 31 16 19 6 10 5 10 0
3 3 6 3 1 4 1 9 2 7 31 16 14 35 15 5 10 1
1 1 2 5 2 2 4 13 5 3 37 4 27 45 4 5 10 0
2 3 5 1 1 2 2 9 2 7 30 16 14 6 12 3 12 1
4 1 2 2 1 2 4 9 2 7 24 16 14 35 11 3 5 0
2 1 2 2 1 4 1 9 2 7 31 16 14 35 15 5 10 0
4 2 4 5 1 4 4 8 5 7 33 17 6 9 7 3 5 0
3 1 2 3 2 2 3 8 5 7 31 17 6 9 5 3 16 0
2 3 2 5 3 2 3 9 5 7 31 17 6 9 5 3 1 0
:test
2 3 6 5 2 4 1 11 2 7 31 16 14 35 15 3 9 1
1 1 3 5 2 5 4 8 5 7 33 17 6 9 7 3 1 0
3 4 2 6 2 3 2 9 2 7 30 16 14 6 12 3 12 0
2 2 6 6 1 2 3 9 5 7 31 17 6 9 5 3 12 0
2 1 4 4 2 2 4 8 5 7 33 17 6 9 4 3 1 0
1 1 5 5 1 5 3 2 2 7 1 16 14 35 16 5 10 1
1 4 3 5 1 1 3 2 5 7 23 14 22 11 7 3 9 1
3 2 3 1 2 2 2 9 2 7 30 16 14 6 12 3 12 1
1 1 6 5 1 4 3 8 5 7 31 17 6 9 5 3 1 1
1 3 5 3 2 3 4 8 5 7 33 17 6 9 7 3 16 1
5 1 5 1 1 5 1 8 2 7 31 16 14 35 15 5 10 0
5 1 5 6 1 3 4 8 5 3 30 4 14 9 5 3 5 0
3 1 4 4 2 3 3 10 2 7 33 16 14 35 12 3 12 0
3 2 4 6 1 3 1 9 2 7 31 16 14 35 15 3 5 0
2 2 4 5 1 5 4 8 5 7 34 17 6 9 7 3 5 1
5 1 5 4 2 2 4 8 2 7 31 16 19 6 11 3 5 1
1 1 3 5 2 5 3 8 5 7 31 17 6 9 5 3 16 0
1 1 1 5 1 5 4 14 5 3 17 4 21 21 7 5 10 0
2 3 5 1 1 3 1 9 5 7 17 18 20 22 3 3 12 1
2 2 5 1 1 2 2 8 2 7 30 16 14 6 12 3 12 0
1 2 5 3 2 4 3 8 5 7 23 14 22 11 7 3 1 1
4 2 3 6 1 1 1 8 2 7 31 16 14 35 15 5 10 1
2 3 6 2 1 2 4 10 7 7 31 9 16 37 4 3 12 1
2 2 5 2 1 1 2 8 2 7 30 16 14 6 12 3 12 1
3 4 2 2 1 5 2 8 2 7 30 16 14 6 12 3 12 1
4 4 3 6 1 5 3 8 5 7 32 18 20 39 9 3 12 0
4 2 3 5 2 4 3 8 2 7 34 16 14 35 12 3 5 0
3 3 5 1 1 4 2 9 2 7 30 16 14 6 12 3 12 1
3 4 5 1 1 1 1 8 5 7 30 18 20 10 5 3 12 0
1 1 6 5 1 5 4 12 2 5 36 2 7 3 12 5 10 0
1 1 4 3 2 4 3 11 5 7 31 17 6 9 5 3 16 1
1 1 3 2 1 5 4 13 5 3 17 4 21 21 7 5 10 0
2 1 2 3 2 1 4 10 5 7 33 17 6 9 4 3 1 1
4 2 2 6 1 1 1 8 2 7 31 16 14 35 15 3 5 1
3 1 2 2 2 2 4 9 2 7 24 16 14 35 11 5 10 1
2 1 4 4 1 5 3 8 5 7 31 17 6 9 5 3 9 1
3 3 4 6 1 4 2 9 2 7 30 16 14 6 12 3 12 1
2 1 3 5 1 3 2 8 2 7 30 16 14 6 12 3 12 0
2 1 2 5 1 1 1 9 2 7 31 16 14 35 15 3 15 0
1 1 4 3 2 5 3 12 2 7 36 16 14 35 13 5 10 1
2 2 5 3 2 2 4 8 5 7 34 17 6 9 4 3 8 1
3 3 5 2 2 4 2 8 2 7 30 16 14 6 12 3 12 0
3 4 3 1 1 3 1 11 5 7 30 18 20 10 5 3 12 0
2 4 2 6 1 5 1 9 3 7 31 11 30 9 5 3 1 1
2 1 4 2 1 5 3 8 5 7 23 14 22 11 7 3 1 1
2 3 5 3 2 3 3 8 2 7 31 16 14 35 10 3 16 0
1 3 3 3 3 2 1 3 6 7 28 12 17 38 3 5 10 1
1 1 5 3 1 5 3 9 5 7 23 14 22 11 7 3 16 0
4 4 2 1 1 1 4 10 7 7 31 9 16 37 4 3 12 1
3 4 4 3 2 3 1 8 5 7 30 18 20 10 5 3 12 0
3 3 5 4 2 4 3 8 2 7 31 16 14 35 10 3 16 1
2 3 5 2 1 2 2 8 2 7 30 16 14 6 12 3 12 0
2 2 5 4 2 4 1 11 2 7 31 16 14 35 15 5 10 1
1 1 5 4 1 4 4 9 5 3 17 4 27 1 7 3 16 0
4 2 4 4 1 1 3 8 2 7 31 16 14 35 10 5 10 1
2 1 4 3 2 5 3 8 5 7 23 14 22 11 7 3 1 1
5 2 6 6 1 3 2 8 2 7 32 16 19 6 12 3 12 0
3 2 4 1 1 5 1 9 2 7 31 16 14 35 15 3 5 1
2 1 5 1 2 4 4 11 7 2 39 9 25 43 1 5 10 0
2 2 5 2 1 4 3 9 1 7 37 15 18 47 7 3 12 0
4 4 3 6 1 1 3 8 5 7 32 17 6 9 5 3 12 0
3 2 4 3 1 4 2 8 2 7 30 16 14 6 12 3 12 1
5 2 3 5 1 2 4 8 2 7 31 16 19 6 11 3 5 0
5 3 6 1 2 1 1 8 2 7 31 16 14 29 10 5 10 1
2 2 5 5 1 2 4 9 5 7 34 17 6 9 7 3 9 1
5 4 5 1 1 3 2 11 2 7 30 16 14 6 12 3 12 1
2 2 4 2 1 3 3 8 5 7 23 14 22 11 7 3 1 1
5 4 5 4 1 1 1 8 5 7 30 18 20 10 5 3 12 1
1 1 3 6 1 5 4 3 5 7 1 17 6 9 5 5 10 1
2 2 5 1 1 1 4 8 5 7 24 17 6 9 4 3 12 0
2 2 6 1 1 4 3 8 5 7 31 17 6 9 5 3 12 1
1 3 4 4 1 4 4 3 5 3 17 4 27 1 7 3 16 1
3 2 3 4 2 5 3 8 2 7 34 16 14 35 12 3 9 0
2 4 4 1 1 4 4 11 5 7 30 10 5 48 4 3 12 1
2 2 3 2 1 5 3 8 2 7 34 16 14 35 12 3 9 0
3 2 5 1 1 4 4 9 5 7 31 17 6 9 5 3 12 1
3 2 2 1 1 4 4 11 5 7 31 17 6 9 5 3 12 0
1 1 4 2 1 4 4 8 5 3 37 4 27 45 4 3 5 0
3 3 6 1 1 3 2 9 2 7 30 16 14 6 12 3 12 1
4 4 3 3 1 3 1 9 2 7 31 16 19 6 10 3 5 0
1 1 3 3 1 5 4 12 5 3 14 4 21 40 4 5 10 0
4 3 3 6 1 3 1 8 2 7 31 16 14 35 15 3 5 0
5 3 5 4 2 5 3 9 5 7 31 17 6 9 5 3 12 0
4 2 6 1 1 1 4 8 5 7 31 17 6 9 4 3 5 0
2 1 5 5 1 5 1 9 2 7 31 16 14 35 15 5 10 1
1 1 6 4 1 5 3 12 2 7 1 16 14 35 16 5 10 1
1 3 5 6 1 2 1 8 5 7 30 18 20 10 5 3 12 0
2 2 6 2 2 2 2 8 2 7 30 16 14 6 12 3 5 0
2 4 6 4 1 3 1 8 5 7 30 18 20 10 5 3 12 0
2 2 5 4 2 3 3 8 5 7 23 14 22 11 7 3 9 1
2 2 5 5 1 5 4 10 5 7 33 17 6 9 7 3 9 1
2 2 3 1 1 4 4 10 5 7 24 17 6 9 4 3 5 0
2 2 4 4 1 5 4 9 5 3 37 4 27 45 4 3 5 1
4 3 5 4 2 1 1 9 2 7 31 16 19 6 10 3 5 0
2 3 3 5 1 4 1 8 5 7 30 18 20 10 5 3 12 1
2 3 5 2 2 2 4 10 5 7 34 17 6 9 7 3 1 0
4 3 3 6 1 2 1 8 2 7 31 16 14 35 15 3 5 0
4 4 5 4 2 1 1 8 2 7 31 16 19 6 10 3 5 0
2 1 3 5 1 5 3 9 5 7 31 17 6 9 5 5 10 1
4 3 5 4 1 3 1 10 2 7 31 16 19 6 10 3 5 1
3 3 3 4 1 3 3 9 5 3 18 4 14 9 5 5 10 1
5 1 4 6 1 3 1 10 2 7 31 16 19 6 15 3 12 1
2 3 5 6 1 5 4 2 5 7 24 17 6 9 4 3 12 1
2 3 2 3 1 3 3 8 5 7 31 17 6 9 5 3 12 0
3 2 5 2 3 2 4 8 5 7 33 17 6 9 7 5 10 1
4 1 5 2 1 4 4 8 5 7 32 18 20 10 4 3 12 0
5 1 5 1 1 1 4 8 5 7 32 10 5 48 4 3 12 0
3 2 3 3 1 1 3 8 5 7 31 17 6 9 5 3 12 0
3 3 5 1 1 2 3 9 5 7 31 17 6 9 5 3 16 1
2 2 2 2 1 5 4 8 5 7 33 17 6 9 7 3 9 1
2 1 2 3 1 5 3 7 2 7 1 16 14 35 16 5 10 1
2 2 5 5 2 4 2 2 2 7 30 16 14 6 12 3 12 1
5 4 2 6 1 1 4 8 5 7 32 10 2 16 2 3 5 0
5 1 6 6 1 4 4 10 5 7 32 10 5 48 4 3 12 0
3 4 4 1 1 3 1 9 5 7 30 18 20 10 5 3 12 1
2 1 3 2 1 5 4 11 2 7 24 16 14 35 11 5 10 0
1 1 6 6 2 3 3 12 1 7 37 15 18 47 7 5 10 0
4 1 6 1 1 4 4 8 5 7 31 17 6 9 5 3 12 0
2 2 5 6 1 5 2 10 2 7 30 16 14 6 12 3 12 1
1 3 5 3 1 5 1 14 6 7 28 12 17 38 3 5 10 1
2 2 6 6 2 3 2 9 2 7 30 16 14 6 12 3 12 1
3 2 2 2 1 4 4 8 5 7 31 17 6 9 5 3 12 1
3 4 5 2 2 5 2 8 5 7 31 17 11 17 9 3 12 1
3 3 4 1 1 4 1 8 5 7 30 18 20 10 5 3 12 0
2 4 3 3 2 2 1 9 2 7 31 16 19 6 10 3 5 1
3 2 5 2 3 3 4 8 5 7 33 17 6 9 7 5 10 1
1 1 4 1 2 5 4 8 5 7 33 17 6 9 4 3 1 1
1 1 5 2 2 5 4 10 5 7 33 17 6 9 4 3 1 1
1 1 4 4 2 5 3 2 5 3 18 4 14 9 5 5 10 0
3 1 3 3 2 2 4 8 5 7 34 17 6 9 7 3 1 0
4 2 6 2 1 3 1 9 2 7 31 16 19 6 10 5 10 0
5 3 5 2 2 4 1 11 2 7 31 16 19 6 15 5 10 0
1 1 2 5 1 3 4 13 5 3 37 4 27 45 4 5 10 0
1 1 6 4 1 2 4 9 5 7 24 17 6 9 4 3 5 0
3 2 4 4 1 2 4 9 2 7 24 16 14 35 11 3 9 1
2 2 5 6 1 3 4 8 7 7 31 9 16 37 4 3 12 1
4 4 2 1 2 2 4 8 5 7 31 17 6 9 5 3 12 0
1 1 4 5 3 5 4 4 3 7 25 3 26 9 5 5 10 0
5 3 5 6 1 1 1 10 2 4 32 7 15 27 15 3 12 0
4 4 6 6 1 4 1 8 2 7 31 16 14 35 15 3 5 0
1 2 5 4 2 5 4 13 5 3 37 4 27 45 4 3 5 1
2 1 3 4 1 3 4 8 5 7 33 17 6 9 4 5 10 1
1 3 6 3 1 5 1 8 6 5 28 12 17 14 17 3 9 1
2 3 5 3 2 5 3 8 5 7 23 14 22 11 7 3 1 1
1 2 3 5 1 1 4 13 5 7 24 17 6 9 4 3 9 1
1 2 5 5 1 3 3 8 5 7 31 17 6 9 5 3 12 1
1 3 2 3 1 5 4 9 5 3 13 4 21 40 4 5 10 1
3 1 5 6 1 4 4 8 5 7 31 17 6 9 5 3 12 0
4 4 5 1 1 1 2 8 2 7 30 16 14 6 12 3 12 1
4 3 4 1 1 5 1 8 5 7 30 18 20 10 5 3 12 1
5 1 5 1 1 4 1 9 2 7 31 16 14 29 10 3 12 0
3 4 2 3 1 3 1 9 2 7 31 16 19 6 10 3 5 1
1 1 2 5 2 5 3 9 5 7 31 17 6 9 5 3 16 1
2 3 3 4 2 2 4 8 5 7 34 17 6 9 7 3 1 1
2 2 5 5 1 2 3 8 5 7 23 14 22 11 7 3 5 1
3 3 2 1 1 3 4 11 7 7 31 9 16 37 4 3 12 0
4 4 2 4 1 1 4 10 5 7 31 17 6 9 5 3 12 1
1 2 6 1 2 2 3 1 5 7 31 17 6 9 5 3 1 1
3 3 5 1 1 3 2 9 2 7 30 16 14 6 12 3 12 1
3 1 6 1 1 3 2 9 2 7 30 16 14 6 12 3 12 1
3 4 3 6 1 3 2 9 2 7 30 16 14 6 12 3 12 1
1 2 5 3 3 5 3 8 5 7 31 17 6 9 5 3 16 0
5 4 5 2 1 2 4 11 2 7 31 16 14 9 5 3 12 1
2 1 4 4 1 2 3 9 5 7 23 14 22 11 7 3 1 1
4 1 3 1 2 1 4 8 7 7 31 9 16 37 4 3 12 1
4 2 5 1 1 3 4 8 5 7 31 17 6 9 5 3 12 1
4 1 3 3 1 1 4 8 5 7 31 17 6 9 7 3 5 1
2 2 4 3 2 5 4 12 2 7 24 16 14 35 11 5 10 1
1 1 4 5 1 1 3 12 5 7 23 14 22 11 7 5 10 1
1 1 1 4 1 5 3 8 5 7 35 17 6 9 7 5 10 1
3 2 2 1 1 5 4 8 5 7 32 18 20 10 4 3 12 1
1 1 3 5 3 1 4 4 5 7 23 14 22 11 4 5 10 0
1 3 5 4 1 3 3 8 2 7 1 16 14 35 16 5 10 1
4 2 5 2 2 5 4 8 5 7 32 10 5 48 4 3 12 0
5 4 3 5 2 2 1 9 2 7 31 16 19 6 15 3 13 1
5 2 6 3 1 5 4 11 5 7 32 10 5 48 4 5 10 0
2 3 5 2 1 5 1 9 2 7 31 16 14 35 15 3 5 1
4 4 3 4 1 5 1 9 2 7 31 16 14 35 15 3 5 1
4 3 2 3 1 3 2 8 2 7 30 16 14 6 12 3 12 1
2 1 5 4 2 4 3 13 5 3 18 4 14 9 5 5 10 0
2 2 3 2 2 5 3 9 2 7 36 16 14 35 12 5 10 1
4 1 2 1 1 4 4 11 7 7 31 9 16 37 4 3 12 0
1 4 3 6 1 2 1 2 5 7 30 18 20 10 5 3 12 1
4 4 2 2 1 4 1 9 2 7 31 16 19 6 10 5 10 1
5 2 2 6 1 2 3 8 2 7 32 16 14 5 12 3 12 0
1 2 6 5 1 2 3 9 3 5 17 3 12 9 16 5 10 0
2 1 1 6 1 5 3 10 5 7 33 17 6 9 5 3 1 0
4 3 6 4 1 5 1 9 2 7 31 16 14 35 15 5 10 0
3 3 2 4 1 5 2 8 2 7 30 16 14 6 12 3 12 0
3 1 5 3 1 3 4 8 5 7 31 17 6 9 5 3 12 1
3 4 6 5 1 5 2 8 2 7 30 16 14 6 12 3 12 1
5 2 5 1 1 3 1 8 2 7 31 16 14 35 15 3 12 0
2 3 2 4 2 3 4 8 5 7 34 17 6 9 7 3 1 1
2 3 2 2 1 1 3 9 5 7 31 17 6 9 5 3 9 1
2 3 2 1 1 3 2 9 2 7 30 16 14 6 12 3 12 1
3 4 4 6 2 1 1 11 5 7 30 18 20 10 5 3 12 0
2 4 5 4 2 2 4 10 5 7 34 17 6 9 7 3 1 0
2 2 5 6 1 3 2 8 2 7 30 16 14 6 12 3 12 1
2 1 5 5 1 5 3 11 5 7 23 14 22 11 7 3 1 0
5 2 5 2 1 4 1 8 2 7 31 16 14 29 10 3 9 0
3 4 2 4 1 4 2 8 2 7 30 16 14 6 12 3 12 0
3 4 3 5 1 4 2 10 2 7 30 16 14 6 12 3 12 0
2 3 4 3 3 4 3 8 2 7 31 16 14 35 10 3 16 1
5 2 4 6 1 5 4 9 2 7 31 16 19 6 11 3 5 0
4 4 3 4 1 4 1 8 2 7 31 16 14 35 15 3 5 0
2 1 1 2 1 5 4 9 5 7 24 17 6 9 4 3 9 1
5 1 5 5 1 5 1 11 2 7 31 16 19 6 15 3 5 0
3 1 2 4 2 4 3 8 2 7 34 16 14 35 12 5 10 1
1 2 5 2 2 2 3 8 5 7 23 14 22 11 7 5 10 1
1 3 5 2 1 5 4 9 2 7 24 16 14 35 11 3 5 1
4 2 2 1 1 2 4 8 5 7 31 17 6 9 5 3 12 1
1 4 2 6 1 5 4 2 5 7 1 17 6 9 5 5 10 1
1 4 4 4 1 3 3 2 5 7 31 17 6 9 5 5 10 1
4 1 4 3 2 3 4 8 7 7 31 9 16 37 4 3 9 0
2 1 2 6 1 5 4 8 2 7 24 16 14 35 11 5 10 1
1 3 5 3 1 5 4 9 5 7 31 17 6 9 7 5 10 1
1 1 5 2 1 4 4 14 5 3 17 4 27 1 7 5 10 0
2 2 5 5 2 4 4 8 5 7 34 17 6 9 7 3 16 0
2 2 5 5 1 5 2 8 2 7 30 16 14 6 12 3 12 1
2 1 4 5 1 4 3 8 5 7 31 17 6 9 5 3 1 1
2 2 4 3 2 1 4 10 5 7 33 17 6 9 4 3 1 1
1 2 5 2 2 4 3 8 5 7 23 14 22 11 7 3 9 1
1 1 3 6 1 5 1 2 3 3 10 3 26 44 16 5 10 0
1 1 3 5 1 4 1 10 6 3 28 5 3 31 8 3 1 1
3 2 6 3 2 4 1 9 2 7 31 16 14 35 15 5 10 1
2 2 3 5 1 5 2 9 2 7 30 16 14 6 12 3 12 1
5 1 5 1 1 1 2 8 2 7 30 16 14 6 12 3 12 1
1 1 3 1 1 3 1 7 5 7 17 18 20 22 3 3 12 1
4 3 5 3 1 4 1 8 5 7 30 18 20 10 5 3 12 1
2 2 4 5 1 2 4 8 5 7 24 17 6 9 4 3 5 1
1 1 4 4 2 2 3 12 2 7 36 16 14 35 13 5 10 1
1 2 5 4 1 3 4 8 5 7 24 17 6 9 4 3 12 0
5 3 6 3 1 3 1 9 2 7 31 16 19 6 15 5 10 1
1 3 3 3 1 5 4 7 5 3 8 4 21 21 7 3 8 1
4 1 4 1 1 4 4 8 5 7 24 17 6 9 4 3 5 0
5 4 2 2 1 1 1 11 2 7 30 16 19 6 10 3 12 1
2 4 5 6 1 1 4 11 7 7 31 9 16 37 4 3 12 1
4 3 5 2 1 2 1 8 5 7 30 18 20 10 5 3 12 1
5 1 3 6 1 3 1 8 5 7 32 10 5 48 9 3 12 0
1 4 3 5 2 4 1 9 2 7 31 16 14 35 15 5 10 1
2 4 3 5 1 3 1 8 5 7 30 18 20 10 5 3 12 1
2 2 4 2 1 2 3 8 5 7 31 17 6 9 5 3 12 0
2 3 5 4 1 4 3 8 5 7 31 17 6 9 5 3 1 1
3 1 5 2 2 3 3 8 5 7 31 17 6 9 5 3 16 0
4 3 6 5 1 2 4 8 5 7 34 17 6 9 7 5 10 1
1 1 4 3 2 5 1 8 6 3 28 5 3 31 8 5 10 1
3 1 2 6 1 4 1 9 2 7 31 16 14 35 15 5 10 1
5 2 4 6 1 1 1 8 2 7 31 16 14 29 10 5 10 1
3 4 3 1 1 3 1 7 5 7 30 18 20 10 5 3 12 0
4 2 5 1 1 4 2 11 2 7 30 16 14 6 12 3 12 1
2 1 4 2 1 5 3 8 5 7 23 14 22 11 7 3 9 1
2 2 4 5 1 4 4 8 5 7 33 17 6 9 7 3 1 1
2 1 6 2 2 3 3 11 2 7 31 16 14 35 10 3 9 1
5 1 1 1 1 3 4 8 5 7 31 17 6 9 5 3 12 0
4 3 5 4 1 4 1 9 2 7 31 16 19 6 15 5 10 1
1 1 2 2 2 4 4 9 5 3 17 4 27 1 7 5 10 0
1 1 5 1 1 5 1 3 3 1 5 13 29 46 16 5 10 0
2 1 2 4 1 3 4 8 5 7 33 17 6 9 4 5 10 1
5 3 5 5 1 2 1 8 2 7 31 16 19 6 10 3 5 0
5 2 6 6 2 5 4 8 2 7 31 16 19 6 11 3 5 0
2 1 5 5 1 1 3 8 5 7 23 14 22 11 7 3 16 1
4 3 2 1 1 3 1 8 5 7 30 18 20 10 5 3 12 1
5 2 3 2 1 3 4 8 5 7 32 10 5 48 4 3 12 0
2 3 6 6 1 4 2 12 2 7 30 16 14 6 12 3 12 1
1 1 2 5 3 3 3 9 5 7 31 17 6 9 5 3 1 1
2 1 4 6 2 5 3 7 2 7 1 16 14 35 16 3 12 0
5 3 5 3 1 1 1 8 2 7 31 16 19 6 10 5 10 1
4 3 3 4 1 1 1 10 2 7 31 16 14 35 15 3 5 0
1 2 4 5 1 5 4 12 5 7 31 17 6 9 5 5 10 1
4 4 5 4 1 1 4 8 5 7 30 10 5 48 4 3 12 1
5 2 3 2 1 4 1 8 2 7 31 16 19 6 10 3 5 1
4 2 6 1 1 1 4 8 7 7 31 9 16 37 4 3 12 0
2 2 2 2 1 3 2 8 2 7 30 16 14 6 12 3 12 0
3 1 4 5 1 5 3 8 5 7 31 17 6 9 5 3 9 1
2 3 4 2 1 3 4 9 5 7 30 10 5 48 4 5 10 1
5 4 2 3 1 2 1 8 2 7 31 16 19 6 10 3 5 0
3 2 5 1 1 5 4 10 7 7 31 9 16 37 4 3 12 1
1 1 2 4 1 5 4 2 5 5 37 14 22 15 4 5 10 1
3 2 5 1 1 4 2 8 2 7 30 16 14 6 12 3 12 0
1 2 3 4 1 5 3 8 5 7 31 17 6 9 5 3 1 1
4 3 4 6 1 3 1 10 2 7 31 16 19 6 10 3 12 0
4 3 6 1 2 1 4 8 7 7 31 9 16 37 4 3 9 0
2 3 5 3 1 5 1 8 2 7 31 16 14 35 15 5 10 1
2 2 3 3 2 5 3 8 5 7 31 17 6 9 5 3 1 1
1 2 3 3 1 4 3 13 6 2 28 12 17 38 6 5 10 1
4 2 5 6 1 5 4 8 5 7 31 17 6 9 5 3 12 1
2 1 4 5 1 4 4 8 2 7 24 16 14 35 11 3 5 1
4 3 3 2 1 3 1 9 2 7 31 16 14 35 15 5 10 0
1 2 6 3 2 5 1 8 6 3 28 5 3 31 8 3 1 1
4 2 5 6 1 2 1 8 2 7 31 16 14 35 15 3 5 0
1 1 4 3 2 4 4 12 5 3 8 4 21 21 7 5 10 1
4 2 3 5 1 4 4 10 5 7 33 17 6 9 7 3 5 0
4 2 2 3 1 5 4 8 7 7 32 9 25 43 4 3 12 1
1 2 5 6 1 5 3 9 2 7 1 16 14 35 16 5 10 1
4 2 2 3 1 3 4 8 5 7 24 17 6 9 4 3 5 0
4 4 4 6 2 3 1 7 2 7 31 16 14 35 15 3 5 1
5 2 5 4 2 4 4 8 2 7 31 16 19 6 11 3 5 0
2 2 4 2 1 5 4 8 5 7 34 17 6 9 7 5 10 1
3 1 3 3 1 2 3 8 5 7 31 17 6 9 5 3 9 1
1 4 5 6 2 3 1 3 2 7 31 16 14 35 15 3 16 1
3 3 5 1 1 4 2 8 2 7 30 16 14 6 12 3 12 1
3 3 4 1 1 3 2 10 2 7 30 16 14 6 12 3 12 1
1 1 5 1 1 5 1 14 3 4 18 8 28 9 5 5 10 0
1 2 5 4 1 4 3 9 5 7 31 17 6 9 5 3 16 1
1 4 5 6 1 4 1 9 5 7 30 18 20 10 5 3 12 1
3 4 4 1 1 4 2 8 2 7 30 16 14 6 12 3 12 1
3 4 4 1 1 1 2 8 2 7 30 16 14 6 12 3 12 1
1 2 6 2 1 2 3 9 5 7 31 17 6 9 5 3 9 1
5 1 3 5 2 4 4 8 2 7 31 16 19 6 11 3 5 0
2 3 3 1 1 2 3 8 5 7 31 17 6 9 5 3 16 1
3 4 5 4 1 5 1 9 2 7 31 16 19 6 10 3 5 1
1 2 3 5 2 4 1 2 2 7 31 16 14 35 15 5 10 1
4 4 4 6 1 5 1 9 2 7 31 16 19 6 10 5 10 1
3 1 6 1 1 4 2 8 2 7 30 16 14 6 12 3 12 1
4 2 5 2 2 5 1 8 2 7 31 16 14 35 15 3 14 1
4 2 4 5 1 3 1 10 2 7 31 16 19 6 15 3 5 1
3 3 6 1 1 4 3 8 5 7 31 17 6 9 5 3 16 0
2 4 2 4 2 4 4 8 7 7 31 9 16 37 4 3 12 0
4 2 5 5 2 5 3 10 5 7 31 17 6 9 5 3 5 0
5 2 2 5 1 3 1 8 2 7 31 16 19 6 15 5 10 1
4 2 2 6 1 5 4 8 5 7 32 18 20 10 4 3 12 0
1 2 5 4 1 1 4 9 2 7 24 16 14 35 11 3 9 1
3 3 5 3 1 1 3 10 5 7 23 14 22 11 7 3 9 1
2 1 3 1 1 2 1 9 5 7 30 18 20 10 5 3 12 1
5 2 5 6 1 5 3 8 5 7 32 18 20 39 9 3 12 0
5 3 6 5 1 3 4 8 2 7 31 16 14 9 5 3 5 1
1 1 5 2 1 5 4 12 2 5 36 2 7 3 12 5 10 0
2 1 6 3 2 3 3 8 2 7 31 16 14 35 10 3 16 1
5 4 5 4 2 5 2 10 2 7 30 16 14 6 12 3 5 0
1 3 5 4 1 3 3 9 2 7 1 16 14 35 16 5 10 1
1 1 2 6 2 3 1 12 2 7 31 16 14 35 15 3 5 0
5 2 3 4 1 3 1 8 2 7 31 16 19 6 15 3 9 0
4 1 6 6 1 5 4 8 5 3 19 4 27 1 7 5 10 0
2 1 6 2 1 2 4 8 5 7 24 17 6 9 4 3 12 0
1 1 5 1 2 5 4 8 5 7 33 17 6 9 4 3 1 1
3 2 2 1 1 3 2 9 2 7 30 16 14 6 12 3 12 0
4 2 5 4 1 5 1 9 2 7 31 16 19 6 10 3 5 1
1 1 5 4 2 2 3 8 5 7 31 17 6 9 5 3 16 0
5 3 2 4 2 2 1 8 2 7 31 16 19 6 15 3 5 0
2 4 3 1 1 4 2 10 2 7 30 16 14 6 12 3 12 1
5 3 2 4 1 4 1 8 2 7 31 16 19 6 10 5 10 1
2 1 5 2 1 5 4 10 5 7 33 17 6 9 7 3 9 0
4 3 4 1 1 2 1 8 5 7 30 18 20 10 5 3 12 1
4 3 4 3 1 1 1 8 2 7 31 16 19 6 15 3 5 0
1 1 4 4 1 4 4 8 5 7 24 17 6 9 4 3 1 1
3 4 4 1 1 2 1 10 5 7 30 18 20 10 5 3 12 0
2 1 4 2 3 5 1 11 6 7 6 12 17 19 17 5 10 0
1 1 4 4 2 1 4 9 2 7 24 16 14 35 11 3 5 1
2 1 4 1 2 2 3 8 5 7 31 17 6 9 5 3 16 0
4 4 4 3 1 4 1 8 5 7 30 18 20 10 5 3 12 1
4 3 6 4 1 1 4 8 2 7 31 16 19 6 11 3 5 0
5 1 4 6 1 4 1 8 2 7 31 16 19 6 15 3 12 0
1 1 5 2 1 4 1 8 6 3 28 5 3 31 8 5 10 1
3 1 5 2 1 4 3 8 5 7 31 17 6 9 5 3 1 0
2 4 6 2 2 5 3 8 5 7 23 14 22 11 7 3 1 1
1 3 6 4 1 1 4 9 2 7 24 16 14 35 11 3 5 1
4 3 5 3 1 2 1 9 2 7 31 16 19 6 10 5 10 1
1 1 2 5 1 2 4 14 5 5 35 17 6 13 4 5 10 1
2 1 4 6 2 2 3 2 1 7 37 15 18 47 7 5 10 0
4 3 3 6 1 5 3 11 5 7 32 17 6 9 5 3 12 0
3 4 4 2 1 3 1 8 2 7 31 16 14 35 15 3 1 1
4 3 4 1 1 2 2 8 2 7 30 16 14 6 12 3 12 1
5 2 6 6 2 5 3 10 2 7 30 16 19 6 13 3 5 0
1 4 4 6 1 1 3 9 5 7 23 14 22 11 7 3 9 1
3 1 5 2 1 4 3 8 5 7 31 17 6 9 5 5 10 1
1 1 6 3 2 1 4 8 5 7 34 17 6 9 7 3 1 1
1 1 6 6 3 4 3 8 5 7 31 17 6 9 5 3 1 1
1 4 4 2 1 3 3 8 5 7 31 17 6 9 5 3 16 1
3 4 4 3 2 4 3 8 2 7 31 16 14 35 10 3 9 1
3 1 3 1 1 1 4 8 7 7 31 9 16 37 4 3 12 1
2 2 4 3 2 3 4 8 5 7 33 17 6 9 4 3 1 1
4 3 1 1 2 5 4 8 7 7 31 9 16 37 4 3 12 0
5 1 6 4 1 2 4 8 5 7 32 10 2 16 2 3 5 0
3 3 5 2 2 2 3 8 2 7 31 16 14 35 10 3 5 1
3 1 5 6 2 3 2 8 2 7 30 16 14 6 12 3 12 0
2 2 2 2 2 5 4 10 5 7 33 17 6 9 4 5 10 1
3 3 5 3 2 2 3 8 5 7 31 17 6 9 5 3 16 0
1 2 3 6 1 1 3 9 5 7 23 14 22 11 7 3 16 1
1 2 5 3 1 3 3 8 5 7 23 14 22 11 7 5 10 1
3 3 2 1 1 1 1 9 5 7 30 18 20 10 5 3 12 0
2 2 4 2 3 2 3 9 5 7 31 17 6 9 5 3 1 1
1 2 5 5 1 3 3 2 6 2 28 12 17 38 6 5 10 1
1 3 6 4 1 1 4 9 2 7 24 16 14 35 11 3 5 1
3 1 3 1 1 3 1 9 5 7 30 18 20 10 5 3 12 1
1 1 5 5 2 3 4 11 5 7 24 17 6 9 4 3 5 1
1 2 3 6 1 4 3 8 3 5 17 3 12 9 16 3 12 0
3 3 3 4 2 1 1 10 2 7 31 16 14 35 15 3 5 1
5 2 2 5 2 2 4 8 2 7 31 16 19 6 11 3 5 0
2 1 1 6 1 5 4 9 5 3 37 4 27 45 4 5 10 0
4 1 2 5 1 3 4 8 2 7 31 16 19 6 11 3 9 0
2 3 4 2 2 4 3 11 2 7 31 16 14 35 10 3 9 1
1 1 1 6 1 5 4 8 5 5 37 14 22 15 4 5 10 0
1 1 5 1 1 3 4 8 5 3 37 4 27 45 4 3 9 0
1 2 5 4 2 2 3 8 5 7 31 17 6 9 5 3 16 0
2 1 3 2 2 4 4 8 2 7 24 16 14 35 11 5 10 0
3 1 4 2 1 4 4 8 7 7 31 9 16 37 4 5 10 0
3 3 5 5 1 2 3 9 2 7 31 16 14 35 10 3 5 1
1 4 2 6 1 5 3 8 5 7 31 17 6 9 5 3 12 0
4 2 5 5 2 4 4 8 5 7 33 17 6 9 4 5 10 1
3 4 4 2 1 4 3 8 5 7 23 14 22 11 7 3 1 0
1 1 5 4 1 1 4 3 3 7 25 3 26 9 5 5 10 0
4 2 5 3 1 5 1 9 2 7 31 16 14 35 15 5 10 0
2 3 3 1 2 4 2 2 2 7 30 16 14 6 12 3 12 1
5 1 2 6 1 3 4 8 5 3 30 4 14 9 5 3 5 0
4 3 2 1 1 3 4 8 7 7 31 9 16 37 4 3 12 1
3 2 5 2 1 3 3 8 5 7 23 14 22 11 7 3 1 1
2 4 3 6 1 2 1 8 5 7 30 18 20 10 5 3 12 1
4 4 4 2 1 5 1 8 2 7 31 16 19 6 15 5 10 1
4 3 3 2 1 3 1 9 2 7 31 16 19 6 15 3 5 1
2 2 5 4 1 4 4 9 2 7 24 16 14 35 11 3 9 1
4 3 5 1 1 4 1 9 2 7 31 16 14 35 15 3 5 1
4 3 5 6 2 4 1 10 2 7 31 16 19 6 10 3 5 1
1 1 5 1 1 4 3 9 1 7 37 15 18 47 7 3 12 0
1 1 5 4 1 4 4 12 5 3 14 4 21 40 4 5 10 1
5 4 5 4 1 2 1 8 2 7 31 16 14 35 15 5 10 1
2 1 4 4 1 5 4 8 5 3 37 4 27 45 4 3 12 0
4 1 2 5 2 4 4 11 5 7 33 17 6 9 4 5 10 0
1 1 5 5 2 5 3 2 1 7 37 15 18 47 7 5 10 1
4 3 4 3 2 2 4 8 5 7 31 17 6 9 4 3 5 0
4 1 2 2 1 1 4 8 7 7 31 9 16 37 4 3 9 0
1 1 6 3 2 5 3 12 2 7 36 16 14 35 13 5 10 1
1 1 4 6 1 4 3 12 1 7 37 15 18 47 7 5 10 0
4 3 5 2 1 4 2 10 2 7 30 16 14 6 12 3 12 1
4 4 5 3 1 2 3 8 2 7 31 16 14 35 10 3 12 0
4 4 3 5 1 2 4 9 5 7 32 10 5 48 4 3 12 1
1 1 1 4 1 5 4 8 5 3 17 4 27 1 7 3 1 1
1 1 1 3 1 3 4 14 5 3 40 4 21 9 16 5 10 0
2 3 6 3 2 5 4 9 5 3 38 4 21 40 7 3 12 1
1 3 3 4 1 3 3 2 5 7 31 17 6 9 5 5 10 1
3 3 6 1 1 3 2 10 2 7 30 16 14 6 12 3 12 1
5 3 5 6 1 3 3 8 5 7 32 18 20 39 9 3 12 0
1 4 3 6 1 5 1 9 3 7 31 11 30 9 5 3 1 1
4 4 5 4 2 1 1 8 2 7 31 16 14 35 15 3 5 0
3 3 4 5 1 4 4 10 5 7 31 17 6 9 5 3 12 0
5 2 3 5 1 5 4 10 5 7 31 17 6 9 5 3 12 0
1 2 6 2 1 4 4 13 5 3 8 4 21 21 7 5 10 1
4 2 5 1 1 1 2 9 2 7 30 16 14 6 12 3 12 1
1 2 2 6 2 5 4 8 5 7 33 17 6 9 4 3 1 1
2 1 2 2 2 2 4 8 5 7 33 17 6 9 4 5 10 0
3 1 2 1 1 2 4 8 7 7 31 9 16 37 4 3 12 1
3 3 3 3 1 3 3 8 2 7 34 16 14 35 12 3 5 0
4 1 4 2 1 4 4 8 7 7 31 9 16 37 4 3 12 1
1 3 3 2 1 5 4 9 5 3 8 4 21 21 7 5 10 1
2 2 4 2 1 5 4 8 5 3 37 4 27 45 4 3 5 0
1 1 4 5 1 5 4 13 5 3 17 4 27 1 7 5 10 0
3 3 3 6 1 5 4 10 5 7 32 18 20 10 4 3 12 0
1 1 4 1 1 1 4 3 2 7 31 16 14 9 5 5 10 0
5 4 4 6 1 2 3 8 5 7 32 18 20 39 9 3 12 0
1 4 4 2 1 3 1 9 5 7 30 18 20 10 5 3 12 1
4 3 6 6 1 5 4 9 5 7 32 18 20 10 4 3 12 0
4 1 4 4 1 4 4 8 2 7 24 16 14 35 11 3 5 0
3 2 4 2 1 3 2 8 2 7 32 16 19 6 12 5 10 0
2 1 1 1 2 3 4 9 5 7 34 17 6 9 4 3 16 1
3 4 2 6 2 1 1 9 2 7 31 16 14 35 15 3 5 1
3 3 5 3 2 1 3 8 2 7 31 16 14 35 10 3 9 1
1 1 5 6 2 4 4 2 5 7 1 17 6 9 5 5 10 0
5 4 4 6 1 2 1 8 2 7 31 16 19 6 10 3 13 0
4 1 3 6 1 3 3 11 5 7 32 17 6 9 5 3 12 0
2 1 5 1 1 5 4 11 7 7 31 9 16 37 4 3 12 1
3 4 5 2 1 3 2 8 2 7 30 16 14 6 12 3 12 1
4 4 5 5 2 1 4 8 5 7 31 17 6 9 5 3 5 0
1 2 5 3 1 1 1 2 6 3 28 5 3 31 8 5 10 1
3 2 5 1 2 4 2 8 2 7 30 16 14 6 12 3 12 1
1 3 5 4 1 4 3 9 5 7 31 17 6 9 5 3 9 1
4 1 2 6 1 4 1 8 2 7 31 16 14 35 15 3 5 0
4 1 5 3 1 4 4 10 7 7 32 9 16 37 4 3 9 0
4 2 5 1 1 2 2 10 2 7 30 16 14 6 12 3 12 1
3 2 3 4 1 5 4 8 5 7 24 17 6 9 4 5 10 0
4 1 5 5 1 1 1 2 2 7 31 16 19 6 10 3 5 0
3 3 6 1 1 2 2 9 2 7 30 16 14 6 12 3 12 1
4 4 5 3 1 4 1 8 2 7 31 16 19 6 10 3 13 0
2 2 4 2 1 5 3 8 5 7 23 14 22 11 7 3 16 0
2 4 5 4 1 5 3 10 5 7 23 14 22 11 7 3 16 1
4 1 5 6 1 5 2 8 2 7 32 16 19 6 12 3 12 1
2 3 5 6 2 2 3 8 2 7 31 16 14 35 10 3 16 1
4 4 4 4 1 4 1 7 2 7 31 16 14 35 15 3 5 1
3 2 6 3 2 4 1 9 2 7 31 16 19 6 10 5 10 1
3 3 5 4 1 1 3 8 5 7 31 17 6 9 5 3 12 0
5 3 4 3 1 5 2 11 2 7 30 16 19 6 12 3 12 0
1 3 5 4 1 5 4 8 5 7 34 17 6 9 7 3 5 0
3 2 3 3 2 3 4 8 5 5 35 17 6 13 4 5 10 1
2 3 3 1 1 3 1 8 5 7 30 18 20 10 5 3 12 0
1 2 2 2 2 3 3 8 5 7 31 17 6 9 5 3 1 1
1 1 5 6 1 1 1 6 3 1 5 13 29 46 16 5 10 0
4 3 6 5 2 1 1 10 2 7 31 16 14 35 15 5 10 1
1 1 4 2 1 4 1 14 5 7 18 17 6 23 3 5 10 0
1 2 4 1 1 1 3 8 5 7 31 17 6 9 5 3 5 0
2 1 6 1 2 5 4 3 5 7 33 17 6 9 4 3 1 1
1 1 3 4 1 4 3 9 5 7 31 17 6 9 5 3 16 0
5 4 3 5 1 1 2 10 2 7 30 16 14 6 12 3 12 1
3 1 5 1 1 3 2 8 2 7 30 16 14 6 12 3 12 1
1 2 4 3 2 1 4 8 5 7 34 17 6 9 7 3 1 1
3 1 5 5 1 4 3 9 2 3 13 2 10 4 13 5 10 1
5 4 3 3 1 3 1 8 5 7 30 18 20 10 5 3 12 0
3 2 6 5 1 2 1 9 5 7 30 18 20 10 5 3 12 1
5 4 5 5 1 1 1 8 2 7 31 16 19 6 15 3 5 0
5 4 2 5 1 2 2 8 2 7 30 16 14 6 12 3 12 1
1 1 6 6 1 1 3 9 5 7 23 14 22 11 7 3 16 1
4 4 4 3 1 2 1 9 2 7 31 16 14 35 15 5 10 1
5 2 4 3 1 1 1 8 5 7 30 1 4 18 10 3 5 0
2 1 2 5 2 5 4 9 5 7 33 17 6 9 7 3 1 1
2 2 6 2 1 2 4 11 7 7 31 9 16 37 4 3 12 1
4 2 3 3 1 2 4 9 2 7 24 16 14 35 11 3 9 0
1 2 5 5 3 2 4 3 5 7 24 17 6 9 4 3 5 0
5 4 5 6 1 1 3 10 5 7 32 17 6 9 5 3 12 0
4 1 2 4 2 1 3 8 5 7 31 17 6 9 5 3 5 0
5 3 6 6 2 1 2 8 2 7 32 16 19 6 12 3 12 0
1 4 6 6 1 2 2 10 2 7 30 16 14 6 12 3 12 0
3 4 2 6 1 3 1 9 2 7 31 16 14 35 15 3 12 1
1 1 4 6 1 3 4 8 7 2 39 9 16 37 1 3 16 0
5 4 5 2 1 1 1 9 2 7 31 16 14 35 15 5 10 1
4 2 6 2 1 2 3 8 2 7 31 16 14 35 10 3 5 0
3 2 4 5 1 5 4 8 5 7 32 10 5 48 4 3 12 0
5 4 6 3 1 1 1 8 2 7 31 16 19 6 10 3 9 0
4 3 2 5 1 3 1 8 2 7 31 16 19 6 10 3 5 1
2 4 3 5 1 4 4 8 7 7 31 9 16 37 4 3 12 0
5 1 4 3 1 4 4 8 5 7 32 10 2 16 2 3 5 0
1 1 3 2 1 5 1 9 2 7 31 16 14 35 15 5 10 1
4 4 5 2 1 3 2 9 2 7 30 16 14 6 12 3 12 1
1 1 4 4 3 4 4 3 5 3 14 4 21 40 4 5 10 0
1 1 2 6 1 4 1 12 2 7 37 16 24 8 10 5 10 0
4 1 2 1 1 1 4 8 7 7 31 9 16 37 4 3 5 0
2 4 3 2 1 3 1 8 5 7 30 18 20 10 5 3 12 1
4 1 6 2 2 3 2 8 2 7 30 16 14 6 12 3 12 1
1 2 4 6 2 5 4 9 5 7 33 17 6 9 7 3 1 1
5 4 5 5 1 1 1 8 2 7 31 16 14 29 10 3 5 0
5 1 4 5 2 3 1 8 2 7 31 16 19 6 15 3 9 0
1 2 5 5 1 1 4 9 5 7 24 17 6 9 4 3 9 1
3 4 6 2 1 1 3 11 5 7 31 17 6 9 5 3 16 0
2 3 3 5 1 2 2 8 2 7 30 16 14 6 12 3 12 1
1 1 5 1 1 5 4 14 5 3 8 4 21 21 7 5 10 0
1 1 2 3 1 3 1 12 2 7 37 16 24 8 10 5 10 0
1 1 3 3 2 5 3 8 5 7 23 14 22 11 7 5 10 1
3 1 3 5 2 5 1 8 5 7 18 17 6 23 3 3 5 0
3 1 5 2 1 1 3 8 5 7 31 17 6 9 5 3 5 0
3 4 5 2 1 1 1 8 5 7 30 18 20 10 5 3 12 0
4 4 4 5 2 2 1 8 2 7 31 16 14 35 15 5 10 1
2 4 3 2 1 3 1 8 5 7 30 18 20 10 5 3 12 1
2 2 5 5 2 3 4 8 5 7 34 17 6 9 7 3 16 0
2 4 6 1 1 4 3 8 5 7 31 17 6 9 5 3 12 0
3 2 2 1 2 1 4 8 5 7 31 17 6 9 5 3 12 0
4 1 4 2 1 5 3 8 5 7 31 17 6 9 5 3 12 0
2 3 2 2 1 1 3 9 5 7 31 17 6 9 5 3 9 1
4 4 3 1 1 5 2 8 2 7 30 16 14 6 12 3 12 1
4 1 2 6 1 3 4 10 5 7 33 17 6 9 7 3 5 0
5 3 5 6 1 1 1 8 2 7 32 7 15 36 15 3 5 0
4 1 1 6 1 5 3 10 2 7 34 16 14 35 12 3 5 0
4 4 5 5 1 4 4 8 2 7 31 16 19 6 11 5 10 0
4 1 3 1 1 2 4 8 5 7 32 10 5 48 4 3 12 1
3 2 6 3 2 2 2 8 2 7 30 16 14 6 12 3 12 1
2 1 5 2 2 3 3 8 5 7 23 14 22 11 7 3 5 1
1 3 2 3 1 2 3 8 5 7 31 17 6 9 5 5 10 0
2 1 2 3 2 5 4 10 5 7 33 17 6 9 4 5 10 1
3 3 2 1 1 2 2 9 2 7 30 16 14 6 12 3 12 1
3 1 3 1 2 2 2 9 2 7 30 16 14 6 12 3 12 1
1 3 4 5 2 5 4 8 5 3 17 4 21 21 7 3 1 1
1 1 3 2 1 1 4 7 5 3 8 4 21 21 7 3 8 1
1 1 5 3 1 1 4 9 5 7 24 17 6 9 4 3 16 1
2 2 2 1 1 3 2 9 2 7 30 16 14 6 12 3 12 1
2 2 5 2 2 2 2 9 2 7 30 16 14 6 12 3 12 1
4 2 5 5 1 2 1 8 2 7 31 16 19 6 15 5 10 1
3 4 5 2 1 2 1 8 5 7 30 18 20 10 5 3 12 1
3 1 3 1 2 3 4 8 7 7 32 9 25 43 4 3 12 1
2 2 5 4 1 1 4 10 5 7 24 17 6 9 4 3 9 0
2 2 3 4 2 2 3 8 2 7 31 16 14 35 10 3 9 1
2 4 4 3 1 5 2 12 2 7 30 16 14 6 12 3 12 1
4 4 3 1 1 4 1 9 5 7 30 18 20 10 5 3 12 1
5 3 4 6 2 4 1 8 2 7 31 16 19 6 15 3 9 0
1 4 6 2 1 5 4 6 2 7 3 16 14 9 5 5 10 1
3 2 3 6 1 4 2 8 2 7 30 16 14 6 12 3 12 1
1 4 2 6 2 4 1 9 5 7 30 18 20 10 5 3 12 1
3 2 6 2 1 1 3 10 2 7 31 16 14 35 10 3 5 1
3 4 4 5 2 4 1 9 2 7 31 16 14 35 15 3 5 1
4 2 6 2 2 1 3 8 2 7 31 16 14 35 10 3 5 1
5 3 3 4 1 3 1 8 2 7 31 16 19 6 10 5 10 1
5 1 5 3 2 2 1 8 2 7 32 16 19 6 10 3 5 0
2 1 5 3 1 5 4 11 5 7 24 17 6 9 4 3 1 1
4 4 3 1 2 2 2 8 2 7 30 16 14 6 12 3 12 1
2 4 5 5 1 2 3 9 1 7 37 15 18 47 7 5 10 1
5 3 3 6 1 1 1 10 5 7 30 18 20 10 5 3 5 0
4 4 5 6 1 4 1 9 2 7 31 16 19 6 10 3 5 1
3 2 5 2 2 3 3 8 2 7 31 16 14 35 10 3 16 0
2 3 4 6 1 5 1 8 5 7 30 18 20 10 5 3 12 0
4 3 5 2 2 4 1 11 2 7 31 16 19 6 10 5 10 1
3 3 6 3 3 5 2 8 5 7 31 17 11 17 9 3 12 1
4 2 5 6 1 3 2 9 2 7 30 16 14 6 12 3 12 0
4 3 3 1 1 1 2 9 2 7 30 16 14 6 12 3 12 1
5 1 4 3 1 5 1 9 2 7 31 16 19 6 10 3 5 0
1 3 3 2 1 3 2 9 2 7 30 16 14 6 12 3 12 0
3 2 2 2 1 2 1 9 5 7 30 18 20 10 5 3 12 0
2 4 5 4 1 5 1 8 2 7 22 16 14 5 10 3 14 1
3 3 3 6 2 3 1 9 2 7 31 16 14 35 15 3 16 1
4 3 6 5 2 1 4 8 7 7 31 9 16 37 4 5 10 1
2 1 2 2 1 1 3 8 5 7 31 17 6 9 5 3 16 0
1 1 5 5 3 3 4 8 5 3 17 4 27 1 7 5 10 0
1 2 4 4 1 3 4 8 5 7 24 17 6 9 4 3 5 1
5 2 4 3 1 1 1 10 2 7 32 16 19 6 15 3 5 0
1 2 5 2 1 2 4 4 2 7 24 16 14 35 11 3 9 1
1 2 5 4 1 5 1 8 2 7 22 16 14 5 10 3 14 1
1 1 3 6 1 5 1 14 3 1 6 13 29 46 16 5 10 0
4 1 3 6 1 5 4 8 5 7 32 18 20 10 4 3 12 0
3 2 5 3 1 2 3 8 5 7 31 17 6 9 5 3 5 1
2 3 5 4 1 3 1 8 6 3 28 5 3 31 8 3 1 0
3 2 3 5 1 3 1 7 2 7 31 16 14 35 15 3 5 1
2 1 5 1 1 5 4 9 5 7 31 17 6 9 5 3 12 1
4 4 4 1 2 1 2 10 2 7 30 16 14 6 12 3 12 0
3 1 4 1 2 1 4 8 5 2 38 17 6 9 16 3 9 1
4 1 3 2 1 2 4 8 7 7 31 9 16 37 4 3 12 0
2 1 4 6 1 4 3 9 1 7 37 15 18 47 7 5 10 0
1 1 5 4 1 4 4 12 5 7 1 17 6 9 5 5 10 1
1 1 2 1 1 5 3 12 2 7 36 16 24 30 10 5 10 0
4 3 3 4 1 5 3 10 5 7 31 17 6 9 5 3 5 0
1 3 6 2 1 5 1 8 2 7 22 16 14 5 10 3 9 1
1 1 3 6 1 5 4 8 5 5 37 14 22 15 4 5 10 0
2 1 3 1 2 2 3 8 5 7 31 17 6 9 5 3 16 0
4 3 4 6 1 4 3 9 5 7 32 17 6 9 5 3 12 0
3 2 6 4 1 1 4 8 5 7 33 17 6 9 7 3 5 1
5 2 2 6 1 1 1 8 2 7 31 16 19 6 15 3 5 0
2 4 3 4 2 4 4 8 5 7 34 17 6 9 7 3 16 1
5 1 6 6 1 1 4 10 5 7 32 18 20 10 4 5 10 1
5 4 4 6 1 3 1 9 2 7 31 16 19 6 10 3 5 0
3 1 5 4 1 5 3 8 2 7 31 16 14 35 10 3 15 1
1 1 3 5 1 5 4 8 5 7 24 17 6 9 4 3 16 0
3 1 3 1 1 1 4 8 5 7 31 17 6 9 5 3 12 0
3 2 4 1 1 4 2 9 2 7 30 16 14 6 12 3 12 1
2 2 2 5 2 5 4 9 5 7 33 17 6 9 7 3 1 1
4 2 2 5 2 1 1 10 2 7 31 16 14 35 15 5 10 1
3 2 3 5 1 5 3 8 2 7 34 16 14 35 12 3 5 0
3 4 6 2 1 2 1 8 5 7 30 18 20 10 5 3 12 1
2 3 5 1 1 5 3 8 5 7 23 14 22 11 7 3 1 1
2 1 5 5 1 1 3 11 5 7 23 14 22 11 7 3 5 1
1 2 6 4 1 1 4 9 2 7 24 16 14 35 11 3 9 1
1 1 4 2 1 5 4 12 5 3 13 4 21 40 4 5 10 0
5 2 3 2 1 2 1 8 2 7 31 16 14 35 15 3 12 0
1 1 5 2 1 2 4 2 5 3 9 4 21 40 4 5 10 0
1 1 5 3 1 3 1 9 2 7 31 16 14 35 15 5 10 0
3 3 5 1 2 1 2 9 2 7 30 16 14 6 12 3 12 1
1 4 3 3 1 3 4 13 5 3 17 4 21 21 7 5 10 1
5 3 5 1 1 1 4 8 5 7 32 10 5 48 4 3 12 0
1 3 4 6 1 3 4 13 5 3 37 4 27 45 4 5 10 0
1 3 3 2 2 1 3 8 5 7 23 14 22 11 7 3 5 1
3 4 5 1 1 4 2 8 2 7 30 16 14 6 12 3 12 1
2 4 2 6 1 3 2 8 5 7 17 18 20 22 7 3 12 1
5 2 2 6 1 3 1 8 2 7 31 16 19 6 10 3 5 1
3 1 6 4 2 4 3 8 2 7 34 16 14 35 12 5 10 0
4 4 5 2 1 4 1 9 2 7 31 16 19 6 10 3 13 1
3 2 5 5 1 1 1 11 2 7 31 16 19 6 15 3 13 1
2 2 5 4 3 3 4 8 5 7 24 17 6 9 4 3 9 1
1 1 2 6 2 3 4 8 5 7 34 17 6 9 7 3 1 1
3 3 5 1 1 3 4 8 5 7 30 10 5 48 4 3 12 1
3 3 2 2 1 1 3 8 2 7 31 16 14 35 10 3 5 0
2 2 3 3 1 4 3 11 5 7 23 14 22 11 7 3 1 0
5 2 1 6 2 1 1 8 2 7 31 16 14 35 15 3 5 0
2 4 6 6 1 1 2 9 2 7 30 16 14 6 12 3 12 1
3 3 6 4 2 3 4 8 5 7 34 17 6 9 7 3 16 0
1 1 3 3 1 4 4 8 5 7 24 17 6 9 4 3 12 0
2 2 4 6 2 5 4 8 7 7 31 9 16 37 4 3 12 1
2 2 4 4 1 5 4 8 5 7 24 17 6 9 4 3 1 0
4 2 2 4 1 4 1 8 2 7 31 16 19 6 15 3 5 1
2 2 4 3 1 4 3 8 5 7 31 17 6 9 5 3 5 1
2 4 3 2 2 1 3 8 5 7 31 17 6 9 5 3 16 0
3 3 4 3 2 5 3 8 2 7 31 16 14 35 10 3 9 0
1 1 5 3 1 2 3 2 5 7 23 14 22 11 7 5 10 1
3 2 5 1 1 4 2 8 2 7 30 16 14 6 12 3 12 1
2 1 5 2 1 3 4 7 2 7 24 16 14 35 11 3 5 1
3 3 4 4 1 5 4 8 5 7 24 17 6 9 4 3 1 1
4 1 5 6 1 5 4 13 5 3 19 4 27 1 7 5 10 0
5 4 3 1 2 2 1 8 2 7 31 16 19 6 15 3 5 0
3 2 3 6 2 2 4 2 5 7 31 17 6 9 5 3 12 1
1 4 5 6 1 4 1 8 2 7 31 16 14 35 15 5 10 0
4 4 3 1 1 1 4 8 5 7 31 17 6 9 5 3 12 0
1 2 5 4 1 5 1 10 2 7 22 16 14 5 10 3 14 1
5 4 5 5 1 3 1 8 2 7 32 16 19 6 10 3 12 0
3 3 5 2 1 4 4 9 2 7 24 16 14 35 11 5 10 1
4 1 3 4 1 5 4 10 5 7 32 10 5 48 4 3 12 0
5 2 2 3 1 2 1 9 2 7 31 16 19 6 10 3 5 1
1 2 4 4 1 1 4 8 5 3 37 4 27 45 4 3 1 1
1 1 1 1 1 1 4 5 5 3 8 4 21 21 7 5 10 0
4 1 3 6 1 4 4 8 5 7 32 18 20 10 4 3 12 0
4 3 4 6 1 5 4 8 5 7 32 18 20 10 4 5 10 0
5 1 4 6 1 5 4 8 5 7 31 17 6 9 7 5 10 0
2 3 2 3 1 3 3 11 5 7 31 17 6 9 5 3 16 0
5 4 3 6 1 2 2 8 2 7 30 16 14 6 12 3 12 1
4 3 3 1 1 5 2 11 2 7 30 16 14 6 12 3 12 1
1 4 6 4 1 2 3 11 5 7 23 14 22 11 7 3 16 1
3 2 3 6 1 4 2 9 2 7 30 16 14 6 12 3 12 1
3 3 5 1 1 1 2 8 2 7 30 16 14 6 12 3 12 0
3 1 5 6 2 3 1 8 5 7 30 18 20 10 5 3 12 0
2 3 5 2 1 2 1 8 2 7 31 16 14 35 15 5 10 1
3 3 4 4 2 2 1 10 2 7 31 16 19 6 10 3 5 1
3 2 3 1 1 4 2 9 2 7 30 16 14 6 12 3 12 1
2 2 6 6 2 4 3 3 2 7 31 16 14 35 10 3 16 1
3 2 5 6 1 3 4 8 5 7 31 17 6 9 5 3 12 1
3 1 5 2 1 3 4 8 5 7 31 17 6 9 5 3 12 1
1 1 5 2 2 5 4 10 5 7 33 17 6 9 4 3 1 1
1 1 4 4 2 4 4 8 5 7 33 17 6 9 7 5 10 1
1 1 3 4 2 5 4 9 5 3 14 4 21 40 4 5 10 1
5 4 5 5 1 2 1 8 2 7 31 16 14 35 10 3 5 0
3 4 2 3 1 3 2 8 2 7 30 16 14 6 12 3 12 1
5 3 4 6 2 5 3 8 5 7 32 17 6 9 5 3 12 0
1 3 5 6 1 5 3 2 5 7 23 14 22 11 7 5 10 1
1 3 5 3 1 1 1 4 6 3 28 5 3 31 8 3 9 1
2 1 4 5 1 1 3 8 2 7 31 16 14 35 10 3 9 1
1 2 5 4 1 5 1 4 2 7 22 16 14 5 10 5 10 1
2 3 4 2 2 3 3 8 5 7 31 17 6 9 5 3 12 0
3 4 5 1 1 4 4 11 5 7 31 17 6 9 5 3 12 0
2 4 3 1 1 5 2 9 2 7 30 16 14 6 12 3 12 1
1 2 5 3 1 4 4 6 2 7 3 16 14 9 5 5 10 1
3 4 4 1 1 4 2 9 2 7 30 16 14 6 12 3 12 1
1 1 4 5 2 5 3 9 5 7 31 17 6 9 5 3 16 1
4 3 5 2 2 3 4 8 5 7 31 17 6 9 5 3 12 1
5 2 2 1 1 3 1 9 2 7 31 16 19 6 15 3 5 0
4 2 4 6 1 1 1 8 2 7 31 16 14 35 15 5 10 1
4 4 5 4 1 1 2 8 2 7 30 16 14 6 12 3 12 1
1 2 3 4 2 5 3 8 5 7 31 17 6 9 5 3 1 1
1 1 5 6 1 5 3 14 2 7 36 16 24 30 10 5 10 0
2 2 2 3 1 4 4 8 7 7 31 9 16 37 4 3 12 1
1 1 6 4 1 5 4 9 5 7 1 17 6 9 5 5 10 1
1 1 2 5 1 4 3 11 5 7 31 17 6 9 5 3 16 1
2 1 6 2 1 5 3 9 2 7 33 16 14 35 12 3 9 0
3 3 5 3 2 2 2 8 2 7 30 16 14 6 12 3 12 0
1 3 5 3 1 3 3 9 5 7 23 14 22 11 7 3 5 1
1 1 3 5 3 2 4 8 5 3 17 4 27 1 7 5 10 0
3 4 6 1 1 2 1 10 5 7 30 18 20 10 5 3 12 0
2 2 6 2 1 3 1 9 2 7 31 16 14 35 15 5 10 1
5 3 3 5 1 1 1 9 2 7 31 16 19 6 10 5 10 1
2 3 3 4 1 1 1 10 5 7 30 18 20 10 5 3 12 0
5 4 5 3 1 4 1 9 2 7 31 16 19 6 15 5 10 1
1 2 3 2 1 4 3 8 5 7 31 17 6 9 5 3 16 1
5 2 2 6 1 3 3 10 5 7 32 18 20 10 5 3 12 0
2 3 4 4 1 5 3 7 2 7 1 16 14 35 16 5 10 1
2 1 4 1 2 1 4 8 5 7 24 17 6 9 4 3 5 1
1 2 5 4 3 3 3 9 2 7 31 16 14 35 10 3 16 1
5 3 5 6 2 4 4 8 5 7 32 10 2 16 2 3 12 0
1 1 4 2 1 2 1 6 6 7 28 12 17 38 3 3 1 1
1 1 6 2 1 4 4 14 5 3 18 4 21 21 7 5 10 0
2 3 4 1 2 3 3 8 5 7 31 17 6 9 5 3 16 0
2 1 5 3 2 1 3 8 5 7 31 17 6 9 5 3 16 0
3 2 5 1 1 3 2 10 2 7 30 16 14 6 12 3 12 0
3 3 5 3 1 3 3 8 5 7 31 17 6 9 5 3 9 1
3 1 5 4 1 2 1 8 2 7 31 16 14 35 15 5 10 1
2 2 5 1 2 3 3 8 5 7 31 17 6 9 5 3 12 0
2 4 4 1 1 3 2 9 2 7 30 16 14 6 12 3 12 1
3 2 5 2 1 4 4 9 5 7 34 17 6 9 7 5 10 1
3 2 1 1 1 3 3 8 5 7 31 17 6 9 5 3 12 1
3 2 2 3 1 4 4 8 7 7 32 9 25 43 4 3 12 0
3 4 4 2 2 3 1 8 2 7 31 16 14 35 15 3 16 1
3 3 5 1 1 5 1 9 2 7 31 16 14 35 15 3 5 1
4 2 3 3 2 2 1 9 2 7 31 16 19 6 10 3 5 1
2 2 4 1 1 2 2 11 2 7 30 16 14 6 12 3 12 1
1 1 3 6 2 5 4 12 5 3 8 4 21 21 7 5 10 0
3 1 4 1 2 1 4 8 5 7 32 18 20 10 4 3 12 0
4 3 5 1 2 3 2 8 2 7 30 16 14 6 12 3 12 0
3 3 3 1 1 4 1 9 5 7 30 18 20 10 5 3 12 1
3 1 3 2 1 2 1 9 2 7 31 16 19 6 15 3 5 1
4 2 6 1 1 4 2 8 2 7 30 16 14 6 12 3 12 1
2 2 6 3 1 3 3 8 5 7 31 17 6 9 5 3 16 0
4 2 5 5 1 2 4 9 2 7 24 16 14 35 11 5 10 1
3 1 2 4 1 5 4 8 7 7 32 9 25 43 4 3 12 1
1 2 2 4 2 3 4 8 5 7 33 17 6 9 7 3 1 1
3 3 6 4 2 3 1 10 2 7 31 16 14 35 15 3 5 1
4 3 5 4 2 5 1 8 2 7 31 16 14 35 15 3 14 1
1 1 4 3 1 5 3 2 5 7 31 17 6 9 5 3 9 1
1 2 4 1 2 5 4 11 5 7 34 17 6 9 4 3 1 0
3 1 3 2 2 4 3 9 2 7 34 16 14 35 12 5 10 1
1 3 3 6 1 5 1 9 3 7 31 11 30 9 5 3 1 1
1 1 6 1 1 2 4 14 5 3 18 4 21 21 7 5 10 0
4 4 5 1 1 1 2 8 2 7 30 16 14 6 12 3 12 1
2 1 4 3 2 5 3 8 5 7 23 14 22 11 7 3 1 1
2 2 2 1 1 1 3 8 5 7 31 17 6 9 5 3 16 0
3 2 6 2 1 5 4 10 7 7 32 9 16 37 4 3 12 1
3 1 3 3 2 5 4 8 5 7 31 17 6 9 5 3 5 0
4 4 4 3 1 4 1 9 5 7 30 18 20 10 5 3 12 1
1 2 4 6 2 4 3 3 5 7 31 17 6 9 5 5 10 1
2 1 3 2 1 4 3 8 5 7 31 17 6 9 5 3 5 0
3 3 3 2 2 4 3 10 2 7 31 16 14 35 10 3 9 1
3 3 5 2 1 5 2 11 2 7 30 16 14 6 12 3 12 0
1 3 4 4 1 4 3 2 5 7 31 17 6 9 5 3 16 1
4 3 3 1 1 2 2 9 2 7 30 16 14 6 12 3 12 1
1 2 5 6 1 5 3 12 7 7 39 9 16 37 7 5 10 1
1 1 5 2 1 5 4 14 5 3 8 4 21 21 7 5 10 1
1 1 1 5 1 2 3 8 5 7 31 17 6 9 5 5 10 0
3 4 4 1 1 3 4 10 5 7 31 17 6 9 5 3 12 1
4 2 4 6 2 2 4 8 5 7 31 17 6 9 5 3 12 0
3 3 5 5 2 5 1 8 2 7 32 16 14 5 10 5 10 0
5 4 3 6 1 3 3 8 5 7 32 17 6 9 5 3 12 0
5 4 5 1 1 3 1 8 5 7 30 18 20 10 5 3 12 1
1 1 4 5 3 1 4 9 2 7 24 16 14 35 11 3 9 1
2 3 6 6 1 2 2 8 2 7 30 16 14 6 12 3 12 1
2 1 5 5 2 5 1 11 6 3 28 5 3 31 8 5 10 0
4 1 6 5 2 5 4 10 5 7 33 17 6 9 7 3 5 0
2 2 5 1 1 4 3 8 5 7 23 14 22 11 7 3 1 1
5 3 4 1 1 5 2 8 2 7 30 16 14 6 12 3 12 1
2 3 3 5 1 4 3 8 5 7 31 17 6 9 5 3 1 1
5 3 5 4 1 4 1 11 2 7 31 16 19 6 15 5 10 1
3 4 3 2 2 3 1 8 5 7 30 18 20 10 5 3 12 0
3 3 6 5 1 5 4 8 5 7 33 17 6 9 7 3 5 1
3 4 6 6 1 4 2 8 2 7 30 16 14 6 12 3 12 0
3 2 6 1 2 3 4 8 7 7 31 9 16 37 4 3 12 0
5 3 4 5 1 1 1 8 2 7 30 16 19 6 10 3 5 0
2 3 2 5 2 1 3 10 5 7 31 17 6 9 5 3 16 1
2 1 4 4 1 5 4 13 5 3 37 4 27 45 4 3 12 0
4 2 5 1 1 3 2 9 2 7 30 16 14 6 12 3 12 1
2 4 3 3 1 4 3 8 5 7 31 17 6 9 5 3 1 1
2 1 5 1 2 5 4 8 5 7 33 17 6 9 4 3 1 1
3 3 2 6 2 4 4 8 7 7 31 9 16 37 4 3 12 0
4 1 2 3 1 4 4 8 5 7 33 17 6 9 7 5 10 1
1 1 3 2 1 1 4 13 3 7 25 3 26 9 5 5 10 0
3 3 5 3 1 2 1 10 2 7 31 16 14 35 15 5 10 1
2 3 5 5 1 1 3 8 5 7 23 14 22 11 7 3 16 1
3 1 6 3 1 1 3 9 2 3 13 2 10 4 13 5 10 1
1 2 5 3 2 3 4 2 5 7 33 17 6 9 7 3 1 1
3 3 5 3 2 1 3 8 5 7 31 17 6 9 5 3 16 0
4 4 5 5 1 5 1 9 2 7 31 16 19 6 10 3 9 1
2 3 3 4 1 5 3 9 5 7 23 14 22 11 7 3 16 1
4 4 3 1 1 2 1 9 5 7 30 18 20 10 5 3 12 1
4 1 1 3 2 3 4 10 5 7 32 10 5 48 4 3 12 0
5 1 4 1 1 3 4 8 2 7 31 16 19 6 11 3 9 0
2 2 5 2 1 3 4 11 7 7 31 9 16 37 4 3 12 1
1 1 5 5 2 1 4 3 5 3 17 4 27 1 7 5 10 0
2 1 5 1 1 3 3 8 5 7 31 17 6 9 5 3 1 1
5 1 6 4 1 1 1 8 2 7 31 16 19 6 10 3 5 0
4 4 3 4 1 2 1 9 2 7 31 16 14 35 15 5 10 1
2 2 4 2 1 1 3 9 5 7 31 17 6 9 5 3 9 1
5 1 5 5 2 4 4 8 2 7 31 16 19 6 11 3 5 0
5 4 5 6 1 1 1 8 2 7 31 16 14 35 15 3 5 0
2 2 2 5 2 1 1 7 2 7 31 16 14 35 15 3 5 1
1 1 2 2 2 4 4 10 5 7 33 17 6 9 4 3 1 0
2 3 5 3 3 4 3 8 2 7 31 16 14 35 10 3 16 1
1 1 2 5 1 4 3 7 2 3 13 2 10 4 13 5 10 1
1 2 2 4 1 4 4 9 2 7 24 16 14 35 11 5 10 1
1 3 5 6 2 2 3 8 2 7 31 16 14 35 10 3 16 1
4 1 4 2 3 5 3 8 5 7 33 17 6 9 5 5 10 0
5 2 4 1 1 1 4 8 2 7 31 16 19 6 11 3 9 0
1 1 5 2 1 4 4 9 5 3 17 4 27 1 7 3 5 0
2 3 6 3 2 2 3 10 2 7 31 16 14 35 10 3 9 1
1 1 5 5 1 5 3 2 2 7 36 16 24 30 10 5 10 0
5 4 4 6 1 1 1 10 2 7 31 16 14 29 10 3 5 0
4 4 4 1 2 1 2 9 2 7 30 16 14 6 12 3 12 1
4 3 6 1 1 2 2 8 2 7 30 16 14 6 12 3 12 1
4 1 5 3 1 3 1 8 2 7 31 16 19 6 15 5 10 1
1 2 4 2 2 2 4 8 5 7 33 17 6 9 4 3 1 1
2 4 2 5 2 2 1 9 2 7 31 16 14 35 15 3 5 1
5 1 4 6 1 4 1 8 2 7 31 16 19 6 10 3 5 1
4 1 2 1 1 4 2 8 2 7 30 16 14 6 12 3 12 1
1 2 4 2 3 5 4 2 5 7 33 17 6 9 4 5 10 0
4 2 5 5 1 5 1 10 2 7 31 16 14 35 15 3 14 1
3 1 6 5 2 3 4 8 5 7 33 17 6 9 4 3 1 1
2 3 5 1 1 5 2 9 2 7 30 16 14 6 12 3 12 0
1 3 5 2 1 3 1 6 6 3 11 5 3 31 8 5 10 1
1 3 3 6 2 5 4 11 5 7 34 17 6 9 7 3 1 1
3 1 2 4 1 2 3 8 5 7 31 17 6 9 5 3 5 1
2 2 6 6 2 1 4 8 7 7 31 9 16 37 4 3 12 1
1 3 5 3 1 4 4 9 5 7 31 17 6 9 5 3 12 1
2 2 6 1 1 2 4 8 5 7 24 17 6 9 4 3 12 0
2 3 6 1 1 4 1 8 5 7 30 18 20 10 5 3 12 1
2 2 3 4 2 3 3 8 5 7 23 14 22 11 7 3 5 0
2 1 5 4 1 3 4 9 2 7 24 16 14 35 11 3 9 1
1 1 5 1 1 5 1 12 5 7 18 17 6 23 3 5 10 0
2 1 5 3 2 2 4 8 5 7 33 17 6 9 7 3 16 1
3 2 6 2 1 3 1 8 5 7 30 18 20 10 5 3 12 1
2 2 5 1 1 3 2 8 2 7 30 16 14 6 12 3 12 1
3 1 2 4 2 3 4 8 5 7 34 17 6 9 7 3 16 0
5 4 5 6 1 2 3 9 5 7 32 17 6 9 5 3 12 0
2 2 4 2 1 3 4 7 5 7 24 17 6 9 4 3 1 1
5 1 3 6 1 1 2 8 2 7 30 16 14 6 12 3 12 0
4 3 4 1 1 2 2 8 2 7 30 16 14 6 12 3 12 1
3 3 2 2 1 2 2 8 2 7 30 16 14 6 12 3 12 1
5 4 3 5 1 4 1 8 2 7 31 16 19 6 10 3 5 1
1 1 1 1 1 5 4 5 5 3 18 4 21 21 7 5 10 0
3 3 3 2 1 2 1 8 5 7 30 18 20 10 5 3 12 1
2 4 5 3 1 4 2 8 2 7 30 16 14 6 12 3 12 0
1 1 4 3 1 5 4 14 5 3 17 4 27 1 7 5 10 0
5 3 5 3 2 2 3 8 2 7 30 16 19 6 13 3 5 0
4 2 5 6 2 5 3 8 5 7 32 17 6 9 5 3 12 0
2 1 3 4 2 1 4 2 5 7 24 17 6 9 4 3 1 1
1 1 6 4 2 5 3 12 2 3 37 2 10 4 13 5 10 1
5 4 4 1 1 1 1 8 2 7 31 16 14 29 15 5 10 1
3 4 6 2 1 1 3 11 5 7 31 17 6 9 5 3 9 0
2 1 3 3 2 4 4 9 5 7 33 17 6 9 4 5 10 1
5 4 5 4 1 3 1 8 2 4 32 7 15 27 15 3 5 0
1 1 4 6 1 1 4 14 2 7 31 16 14 9 5 5 10 0
1 2 3 2 1 2 3 9 5 7 31 17 6 9 5 3 1 1
1 1 2 1 1 4 1 7 5 7 17 18 20 22 3 3 12 1
2 3 3 2 1 2 3 9 5 7 31 17 6 9 5 3 1 1
1 1 5 2 1 1 1 2 2 7 37 16 24 8 10 5 10 0
1 1 5 6 2 3 4 12 5 3 9 4 21 40 4 5 10 0
1 2 4 5 3 1 4 9 2 7 24 16 14 35 11 5 10 1
4 3 3 4 1 2 4 8 5 7 33 17 6 9 7 3 5 0
3 1 2 2 2 3 3 9 2 7 34 16 14 35 12 3 12 1
4 3 4 5 1 3 1 8 2 7 31 16 19 6 10 3 5 1
2 4 5 4 1 4 2 10 2 7 30 16 14 6 12 3 12 1
2 1 5 2 3 5 4 10 5 7 33 17 6 9 7 5 10 0
1 4 4 6 2 3 3 10 2 7 31 16 14 35 10 3 16 1
4 3 5 3 1 3 4 8 7 7 32 9 16 37 4 3 12 1
1 1 4 1 1 2 4 2 5 3 8 4 21 21 7 5 10 0
1 2 5 3 1 5 3 2 5 7 31 17 6 9 5 7 15 1
2 3 5 1 1 1 2 9 2 7 30 16 14 6 12 3 12 1
3 4 5 1 1 4 2 8 2 7 30 16 14 6 12 3 12 0
3 2 5 4 1 4 4 8 5 7 33 17 6 9 7 3 9 1
2 3 3 5 1 1 3 2 5 7 31 17 6 9 5 3 9 1
2 1 5 2 1 4 4 8 5 7 33 17 6 9 7 3 9 1
3 2 3 1 1 4 2 8 2 7 30 16 14 6 12 3 12 0
4 3 3 1 2 1 2 8 2 7 30 16 14 6 12 3 12 0
2 2 4 3 1 4 3 10 5 7 31 17 6 9 5 3 9 0
2 1 6 1 1 1 4 8 5 7 31 17 6 9 5 3 12 1
5 2 5 5 2 5 2 10 2 7 30 16 14 6 12 3 12 0
2 2 4 5 1 2 1 8 2 7 31 16 14 35 15 5 10 1
1 3 4 3 1 4 3 8 5 7 31 17 6 9 5 3 5 1
4 4 6 6 1 4 4 8 5 7 31 17 6 9 5 3 12 0
4 3 4 5 1 2 1 8 2 7 31 16 14 35 15 3 5 0
1 1 4 3 1 5 3 8 5 7 31 17 6 9 5 3 9 1
1 1 5 2 1 4 4 8 5 3 37 4 27 45 4 3 5 1
1 1 4 6 1 5 3 12 1 7 37 15 18 47 7 3 12 1
4 4 6 1 1 1 4 8 5 7 31 17 6 9 5 3 12 1
4 2 2 1 2 1 2 10 2 7 30 16 14 6 12 3 12 1
1 3 4 2 1 4 4 2 5 3 8 4 21 21 7 5 10 1
2 2 2 5 2 5 4 8 5 7 34 17 6 9 7 3 1 0
5 1 3 6 1 5 1 8 5 7 30 18 20 10 5 3 12 1
2 2 3 1 1 3 2 9 2 7 30 16 14 6 12 3 12 1
1 1 4 5 1 4 1 3 2 7 31 16 14 35 15 5 10 1
4 3 5 1 1 1 2 8 2 7 30 16 14 6 12 3 12 1
4 3 1 6 1 1 1 9 2 7 31 16 14 35 15 3 5 1
2 3 5 2 1 5 3 11 5 7 23 14 22 11 7 3 1 1
5 2 5 5 1 4 4 9 2 7 31 16 19 6 11 3 5 0
1 1 3 5 1 4 4 8 2 7 24 16 14 35 11 5 10 0
4 1 4 1 1 1 4 9 5 7 31 17 6 9 5 3 12 0
3 2 5 5 3 5 3 10 2 7 31 16 14 35 10 3 9 1
5 3 3 5 1 2 1 8 2 7 31 16 19 6 15 3 5 0
3 2 3 3 1 4 1 9 2 7 31 16 14 35 15 3 5 1
5 1 4 1 1 2 4 8 2 7 31 16 19 6 11 3 9 0
5 3 5 4 1 1 1 8 2 7 31 16 19 6 10 3 5 0
1 2 5 3 1 2 3 8 5 7 23 14 22 11 7 3 12 0
5 4 5 6 1 4 1 8 2 7 30 16 19 6 10 3 5 0
3 2 1 4 1 1 3 8 2 7 31 16 14 35 10 3 9 1
1 1 4 1 2 5 4 8 5 7 33 17 6 9 4 3 1 1
1 1 1 1 1 5 3 14 2 7 36 16 14 35 13 5 10 0
2 4 3 6 1 5 2 7 2 7 30 16 14 6 12 3 12 0
1 3 6 4 1 4 3 8 5 7 31 17 6 9 5 3 12 0
1 1 6 3 2 3 4 8 5 7 33 17 6 9 7 3 1 1
4 4 3 5 1 1 1 9 2 7 31 16 19 6 10 5 10 1
5 1 5 5 1 3 1 8 2 7 31 16 19 6 15 3 5 0
4 1 6 4 1 1 1 11 2 7 31 16 19 6 15 5 10 0
3 1 6 3 1 2 1 9 2 7 31 16 14 35 15 3 9 1
2 1 4 6 1 5 4 2 5 7 31 17 6 9 5 5 10 1
3 4 5 6 1 4 1 8 5 7 30 18 20 10 5 3 12 0
4 4 6 3 1 5 2 8 2 7 30 16 19 6 12 3 12 1
4 2 5 4 2 4 1 8 2 7 31 16 14 35 15 3 14 1
3 4 2 5 1 3 1 9 2 7 31 16 14 35 15 3 12 1
2 1 4 4 2 4 3 8 5 7 31 17 6 9 5 3 1 1
5 3 5 6 1 2 1 11 2 7 31 16 19 6 15 5 10 1
2 1 5 4 1 3 4 8 5 7 24 17 6 9 4 3 12 1
3 1 3 5 2 3 3 8 2 3 13 2 10 4 13 5 10 1
5 4 6 2 1 2 1 8 5 7 30 18 20 10 5 3 12 0
2 1 6 2 2 4 3 10 2 7 31 16 14 35 10 3 9 1
4 2 5 1 1 1 4 8 5 7 32 18 20 10 4 3 12 0
3 2 3 1 1 4 2 11 2 7 30 16 14 6 12 3 12 1
2 3 3 3 1 2 3 9 5 7 31 17 6 9 5 5 10 1
5 2 3 6 1 1 4 8 5 7 32 10 5 48 4 3 12 0
3 1 4 4 2 1 4 8 2 7 31 16 19 6 11 5 10 0
4 4 3 6 2 3 3 11 5 7 32 18 20 39 9 3 12 0
1 1 2 2 1 5 4 9 5 5 37 14 22 15 4 5 10 0
1 1 4 2 3 3 3 8 5 7 31 17 6 9 5 3 1 1
4 3 6 4 1 1 1 10 2 7 31 16 19 6 10 3 5 0
5 2 6 4 2 5 1 8 2 7 32 16 19 6 15 5 10 1
2 2 6 3 3 3 3 8 5 7 31 17 6 9 5 3 1 1
5 2 5 4 1 2 3 11 5 7 31 17 6 9 5 3 12 0
3 1 5 1 2 2 3 8 2 7 31 16 19 6 12 3 12 1
2 3 5 2 1 2 3 8 5 7 31 17 6 9 5 3 12 0
1 1 3 4 1 5 1 9 2 7 31 16 14 35 15 5 10 1
3 1 1 5 2 3 3 9 5 7 31 17 6 9 5 3 5 0
1 2 3 5 1 2 4 11 5 7 24 17 6 9 4 3 5 1
3 3 2 2 1 4 4 9 7 7 31 9 16 37 4 3 12 0
1 1 5 5 2 5 4 8 5 7 34 17 6 9 7 3 8 1
3 4 3 2 1 1 1 8 5 7 30 18 20 10 5 3 12 0
2 4 3 6 1 4 2 9 2 7 30 16 14 6 12 3 12 1
1 3 6 6 1 5 4 8 5 7 34 17 6 9 7 3 1 1
3 1 4 4 1 2 3 8 5 7 31 17 6 9 5 3 5 1
4 3 5 6 1 4 1 8 2 7 31 16 19 6 10 3 5 0
2 1 4 2 2 1 4 11 2 7 24 16 14 35 11 3 9 0
1 3 5 3 2 5 3 8 5 7 31 17 6 9 5 3 16 0
4 2 2 2 1 1 1 9 2 7 31 16 19 6 15 5 10 1
3 3 4 4 1 5 4 8 7 7 31 9 16 37 4 3 12 0
1 3 4 5 2 4 3 2 2 7 31 16 14 35 10 5 10 1
1 3 2 5 1 5 1 13 2 7 31 16 14 35 15 5 10 1
4 1 2 1 1 2 2 8 2 7 30 16 14 6 12 3 12 1
2 3 4 2 2 4 3 10 5 7 31 17 6 9 5 3 1 0
1 1 6 6 2 5 4 9 2 5 36 2 7 3 12 5 10 1
2 2 5 4 1 4 4 8 5 7 33 17 6 9 7 3 9 1
4 2 3 1 1 3 4 8 5 7 31 17 6 9 5 3 12 1
1 1 5 3 1 2 4 9 5 7 34 17 6 9 7 3 1 1
2 3 6 2 1 1 3 8 5 7 31 17 6 9 5 3 1 0
1 1 2 4 1 4 4 8 2 7 24 16 14 35 11 3 5 0
3 4 2 1 1 4 2 8 2 7 30 16 14 6 12 3 12 0
2 4 5 6 2 5 1 9 5 7 30 18 20 10 5 3 12 0
4 4 5 2 1 1 1 8 5 7 30 18 20 10 5 3 12 1
3 1 4 5 1 3 3 8 5 7 31 17 6 9 5 3 12 0
4 2 4 1 1 3 4 10 7 7 31 9 16 37 4 3 12 1
2 2 5 4 1 3 4 8 5 7 31 17 6 9 5 3 12 0
4 3 3 1 1 3 1 9 2 7 31 16 19 6 15 3 5 0
2 2 3 3 2 2 3 8 5 7 31 17 6 9 5 3 5 0
3 2 4 2 1 4 4 8 5 7 31 17 6 9 5 3 12 0
4 2 2 1 1 1 2 9 2 7 30 16 14 6 12 3 12 1
1 3 2 2 1 3 2 9 2 7 30 16 14 6 12 3 12 1
5 3 5 3 1 1 2 8 5 7 31 17 11 17 9 3 12 1
4 4 2 1 1 5 2 8 2 7 30 16 14 6 12 3 12 1
3 2 4 5 1 3 3 8 2 7 31 16 14 35 10 5 10 1
2 4 3 5 1 4 2 8 2 7 30 16 14 6 12 3 12 0
4 3 6 1 1 1 4 8 7 7 31 9 16 37 4 3 12 0
1 2 6 5 1 1 3 9 5 7 23 14 22 11 7 3 1 1
4 3 3 6 1 1 1 9 5 7 30 18 20 10 5 3 12 1
2 3 4 3 1 1 3 9 5 7 23 14 22 11 7 3 5 0
2 2 5 2 1 4 3 11 5 7 31 17 6 9 5 3 1 1
2 3 6 4 1 2 3 8 5 7 31 17 6 9 5 3 9 1
2 2 3 5 2 3 4 8 5 7 34 17 6 9 7 3 1 0
3 3 5 1 1 2 3 8 5 7 31 17 6 9 5 3 12 0
1 3 3 4 1 5 3 8 5 7 23 14 22 11 7 3 5 1
1 1 3 5 2 5 1 8 6 3 28 5 3 31 8 3 1 0
1 4 4 3 1 3 1 7 2 7 31 16 14 35 15 5 10 1
3 3 5 5 1 5 1 9 2 7 31 16 14 35 15 3 5 1
2 1 3 4 2 5 3 8 5 7 31 17 6 9 5 3 16 0
1 1 5 5 3 1 4 9 2 7 24 16 14 35 11 3 5 1
3 4 5 2 1 5 1 8 5 7 30 18 20 10 5 5 10 1
1 3 5 6 3 2 3 9 2 7 31 16 14 35 10 3 16 1
2 1 3 6 1 3 3 7 1 7 37 15 18 47 7 3 12 0
3 1 5 5 1 5 1 8 2 7 31 16 14 35 15 3 5 0
3 3 5 5 2 3 1 9 2 7 31 16 14 35 15 3 5 0
5 1 5 2 1 2 1 11 2 7 31 16 19 6 10 3 5 1
4 3 6 5 1 1 4 9 5 7 32 18 20 10 4 3 12 0
5 2 2 4 2 3 4 8 5 7 31 17 6 32 4 3 5 0
3 3 3 1 1 4 4 9 5 7 32 18 20 10 4 3 12 0
1 1 3 1 3 5 3 14 5 6 27 4 8 20 7 5 10 0
3 2 4 3 2 2 1 9 2 7 31 16 19 6 15 3 5 1
4 3 4 5 2 2 4 8 5 7 33 17 6 9 7 5 10 1
1 1 1 1 1 5 4 12 5 3 8 4 21 21 7 5 10 0
1 1 4 5 1 5 4 14 2 7 24 16 14 35 11 3 9 0
3 2 5 6 2 3 2 8 2 7 30 16 14 6 12 3 12 1
2 2 5 2 2 4 3 11 5 7 31 17 6 9 5 3 1 1
2 4 4 6 1 1 2 8 2 7 30 16 14 6 12 3 12 0
1 4 4 3 1 5 3 2 5 7 31 17 6 9 5 3 9 1
4 1 1 1 1 3 1 9 5 7 30 18 20 10 5 3 12 1
3 1 5 3 1 5 3 10 5 7 31 17 6 9 5 3 1 1
4 1 3 1 1 4 4 8 7 7 31 9 16 37 4 3 12 1
4 3 4 1 2 1 2 11 2 7 30 16 14 6 12 3 12 1
4 3 4 1 1 2 2 8 2 7 30 16 14 6 12 3 12 1
2 1 5 4 2 3 3 9 5 7 31 17 6 9 5 3 16 1
1 1 6 3 1 2 4 9 2 7 24 16 14 35 11 3 5 0
1 2 5 5 1 2 1 14 6 7 28 12 17 38 3 3 1 1
1 2 2 5 2 5 4 11 5 7 33 17 6 9 4 3 1 1
3 3 5 1 1 5 4 8 5 7 31 17 6 9 5 3 12 1
5 3 6 1 1 1 4 8 5 7 32 10 5 48 4 3 12 0
5 1 6 3 1 2 1 8 2 7 31 16 19 6 15 5 10 1
4 2 3 5 1 1 3 8 5 7 31 17 6 9 5 3 5 0
5 2 5 2 1 2 1 8 2 7 31 16 19 6 15 3 5 0
1 3 3 5 1 4 3 9 5 7 23 14 22 11 7 3 16 1
2 2 2 5 1 4 3 9 2 7 38 16 14 35 12 3 5 0
1 3 2 4 1 5 1 8 2 7 31 16 14 35 10 5 10 1
2 2 5 5 2 1 3 8 5 7 31 17 6 9 5 3 9 1
3 2 5 5 1 3 1 9 2 4 38 16 19 6 16 3 13 0
3 4 3 6 1 1 2 8 2 7 30 16 14 6 12 3 12 0
3 2 6 5 1 3 4 8 5 7 34 17 6 9 7 5 10 0
2 4 5 5 1 4 1 9 2 7 31 16 19 6 10 5 10 1
1 1 5 4 1 3 3 8 5 7 23 14 22 11 7 3 9 1
1 3 3 4 1 5 3 9 5 7 23 14 22 11 7 3 5 1
4 4 5 3 1 3 1 10 2 7 31 16 19 6 10 3 5 0
1 2 4 3 2 3 4 8 5 7 34 17 6 9 7 5 10 1
4 4 4 5 2 1 1 10 2 7 31 16 19 6 10 3 5 0
2 2 5 5 2 4 3 8 2 7 31 16 14 35 10 3 9 1
2 4 2 6 1 1 2 9 5 7 17 18 20 22 7 3 12 1
3 1 4 4 2 3 3 8 2 7 1 16 14 35 16 5 10 0
3 1 5 1 2 2 3 11 5 7 31 17 6 9 5 3 16 0
2 2 5 4 3 4 3 10 5 7 31 17 6 9 5 3 1 1
1 4 5 4 2 2 3 9 5 7 31 17 6 9 5 5 10 1
4 2 2 1 1 3 2 9 2 7 30 16 14 6 12 3 12 1
2 3 3 2 2 1 4 8 5 7 34 17 6 9 7 3 16 0
4 1 4 3 1 2 1 9 2 7 31 16 19 6 10 3 5 0
1 3 3 2 1 5 4 10 5 7 34 17 6 9 4 5 10 1
1 2 3 6 1 2 3 9 5 7 23 14 22 11 7 3 9 1
1 1 5 1 1 5 4 12 5 3 8 4 21 21 7 5 10 0
5 2 5 2 2 1 1 10 2 7 31 16 14 29 10 5 10 1
2 3 4 2 1 3 3 8 5 7 31 17 6 9 5 3 5 0
4 2 2 3 2 1 1 8 2 7 31 16 14 35 15 5 10 1
2 2 3 2 2 5 3 8 2 7 31 16 14 35 10 3 9 1
1 2 3 6 1 5 4 9 2 7 31 16 14 9 5 3 12 0
5 1 5 2 2 2 1 8 2 7 31 16 19 6 15 3 5 0
1 2 5 1 2 2 3 9 5 7 31 17 6 9 5 3 12 0
5 3 2 6 1 2 1 8 2 7 30 16 19 6 10 3 12 0
5 1 2 6 1 1 4 8 2 7 31 16 19 6 11 3 5 0
3 3 3 6 2 4 1 10 2 7 31 16 19 6 15 5 10 1
3 2 5 5 1 3 3 9 5 7 31 17 6 9 5 5 10 1
5 2 5 2 2 2 1 11 2 7 31 16 19 6 10 3 5 1
3 4 2 1 1 3 1 8 5 7 30 18 20 10 5 3 12 1
5 4 3 6 1 2 1 10 2 7 31 16 14 35 15 3 5 1
2 1 5 3 1 5 3 8 5 7 31 17 6 9 5 3 1 1
4 1 2 1 1 3 4 8 2 7 31 16 19 6 11 3 5 0
4 1 6 4 2 5 4 8 5 7 24 17 6 9 4 3 5 0
4 2 5 4 1 2 4 11 5 7 33 17 6 9 7 3 5 0
4 1 1 1 1 2 2 8 2 7 30 16 14 6 12 3 12 1
4 2 3 6 2 3 4 8 5 7 33 17 6 9 4 5 10 1
4 2 4 6 1 3 1 8 2 7 32 16 19 6 15 3 12 0
1 3 2 6 1 5 3 11 5 6 27 4 8 20 7 3 1 0
2 4 5 2 1 2 3 8 5 7 31 17 6 9 5 3 5 1
4 3 6 4 1 5 4 8 5 7 31 17 6 9 7 3 5 0
2 1 5 6 1 5 3 12 1 7 37 15 18 47 7 3 12 0
5 4 4 6 1 1 1 8 2 7 31 16 14 29 10 3 5 0
3 2 3 1 1 2 1 9 5 7 30 18 20 10 5 3 12 1
2 2 4 4 1 1 3 8 5 7 23 14 22 11 7 3 5 1
3 1 6 3 1 4 4 8 5 7 32 10 5 48 4 3 12 1
5 2 5 5 2 1 1 8 2 7 31 16 19 6 15 3 5 0
1 1 4 3 1 4 3 8 5 7 37 14 22 41 7 5 10 0
5 3 6 5 1 5 1 8 2 7 31 16 19 6 10 3 5 1
3 4 5 2 1 5 1 9 2 7 31 16 14 35 15 3 5 1
1 2 6 5 2 2 2 9 2 7 30 16 14 6 12 3 12 0
5 3 2 5 2 2 1 11 2 7 31 16 14 35 15 3 5 0
3 1 2 1 1 2 2 9 2 7 30 16 14 6 12 3 12 1
2 4 5 4 1 4 4 10 5 7 31 17 6 9 5 3 12 1
4 3 5 1 1 1 2 8 2 7 30 16 14 6 12 3 12 1
2 2 6 3 2 3 4 10 5 7 34 17 6 9 7 3 16 1
5 4 4 6 1 2 2 8 5 7 30 18 20 39 9 3 13 0
3 3 2 5 2 5 3 8 5 7 31 17 6 9 5 3 5 0
2 2 3 1 2 2 4 9 7 7 31 9 16 37 4 3 12 0
4 2 1 3 1 2 4 8 7 7 32 6 14 9 5 3 5 0
5 2 5 2 1 5 1 9 2 7 31 16 14 29 10 5 10 0
2 3 4 3 1 4 3 9 2 7 31 16 14 35 10 3 9 1
2 1 5 3 1 5 4 12 5 3 37 4 27 45 4 5 10 0
1 2 2 6 2 2 4 8 5 7 34 17 6 9 7 3 1 1
3 2 6 1 1 3 3 8 5 7 31 17 6 9 5 3 12 1
3 4 4 1 1 3 2 9 2 7 30 16 14 6 12 3 12 1
1 4 5 2 1 1 1 8 2 7 31 16 14 35 15 3 1 1
1 2 3 3 1 4 1 9 5 7 30 18 20 10 5 3 12 1
1 1 3 2 1 3 3 8 5 7 23 14 22 11 7 3 1 1
2 3 5 3 1 2 4 8 2 7 24 16 14 35 11 3 9 1
2 1 3 1 1 3 2 9 2 7 30 16 14 6 12 3 12 1
1 1 5 2 2 1 1 8 3 1 5 13 29 46 16 5 10 0
4 2 3 4 1 2 4 11 5 7 31 17 6 9 5 3 12 0
4 1 3 6 1 2 4 9 7 7 31 9 16 37 4 3 12 0
5 2 6 2 1 3 1 8 2 7 31 16 19 6 10 5 10 1
3 2 5 1 2 2 2 8 2 7 30 16 14 6 12 3 12 1
4 4 5 5 1 5 1 9 2 7 31 16 14 35 15 5 10 1
3 4 6 1 1 4 2 8 2 7 30 16 14 6 12 3 12 1
2 2 5 5 1 5 3 8 2 7 34 16 14 35 12 3 5 0
2 3 6 6 1 4 3 8 5 7 23 14 22 11 7 3 5 0
2 2 2 6 1 5 4 10 5 7 33 17 6 9 7 3 1 0
3 3 5 1 1 3 2 9 2 7 30 16 14 6 12 3 12 1
4 2 1 2 1 4 2 8 2 7 30 16 14 6 12 3 12 1
2 2 4 5 1 4 1 9 2 7 31 16 14 35 15 3 12 1
3 2 5 3 1 1 1 8 2 7 31 16 14 35 15 5 10 0
5 2 4 6 2 2 3 8 5 7 32 17 6 9 5 3 5 0
3 3 4 3 2 4 3 8 2 7 31 16 14 35 10 3 9 0
4 1 4 6 1 3 1 7 2 7 31 16 19 6 10 5 10 0
2 4 2 6 1 2 3 8 7 7 39 9 16 37 7 3 12 1
1 1 4 3 1 5 4 9 5 3 37 4 27 45 4 3 5 1
3 3 5 1 1 3 1 11 5 7 30 18 20 10 5 3 12 1
1 1 3 6 1 3 1 12 5 7 17 18 20 22 3 5 10 0
1 1 4 5 1 1 1 14 3 1 5 13 29 46 16 5 10 0
4 3 5 1 1 2 2 10 2 7 30 16 14 6 12 3 12 1
5 4 5 1 1 3 4 8 5 7 31 17 6 9 5 3 12 1
4 2 4 5 2 1 4 10 5 7 33 17 6 9 7 5 10 1
3 2 3 3 2 4 4 9 5 7 31 17 6 9 5 3 12 0
5 3 6 6 1 4 1 8 2 7 31 16 19 6 10 3 5 0
3 3 3 4 2 4 4 9 2 7 31 16 19 6 11 3 5 1
4 4 5 2 2 1 2 9 2 7 30 16 14 6 12 3 12 1
4 3 5 1 1 1 2 9 2 7 30 16 14 6 12 3 12 1
4 3 3 5 1 4 4 8 5 7 33 17 6 9 7 5 10 1
1 1 3 5 2 3 4 8 5 3 17 4 27 1 7 3 1 1
3 4 3 2 1 4 2 8 2 7 30 16 14 6 12 3 12 1
1 2 6 4 2 2 1 8 2 7 31 16 14 35 15 5 10 1
2 2 6 1 1 3 3 9 1 7 37 15 18 47 7 3 12 0
4 2 2 2 1 1 4 8 5 7 31 17 6 9 5 3 5 0
3 3 5 4 1 1 3 8 5 7 31 17 6 9 5 3 12 0
3 3 5 2 1 5 1 9 2 7 31 16 14 35 15 3 5 1
4 3 3 3 1 1 4 8 5 7 31 17 6 9 4 3 9 0
5 4 3 4 1 2 1 10 2 7 31 16 19 6 10 5 10 1
2 1 4 5 2 1 4 2 5 7 24 17 6 9 4 3 1 1
1 1 5 2 2 1 3 8 5 7 23 14 22 11 7 3 5 1
1 1 3 4 1 1 1 3 2 7 31 16 14 35 15 3 15 1
4 2 6 3 1 5 1 8 2 7 31 16 14 35 15 3 5 1
5 2 5 6 1 4 3 8 5 7 32 18 20 10 5 3 12 0
4 3 4 4 1 4 4 9 2 7 31 16 19 6 11 5 10 1
4 3 6 2 1 2 2 8 2 7 30 16 14 6 12 3 12 0
2 1 6 1 1 2 1 7 5 7 30 18 20 10 5 3 12 1
1 2 4 2 1 5 3 11 5 7 23 14 22 11 7 3 1 1
4 2 3 4 1 2 3 8 5 7 31 17 6 9 5 3 5 0
3 3 5 5 1 3 1 8 2 7 31 16 14 35 15 5 10 1
1 1 1 4 3 5 4 4 5 5 35 17 6 13 4 5 10 1
3 3 5 2 1 2 2 8 2 7 30 16 14 6 12 3 12 1
4 1 3 6 1 1 1 8 2 7 31 16 14 35 15 5 10 1
2 2 5 2 1 3 3 8 5 7 23 14 22 11 7 3 1 1
2 1 3 1 1 2 3 8 1 7 37 15 18 47 7 3 12 1
5 3 5 1 1 1 4 8 5 7 31 17 6 9 5 3 12 1
4 4 6 5 1 1 4 8 5 7 33 17 6 9 7 3 5 0
3 4 3 1 1 1 2 8 2 7 30 16 14 6 12 3 12 1
4 3 1 2 1 1 1 9 2 7 31 16 14 35 15 3 5 0
2 3 3 5 2 5 4 8 5 7 34 17 6 9 7 3 1 1
2 3 4 1 2 4 3 8 5 7 31 17 6 9 5 3 16 0
1 2 2 4 1 5 4 10 2 7 24 16 14 35 11 5 10 1
4 4 3 3 1 4 1 9 2 7 31 16 19 6 10 5 10 1
2 1 6 1 1 3 3 8 5 7 23 14 22 11 7 3 1 1
1 2 3 2 1 2 3 11 5 7 23 14 22 11 7 3 16 0
1 2 2 4 1 4 1 7 2 7 31 16 14 35 15 5 10 1
2 1 2 2 2 4 4 8 5 7 34 17 6 9 7 3 1 1
2 2 3 1 1 1 2 8 2 7 30 16 14 6 12 3 12 1
3 1 5 3 1 5 4 8 5 3 9 4 21 40 4 5 10 1
5 4 5 2 1 3 1 8 5 7 30 18 20 10 5 3 12 1
1 1 3 3 1 3 3 9 5 7 23 14 22 11 7 3 5 1
4 4 4 6 1 2 1 10 5 7 30 18 20 10 5 3 12 0
1 2 5 4 2 2 4 8 5 7 34 17 6 9 7 3 1 1
1 2 3 5 3 5 1 14 3 1 5 13 29 46 16 5 10 0
1 1 6 3 1 4 4 13 5 3 37 4 27 45 4 5 10 0
1 2 5 5 2 4 4 8 5 7 33 17 6 9 7 3 16 1
3 3 4 1 1 2 4 9 5 7 31 17 6 9 5 3 5 0
1 1 5 2 1 5 3 12 5 7 33 17 6 9 5 5 10 1
4 3 6 1 1 1 2 8 2 7 30 16 14 6 12 3 12 1
2 2 5 2 2 2 3 8 5 7 31 17 6 9 5 3 16 0
3 3 3 4 1 5 3 8 2 7 34 16 14 35 12 3 9 0
3 1 3 4 2 5 4 8 5 7 34 17 6 9 7 3 1 1
2 1 3 6 1 3 3 2 7 7 39 9 16 37 7 3 12 1
4 2 5 1 1 5 2 9 2 7 30 16 14 6 12 3 12 0
2 4 3 5 1 1 3 8 5 7 31 17 6 9 5 3 9 0
3 1 6 1 1 1 3 8 2 7 31 16 19 6 12 3 12 1
1 1 1 5 2 3 3 12 2 7 36 16 14 35 13 5 10 0
2 2 3 2 1 5 3 8 5 7 31 17 6 9 5 3 5 1
2 2 3 4 1 3 4 9 2 7 24 16 14 35 11 3 9 1
5 4 5 4 1 2 1 8 2 7 31 16 14 35 15 5 10 1
3 3 2 1 1 2 4 8 5 7 31 17 6 9 5 3 12 0
1 1 4 4 1 5 3 8 5 7 31 17 6 9 5 3 1 1
3 1 3 1 1 2 4 8 7 7 31 9 16 37 4 3 12 0
5 3 5 2 1 1 1 8 2 7 31 16 14 35 15 5 10 1
1 2 4 4 1 3 2 2 2 7 30 16 14 6 12 3 12 1
5 4 4 3 2 1 1 10 2 7 31 16 19 6 10 3 5 1
4 3 4 4 1 3 1 8 2 7 31 16 14 35 15 5 10 0
3 4 4 6 1 3 2 11 2 7 30 16 14 6 12 3 12 0
1 1 5 1 1 3 1 2 5 7 30 18 20 10 5 3 12 0
1 2 2 6 1 4 2 8 2 7 30 16 14 6 12 3 12 0
3 1 4 2 1 5 3 7 2 7 31 16 14 35 10 5 10 0
1 3 4 4 1 5 1 7 2 7 22 16 14 5 10 3 9 1
3 3 5 4 1 4 3 8 5 7 31 17 6 9 5 3 9 1
5 1 4 5 2 2 1 10 2 7 31 16 19 6 15 3 5 0
3 3 4 1 1 3 2 8 2 7 30 16 14 6 12 3 12 1
5 2 4 1 1 4 4 8 5 7 32 10 5 48 4 3 12 0
2 1 3 2 1 4 3 8 5 7 31 17 6 9 5 3 5 1
1 1 1 6 1 5 3 14 5 6 16 4 8 20 7 5 10 0
1 1 5 2 1 4 3 2 5 7 31 17 6 9 5 3 9 1
1 4 3 6 1 5 1 9 3 7 31 11 30 9 5 3 1 1
3 3 5 1 1 4 2 9 2 7 30 16 14 6 12 3 12 1
1 2 5 2 1 5 4 9 2 7 24 16 14 35 11 3 5 1
3 2 3 2 2 3 4 11 2 7 24 16 14 35 11 5 10 0
1 1 3 2 1 4 4 13 5 3 37 4 27 45 4 5 10 0
1 3 3 2 2 2 3 8 5 7 23 14 22 11 7 3 5 1
3 2 3 6 1 3 4 8 5 7 31 17 6 9 5 3 12 0
1 2 4 5 2 4 4 13 5 3 9 4 21 40 4 5 10 0
3 2 3 1 2 1 3 9 5 7 31 17 6 9 5 3 1 0
1 2 5 3 1 5 4 13 5 3 37 4 27 45 4 5 10 0
3 3 2 4 1 5 2 9 2 7 30 16 14 6 12 3 12 1
5 1 2 2 1 2 4 8 5 7 31 17 6 9 5 3 12 1
3 1 5 3 1 1 3 8 5 7 31 17 6 9 5 3 16 0
1 1 4 3 1 4 4 14 5 3 17 4 27 1 7 5 10 0
3 2 3 1 1 5 4 10 7 7 31 9 16 37 4 3 12 1
4 1 2 4 1 3 1 10 2 7 31 16 19 6 15 5 10 1
4 3 4 6 1 2 3 8 2 7 31 16 14 35 10 3 16 1
4 3 5 2 1 3 4 10 2 7 31 16 14 9 5 3 12 1
2 3 6 2 2 4 1 8 5 7 30 18 20 10 5 3 12 1
1 2 4 4 2 5 3 9 5 7 23 14 22 11 7 3 9 1
2 1 6 3 2 2 4 8 5 7 33 17 6 9 4 3 8 1
2 1 4 5 1 5 4 8 5 7 31 17 6 9 5 3 12 0
3 3 4 4 1 1 3 9 2 7 31 16 14 35 10 3 9 1
3 1 6 3 1 2 4 9 5 7 24 17 6 9 4 3 5 0
2 4 4 1 1 3 2 8 2 7 30 16 14 6 12 3 12 1
4 4 5 1 1 2 1 8 5 7 30 18 20 10 5 3 12 1
3 2 3 3 1 2 3 9 5 7 31 17 6 9 5 3 9 1
1 2 5 1 2 4 4 8 5 7 33 17 6 9 4 3 1 1
3 1 3 2 1 1 3 9 5 7 31 17 6 9 5 3 9 1
3 1 3 6 1 3 4 8 2 7 24 16 14 35 11 5 10 1
5 3 4 2 1 1 2 8 2 7 30 16 14 6 12 3 12 0
1 1 5 4 1 2 4 2 2 5 36 2 7 3 12 5 10 0
3 4 5 1 1 1 2 8 2 7 30 16 14 6 12 3 12 1
3 1 4 1 1 2 3 8 5 7 31 17 6 9 5 3 12 0
3 3 6 2 1 2 2 8 2 7 30 16 14 6 12 3 12 1
3 2 4 5 1 4 1 8 2 7 31 16 14 35 15 3 5 0
2 1 5 4 2 5 4 11 5 7 33 17 6 9 4 3 1 1
3 4 5 2 1 2 1 8 5 7 30 18 20 10 5 3 12 1
3 1 3 6 1 3 1 9 2 7 31 16 19 6 15 3 5 1
4 3 5 2 1 4 1 9 2 7 31 16 19 6 10 3 13 1
1 1 6 1 1 5 4 12 5 3 8 4 21 21 7 5 10 0
3 2 5 4 2 1 1 7 2 7 31 16 19 6 10 3 5 1
4 4 3 1 1 5 1 8 5 7 30 18 20 10 5 3 12 1
1 2 6 6 2 5 4 8 5 7 33 17 6 9 4 5 10 1
1 1 5 6 2 3 3 13 1 7 37 15 18 47 7 3 12 0
4 1 2 2 1 3 4 8 7 7 31 9 16 37 4 3 12 0
4 4 5 1 1 2 2 8 2 7 30 16 14 6 12 3 12 1
1 3 3 3 1 5 3 8 5 7 31 17 6 9 5 3 1 0
1 1 4 3 1 2 4 3 5 7 1 17 6 9 5 5 10 1
2 3 3 1 1 4 2 9 2 7 30 16 14 6 12 3 12 1
3 1 4 3 1 2 3 8 1 7 37 15 18 47 7 3 12 0
2 1 4 3 3 4 3 8 2 7 31 16 14 35 10 3 16 1
4 4 5 1 2 1 2 9 2 7 30 16 14 6 12 3 12 1
3 2 6 3 1 3 2 8 2 7 30 16 14 6 12 3 12 1
1 4 5 4 1 1 1 14 6 7 28 12 17 38 3 3 1 1
5 4 5 4 2 3 3 8 2 7 31 16 14 35 10 3 12 0
4 4 6 1 1 3 2 8 2 7 30 16 14 6 12 3 12 1
2 2 2 6 2 5 4 11 5 7 34 17 6 9 7 3 1 0
5 2 5 6 1 3 1 8 2 7 32 7 15 36 15 3 12 0
2 2 2 5 1 5 1 13 2 7 31 16 14 35 15 5 10 1
1 2 4 1 1 3 3 9 2 7 1 16 14 35 16 5 10 1
4 4 5 4 2 2 3 8 2 7 34 16 14 35 12 3 12 0
2 1 4 2 1 4 4 9 2 7 31 16 19 6 11 5 10 1
4 2 5 4 1 4 4 9 2 7 31 16 19 6 11 3 5 1
4 2 4 1 1 3 4 8 5 7 31 17 6 9 5 3 12 0
2 3 5 5 1 5 2 8 2 7 30 16 14 6 12 3 12 1
5 3 5 1 1 5 1 8 2 7 31 16 14 29 10 5 10 0
1 1 5 6 2 4 4 9 5 7 31 17 6 9 5 3 12 1
2 3 6 1 1 4 3 8 5 7 31 17 6 9 5 3 12 0
4 1 2 1 1 1 4 8 7 7 31 9 16 37 4 3 5 0
3 1 6 1 1 2 3 9 5 7 31 17 6 9 5 3 16 1
4 1 3 1 1 2 4 9 5 7 31 17 6 9 5 3 5 0
2 3 2 2 1 5 3 8 5 7 31 17 6 9 5 3 5 0
1 2 4 3 1 4 3 8 5 7 31 17 6 9 5 5 10 1
3 1 5 2 1 3 2 8 2 7 30 16 14 6 12 3 12 1
1 2 6 1 1 5 3 10 5 7 23 14 22 11 7 3 1 1
1 3 3 4 1 5 3 2 1 7 37 15 18 47 7 5 10 0
4 2 3 4 2 3 3 8 2 7 31 16 14 35 10 5 10 0
1 2 4 3 2 5 3 2 5 7 31 17 6 9 5 3 1 1
5 4 5 1 1 1 1 9 2 7 31 16 14 35 15 5 10 0
3 4 3 6 2 1 1 8 2 7 31 16 14 35 15 5 10 1
1 1 5 5 2 4 1 4 6 3 28 5 3 31 8 5 10 0
4 4 2 1 1 3 2 8 2 7 30 16 14 6 12 3 12 0
2 1 3 2 1 2 3 9 5 7 23 14 22 11 7 3 5 1
2 3 3 2 1 3 2 9 5 7 17 18 20 22 7 3 12 1
3 3 5 1 1 2 2 8 2 7 30 16 14 6 12 3 12 1
2 4 5 5 1 2 3 8 2 7 31 16 14 35 10 3 8 1
3 3 5 2 2 2 3 11 2 7 31 16 14 35 10 3 5 1
4 4 4 2 1 3 1 11 2 7 31 16 19 6 10 3 5 0
3 2 5 1 2 5 4 8 7 7 31 9 16 37 4 3 9 0
4 3 6 3 1 1 4 8 7 7 32 9 16 37 4 3 9 0
5 2 6 5 1 3 1 8 2 7 31 16 19 6 15 3 9 0
1 2 2 3 1 3 3 2 5 7 31 17 6 9 5 5 10 1
5 2 5 5 2 5 4 2 2 7 31 16 19 6 11 3 5 0
1 1 1 5 1 5 4 13 5 5 35 17 6 13 4 5 10 0
3 4 3 2 1 1 1 10 5 7 30 18 20 10 5 3 12 0
1 1 5 4 2 3 4 12 5 3 8 4 21 21 7 5 10 0
3 3 5 6 1 2 4 11 7 7 31 9 16 37 4 3 12 0
3 3 1 1 1 4 2 9 2 7 30 16 14 6 12 3 12 1
2 4 3 1 1 1 1 7 5 7 30 18 20 10 5 3 12 0
1 1 2 5 1 4 3 12 2 7 1 16 14 35 16 3 12 1
1 3 3 5 1 1 4 11 5 3 17 4 27 1 7 5 10 1
3 3 4 5 1 5 1 8 2 7 31 16 14 35 15 3 5 1
4 1 4 3 1 3 1 8 2 7 31 16 14 35 15 3 9 0
2 1 3 5 1 2 4 9 5 3 37 4 21 21 7 5 10 1
2 2 5 5 1 4 3 9 2 7 1 16 14 35 16 5 10 1
1 1 4 5 2 2 1 2 6 7 28 12 17 38 3 3 1 1
4 3 4 3 1 2 4 8 2 7 24 16 14 35 11 3 9 1
3 3 3 5 1 5 2 9 2 7 30 16 14 6 12 3 12 1
1 3 3 6 1 5 4 2 5 7 34 17 6 9 7 3 1 1
3 3 3 1 1 3 4 8 7 7 31 9 16 37 4 3 12 0
4 1 4 3 1 1 1 8 2 7 32 16 14 5 10 3 12 0
2 2 3 1 1 4 4 8 7 7 31 9 16 37 4 3 12 0
2 1 4 2 1 5 3 8 5 7 31 17 6 9 5 3 5 1
5 1 4 6 1 5 1 8 2 7 31 16 14 29 10 5 10 0
2 4 5 6 1 1 1 9 5 7 30 18 20 10 5 3 12 0
2 1 2 4 1 5 4 9 5 7 1 17 6 9 5 5 10 1
4 3 4 2 1 2 1 8 2 7 31 16 19 6 10 3 13 0
2 2 5 5 2 2 3 8 5 7 31 17 6 9 5 3 9 0
3 3 3 5 1 3 1 8 2 7 31 16 14 35 15 3 12 1
1 4 3 3 1 3 3 8 5 7 31 17 6 9 5 5 10 1
3 1 2 2 2 2 3 8 2 7 31 16 14 35 10 3 5 1
2 2 4 2 1 2 3 8 5 7 31 17 6 9 5 3 1 1
2 2 3 3 2 3 4 8 5 7 34 17 6 9 4 3 1 1
2 2 4 4 2 2 3 8 5 7 31 17 6 9 5 3 9 0
2 1 3 2 1 2 3 8 5 7 31 17 6 9 5 3 5 0
4 2 2 2 1 3 4 9 2 7 31 16 19 6 11 3 5 0
4 1 6 5 1 5 2 9 2 7 30 16 14 6 12 3 12 0
2 1 6 1 2 4 2 9 2 7 30 16 14 6 12 3 12 0
2 1 4 1 2 5 4 8 5 7 33 17 6 9 4 3 1 0
3 2 5 1 1 3 2 9 2 7 30 16 14 6 12 3 12 1
1 4 2 5 1 4 1 8 3 7 31 11 30 9 5 3 1 1
3 2 5 4 1 1 3 11 2 7 31 16 14 35 10 3 5 0
1 1 5 1 1 3 4 13 5 3 14 4 21 40 4 5 10 0
3 4 5 2 2 5 4 8 5 7 31 17 6 9 5 3 12 1
1 1 4 3 2 5 1 2 6 3 28 5 3 31 8 5 10 1
1 1 5 2 1 5 3 12 2 7 36 16 24 30 10 5 10 0
1 3 4 1 2 5 3 8 5 7 31 17 6 9 5 3 16 0
2 2 6 4 2 4 4 11 2 7 24 16 14 35 11 3 5 1
1 2 6 4 1 4 4 8 2 7 24 16 14 35 11 3 9 1
4 3 3 1 1 3 1 8 5 7 30 18 20 10 5 3 12 1
5 3 3 6 1 4 1 11 5 7 32 10 5 48 9 3 12 0
5 3 3 2 1 2 2 10 2 7 30 16 14 6 12 3 12 1
1 1 1 6 2 5 4 12 5 7 1 17 6 9 5 5 10 0
4 3 2 3 1 2 2 8 2 7 30 16 14 6 12 3 12 1
4 2 5 6 1 5 4 2 2 7 31 16 14 9 5 5 10 0
3 1 5 6 1 3 4 8 7 7 31 9 16 37 4 3 12 0
2 3 4 3 1 5 2 7 2 7 30 16 14 6 12 3 12 1
4 1 3 6 1 5 4 9 5 3 19 4 27 1 7 3 12 0
2 2 3 3 2 5 4 10 5 3 37 4 27 45 4 3 12 0
4 2 4 3 1 1 4 8 5 7 31 17 6 9 5 3 12 0
2 4 2 6 1 5 2 8 2 7 30 16 14 6 12 3 12 0
5 3 4 5 2 1 1 9 2 7 31 16 19 6 10 5 10 1
1 1 1 2 1 1 3 14 3 6 17 3 12 2 7 5 10 0
2 4 5 6 2 2 1 8 5 7 30 18 20 10 5 3 12 1
5 2 3 5 1 5 1 10 2 7 31 16 19 6 15 3 5 0
2 2 6 5 1 4 1 9 2 7 31 16 14 35 15 5 10 1
3 3 6 3 2 4 3 8 2 7 34 16 14 35 12 3 5 0
4 2 5 6 1 3 4 8 5 7 32 18 20 10 4 3 12 0
1 2 5 5 3 5 3 9 2 7 31 16 14 35 10 3 8 1
4 3 2 4 1 3 1 9 2 7 31 16 19 6 10 3 5 1
1 1 1 3 1 5 4 12 5 3 37 4 27 45 4 5 10 0
1 2 3 2 1 4 3 8 5 7 31 17 6 9 5 3 16 1
4 3 4 1 2 4 2 8 2 7 30 16 14 6 12 3 12 1
5 1 3 3 2 2 4 11 2 7 31 16 19 6 11 3 5 1
4 3 1 3 1 4 1 9 2 7 31 16 14 35 15 3 5 0
5 2 5 6 1 1 3 8 5 7 32 17 6 9 5 3 12 0
2 1 5 6 1 5 3 9 2 7 36 16 14 35 12 5 10 0
1 4 5 6 1 2 1 2 2 7 31 16 14 35 15 3 16 1
2 4 3 6 1 2 1 8 2 7 31 16 14 35 15 3 5 1
1 3 6 3 2 3 3 8 5 7 23 14 22 11 7 3 1 1
2 2 6 3 1 2 3 9 5 7 31 17 6 9 5 3 16 1
2 3 4 1 1 4 3 10 5 7 31 17 6 9 5 3 12 0
4 4 5 5 1 5 2 8 2 7 30 16 14 6 12 3 12 1
4 3 4 1 1 2 4 8 7 7 31 9 16 37 4 3 12 0
5 2 5 6 1 1 1 8 2 7 31 16 19 6 15 3 9 0
4 2 6 3 1 4 4 8 7 7 31 9 16 37 4 3 12 0
4 4 6 1 1 4 2 8 2 7 30 16 14 6 12 3 12 1
3 1 4 5 1 4 1 14 2 4 38 16 19 6 16 5 10 0
2 3 6 4 2 1 3 11 5 7 31 17 6 9 5 3 16 1
1 4 2 6 2 5 1 9 2 7 31 16 14 35 15 5 10 1
4 2 3 1 2 2 2 8 2 7 30 16 14 6 12 3 12 1
3 2 3 3 1 4 2 10 2 7 30 16 14 6 12 3 12 1
4 1 2 5 1 4 1 8 2 7 31 16 14 35 15 3 5 0
1 1 2 5 1 5 1 6 3 3 10 3 26 44 16 5 10 0
1 2 5 5 1 1 3 2 2 7 33 16 14 35 10 5 10 1
1 1 5 3 1 2 4 8 5 7 24 17 6 9 4 3 5 1
3 2 5 6 2 3 1 9 2 7 31 16 19 6 10 3 5 1
4 2 2 5 2 4 3 8 5 7 31 17 6 9 5 5 10 0
3 3 4 4 2 2 1 8 2 7 31 16 19 6 10 3 5 1
5 2 6 5 2 5 2 8 2 7 30 16 14 6 12 3 12 0
1 2 2 2 1 2 3 8 5 7 31 17 6 9 5 3 1 1
3 3 3 3 1 4 3 8 2 7 34 16 14 35 12 5 10 1
2 2 5 4 1 4 4 8 5 7 33 17 6 9 7 3 9 1
5 2 4 3 2 3 1 8 2 7 31 16 19 6 15 3 5 0
3 1 5 6 1 4 4 8 5 7 31 17 6 9 5 3 12 1
2 2 4 4 1 3 1 9 2 7 31 16 14 35 15 3 9 1
4 4 4 3 1 2 1 8 2 7 31 16 19 6 10 3 5 0
2 3 3 5 1 5 1 9 2 7 31 16 14 35 15 3 5 0
4 2 3 2 1 3 1 9 2 7 31 16 19 6 10 5 10 1
2 1 2 4 1 2 3 9 5 7 31 17 6 9 5 3 1 1
2 1 5 3 1 2 3 8 5 7 31 17 6 9 5 3 9 1
4 2 5 6 3 2 3 10 2 7 31 16 14 35 10 3 16 1
5 3 3 1 1 1 1 8 5 7 30 18 20 10 5 3 12 1
3 2 3 1 1 5 4 10 7 7 31 9 16 37 4 3 12 1
1 3 6 4 1 5 1 8 2 7 31 16 14 35 15 5 10 1
3 3 6 4 1 3 1 9 2 7 31 16 19 6 10 5 10 1
3 2 5 2 1 2 2 8 2 7 30 16 14 6 12 3 12 0
5 3 6 6 1 2 4 10 5 7 32 10 5 48 4 3 12 0
2 4 3 2 1 2 2 8 2 7 30 16 14 6 12 3 12 1
1 1 4 4 1 5 3 3 2 7 1 16 14 35 16 5 10 1
3 1 6 2 2 5 4 9 5 3 38 4 21 9 16 5 10 0
4 4 4 4 2 3 1 8 2 7 31 16 14 35 15 5 10 1
3 3 4 6 2 5 1 9 2 7 31 16 14 35 15 3 5 1
4 3 4 6 2 1 1 10 2 7 31 16 14 35 15 3 5 1
3 2 2 3 1 2 3 8 5 7 31 17 6 9 5 3 12 0
5 3 4 6 1 1 1 8 2 7 30 16 19 6 10 3 12 0
1 1 5 4 2 5 3 8 5 7 23 14 22 11 7 3 1 1
1 2 5 4 1 5 3 9 5 7 31 17 6 9 5 3 16 1
3 4 2 2 1 2 1 8 5 7 30 18 20 10 5 3 12 1
3 2 2 4 1 5 3 8 2 7 34 16 14 35 12 3 9 0
3 2 2 2 1 4 2 8 2 7 30 16 14 6 12 3 12 1
1 1 4 4 1 5 4 2 2 7 24 16 14 35 11 3 9 1
2 1 4 4 1 1 3 10 5 7 23 14 22 11 7 3 5 1
1 1 5 4 1 4 3 12 5 7 37 14 22 41 7 5 10 0
5 4 5 3 1 5 1 8 2 7 30 16 19 6 10 3 5 0
3 3 6 5 1 2 3 10 5 7 31 17 6 9 5 3 12 0
5 3 4 4 1 5 1 8 2 7 32 16 14 5 10 3 5 0
4 2 6 5 1 5 1 9 2 7 31 16 14 35 15 3 5 0
1 2 2 5 3 1 4 9 2 7 24 16 14 35 11 5 10 1
1 2 6 1 2 5 4 8 5 7 33 17 6 9 4 3 1 1
5 1 6 3 1 2 4 8 5 7 32 10 5 48 4 3 12 0
4 4 3 6 1 3 1 8 5 7 30 18 20 10 5 3 12 0
4 2 2 6 1 2 1 8 2 7 31 16 19 6 10 3 5 1
1 1 5 3 1 1 4 8 5 7 24 17 6 9 4 3 5 1
5 3 3 5 1 4 1 9 2 7 31 16 19 6 15 5 10 1
1 1 1 6 2 2 4 8 5 7 33 17 6 9 7 3 1 1
2 1 5 1 1 5 3 8 5 7 23 14 22 11 7 3 1 1
4 2 2 4 2 2 3 8 2 7 34 16 14 35 12 3 12 0
5 3 3 1 2 1 1 10 2 7 31 16 19 6 10 3 5 0
1 1 4 5 2 2 1 8 6 7 28 12 17 38 3 3 1 1
3 4 5 1 1 4 2 10 2 7 30 16 14 6 12 3 12 1
2 4 2 6 1 4 1 3 2 7 31 16 14 35 15 5 10 0
4 2 4 1 1 1 2 8 2 7 30 16 14 6 12 3 12 1
2 3 6 4 2 3 4 8 5 7 34 17 6 9 7 3 16 0
5 1 5 3 1 5 4 13 2 6 29 16 14 9 5 5 10 1
1 1 6 4 1 5 4 12 5 5 37 14 22 15 4 5 10 1
1 3 5 6 1 4 1 8 5 7 30 18 20 10 5 3 12 1
4 3 3 1 1 2 2 9 2 7 30 16 14 6 12 3 12 0
1 1 2 2 2 5 3 8 5 3 18 4 14 9 5 5 10 1
1 3 3 5 1 3 3 8 5 7 23 14 22 11 7 3 1 1
1 2 1 4 1 3 3 8 6 2 28 12 17 38 6 5 10 1
4 1 3 3 1 2 2 8 2 7 30 16 14 6 12 3 12 0
4 3 5 1 1 1 2 8 2 7 30 16 14 6 12 3 12 1
5 2 3 4 2 1 1 10 2 7 31 16 19 6 10 3 5 0
1 1 4 2 1 1 1 6 2 7 15 16 14 9 5 5 10 0
4 4 5 1 1 3 4 8 7 7 32 9 25 43 4 3 12 1
1 2 6 3 1 5 4 6 5 7 34 17 6 9 7 5 10 1
4 1 3 6 1 5 4 8 5 7 33 17 6 9 4 3 5 0
3 1 2 1 1 3 2 9 2 7 30 16 14 6 12 3 12 1
2 1 5 6 1 4 1 9 5 7 17 18 20 22 3 5 10 0
3 3 2 1 1 4 2 8 2 7 30 16 14 6 12 3 12 1
2 1 3 2 1 3 4 9 5 7 33 17 6 9 4 5 10 0
3 2 3 1 1 5 2 8 2 7 30 16 14 6 12 3 12 1
2 2 4 2 1 4 3 8 5 7 23 14 22 11 7 3 1 1
1 1 5 4 1 5 4 14 2 7 24 16 14 35 11 5 10 1
2 4 5 2 1 1 3 8 5 7 31 17 6 9 5 3 5 1
4 3 5 4 2 4 1 9 2 7 31 16 19 6 10 3 5 1
1 1 4 1 1 5 4 12 5 3 18 4 21 21 7 5 10 0
1 1 5 3 3 2 3 9 5 7 31 17 6 9 5 3 1 1
4 2 5 6 2 3 4 8 5 7 33 17 6 9 7 3 5 0
4 3 2 1 2 2 4 9 5 7 31 17 6 9 5 3 12 0
3 2 3 5 2 1 3 8 5 7 31 17 6 9 5 3 16 1
3 2 6 2 1 3 2 8 2 7 30 16 14 6 12 3 12 0
2 2 4 2 1 5 2 9 2 7 30 16 14 6 12 3 12 1
1 1 5 2 3 3 3 3 5 7 35 17 6 9 7 5 10 0
5 1 4 4 1 1 4 8 2 7 31 16 19 6 11 5 10 1
4 4 4 2 1 2 1 8 2 7 31 16 19 6 10 3 13 0
1 2 5 4 1 5 3 7 5 7 31 17 6 9 5 3 9 0
3 2 4 4 1 5 3 11 5 7 31 17 6 9 5 3 1 0
2 2 4 2 1 2 2 9 2 7 30 16 14 6 12 3 12 1
1 1 5 1 3 5 3 4 2 7 36 16 24 30 10 5 10 0
3 2 5 5 1 5 3 8 5 7 31 17 6 9 5 3 1 1
3 2 5 2 1 5 2 8 2 7 30 16 14 6 12 3 12 1
3 3 5 1 2 1 4 9 7 7 31 9 16 37 4 3 12 1
3 1 4 3 1 5 4 7 5 7 1 17 6 9 5 3 12 1
1 1 3 4 2 2 4 8 5 7 33 17 6 9 4 3 1 1
4 2 5 4 1 4 1 8 2 7 31 16 14 35 15 5 10 0
2 2 4 6 1 3 2 10 2 7 30 16 14 6 12 3 12 0
3 4 5 2 2 5 4 8 5 7 31 17 6 9 5 3 12 1
4 3 5 1 1 1 3 9 2 7 31 16 19 6 12 3 12 0
1 1 6 5 3 3 1 4 3 1 5 13 29 46 16 5 10 1
4 3 4 1 1 5 1 8 5 7 30 18 20 10 5 3 12 1
2 2 5 3 1 1 3 9 5 7 23 14 22 11 7 3 5 1
4 4 3 6 1 1 1 8 2 7 31 16 14 35 15 3 5 0
4 3 2 5 1 5 4 8 5 7 31 17 6 9 7 5 10 0
2 1 4 2 1 2 3 8 5 7 23 14 22 11 7 3 16 0
2 4 3 3 1 2 4 9 7 7 31 9 16 37 4 5 10 1
1 4 3 2 1 5 4 8 5 7 33 17 6 9 7 3 8 1
2 3 2 5 1 5 4 9 7 7 31 9 16 37 4 3 12 0
1 1 4 4 1 5 4 8 5 3 37 4 27 45 4 3 5 0
1 1 2 3 2 4 3 8 5 7 23 14 22 11 7 5 10 0
1 2 3 3 1 1 1 1 2 7 31 16 14 35 10 5 10 1
1 1 2 6 1 1 4 8 5 5 37 14 22 15 4 3 9 1
1 1 2 4 2 3 3 9 5 7 31 17 6 9 5 3 1 1
2 2 5 4 2 5 1 9 2 7 31 16 14 35 15 3 5 1
4 3 3 6 1 5 2 8 2 7 30 16 14 6 12 3 12 0
3 1 4 4 1 5 3 9 5 3 18 4 14 9 5 5 10 0
2 1 4 4 2 5 4 7 5 7 31 17 6 9 7 5 10 1
1 1 3 4 2 5 1 8 6 3 28 5 3 31 8 3 1 1
4 3 5 1 2 1 2 8 2 7 30 16 14 6 12 3 12 1
4 2 5 6 1 3 4 8 2 7 31 16 19 6 11 5 10 0
5 3 3 4 1 1 4 8 2 7 31 16 14 9 5 5 10 1
2 1 5 5 1 5 3 8 5 7 31 17 6 9 5 3 12 0
3 2 5 5 1 1 3 11 2 7 31 16 14 35 10 3 5 1
5 3 6 6 1 5 2 8 2 7 30 16 19 6 12 3 5 0
3 1 4 2 1 5 4 9 5 7 30 10 5 48 4 3 12 1
3 3 2 3 1 4 2 10 2 7 30 16 14 6 12 3 12 1
5 3 3 3 1 1 1 8 2 7 31 16 19 6 10 3 5 0
4 1 5 1 1 1 2 9 2 7 30 16 14 6 12 3 12 1
4 4 5 1 1 1 2 8 2 7 30 16 14 6 12 3 12 1
5 2 3 6 1 1 1 8 2 7 31 16 19 6 15 3 5 0
1 1 4 5 1 5 4 12 2 5 36 2 7 3 12 5 10 0
5 4 3 6 1 1 1 8 2 4 32 7 15 27 15 3 5 0
4 4 3 1 1 3 1 8 5 7 30 18 20 10 5 3 12 1
3 2 3 6 2 2 4 8 5 7 31 17 6 9 5 3 12 1
1 1 1 3 2 4 4 13 5 3 18 4 14 9 5 5 10 0
4 4 6 2 1 1 4 8 5 7 31 17 6 9 5 3 12 0
5 1 4 6 1 3 4 9 2 7 31 16 19 6 11 5 10 1
3 3 4 5 1 3 1 9 2 7 31 16 14 35 15 5 10 1
3 4 3 3 1 3 1 7 2 7 31 16 19 6 15 3 13 0
4 3 6 1 2 4 2 8 2 7 30 16 14 6 12 3 12 0
1 4 5 3 1 1 3 8 5 7 31 17 6 9 5 3 9 1
3 4 5 1 1 1 1 8 5 7 30 18 20 10 5 3 12 0
1 1 4 5 1 5 3 14 3 6 17 3 12 2 7 5 10 1
1 1 3 1 3 5 3 5 5 6 27 4 8 20 7 5 10 0
1 1 5 3 2 5 1 3 6 3 28 5 3 31 8 3 1 1
1 4 3 4 1 3 3 8 5 7 23 14 22 11 7 3 16 1
2 1 3 2 1 5 4 8 2 7 24 16 14 35 11 5 10 0
4 2 2 1 1 2 1 9 5 7 30 18 20 10 5 3 12 1
1 1 5 2 1 1 4 8 5 7 24 17 6 9 4 3 12 0
2 1 6 1 2 5 4 8 5 7 33 17 6 9 4 3 1 1
3 1 3 4 1 4 4 8 5 7 33 17 6 9 4 3 5 0
1 1 4 3 2 1 3 8 5 7 31 17 6 9 5 3 9 0
4 4 3 6 1 4 1 8 2 7 31 16 19 6 15 3 5 1
1 2 5 3 2 4 3 8 5 7 23 14 22 11 7 3 16 1
3 3 3 3 1 3 1 8 2 7 31 16 14 35 15 5 10 0
5 1 4 3 1 1 1 11 2 7 32 7 15 36 15 3 5 1
3 3 4 1 1 3 4 9 7 7 31 9 16 37 4 3 12 1
2 1 6 4 1 5 3 10 5 7 31 17 6 9 5 3 12 1
1 1 5 5 2 1 3 9 5 7 23 14 22 11 7 5 10 1
3 4 3 2 2 4 1 8 2 7 31 16 14 35 15 3 16 1
5 4 5 4 1 3 1 8 5 7 30 18 20 10 5 3 12 0
3 1 2 2 1 1 3 8 5 7 31 17 6 9 5 3 5 0
4 1 4 2 1 5 1 9 2 7 31 16 14 35 15 3 5 0
2 2 4 3 1 5 3 12 7 7 39 9 16 37 7 3 12 0
5 2 3 1 1 1 1 8 2 7 31 16 19 6 10 3 9 0
3 3 5 1 2 1 2 2 2 7 30 16 14 6 12 3 12 1
4 2 1 1 1 2 4 8 5 7 31 17 6 9 5 3 12 1
5 4 5 4 1 1 1 8 5 7 30 18 20 10 5 3 12 1
3 2 5 1 1 3 3 10 5 7 23 14 22 11 7 3 1 1
4 3 3 1 2 1 2 10 2 7 30 16 14 6 12 3 12 1
4 1 4 2 2 1 4 8 7 7 31 9 16 37 4 3 9 0
2 3 5 6 1 2 3 9 5 7 31 17 6 9 5 3 12 0
4 4 3 5 1 2 4 9 5 7 32 10 5 48 4 3 12 1
1 1 5 1 1 2 1 9 5 7 30 18 20 10 5 3 12 1
1 1 5 5 2 5 4 10 5 7 31 17 6 9 7 3 5 1
1 2 5 5 2 3 4 8 5 7 34 17 6 9 4 3 1 1
3 2 5 1 1 4 2 8 2 7 30 16 14 6 12 3 12 1
2 2 5 1 1 4 2 8 2 7 30 16 14 6 12 3 12 1
3 2 6 3 1 2 3 8 5 7 31 17 6 9 5 3 5 1
1 1 4 1 1 4 4 12 5 3 18 4 21 21 7 5 10 0
4 1 2 1 1 2 4 8 7 7 31 9 16 37 4 3 12 0
1 3 4 1 2 3 3 2 5 7 31 17 6 9 5 3 1 1
2 2 5 5 2 3 1 8 2 7 31 16 14 35 15 3 9 1
3 4 6 2 1 5 2 8 2 7 30 16 14 6 12 3 12 1
5 3 6 3 2 1 1 8 2 7 31 16 19 6 10 3 5 0
1 1 1 4 1 5 3 8 2 7 1 16 14 35 16 5 10 1
2 1 5 2 2 2 4 8 5 7 24 17 6 9 4 3 5 0
3 4 6 1 1 3 2 8 2 7 30 16 14 6 12 3 12 1
2 2 4 2 1 3 3 8 5 7 23 14 22 11 7 3 1 1
4 1 5 5 1 1 4 9 2 7 24 16 14 35 11 3 5 1
1 2 5 5 2 1 3 10 5 7 23 14 22 11 7 3 9 1
3 1 5 2 1 4 3 8 5 7 23 14 22 11 7 3 1 1
5 1 5 5 2 4 1 10 2 7 31 16 19 6 10 3 7 0
4 4 4 1 1 3 1 9 5 7 30 18 20 10 5 3 12 1
1 1 4 3 1 5 4 13 5 3 17 4 27 1 7 3 1 1
4 1 4 4 1 1 1 8 2 7 31 16 14 35 15 3 5 0
2 3 2 1 1 2 3 8 5 7 31 17 6 9 5 3 12 0
2 1 4 2 2 4 3 8 5 7 31 17 6 9 5 3 1 1
1 4 5 6 2 1 3 3 2 7 31 16 14 35 10 3 16 1
1 2 4 5 2 5 3 8 2 7 31 16 14 35 10 3 8 1
3 3 4 1 1 2 2 8 2 7 30 16 14 6 12 3 12 1
4 4 4 3 2 1 1 9 2 7 31 16 19 6 15 3 5 1
2 2 6 6 1 1 4 9 5 7 24 17 6 9 4 3 16 1
3 2 6 2 1 5 4 8 7 7 31 9 16 37 4 3 12 1
1 4 3 3 1 2 4 9 5 3 17 4 27 1 7 3 16 1
4 3 5 2 2 5 1 10 2 7 31 16 14 35 15 3 14 1
2 1 4 1 2 4 3 8 5 7 31 17 6 9 5 3 16 0
2 1 5 4 2 4 4 8 7 7 31 9 16 37 4 3 12 1
2 4 3 6 1 1 2 9 5 7 17 18 20 22 7 3 12 1
1 1 6 1 1 4 2 8 2 7 30 16 14 6 12 3 12 1
1 4 3 5 1 4 1 8 3 7 31 11 30 9 5 3 1 1
4 1 3 6 2 4 4 8 5 7 33 17 6 9 4 5 10 1
1 3 6 2 1 3 1 8 5 7 7 17 6 25 3 5 10 1
4 3 3 1 1 3 1 9 5 7 30 18 20 10 5 3 12 1
4 4 4 5 1 3 1 7 2 7 31 16 14 35 15 5 10 1
3 2 2 4 1 3 1 8 5 7 30 18 20 10 5 3 12 0
1 3 4 3 1 5 4 12 5 7 33 17 6 9 7 5 10 1
2 4 3 1 1 4 1 11 5 7 30 18 20 10 5 3 12 1
4 4 2 1 1 2 2 10 2 7 30 16 14 6 12 3 12 1
3 3 6 1 2 3 2 8 2 7 30 16 14 6 12 3 12 0
4 3 5 2 1 5 4 8 2 7 31 16 19 6 11 3 13 1
5 1 5 4 2 2 1 8 2 7 31 16 14 35 15 5 10 1
1 4 5 6 1 5 2 2 2 7 30 16 14 6 12 3 12 0
4 2 5 6 1 4 1 8 2 7 31 16 14 35 15 5 10 1
5 1 5 2 1 4 4 8 2 7 31 16 19 6 11 3 5 0
3 3 5 2 2 2 3 8 2 7 31 16 14 35 10 3 5 1
2 1 5 6 1 4 1 7 2 7 31 16 14 35 15 3 5 1
5 1 5 4 1 3 1 8 2 7 31 16 19 6 15 5 10 1
3 1 5 4 1 4 2 8 2 7 30 16 14 6 12 3 12 1
3 1 5 2 1 3 2 9 2 7 30 16 14 6 12 3 12 1
3 1 4 3 2 2 3 11 2 7 31 16 14 35 10 3 5 1
4 2 6 4 2 3 1 10 2 7 31 16 19 6 10 3 5 1
3 2 4 1 1 3 4 10 5 7 32 18 20 10 4 3 12 0
3 4 4 1 2 1 2 8 2 7 30 16 14 6 12 3 12 1
5 1 3 2 2 2 1 8 2 7 31 16 19 6 15 3 5 0
5 4 1 6 2 2 1 8 2 7 31 16 19 6 15 3 5 0
2 2 3 4 1 5 3 9 5 3 18 4 14 9 5 5 10 1
3 3 3 3 2 5 4 9 5 7 31 17 6 9 5 3 12 0
1 2 5 2 2 1 1 8 6 3 28 5 3 31 8 3 16 1
2 1 5 4 2 2 4 8 5 7 24 17 6 9 4 3 9 1
2 1 5 3 2 2 4 8 5 7 33 17 6 9 7 5 10 1
1 1 5 3 3 5 3 8 5 7 31 17 6 9 5 3 16 0
2 2 5 4 1 2 4 8 5 7 34 17 6 9 7 3 8 1
3 2 1 2 1 5 4 11 5 7 31 17 6 9 5 3 12 0
5 4 6 2 1 4 1 8 2 7 31 16 14 35 15 3 12 0
2 1 6 1 1 2 3 9 5 7 31 17 6 9 5 3 1 1
1 1 6 6 1 1 4 8 5 7 24 17 6 9 4 3 16 1
2 2 6 2 2 4 2 10 2 7 30 16 14 6 12 3 12 1
4 3 5 1 2 1 2 9 2 7 30 16 14 6 12 3 12 1
3 2 5 3 1 4 1 8 5 7 30 18 20 10 5 3 12 1
1 1 2 5 1 4 1 8 6 3 28 5 3 31 8 5 10 0
1 3 4 2 1 1 3 8 5 7 31 17 6 9 5 3 16 1
2 2 5 5 1 5 4 8 5 7 33 17 6 9 7 3 5 1
2 3 4 3 2 1 1 11 2 7 31 16 14 35 15 3 5 1
5 4 5 2 1 2 1 8 5 7 30 18 20 10 5 3 12 1
3 2 5 1 1 1 4 8 5 7 31 17 6 9 5 3 12 1
2 4 3 5 1 4 2 9 2 7 30 16 14 6 12 3 12 1
1 1 5 2 1 5 3 12 2 7 36 16 14 35 13 5 10 1
4 4 5 1 1 5 1 8 5 7 30 18 20 10 5 3 12 0
4 2 4 6 1 5 1 9 2 7 31 16 14 35 15 5 10 1
4 3 3 6 2 4 1 9 2 7 31 16 14 35 15 3 5 1
1 2 5 2 3 2 4 9 5 3 37 4 27 45 4 3 5 1
4 4 3 5 1 2 1 7 2 7 31 16 19 6 10 3 5 1
2 4 3 4 2 5 2 9 2 7 30 16 14 6 12 3 12 1
3 1 3 5 1 4 1 9 2 7 31 16 14 35 15 5 10 0
5 4 5 6 1 3 1 10 5 7 30 18 20 10 5 3 5 0
3 2 2 5 1 1 3 8 2 7 31 16 14 35 10 3 9 1
3 3 5 1 1 3 2 8 2 7 30 16 14 6 12 3 12 0
2 3 6 6 1 3 4 12 5 7 31 17 6 9 5 3 12 1
1 1 4 5 1 1 3 9 5 7 23 14 22 11 7 3 16 1
2 2 5 2 2 5 3 8 5 7 32 17 6 9 5 3 12 0
2 3 5 1 1 3 2 9 2 7 30 16 14 6 12 3 12 0
3 3 5 1 2 4 2 10 2 7 30 16 14 6 12 3 12 1
3 2 4 3 2 2 3 11 2 7 31 16 14 35 10 3 5 1
4 1 3 6 1 5 4 13 5 7 31 17 6 9 5 3 12 0
1 3 4 4 1 2 2 2 2 7 30 16 14 6 12 3 12 1
5 2 3 5 1 5 3 8 5 7 32 18 20 10 5 3 12 0
3 1 5 1 2 1 2 9 2 7 30 16 14 6 12 3 12 1
1 2 3 3 2 4 4 8 5 7 24 17 6 9 4 3 9 1
1 2 5 4 2 5 4 13 5 3 18 4 21 21 7 5 10 1
1 1 6 5 1 5 4 13 5 3 14 4 21 40 4 5 10 0
1 3 3 6 1 3 2 9 2 7 30 16 14 6 12 5 10 1
4 2 4 3 1 5 1 8 2 7 31 16 19 6 15 5 10 1
3 2 3 1 1 3 1 8 5 7 30 18 20 10 5 3 12 0
4 4 3 1 1 4 1 7 5 7 30 18 20 10 5 3 12 1
3 3 3 1 2 2 2 9 2 7 30 16 14 6 12 3 12 1
5 2 5 2 2 2 1 8 2 7 31 16 19 6 10 3 5 0
4 2 3 1 1 3 1 9 2 7 31 16 19 6 15 3 5 0
1 1 3 4 2 2 4 10 5 7 33 17 6 9 4 5 10 0
1 2 3 3 1 5 1 7 2 7 31 16 14 35 15 3 15 1
2 4 4 2 1 3 1 7 2 7 31 16 14 35 15 3 1 1
4 2 5 5 2 4 3 8 2 7 31 16 14 35 10 3 9 1
3 1 4 1 1 4 4 9 5 7 31 17 6 9 5 3 5 0
4 4 4 1 2 4 2 8 2 7 30 16 14 6 12 3 12 1
2 1 2 4 2 5 3 3 2 3 37 2 10 4 13 5 10 0
3 3 3 5 1 3 1 8 2 7 31 16 14 35 15 5 10 1
4 2 5 4 1 5 2 8 2 7 32 16 19 6 12 3 12 0
3 3 4 2 1 3 2 9 2 7 30 16 14 6 12 3 12 1
1 3 3 5 1 3 4 7 5 7 24 17 6 9 4 3 5 0
4 4 5 2 1 4 2 8 2 7 30 16 14 6 12 3 12 1
3 1 4 6 1 5 4 10 5 7 31 17 6 9 7 5 10 1
4 4 2 6 2 3 1 10 2 7 31 16 19 6 10 3 5 1
1 1 2 6 2 5 1 4 6 3 28 5 3 31 8 5 10 0
1 1 6 6 1 1 4 8 5 7 24 17 6 9 4 3 16 1
3 1 3 2 1 5 4 9 7 7 31 9 16 37 4 3 12 0
2 4 6 3 1 3 3 8 5 7 31 17 6 9 5 3 16 0
2 1 2 2 1 3 3 13 2 3 13 2 10 4 13 5 10 1
2 2 5 2 2 4 1 8 2 7 22 16 14 5 10 3 1 1
1 2 5 2 2 4 4 8 5 7 34 17 6 9 4 5 10 1
2 1 4 6 3 1 3 2 5 7 23 14 22 11 7 5 10 1
3 4 4 2 1 4 1 9 2 7 31 16 14 35 15 3 5 1
3 2 5 3 1 3 3 8 5 7 31 17 6 9 5 3 9 1
3 3 5 3 1 1 3 10 2 7 31 16 14 35 10 3 5 1
1 2 4 4 1 5 2 9 2 7 30 16 14 6 12 3 12 0
4 1 4 5 1 4 4 8 2 7 24 16 14 35 11 3 5 0
2 2 5 3 1 5 3 10 5 7 23 14 22 11 7 3 16 0
4 1 3 1 1 2 4 8 7 7 31 9 16 37 4 3 12 0
4 2 3 3 1 2 1 9 2 7 31 16 14 35 15 3 5 1
2 2 5 2 1 2 3 8 5 7 31 17 6 9 5 3 5 1
4 2 5 6 1 3 1 8 2 7 31 16 19 6 10 3 5 0
3 1 4 3 3 4 3 11 5 7 33 17 6 9 5 3 1 0
1 2 5 5 1 2 3 8 5 7 23 14 22 11 7 3 5 1
2 2 5 2 1 3 2 9 2 7 30 16 14 6 12 3 12 1
1 4 3 6 1 5 3 7 1 7 37 15 18 47 7 3 12 0
1 1 2 2 1 4 1 8 3 1 5 13 29 46 16 5 10 0
1 4 3 4 1 4 1 8 3 7 31 11 30 9 5 3 1 1
1 1 2 2 2 5 3 12 2 7 36 16 14 35 13 5 10 0
5 1 4 5 2 4 4 14 5 3 20 4 14 9 5 5 10 1
1 1 3 2 1 4 3 10 5 7 31 17 6 9 5 3 12 0
1 1 5 3 3 1 1 2 6 3 28 5 3 31 8 5 10 1
3 3 3 4 2 4 3 9 2 7 31 16 14 35 10 3 16 1
2 3 5 2 2 2 3 8 5 7 23 14 22 11 7 3 1 1
4 2 5 1 1 4 4 9 7 7 31 9 16 37 4 3 12 1
4 4 4 2 1 3 2 10 2 7 30 16 14 6 12 3 12 1
4 4 4 1 1 1 1 11 2 7 31 16 19 6 10 5 10 1
3 2 5 2 1 2 4 8 5 7 31 17 6 9 5 3 12 1
3 4 3 3 1 3 1 8 5 7 30 18 20 10 5 3 12 0
3 4 2 5 1 4 3 9 2 3 13 2 10 4 13 5 10 1
2 2 4 3 1 3 1 9 5 7 30 18 20 10 5 3 12 1
3 3 3 6 1 4 2 9 2 7 30 16 14 6 12 3 12 1
1 4 3 4 1 5 3 8 5 7 23 14 22 11 7 3 5 1
2 1 4 4 1 4 4 12 5 3 13 4 21 40 4 5 10 1
4 3 4 6 1 5 4 8 5 7 32 18 20 10 4 3 12 0
3 3 5 2 1 4 4 8 5 7 32 10 5 48 4 3 12 1
2 1 2 5 1 5 4 8 5 7 1 17 6 9 5 5 10 1
4 4 4 1 1 1 4 8 5 7 31 17 6 9 4 3 5 0
5 3 3 6 2 5 2 8 2 7 30 16 14 6 12 3 5 0
1 1 2 3 1 4 3 8 5 7 35 17 6 9 7 5 10 0
2 1 5 3 2 1 4 8 5 7 24 17 6 9 4 3 9 0
3 1 4 3 1 5 3 8 2 7 34 16 14 35 12 3 12 0
2 1 4 4 1 3 4 2 5 3 9 4 21 40 4 5 10 1
1 1 2 2 1 4 4 9 2 7 24 16 14 35 11 3 5 1
5 2 5 2 2 1 4 8 2 7 31 16 19 6 11 5 10 1
1 2 3 3 2 2 3 9 2 7 36 16 14 35 12 5 10 1
3 1 4 4 1 5 4 8 5 7 24 17 6 9 4 5 10 1
1 4 4 1 1 4 3 2 2 7 1 16 14 35 16 5 10 1
2 3 4 5 2 5 3 8 5 7 31 17 6 9 5 3 16 1
2 1 5 4 1 1 3 8 5 7 23 14 22 11 7 3 5 1
4 1 5 6 1 1 4 8 5 7 32 18 20 10 4 3 12 0
3 2 3 3 2 5 4 8 2 7 24 16 14 35 11 3 5 1
2 3 5 4 1 2 4 8 5 7 34 17 6 9 7 3 8 1
2 2 3 4 2 2 4 14 5 7 1 17 6 9 5 5 10 1
1 1 1 5 1 4 3 9 1 7 37 15 18 47 7 3 12 1
5 3 6 5 1 2 1 8 2 7 31 16 19 6 10 3 5 0
2 1 4 3 2 3 4 8 5 7 34 17 6 9 7 5 10 1
2 1 5 2 1 5 3 11 5 7 31 17 6 9 5 3 16 1
1 2 2 6 1 1 4 8 5 7 24 17 6 9 4 3 1 1
3 2 5 5 1 4 1 8 2 7 31 16 19 6 10 3 5 1
3 3 6 2 1 4 3 8 5 7 23 14 22 11 7 3 1 1
3 2 4 2 2 2 3 8 5 7 31 17 6 9 5 3 16 0
3 4 3 5 2 2 3 10 5 7 31 17 6 9 5 3 1 0
3 1 5 3 1 5 4 8 2 7 24 16 14 35 11 5 10 0
1 1 1 2 2 5 4 14 5 3 18 4 21 21 7 5 10 0
4 3 5 3 1 5 4 8 7 7 31 9 16 37 4 3 12 0
3 3 1 1 1 1 2 9 5 7 31 17 11 17 9 3 12 0
2 1 4 4 1 2 4 8 7 2 39 9 16 37 1 3 12 0
1 1 5 2 3 1 1 4 6 7 28 12 17 38 3 3 1 1
4 4 4 5 1 3 1 8 2 7 31 16 19 6 10 3 5 1
5 1 5 3 1 3 4 8 5 7 31 17 6 9 7 5 10 0
1 3 5 4 1 5 1 9 5 7 30 18 20 10 5 3 12 1
2 2 5 2 2 2 4 11 5 7 24 17 6 9 4 3 5 0
3 2 3 1 1 1 2 10 2 7 30 16 14 6 12 3 12 1
3 4 3 6 1 3 1 8 5 7 30 18 20 10 5 3 12 0
2 1 3 5 1 1 1 12 2 7 31 16 14 35 15 3 15 0
3 3 5 1 1 3 2 8 2 7 30 16 14 6 12 3 12 1
4 3 4 6 1 5 1 9 2 7 31 16 19 6 10 5 10 1
2 3 6 3 1 1 4 2 5 7 1 17 6 9 5 5 10 1
4 4 4 5 1 3 1 8 2 7 31 16 14 35 15 5 10 0
3 3 5 3 2 3 1 8 2 7 32 16 14 5 10 5 10 1
3 1 5 5 2 2 1 9 2 7 31 16 14 35 15 3 9 1
1 3 5 3 2 5 3 13 5 7 31 17 6 9 5 3 9 1
1 2 3 3 1 2 3 7 5 7 23 14 22 11 7 5 10 0
1 1 5 1 1 5 4 2 5 3 9 4 21 40 4 5 10 1
3 4 2 6 1 3 2 11 2 7 30 16 14 6 12 3 12 1
3 3 2 4 1 4 4 8 5 7 33 17 6 9 7 3 5 0
3 4 6 2 2 1 3 11 2 7 34 16 14 35 12 3 12 0
3 3 5 1 1 4 2 8 2 7 30 16 14 6 12 3 12 1
4 1 2 6 1 3 3 8 5 7 32 17 6 9 5 3 12 0
1 1 5 4 2 2 4 8 5 7 34 17 6 9 7 3 1 1
2 3 6 4 1 3 4 12 5 7 1 17 6 9 5 5 10 1
2 1 5 4 2 5 4 8 5 7 34 17 6 9 4 3 1 1
5 2 3 6 1 1 3 10 5 7 32 17 6 9 5 3 12 0
4 1 3 6 1 3 1 9 2 7 31 16 14 35 15 3 5 0
5 2 3 5 1 3 1 8 2 7 31 16 19 6 10 3 5 0
3 2 5 3 1 5 2 8 2 7 30 16 14 6 12 3 12 0
4 3 5 5 1 1 1 8 2 7 31 16 14 35 15 5 10 1
5 3 5 5 1 2 1 8 2 7 31 16 19 6 15 3 12 0
3 3 5 3 2 3 2 8 2 7 30 16 14 6 12 3 12 1
1 1 5 4 1 5 3 12 7 7 39 9 16 37 7 5 10 1
2 2 6 3 1 4 4 8 5 7 33 17 6 9 7 5 10 1
1 3 5 5 1 4 4 2 2 7 24 16 14 35 11 3 5 1
4 3 4 6 1 5 1 9 2 7 31 16 19 6 10 5 10 1
3 3 3 3 1 4 1 7 2 7 31 16 19 6 15 3 5 1
1 1 3 3 2 3 3 8 5 7 31 17 6 9 5 3 9 1
1 1 3 4 1 4 4 8 5 7 24 17 6 9 4 3 1 1
2 1 5 4 2 3 3 2 5 7 31 17 6 9 5 3 16 0
1 2 5 2 2 3 3 9 5 7 31 17 6 9 5 3 12 1
4 4 3 1 2 3 2 9 2 7 30 16 14 6 12 3 12 1
3 3 4 6 1 4 4 7 7 7 31 9 16 37 4 3 12 1
2 2 5 3 1 3 1 9 2 7 22 16 14 5 10 3 9 1
5 1 6 6 1 1 1 8 2 7 31 16 19 6 10 3 5 1
1 1 6 2 1 3 4 12 2 7 24 16 14 35 11 5 10 0
4 4 4 3 1 5 1 9 2 7 31 16 14 35 15 3 5 1
2 2 3 4 1 5 3 8 5 7 31 17 6 9 5 3 1 1
1 1 5 5 2 4 1 8 6 3 28 5 3 31 8 5 10 0
4 4 3 6 2 1 1 8 2 7 31 16 14 35 15 5 10 1
2 2 5 6 2 1 1 9 2 7 31 16 14 35 15 3 5 1
3 3 5 2 1 3 3 10 5 7 23 14 22 11 7 3 9 1
4 3 5 4 2 3 3 8 2 7 34 16 14 35 12 3 12 0
1 2 6 5 1 4 4 12 5 3 14 4 21 40 4 5 10 1
3 3 4 5 1 2 1 7 2 7 31 16 14 35 15 3 16 1
1 1 4 6 1 3 3 2 5 7 37 14 22 41 7 5 10 0
4 1 2 1 1 3 3 8 5 7 31 17 6 9 5 3 12 0
3 2 1 1 1 1 2 8 2 7 30 16 14 6 12 3 12 1
2 1 3 1 1 4 2 7 2 7 30 16 14 6 12 3 12 1
4 2 5 4 1 2 3 11 2 7 34 16 14 35 12 3 5 0
5 1 3 4 2 1 1 8 2 7 31 16 19 6 15 5 10 0
3 1 4 6 3 2 3 9 2 7 31 16 14 35 10 3 16 1
5 2 4 4 1 5 1 10 2 7 31 16 19 6 10 5 10 1
3 3 4 1 2 3 4 8 5 7 31 17 6 9 5 3 12 1
1 1 2 4 1 5 3 9 2 7 1 16 14 35 16 3 5 1
1 1 5 2 2 4 4 12 5 5 35 17 6 13 4 5 10 1
3 1 6 3 2 5 4 9 5 7 1 17 6 9 5 5 10 1
2 1 1 6 1 4 2 11 2 7 30 16 14 6 12 3 12 1
5 1 5 2 2 3 4 9 2 7 31 16 19 6 11 5 10 0
1 3 5 3 1 4 3 8 5 7 31 17 6 9 5 3 16 1
2 1 5 4 1 4 4 8 5 7 33 17 6 9 7 3 9 1
4 2 6 5 2 4 3 8 2 7 34 16 14 35 12 5 10 1
3 2 5 1 2 5 4 8 5 7 31 17 6 9 5 3 12 1
4 3 5 1 2 4 3 8 2 7 31 16 19 6 12 3 12 1
4 1 6 5 1 1 1 8 2 7 31 16 14 35 15 3 5 0
1 2 5 3 1 1 1 3 6 3 28 5 3 31 8 3 9 1
2 1 2 1 2 5 4 8 5 7 33 17 6 9 4 3 1 1
1 1 4 4 1 2 4 12 5 7 1 17 6 9 5 5 10 1
4 2 2 5 1 2 4 9 7 7 31 9 16 37 4 3 12 1
3 3 5 5 3 3 3 8 2 7 31 16 14 35 10 3 16 1
3 1 4 5 2 3 3 8 2 7 31 16 14 35 10 3 9 1
5 2 3 1 1 1 1 8 2 7 31 16 19 6 10 3 9 0
3 2 4 5 1 5 2 9 2 7 30 16 14 6 12 3 12 1
5 1 2 6 1 3 4 8 5 7 32 10 5 48 4 5 10 1
1 4 3 6 1 4 2 2 2 7 30 16 14 6 12 3 12 1
2 1 4 6 1 5 3 11 1 7 37 15 18 47 7 5 10 0
4 2 6 6 3 2 3 8 2 7 31 16 14 35 10 3 16 1
4 2 2 6 2 3 1 9 2 7 31 16 19 6 10 3 5 1
4 4 3 1 1 5 1 8 5 7 30 18 20 10 5 3 12 0
3 3 4 1 1 1 3 8 5 7 31 17 6 9 5 3 12 0
3 4 2 2 1 4 4 9 5 7 30 10 5 48 4 3 12 1
3 4 2 4 1 4 1 8 2 7 31 16 14 35 15 3 5 1
1 2 3 2 1 5 1 10 6 3 28 5 3 31 8 3 1 1
2 1 3 3 2 1 4 9 5 7 24 17 6 9 4 5 10 0
3 2 4 5 1 4 1 9 2 7 31 16 14 35 15 3 5 0
3 3 3 1 2 3 2 9 2 7 30 16 14 6 12 3 12 1
1 4 6 5 1 3 1 9 2 7 31 16 14 35 15 5 10 1
2 2 3 4 1 5 4 9 5 7 1 17 6 9 5 5 10 1
1 2 1 6 1 1 4 8 5 7 24 17 6 9 4 3 9 1
1 2 3 2 2 4 3 8 5 7 31 17 6 9 5 3 9 0
1 1 2 1 1 5 4 8 5 7 33 17 6 9 4 3 1 0
3 2 5 5 1 1 3 8 2 7 31 16 14 35 10 3 9 1
2 2 5 4 2 5 4 10 5 7 24 17 6 9 4 5 10 0
1 2 3 3 1 3 4 7 5 7 34 17 6 9 7 3 8 1
1 2 5 3 1 4 3 7 7 7 39 9 16 37 7 5 10 0
5 3 5 3 1 1 1 8 2 7 31 16 14 35 15 3 5 0
1 2 5 5 2 2 3 8 5 7 23 14 22 11 7 3 9 1
1 3 3 6 1 5 1 9 3 7 31 11 30 9 5 3 1 1
2 1 4 4 1 4 4 8 5 3 9 4 21 40 4 5 10 1
4 1 5 2 1 3 1 8 2 7 31 16 14 35 15 5 10 1
1 1 3 3 1 1 4 2 5 7 24 17 6 9 4 5 10 0
1 1 5 4 1 4 3 8 5 7 31 17 6 9 5 3 1 1
4 1 3 6 2 3 3 8 5 7 31 17 6 9 5 3 5 0
3 4 3 4 1 4 1 7 2 7 31 16 19 6 15 5 10 0
4 4 2 1 1 2 4 9 5 7 31 17 6 9 5 3 5 1
2 1 6 2 2 3 4 8 5 7 32 10 5 48 4 3 5 0
5 3 3 6 1 2 1 8 2 7 31 16 19 6 10 3 5 0
2 1 3 1 1 4 2 8 2 7 30 16 14 6 12 3 12 0
4 3 5 3 1 2 1 11 2 7 31 16 19 6 10 5 10 1
1 1 6 6 1 5 3 9 5 7 31 17 6 9 5 3 12 0
2 2 5 2 1 1 3 8 5 7 23 14 22 11 7 3 16 1
1 1 5 5 2 2 4 9 2 7 24 16 14 35 11 5 10 1
3 1 4 1 1 2 4 8 5 7 24 17 6 9 4 3 16 1
1 1 2 5 2 5 4 8 5 3 17 4 21 21 7 3 1 1
2 3 6 3 2 1 3 8 5 7 31 17 6 9 5 3 16 0
2 3 4 1 1 2 2 7 2 7 30 16 14 6 12 3 12 1
4 4 4 6 1 3 1 8 5 7 30 18 20 10 5 3 12 0
4 2 4 3 1 4 1 9 2 7 31 16 19 6 15 5 10 0
5 1 3 3 2 4 1 8 2 7 31 16 19 6 15 5 10 1
3 3 6 2 1 1 2 8 2 7 30 16 14 6 12 3 12 1
5 3 6 3 1 5 4 8 5 7 31 17 6 9 7 5 10 1
2 3 5 4 1 2 3 8 5 7 23 14 22 11 7 3 12 1
4 3 3 5 2 4 1 9 2 7 31 16 14 35 15 5 10 1
4 2 5 2 1 3 4 8 5 7 32 10 5 48 4 3 12 1
1 1 5 5 1 1 3 10 5 7 23 14 22 11 7 3 5 1
4 2 5 1 1 2 3 8 5 7 32 17 6 9 5 3 12 0
2 1 2 4 2 1 3 9 5 7 31 17 6 9 5 3 1 1
1 4 5 2 1 5 1 6 2 7 22 16 14 5 10 3 9 1
3 3 6 6 1 5 1 8 2 7 31 16 14 35 15 3 5 1
3 1 5 1 2 5 2 10 2 7 30 16 14 6 12 3 12 0
1 2 5 2 2 5 1 8 6 3 28 5 3 31 8 3 16 1
5 2 3 4 1 1 4 8 2 7 31 16 19 6 11 3 9 0
5 3 5 3 1 3 1 8 2 7 31 16 19 6 15 5 10 1
4 1 4 5 1 2 1 9 2 7 31 16 14 35 15 3 5 1
3 2 4 4 1 3 3 11 5 7 23 14 22 11 7 3 1 0
1 2 3 5 2 5 3 9 2 3 13 2 10 4 13 5 10 1
2 2 5 5 2 5 4 10 7 7 31 9 16 37 4 3 12 1
3 3 4 1 1 1 3 8 5 7 31 17 6 9 5 3 9 0
5 4 2 4 2 2 1 8 2 7 31 16 14 35 15 5 10 1
4 4 2 4 1 1 1 8 2 7 31 16 19 6 10 3 5 0
5 3 5 4 1 4 4 8 2 7 31 16 19 6 11 5 10 1
4 1 2 6 2 2 3 8 5 7 31 17 6 9 5 5 10 0
3 2 5 3 1 4 4 8 2 7 31 16 19 6 11 5 10 1
1 1 4 4 1 3 4 12 5 7 1 17 6 9 5 5 10 1
2 4 5 3 1 4 3 8 5 7 31 17 6 9 5 3 12 0
1 2 5 2 3 1 3 3 5 7 23 14 22 11 7 3 5 1
5 4 2 4 1 3 1 11 2 7 31 16 19 6 10 3 13 0
3 4 5 4 3 4 3 8 2 7 31 16 14 35 10 5 10 1
2 2 5 4 1 5 3 2 7 7 39 9 16 37 7 3 12 1
1 1 6 2 1 4 3 13 5 7 31 17 6 9 5 3 12 1
5 1 4 6 1 4 1 8 2 7 31 16 14 29 10 5 10 0
2 1 3 3 1 2 3 8 2 7 31 16 14 35 10 5 10 1
1 2 5 3 2 5 1 2 2 7 31 16 14 35 15 5 10 1
3 3 4 4 2 1 1 9 2 7 31 16 14 35 15 3 9 1
4 3 5 1 1 1 2 2 2 7 30 16 14 6 12 3 12 1
2 3 2 1 1 1 3 9 5 7 31 17 6 9 5 3 1 1
4 3 5 1 2 1 2 8 2 7 30 16 14 6 12 3 12 1
1 1 4 4 1 4 4 11 5 7 24 17 6 9 4 3 1 1
4 4 5 1 1 2 1 9 5 7 30 18 20 10 5 3 12 0
2 1 4 3 1 2 3 9 5 7 23 14 22 11 7 3 5 1
3 3 4 5 1 3 1 9 2 7 31 16 19 6 10 5 10 1
1 3 3 3 1 3 3 8 5 7 31 17 6 9 5 3 5 0
2 2 5 2 3 2 3 9 5 7 31 17 6 9 5 3 1 1
2 3 4 1 1 3 2 7 2 7 30 16 14 6 12 3 12 1
4 4 3 1 1 2 1 10 5 7 30 18 20 10 5 3 12 1
2 2 6 4 1 5 3 9 2 7 31 16 14 35 10 3 15 1
3 1 3 3 1 4 3 9 5 7 31 17 6 9 5 3 9 0
3 3 3 4 1 4 3 8 2 7 31 16 14 35 10 3 9 1
3 4 2 1 1 2 2 8 2 7 30 16 14 6 12 3 12 0
4 2 5 5 2 4 3 8 2 7 31 16 14 35 10 3 9 1
5 1 5 4 1 4 1 8 2 7 32 16 14 5 10 3 12 0
1 1 4 3 1 4 4 12 5 7 1 17 6 9 5 5 10 1
1 1 4 4 1 4 4 12 5 7 1 17 6 9 5 5 10 1
1 1 3 2 1 2 3 8 5 7 31 17 6 9 5 5 10 1
1 1 2 6 1 1 3 8 5 7 23 14 22 11 7 3 9 0
1 2 2 4 2 5 4 8 5 5 37 14 22 15 4 5 10 0
1 1 2 4 1 5 3 3 2 7 36 16 24 30 10 5 10 0
1 4 6 3 2 5 1 8 2 7 22 16 14 5 10 5 10 1
5 3 4 3 1 4 1 8 2 7 31 16 19 6 10 3 13 0
2 3 3 2 1 5 3 10 5 7 31 17 6 9 5 3 5 0
4 3 4 5 1 2 2 8 2 7 30 16 14 6 12 3 12 0
5 2 5 4 2 2 1 8 2 7 31 16 19 6 15 3 5 1
3 2 3 3 2 3 3 9 2 7 31 16 14 35 10 3 5 0
4 3 5 5 1 1 1 8 2 7 31 16 19 6 10 3 9 0
1 4 5 6 1 4 1 3 5 7 30 18 20 10 5 3 12 1
5 2 4 3 2 5 1 8 2 7 31 16 19 6 10 5 10 1
2 2 3 5 1 5 2 8 2 7 30 16 14 6 12 3 12 0
2 2 3 1 1 3 1 9 5 7 30 18 20 10 5 3 12 1
1 3 2 2 1 4 3 8 5 7 31 17 6 9 5 5 10 1
4 2 5 6 1 5 2 8 2 7 30 16 14 6 12 3 12 0
4 2 1 6 2 5 1 9 2 7 31 16 19 6 10 3 5 1
3 3 3 1 1 5 2 9 2 7 30 16 14 6 12 3 12 1
3 1 4 4 1 3 1 7 2 7 31 16 19 6 10 3 5 0
5 2 5 2 1 5 1 10 2 7 31 16 19 6 10 5 10 1
2 3 5 2 1 3 3 8 5 7 31 17 6 9 5 3 5 1
1 1 4 3 2 3 3 8 5 7 31 17 6 9 5 3 1 1
4 2 3 3 1 4 1 9 2 7 31 16 19 6 10 5 10 1
1 2 5 6 1 1 4 9 5 7 24 17 6 9 4 5 10 0
4 1 4 4 2 4 4 10 5 7 33 17 6 9 4 5 10 1
4 1 3 6 1 2 1 8 2 7 31 16 19 6 15 3 5 1
4 3 2 1 1 5 2 9 2 7 30 16 14 6 12 3 12 1
5 2 1 2 1 1 2 8 2 7 30 16 14 6 12 3 12 1
1 1 5 4 1 5 4 12 2 5 36 2 7 3 12 5 10 0
4 1 4 3 2 3 4 11 7 7 31 9 16 37 4 3 9 0
4 4 4 6 2 1 1 10 2 7 31 16 14 35 15 3 5 1
4 1 5 2 2 4 4 8 7 7 31 9 16 37 4 3 12 1
2 1 1 2 2 4 4 8 5 7 34 17 6 9 7 3 1 1
5 2 6 3 1 2 2 8 2 7 30 16 14 6 12 3 12 0
1 3 4 4 2 2 4 2 5 7 34 17 6 9 7 3 16 1
3 3 3 1 1 4 1 9 5 7 30 18 20 10 5 3 12 0
4 3 2 6 1 5 3 8 5 7 32 17 6 9 5 3 12 0
1 1 1 6 1 5 3 14 5 6 41 4 8 20 7 5 10 0
1 4 2 4 1 1 3 9 5 7 23 14 22 11 7 5 10 1
1 1 6 4 1 4 1 8 6 7 28 12 17 38 3 3 1 1
5 1 5 4 1 2 1 8 2 7 31 16 19 6 15 3 13 0
4 1 5 1 2 3 4 8 7 7 32 9 16 37 4 3 12 1
3 4 3 2 2 3 1 8 2 7 31 16 14 35 15 3 16 1
1 1 6 5 1 4 3 9 5 7 31 17 6 9 5 5 10 1
3 1 4 1 1 5 2 9 2 7 30 16 14 6 12 3 12 1
1 1 2 1 2 2 3 9 5 7 31 17 6 9 5 3 1 1
3 3 2 1 1 3 2 8 2 7 30 16 14 6 12 3 12 1
1 3 4 4 1 1 3 9 5 7 23 14 22 11 7 3 1 1
1 1 3 6 1 1 3 8 5 7 23 14 22 11 7 3 1 1
2 4 5 3 3 3 3 8 2 7 31 16 14 35 10 3 16 1
2 2 5 2 2 2 3 11 5 7 23 14 22 11 7 3 5 0
4 3 5 2 1 1 1 8 5 7 30 18 20 10 5 3 12 0
2 4 5 3 1 4 1 8 5 7 30 18 20 10 5 3 12 1
4 2 5 1 1 4 4 8 7 7 32 9 16 37 4 3 12 1
1 1 4 5 3 1 4 8 2 7 24 16 14 35 11 5 10 1
3 2 5 4 1 4 4 8 5 7 33 17 6 9 7 3 9 1
4 3 4 1 1 2 2 9 2 7 30 16 14 6 12 3 12 1
1 4 6 2 1 5 4 8 5 2 36 17 6 9 16 3 8 1
1 2 3 4 2 2 4 8 5 7 34 17 6 9 7 5 10 1
1 1 4 6 1 3 2 13 2 7 30 16 14 6 12 3 12 0
3 1 3 5 1 5 4 8 5 5 37 14 22 15 4 5 10 1
4 4 5 2 1 2 2 8 2 7 30 16 14 6 12 3 12 0
4 4 4 1 1 1 2 9 2 7 30 16 19 6 12 5 10 1
2 2 4 1 2 5 4 11 5 7 33 17 6 9 4 3 1 1
3 4 6 2 2 1 3 8 2 7 31 16 14 35 10 3 5 1
4 4 6 1 1 4 2 8 2 7 30 16 14 6 12 3 12 1
5 2 5 3 1 5 1 10 2 7 31 16 19 6 15 3 5 0
1 2 5 2 2 5 1 6 6 7 28 12 17 38 3 5 10 0
4 1 4 6 1 5 4 7 2 7 31 16 14 9 5 5 10 0
1 1 2 5 2 2 4 8 5 3 37 4 27 45 4 5 10 1
5 1 3 2 1 5 4 8 2 7 31 16 14 9 5 5 10 0
2 2 4 2 1 1 3 8 5 7 31 17 6 9 5 3 1 1
4 3 5 6 1 5 1 8 2 7 31 16 19 6 10 3 12 1
4 2 3 4 1 4 1 9 2 7 31 16 14 35 15 3 5 1
3 2 5 1 1 4 4 8 7 7 31 9 16 37 4 3 12 1
2 3 3 6 1 1 3 14 1 7 37 15 18 47 7 5 10 1
4 1 6 2 1 2 4 8 7 7 32 9 16 37 4 3 12 0
1 3 3 3 1 5 3 7 1 7 37 15 18 47 7 3 12 1
1 3 6 2 1 4 4 9 2 7 24 16 14 35 11 3 5 1
1 1 3 3 1 5 4 9 5 5 37 14 22 15 4 5 10 0
4 4 4 5 1 5 1 8 5 7 30 18 20 10 5 3 12 1
5 1 3 4 2 5 3 8 5 7 32 17 6 9 5 3 12 0
1 2 6 2 1 5 4 8 5 3 37 4 27 45 4 3 16 1
3 2 3 1 2 3 2 7 2 7 30 16 14 6 12 3 12 1
1 3 5 5 2 1 3 10 5 7 23 14 22 11 7 3 9 1
3 4 5 1 1 3 1 8 5 7 30 18 20 10 5 3 12 1
4 1 4 1 1 1 4 8 5 7 30 18 20 10 4 3 9 0
3 3 3 5 1 4 4 8 7 7 31 9 16 37 4 3 12 1
5 2 3 1 1 1 1 8 2 7 31 16 19 6 10 3 9 0
1 2 6 3 1 4 4 11 5 5 37 14 22 15 4 5 10 1
2 3 2 3 2 5 4 9 5 7 34 17 6 9 4 3 8 1
5 1 4 2 1 4 1 8 2 7 31 16 19 6 15 3 9 0
1 2 4 4 1 2 4 8 5 7 34 17 6 9 7 3 8 1
2 3 3 2 2 1 4 11 5 7 34 17 6 9 7 3 1 1
2 1 5 2 1 4 3 9 5 7 31 17 6 9 5 3 16 1
1 2 2 6 2 5 4 9 5 7 33 17 6 9 4 3 1 1
3 3 5 2 1 4 1 8 5 7 30 18 20 10 5 3 12 1
3 3 5 2 2 1 3 8 2 7 31 16 14 35 10 3 5 1
4 4 4 1 1 1 2 8 2 7 30 16 14 6 12 3 12 0
4 2 2 4 1 4 1 8 2 7 31 16 19 6 15 3 5 1
4 3 6 1 1 3 2 8 2 7 30 16 14 6 12 3 12 1
3 3 3 1 1 3 2 8 2 7 30 16 14 6 12 3 12 1
1 1 4 4 1 1 4 14 5 3 17 4 21 21 7 5 10 1
5 2 3 6 1 1 1 8 2 7 31 16 19 6 10 3 13 0
4 2 3 6 1 1 1 9 2 7 31 16 14 35 15 5 10 1
4 1 2 2 1 3 4 8 5 7 31 17 6 9 5 3 5 0
4 4 5 6 1 5 1 8 2 7 31 16 19 6 10 3 12 1
5 4 4 2 1 2 1 8 5 7 30 18 20 10 5 3 12 0
4 2 5 4 1 4 1 9 2 7 31 16 19 6 10 5 10 1
5 2 3 5 1 3 1 11 2 7 31 16 19 6 10 3 5 0
1 3 6 3 1 5 1 6 2 7 15 16 14 9 5 5 10 1
2 3 2 4 1 4 3 8 5 7 31 17 6 9 5 5 10 1
5 2 6 5 1 1 1 10 2 7 31 16 19 6 15 5 10 1
1 4 5 5 1 3 3 9 2 7 31 16 14 35 10 3 8 1
1 1 5 4 3 5 4 3 5 5 35 17 6 13 4 5 10 1
3 1 5 3 1 2 1 9 2 7 31 16 14 35 15 5 10 1
4 2 5 6 1 2 1 10 2 7 31 16 19 6 10 3 5 1
3 2 4 1 1 4 1 9 2 7 31 16 14 35 15 3 5 1
3 1 5 1 2 2 2 9 2 7 30 16 14 6 12 3 12 1
4 4 5 3 1 1 1 9 2 7 31 16 19 6 10 3 5 0
4 3 3 3 1 3 1 8 2 7 31 16 14 35 15 3 9 0
2 1 6 5 1 1 3 10 5 7 23 14 22 11 7 3 5 1
2 2 3 1 1 5 4 8 5 7 31 17 6 9 5 3 12 0
4 1 2 4 2 2 1 10 2 7 31 16 19 6 10 3 5 1
2 3 5 1 1 3 2 8 2 7 30 16 14 6 12 3 12 1
3 3 4 2 1 5 3 8 5 7 31 17 6 9 5 3 12 0
2 2 2 4 2 1 4 8 5 7 34 17 6 9 7 3 16 0
2 1 5 3 1 2 4 9 5 7 24 17 6 9 4 3 5 0
3 3 6 1 1 3 4 8 7 7 31 9 16 37 4 3 12 1
1 3 3 5 1 4 3 8 5 7 23 14 22 11 7 3 1 1
2 2 5 5 2 3 4 10 5 7 33 17 6 9 4 3 16 0
2 2 6 3 1 2 1 9 2 7 31 16 14 35 15 3 5 0
3 2 4 4 1 3 3 8 5 7 31 17 6 9 5 3 9 0
1 1 3 1 2 5 3 4 2 7 36 16 24 30 10 5 10 0
3 2 5 4 1 3 3 8 5 7 31 17 6 9 5 3 1 1
1 1 3 2 2 1 3 9 5 7 23 14 22 11 7 5 10 1
2 1 5 4 2 4 4 10 2 7 24 16 14 35 11 3 5 0
4 4 2 1 2 3 2 8 2 7 30 16 14 6 12 3 12 1
5 2 5 6 2 1 1 8 2 7 31 7 13 34 10 3 5 0
4 3 5 4 1 1 1 9 2 7 31 16 19 6 10 3 5 0
3 4 2 6 2 1 1 9 2 7 31 16 14 35 15 3 5 1
1 1 4 3 1 1 4 9 2 7 24 16 14 35 11 3 9 1
4 4 4 6 1 3 3 10 5 7 32 17 6 9 5 3 12 0
2 2 5 3 1 5 1 10 2 7 31 16 14 35 15 3 5 1
2 4 4 3 2 5 3 8 2 7 31 16 14 35 10 3 9 1
4 1 4 2 2 3 4 11 5 7 34 17 6 9 4 3 1 0
1 1 1 4 1 1 4 1 2 7 31 16 14 9 5 5 10 0
4 1 5 1 1 4 2 8 2 7 30 16 14 6 12 3 12 1
4 1 2 5 1 3 1 8 2 7 31 16 19 6 10 3 5 1
4 3 5 4 1 5 1 8 2 7 31 16 14 35 15 5 10 1
2 4 5 4 1 2 2 8 2 7 30 16 14 6 12 3 12 0
2 2 4 2 1 4 4 9 5 7 24 17 6 9 4 3 1 1
1 2 2 5 1 1 4 9 2 7 24 16 14 35 11 5 10 1
2 1 5 5 2 1 4 9 5 7 24 17 6 9 4 5 10 1
3 3 4 2 1 3 2 8 2 7 30 16 14 6 12 3 12 1
2 4 3 4 2 1 1 12 2 7 31 16 19 6 10 3 5 1
4 3 6 3 1 3 2 8 2 7 30 16 14 6 12 3 12 1
1 1 6 5 1 5 4 12 5 7 1 17 6 9 5 5 10 1
3 1 4 5 2 2 4 11 5 7 33 17 6 9 4 5 10 0
3 3 4 2 2 1 2 8 2 7 30 16 14 6 12 3 12 0
2 3 5 6 1 4 2 9 2 7 30 16 14 6 12 3 12 0
1 1 4 4 1 3 4 8 5 7 34 17 6 9 7 3 1 1
2 3 5 5 2 5 4 2 5 7 31 17 6 9 7 3 5 1
2 1 5 4 2 3 4 8 5 7 24 17 6 9 4 3 9 1
3 3 5 2 1 2 2 8 2 7 30 16 14 6 12 3 12 1
1 2 6 3 1 5 4 9 5 7 31 17 6 9 5 5 10 1
4 1 6 6 1 3 1 9 2 7 31 16 19 6 10 3 5 1
3 2 4 3 1 1 1 7 2 7 31 16 14 35 15 3 12 1
2 4 3 2 1 3 1 8 5 7 30 18 20 10 5 3 12 0
3 2 4 2 1 5 3 9 2 7 34 16 14 35 12 3 5 0
1 2 4 3 1 4 3 10 5 7 31 17 6 9 5 5 10 1
2 1 5 5 3 4 3 8 5 7 31 17 6 9 5 3 1 1
1 1 5 1 2 5 4 8 5 7 33 17 6 9 4 3 1 1
1 1 2 3 2 3 4 8 5 7 24 17 6 9 4 3 9 1
2 3 4 3 1 2 3 10 5 7 31 17 6 9 5 3 9 0
3 4 3 1 2 2 3 8 5 7 31 17 6 9 5 3 12 0
3 2 5 1 1 3 3 8 5 7 31 17 6 9 5 3 5 0
2 2 5 2 3 5 4 8 5 7 33 17 6 9 4 3 1 0
4 3 1 1 1 2 2 8 2 7 30 16 14 6 12 3 12 1
1 1 5 4 1 1 4 9 2 7 24 16 14 35 11 3 5 1
2 2 3 3 1 1 3 9 5 7 31 17 6 9 5 3 9 1
1 4 3 5 1 1 4 3 5 7 24 17 6 9 4 5 10 1
1 3 3 3 1 5 4 9 5 7 33 17 6 9 7 5 10 0
1 4 6 5 1 4 3 8 2 7 31 16 14 35 10 3 9 1
2 2 5 1 1 1 3 8 5 7 23 14 22 11 7 3 16 1
2 2 5 1 1 4 2 9 2 7 30 16 14 6 12 3 12 0
4 4 2 6 1 1 1 9 2 7 31 16 14 35 15 3 5 0
2 1 4 2 3 5 1 8 6 7 6 12 17 19 17 5 10 0
5 3 3 6 1 2 4 8 5 7 32 18 20 10 4 3 12 0
2 3 5 3 1 2 3 8 5 7 31 17 6 9 5 3 12 1
3 1 6 1 1 4 4 8 7 7 31 9 16 37 4 3 12 1
2 1 5 2 2 2 3 9 5 7 31 17 6 9 5 3 1 1
2 2 6 4 1 4 1 12 2 7 37 16 24 8 10 5 10 0
1 1 5 6 1 5 4 8 5 3 37 4 27 45 4 5 10 0
4 4 5 2 1 4 1 9 2 7 31 16 14 35 15 5 10 1
2 1 2 5 2 3 3 8 5 7 31 17 6 9 5 3 12 0
3 4 4 6 1 5 2 8 2 7 30 16 14 6 12 3 12 0
1 1 5 6 2 1 3 2 5 7 23 14 22 11 7 5 10 0
3 2 5 2 1 5 1 9 2 7 31 16 14 35 15 3 5 1
3 3 5 6 2 5 2 8 2 7 30 16 14 6 12 3 12 0
1 2 4 6 1 1 3 7 5 7 31 17 6 9 5 3 16 1
1 4 4 5 1 1 3 7 5 7 23 14 22 11 7 3 9 1
5 2 5 6 1 1 4 9 2 7 24 16 14 35 11 3 5 0
5 1 5 5 1 2 4 8 2 7 31 16 19 6 11 3 5 0
4 2 6 2 2 1 2 8 2 7 30 16 14 6 12 3 12 0
5 3 2 6 1 1 2 8 2 7 30 16 14 6 12 3 12 0
2 3 5 6 1 4 2 9 2 7 30 16 14 6 12 3 12 0
2 3 6 4 2 3 1 11 2 7 31 16 14 35 15 3 5 1
2 4 4 5 1 2 4 8 5 7 34 17 6 9 7 3 16 0
5 4 2 2 1 5 1 8 2 7 31 16 14 35 15 3 5 0
4 1 3 2 1 4 4 9 2 7 31 16 19 6 11 5 10 1
5 2 4 2 1 1 1 8 2 7 31 16 14 29 10 3 9 0
1 1 3 4 1 4 4 8 5 7 24 17 6 9 4 3 1 1
4 1 4 6 1 2 4 8 5 7 31 17 6 9 5 3 12 1
5 4 5 6 1 5 2 8 2 7 30 16 14 6 12 3 12 0
4 3 6 1 1 5 1 11 5 7 30 18 20 10 5 3 12 1
1 1 5 5 3 5 4 8 5 5 35 17 6 13 4 5 10 0
1 4 6 4 1 5 1 6 2 7 22 16 14 5 10 5 10 1
4 3 5 2 1 5 1 9 2 7 31 16 14 35 15 5 10 1
3 2 4 6 1 4 1 9 2 7 31 16 19 6 15 5 10 1
2 4 5 5 2 4 3 8 2 7 31 16 14 35 10 3 9 1
5 2 3 6 2 5 4 8 5 7 32 18 20 10 4 3 12 0
3 1 6 4 1 1 4 9 5 7 31 17 6 9 7 5 10 0
2 3 4 1 1 1 3 11 5 7 31 17 6 9 5 3 12 0
4 1 4 5 2 5 3 8 2 7 31 16 14 35 10 3 9 0
2 2 5 3 1 3 2 8 2 7 30 16 14 6 12 3 12 1
2 3 2 2 1 2 3 8 5 7 31 17 6 9 5 3 16 1
5 3 5 3 1 3 1 8 2 7 31 16 19 6 15 5 10 1
1 2 2 2 2 1 4 8 5 7 34 17 6 9 7 3 1 1
1 3 5 5 1 4 1 8 2 7 31 16 14 35 15 5 10 1
2 2 5 5 1 3 1 8 2 7 31 16 14 35 15 3 5 0
2 3 4 2 1 5 4 8 5 7 34 17 6 9 7 5 10 1
1 2 4 4 2 2 4 8 2 7 24 16 14 35 11 3 5 1
4 4 4 6 2 4 1 8 2 7 31 16 14 35 15 3 5 0
4 1 4 2 1 5 1 9 2 7 31 16 19 6 10 3 13 1
5 1 4 3 2 3 1 8 2 7 31 16 19 6 15 5 10 0
1 4 3 3 1 4 4 8 5 3 17 4 27 1 7 5 10 0
2 3 4 5 1 5 4 8 5 7 34 17 6 9 7 3 5 1
3 2 4 1 1 3 4 8 5 7 30 10 5 48 4 3 12 1
1 1 6 2 1 5 4 7 5 5 37 14 22 15 4 5 10 0
2 3 5 5 1 5 2 8 2 7 30 16 14 6 12 3 12 1
1 3 3 6 1 1 3 9 5 7 23 14 22 11 7 3 1 1
3 1 2 1 1 3 1 8 5 7 30 18 20 10 5 3 12 1
2 1 2 4 2 5 4 8 5 7 34 17 6 9 7 3 1 0
1 4 5 6 1 2 1 2 5 7 30 18 20 10 5 5 10 1
4 3 5 2 1 3 2 8 2 7 30 16 14 6 12 3 12 1
4 4 5 2 1 2 1 8 2 7 31 16 19 6 10 5 10 1
3 4 5 1 1 3 2 8 2 7 30 16 14 6 12 3 12 1
4 2 3 4 2 4 3 8 5 7 31 17 6 9 5 3 5 0
2 2 3 4 1 3 3 9 2 7 1 16 14 35 16 3 5 1
2 3 6 1 2 4 2 8 2 7 30 16 14 6 12 3 12 1
4 4 3 5 1 2 2 9 2 7 30 16 14 6 12 3 12 0
1 2 6 6 1 5 3 10 5 7 37 14 22 41 7 5 10 0
2 1 4 6 2 5 1 8 2 7 31 16 14 35 15 3 9 1
4 3 4 2 1 1 4 9 5 7 31 17 6 9 7 3 5 1
4 2 3 2 1 5 2 8 2 7 30 16 14 6 12 3 12 1
2 2 4 2 2 2 4 10 5 7 34 17 6 9 7 3 1 1
3 2 2 1 1 2 2 8 2 7 30 16 14 6 12 3 12 1
2 2 2 2 2 5 4 10 5 7 33 17 6 9 4 5 10 1
3 1 4 4 1 3 1 9 2 7 31 16 19 6 10 3 5 0
5 4 6 6 1 1 3 11 2 7 30 16 19 6 13 3 5 0
1 1 5 5 1 2 1 6 3 3 10 3 26 44 16 5 10 0
2 1 5 4 1 4 1 9 2 7 31 16 14 35 15 3 5 1
2 1 5 5 2 3 3 9 5 7 31 17 6 9 5 5 10 0
3 4 4 4 1 3 1 8 2 7 31 16 14 35 15 3 5 1
2 1 5 6 1 4 3 2 2 7 1 16 14 35 16 3 12 1
5 4 2 3 1 4 1 8 2 7 31 16 19 6 10 3 9 0
2 2 6 3 1 5 4 10 5 7 31 17 6 9 7 5 10 0
1 2 5 5 2 1 3 8 5 7 31 17 6 9 5 3 9 1
4 3 5 1 1 3 4 8 2 7 31 16 14 9 5 3 12 0
1 4 4 4 1 2 3 2 5 7 31 17 6 9 5 3 9 1
3 4 5 2 1 3 2 8 2 7 30 16 14 6 12 3 12 1
1 4 5 6 2 2 3 8 2 7 31 16 14 35 10 3 16 1
2 3 4 2 1 5 2 7 2 7 30 16 14 6 12 3 12 1
3 1 4 2 1 5 3 8 2 7 34 16 14 35 12 3 5 0
2 3 5 6 1 4 1 10 5 7 30 18 20 10 5 3 12 1
1 3 3 6 2 1 1 9 5 7 30 18 20 10 5 3 12 0
1 2 4 4 1 1 3 9 5 7 23 14 22 11 7 5 10 1
1 3 5 1 1 5 1 8 3 1 5 13 29 46 16 5 10 1
1 1 5 3 2 2 4 8 5 7 33 17 6 9 7 5 10 1
4 3 3 5 2 2 4 8 7 7 31 9 16 37 4 3 12 0
5 2 4 4 1 4 4 9 2 7 31 16 19 6 11 3 13 0
5 3 2 5 1 1 2 8 2 7 30 16 14 6 12 3 12 1
3 3 4 6 1 5 4 9 5 7 31 17 6 9 7 5 10 0
2 1 4 6 1 3 4 12 7 7 31 9 16 37 4 5 10 1
2 1 4 2 2 5 4 11 5 7 33 17 6 9 4 3 1 0
1 1 5 5 2 1 1 3 6 3 28 5 3 31 8 3 1 0
1 2 3 4 1 4 4 8 5 3 8 4 21 21 7 3 8 1
1 4 4 2 1 3 3 8 5 7 31 17 6 9 5 3 16 1
1 3 2 6 1 1 3 8 5 7 23 14 22 11 7 3 1 1
3 4 3 4 1 4 1 8 2 7 31 16 14 35 15 3 5 1
1 1 4 4 1 1 4 7 2 7 24 16 14 35 11 3 9 1
3 3 5 2 1 5 1 9 2 7 31 16 14 35 15 3 5 1
1 2 4 4 1 1 3 7 5 7 23 14 22 11 7 3 16 1
4 2 5 2 2 5 1 10 2 7 31 16 14 35 15 3 14 1
5 2 6 4 1 1 1 8 2 7 31 16 14 35 15 5 10 1
2 3 6 3 1 1 3 8 5 7 31 17 6 9 5 3 12 0
5 4 5 4 1 2 1 10 2 7 31 16 19 6 10 3 13 0
5 4 4 6 1 1 4 8 5 7 32 4 14 9 5 3 5 0
5 1 6 2 2 2 1 9 2 7 31 16 14 35 15 5 10 1
4 2 6 4 2 3 1 10 2 7 31 16 19 6 10 3 5 1
2 1 3 4 2 3 4 9 5 3 18 4 21 21 7 5 10 1
3 3 4 1 1 3 4 8 7 7 31 9 16 37 4 3 12 0
2 1 3 4 1 4 4 11 5 7 24 17 6 9 4 3 16 1
3 1 3 2 2 4 4 8 5 7 33 17 6 9 7 3 12 1
1 1 5 5 1 5 3 4 3 6 17 3 12 2 7 5 10 1
1 4 3 6 1 5 1 9 3 7 31 11 30 9 5 3 1 1
1 2 5 4 1 1 4 9 2 7 24 16 14 35 11 3 9 1
2 3 3 3 2 1 1 2 2 7 31 16 14 35 15 3 5 1
1 1 5 2 1 5 3 1 5 7 33 17 6 9 5 5 10 1
1 1 5 5 1 1 1 12 6 3 28 5 3 31 8 5 10 1
1 2 6 2 1 4 4 8 5 5 37 14 22 15 4 5 10 0
1 2 4 3 1 1 4 13 5 7 33 17 6 9 4 3 9 0
4 3 4 1 1 2 4 8 7 7 32 9 16 37 4 3 12 1
2 2 3 3 1 4 3 8 5 7 31 17 6 9 5 3 5 1
3 4 5 5 1 5 1 8 5 7 30 18 20 10 5 3 12 0
3 4 3 1 1 4 2 10 2 7 30 16 14 6 12 3 12 0
1 4 5 6 1 3 1 14 2 7 31 16 14 35 15 3 16 1
4 4 2 4 1 3 1 8 2 7 31 16 19 6 10 3 5 1
3 4 6 1 1 3 2 8 2 7 30 16 14 6 12 3 12 1
1 3 4 5 1 4 4 8 5 7 24 17 6 9 4 3 5 1
4 4 4 6 1 3 1 10 2 7 31 16 19 6 10 3 9 1
1 2 3 5 3 1 4 8 2 7 24 16 14 35 11 3 5 0
2 3 2 1 1 5 1 9 5 7 30 18 20 10 5 3 12 0
1 2 5 5 2 5 1 4 6 7 28 12 17 38 3 3 1 1
1 1 4 4 1 4 4 8 5 3 37 4 27 45 4 5 10 0
3 2 5 2 1 5 4 8 7 7 31 9 16 37 4 3 12 1
4 1 3 1 1 5 2 11 2 7 30 16 14 6 12 3 12 1
3 1 1 1 1 4 2 11 2 7 30 16 14 6 12 3 12 1
4 2 5 5 1 4 3 8 2 7 34 16 14 35 12 3 5 0
4 3 4 1 1 2 2 8 2 7 30 16 14 6 12 3 12 1
5 1 5 4 2 3 4 8 2 7 31 16 19 6 11 3 5 0
1 3 4 2 2 2 4 11 5 7 34 17 6 9 7 3 1 1
5 3 5 2 1 2 1 9 2 7 31 16 19 6 10 3 13 0
1 2 2 3 1 2 3 9 5 7 23 14 22 11 7 3 12 1
2 3 5 1 1 5 3 8 5 7 23 14 22 11 7 3 1 1
3 4 2 3 2 5 3 11 2 7 31 16 14 35 10 3 9 1
3 2 5 3 1 5 1 8 5 7 30 18 20 10 5 3 12 0
3 2 3 4 1 4 1 9 2 7 31 16 14 35 15 5 10 1
1 2 2 6 2 5 4 9 2 5 36 2 7 3 12 5 10 1
4 2 3 3 1 4 1 7 2 7 31 16 14 35 15 3 5 1
4 2 1 2 1 1 2 8 2 7 30 16 14 6 12 3 12 0
4 3 4 1 1 1 2 8 2 7 30 16 14 6 12 3 12 0
4 2 3 4 1 5 1 8 2 7 32 16 19 6 15 3 5 0
1 1 3 3 1 4 3 9 5 7 31 17 6 9 5 3 16 1
5 2 2 2 1 1 2 8 2 7 30 16 14 6 12 3 12 1
1 1 1 1 1 4 4 14 2 7 31 16 14 9 5 5 10 0
4 1 3 1 1 3 4 9 7 7 31 9 16 37 4 3 12 0
4 4 4 6 1 5 1 9 2 7 31 16 19 6 10 3 13 1
3 2 3 2 2 5 4 8 5 7 33 17 6 9 7 3 12 1
2 4 3 2 2 5 3 8 2 7 31 16 14 35 10 3 9 1
3 2 3 4 1 5 4 8 2 7 24 16 14 35 11 5 10 0
1 1 1 6 2 4 3 3 1 7 37 15 18 47 7 5 10 0
1 1 3 3 1 2 4 9 2 7 24 16 14 35 11 3 9 1
1 1 3 2 1 2 4 12 5 3 18 4 21 21 7 5 10 0
5 2 3 6 1 1 1 8 2 7 31 16 19 6 15 3 5 0
1 1 6 1 1 3 4 13 5 3 18 4 21 21 7 5 10 0
4 4 3 1 1 4 1 8 5 7 30 18 20 10 5 3 12 0
3 2 5 2 1 5 2 8 2 7 30 16 14 6 12 3 12 1
3 2 5 1 1 5 2 8 2 7 30 16 14 6 12 3 12 0
2 4 3 1 1 4 2 8 2 7 30 16 14 6 12 3 12 0
1 3 2 2 3 3 3 8 5 7 31 17 6 9 5 3 1 1
1 4 2 6 2 5 4 10 5 7 34 17 6 9 7 5 10 1
3 2 3 1 1 1 2 11 2 7 30 16 14 6 12 3 12 0
4 4 4 1 1 2 1 9 5 7 30 18 20 10 5 3 12 1
1 2 5 3 3 3 4 8 5 7 33 17 6 9 7 3 16 1
2 1 5 2 1 2 4 9 2 7 24 16 14 35 11 3 5 1
3 1 3 1 1 2 1 9 5 7 30 18 20 10 5 3 12 1
3 1 5 4 2 5 4 8 5 7 31 17 6 9 5 3 5 0
3 2 3 4 1 2 3 10 5 7 31 17 6 9 5 5 10 1
5 3 3 3 1 1 1 8 2 7 31 16 14 29 10 3 5 0
1 1 5 2 1 3 4 14 5 3 18 4 21 21 7 5 10 0
3 3 5 2 2 2 1 9 2 7 31 16 14 35 15 3 5 1
1 1 6 4 1 2 3 11 5 7 31 17 6 9 5 3 1 1
1 2 6 6 1 1 3 9 5 7 23 14 22 11 7 3 16 1
4 1 5 3 1 5 2 8 2 7 30 16 14 6 12 3 12 1
1 1 1 4 1 3 3 8 5 7 31 17 6 9 5 3 1 1
1 3 4 5 2 2 3 8 5 7 23 14 22 11 7 3 9 1
4 4 4 1 1 2 2 8 2 7 30 16 14 6 12 3 12 1
2 3 4 2 1 3 2 9 2 7 30 16 14 6 12 3 12 1
5 4 2 2 1 1 1 8 2 7 30 16 19 6 10 3 12 1
3 2 5 5 2 5 3 8 2 7 31 16 14 35 10 3 9 1
3 1 6 3 1 1 3 8 5 7 31 17 6 9 5 3 12 0
3 1 1 1 1 4 2 8 2 7 30 16 14 6 12 3 12 1
5 2 4 5 1 5 4 9 2 7 31 16 19 6 11 5 10 1
1 1 5 3 1 3 3 9 5 7 31 17 6 9 5 3 16 1
3 1 3 2 2 4 4 7 5 5 35 17 6 13 4 5 10 1
4 4 4 2 1 5 4 8 7 7 31 9 16 37 4 3 12 1
4 2 3 6 1 3 1 8 2 7 31 16 19 6 10 3 5 1
3 4 5 1 1 2 1 8 5 7 30 18 20 10 5 3 12 1
4 4 6 2 1 3 2 8 2 7 30 16 14 6 12 3 12 1
1 2 2 6 2 4 4 12 5 7 33 17 6 9 4 5 10 1
1 4 3 3 1 2 4 8 5 3 17 4 27 1 7 3 9 1
5 4 6 6 1 5 4 8 5 7 32 18 20 10 4 3 12 0
2 2 4 3 2 2 4 8 5 7 34 17 6 9 4 3 8 1
3 1 5 4 1 5 1 8 2 7 31 16 14 35 15 5 10 1
2 3 3 4 2 1 4 9 5 7 24 17 6 9 4 5 10 1
4 2 6 2 1 5 2 8 2 7 30 16 14 6 12 3 12 1
1 2 5 2 3 2 4 2 5 3 37 4 27 45 4 5 10 0
3 1 5 1 1 3 2 8 2 7 30 16 14 6 12 3 12 1
4 3 5 2 1 3 3 8 5 7 31 17 6 9 5 3 5 0
3 1 6 1 2 5 4 8 7 7 31 9 16 37 4 3 12 0
3 4 5 5 1 3 2 8 2 7 30 16 14 6 12 3 12 1
1 1 5 4 1 1 4 14 5 3 17 4 21 21 7 5 10 0
5 4 4 5 1 1 1 8 2 7 31 16 19 6 15 3 5 0
2 1 1 2 2 5 3 8 5 7 31 17 6 9 5 5 10 0
2 3 5 3 2 5 3 8 5 7 23 14 22 11 7 3 1 1
1 2 5 5 1 1 3 8 5 7 23 14 22 11 7 3 8 0
1 3 5 6 1 5 3 3 1 7 37 15 18 47 7 5 10 1
4 2 4 2 1 2 2 8 2 7 30 16 14 6 12 3 12 1
2 1 3 5 1 5 1 13 2 7 31 16 14 35 15 5 10 1
2 4 6 3 1 4 3 8 5 7 31 17 6 9 5 3 1 1
1 2 3 4 3 1 4 8 2 7 31 16 14 9 5 5 10 0
2 3 6 5 1 3 3 8 2 7 31 16 14 35 10 3 9 1
2 3 6 1 2 4 2 8 2 7 30 16 14 6 12 3 12 1
1 2 5 3 1 5 1 6 3 1 5 13 29 46 16 5 10 1
5 2 5 5 1 3 2 8 2 7 32 16 19 6 12 3 12 0
3 3 4 1 1 2 2 7 2 7 30 16 14 6 12 3 12 1
1 1 6 1 2 5 4 12 5 3 8 4 21 21 7 5 10 0
3 4 2 4 1 2 3 8 5 7 31 17 6 9 5 3 5 1
5 3 2 5 2 5 2 10 2 7 30 16 19 6 12 3 12 0
1 4 6 5 1 4 1 8 2 7 31 16 14 35 10 5 10 1
2 1 2 5 1 4 4 9 5 7 33 17 6 9 7 3 5 1
1 1 4 6 2 4 3 12 1 7 37 15 18 47 7 5 10 0
5 2 5 6 1 1 1 8 2 7 31 16 14 35 15 3 5 0
3 1 5 3 1 2 3 10 5 7 31 17 6 9 5 5 10 1
5 4 3 1 1 3 1 8 5 7 30 18 20 10 5 3 12 1
3 2 3 4 1 4 3 8 2 7 31 16 14 35 10 3 9 1
3 4 4 1 1 2 1 10 5 7 30 18 20 10 5 3 12 0
2 2 3 6 1 5 3 9 2 3 13 2 10 4 13 5 10 1
5 1 6 3 1 4 1 8 2 7 31 16 14 29 10 5 10 0
5 1 2 6 1 1 4 9 2 7 31 16 19 6 11 3 5 0
3 3 5 5 1 3 1 2 2 7 31 16 14 35 15 3 5 1
5 3 4 6 1 3 4 8 5 7 32 10 2 26 9 3 5 0
4 4 4 3 1 2 3 9 2 7 31 16 14 35 10 3 12 1
1 1 6 2 1 5 1 6 2 7 15 16 14 9 5 5 10 1
2 2 2 5 1 1 3 8 5 7 31 17 6 9 5 3 12 0
1 4 2 4 1 1 1 9 2 7 31 16 14 35 15 5 10 1
2 1 6 1 1 4 2 8 2 7 30 16 14 6 12 3 12 0
5 2 4 6 1 4 1 9 2 7 31 16 19 6 10 3 9 0
3 3 5 6 1 3 2 11 2 7 30 16 14 6 12 3 12 0
4 4 4 1 1 2 2 8 2 7 30 16 14 6 12 3 12 1
4 1 4 1 1 1 2 8 5 7 31 17 11 17 9 3 12 0
4 1 3 3 2 1 1 9 2 7 31 16 14 35 15 5 10 1
2 2 6 2 1 2 3 9 5 7 31 17 6 9 5 3 9 1
3 3 5 4 3 4 3 8 2 7 31 16 14 35 10 3 16 1
1 3 5 2 1 1 4 9 5 7 34 17 6 9 7 3 5 1
1 1 2 2 2 1 1 4 6 7 28 12 17 38 3 5 10 1
3 1 6 2 1 2 2 8 2 7 30 16 14 6 12 3 12 1
2 3 3 1 1 3 4 7 5 7 31 17 6 9 5 3 12 1
1 1 4 6 1 3 4 13 5 3 17 4 27 1 7 5 10 0
3 4 3 2 2 3 4 3 5 7 34 17 6 9 7 3 1 0
5 3 5 2 2 1 1 8 2 7 31 16 19 6 10 3 5 1
4 1 3 5 1 1 4 8 5 7 31 17 6 9 4 3 9 0
1 2 2 6 2 3 4 8 5 7 33 17 6 9 7 3 1 1
2 1 5 5 2 1 3 9 5 7 23 14 22 11 7 3 1 1
4 4 4 3 1 4 1 8 2 7 31 16 19 6 10 5 10 1
5 4 4 5 1 1 1 7 2 7 31 16 14 35 15 5 10 1
3 4 4 5 2 4 1 11 2 7 31 16 19 6 10 3 5 1
3 4 6 3 1 2 2 8 2 7 30 16 14 6 12 3 12 1
4 2 4 3 1 1 4 9 5 7 31 17 6 9 7 3 5 1
5 2 4 2 1 2 1 9 2 7 31 16 19 6 15 3 5 0
2 2 5 2 1 5 3 8 5 7 23 14 22 11 7 3 1 0
3 4 4 2 2 3 3 8 5 7 31 17 6 9 5 3 12 0
1 4 4 3 1 5 3 9 5 7 31 17 6 9 5 3 9 1
1 1 5 3 1 4 4 14 5 3 17 4 27 1 7 5 10 0
2 3 3 1 1 3 2 9 2 7 30 16 14 6 12 3 12 1
5 1 2 6 2 1 1 8 2 7 31 16 19 6 15 3 5 0
5 1 5 6 1 4 3 8 5 7 32 18 20 39 9 3 12 0
1 1 2 6 1 1 3 8 5 7 23 14 22 11 7 3 1 1
1 1 3 6 2 5 1 3 6 7 28 12 17 38 3 5 10 0
3 1 1 1 1 5 2 9 2 7 30 16 14 6 12 3 12 1
2 1 3 4 2 2 4 10 5 7 33 17 6 9 4 3 8 1
3 2 4 5 2 5 3 8 2 7 31 16 14 35 10 3 9 0
5 1 4 6 1 5 4 13 5 7 32 4 14 9 5 3 5 0
3 2 4 4 1 1 3 8 2 7 34 16 14 35 12 3 5 0
3 3 3 6 2 4 1 7 2 7 31 16 19 6 10 3 5 1
3 4 3 3 1 3 1 7 2 7 31 16 19 6 15 3 5 1
4 4 3 6 1 5 1 8 2 7 31 16 19 6 10 5 10 1
1 3 3 6 1 5 1 9 5 7 30 18 20 10 5 3 12 0
1 1 5 4 2 2 3 12 2 7 36 16 14 35 13 5 10 1
2 1 1 1 1 2 1 7 5 7 30 18 20 10 5 3 12 1
3 1 5 2 1 5 1 9 2 7 31 16 14 35 15 5 10 0
2 3 3 3 1 4 3 8 5 7 31 17 6 9 5 3 5 1
2 2 5 1 1 3 1 9 5 7 30 18 20 10 5 3 12 0
2 1 3 2 2 4 3 10 2 7 31 16 14 35 10 3 9 1
3 3 4 2 1 4 1 9 2 7 31 16 14 35 15 3 5 1
1 2 5 3 2 4 4 8 5 7 24 17 6 9 4 3 5 1
3 2 5 1 1 2 2 8 5 7 31 17 11 17 9 3 12 0
3 2 5 1 1 4 2 9 2 7 30 16 14 6 12 3 12 1
4 3 4 4 1 1 1 9 2 7 31 16 14 35 15 3 12 1
2 3 3 1 1 4 2 8 2 7 30 16 14 6 12 3 12 0
4 2 4 6 1 4 3 8 5 7 32 17 6 9 5 3 12 0
4 1 5 2 1 5 4 8 2 7 31 16 19 6 11 3 5 0
2 2 6 6 2 3 4 4 5 7 31 17 6 9 5 3 12 1
2 2 4 5 2 1 4 8 5 7 33 17 6 9 7 3 8 1
1 4 4 6 1 1 3 9 5 7 31 17 6 9 5 3 16 1
1 1 2 2 2 5 4 12 5 3 14 4 21 40 4 5 10 1
1 1 6 6 1 2 4 9 5 3 37 4 27 45 4 3 1 1
4 1 4 4 2 1 4 9 5 7 33 17 6 9 4 3 12 0
5 4 5 6 2 1 1 8 2 7 31 16 19 6 10 3 5 1
2 3 3 4 1 1 3 9 2 7 1 16 14 35 16 3 5 1
2 1 6 3 2 1 1 8 2 7 31 16 14 35 15 3 5 1
5 3 3 4 1 2 1 8 2 7 31 16 19 6 10 3 5 0
1 2 6 5 2 2 4 8 5 7 33 17 6 9 4 5 10 1
3 4 3 5 1 5 1 8 2 7 31 16 19 6 15 3 13 0
5 1 3 2 1 1 1 13 2 7 31 7 13 34 10 5 10 1
2 2 4 1 2 1 3 8 5 7 31 17 6 9 5 3 5 1
4 3 6 2 1 3 1 8 2 7 31 16 19 6 10 3 5 1
2 3 5 5 2 5 4 9 5 7 34 17 6 9 7 3 1 1
5 4 2 3 1 3 1 8 2 7 31 16 19 6 10 3 9 0
5 2 2 6 1 1 3 8 5 7 31 17 6 9 7 3 5 0
3 4 3 1 1 3 2 8 2 7 30 16 14 6 12 3 12 0
5 1 5 5 1 2 4 8 5 7 32 4 14 9 5 3 5 0
3 1 4 6 1 3 2 8 2 7 30 16 14 6 12 3 12 0
2 3 2 1 1 4 2 10 2 7 30 16 14 6 12 3 12 0
2 3 5 4 1 2 4 8 5 7 34 17 6 9 7 3 8 1
